[2026-08-17T09:59:01.851] [DEBUG] debug-file - env: nodejsVersion=v22.23.1
[2026-08-17T09:59:01.957] [DEBUG] debug-file - hvigor build process will be closed with an error.
[2026-08-17T09:59:01.852] [DEBUG] debug-file - env: hvigor-config.json5 content = {
  modelVersion: '5.0.0',
  dependencies: {},
  execution: {},
  logging: {},
  debugging: {}
}
[2026-08-17T09:59:01.988] [DEBUG] debug-file - Create  resident worker with id: 0.
[2026-08-17T09:59:01.984] [ERROR] debug-file - [31m00303149 Configuration Error
Error Message: Path not found. At file: /Users/chenhan/Desktop/Git/RXSDK/RXSDK-Harmony-Native/hmssdk

* Try the following:
  > Please check field: modules in file: /Users/chenhan/Desktop/Git/RXSDK/RXSDK-Harmony-Native/build-profile.json5.
[39m

[31m* Try:
> Run with --stacktrace option to get the stack trace.
> Run with --debug option to get more log output.

[2026-08-17T09:59:01.852] [DEBUG] debug-file - env: daemon=false
[2026-08-17T09:59:01.989] [DEBUG] debug-file - Create  resident worker with id: 1.
[2026-08-17T09:59:01.984] [DEBUG] debug-file - ERROR: stacktrace = AdaptorError: [31m00303149 Configuration Error
Error Message: Path not found. At file: /Users/chenhan/Desktop/Git/RXSDK/RXSDK-Harmony-Native/hmssdk

* Try the following:
  > Please check field: modules in file: /Users/chenhan/Desktop/Git/RXSDK/RXSDK-Harmony-Native/build-profile.json5.
[39m
    at HvigorLogger.printErrorExit (/Applications/DevEco-Studio.app/Contents/tools/hvigor/hvigor/src/base/log/hvigor-log.js:1:5087)
    at exitIfNotExists (/Applications/DevEco-Studio.app/Contents/tools/hvigor/hvigor/src/base/util/file-util.js:1:1245)
    at /Applications/DevEco-Studio.app/Contents/tools/hvigor/hvigor/src/base/internal/lifecycle/init.js:1:3371
    at Array.forEach (<anonymous>)
    at init (/Applications/DevEco-Studio.app/Contents/tools/hvigor/hvigor/src/base/internal/lifecycle/init.js:1:3125)
    at process.processTicksAndRejections (node:internal/process/task_queues:103:5)
    at async start (/Applications/DevEco-Studio.app/Contents/tools/hvigor/hvigor/src/base/boot/index.js:1:2597)
    at async boot (/Applications/DevEco-Studio.app/Contents/tools/hvigor/hvigor/src/base/boot/index.js:1:1914)
    at async startHvigorBuild (/Applications/DevEco-Studio.app/Contents/tools/hvigor/hvigor/src/cli/main/cli.js:1:7861)
[2026-08-17T09:59:01.852] [DEBUG] debug-file - no-daemon, use the parent process.execArgv --max-old-space-size=8192,--max-semi-space-size=16,--expose-gc
[2026-08-17T09:59:01.990] [DEBUG] debug-file - Current worker pool is stopped or closed.
[2026-08-17T09:59:01.984] [ERROR] debug-file - AdaptorError: [31m00303149 Configuration Error
Error Message: Path not found. At file: /Users/chenhan/Desktop/Git/RXSDK/RXSDK-Harmony-Native/hmssdk

* Try the following:
  > Please check field: modules in file: /Users/chenhan/Desktop/Git/RXSDK/RXSDK-Harmony-Native/build-profile.json5.
[39m
    at HvigorLogger.printErrorExit (/Applications/DevEco-Studio.app/Contents/tools/hvigor/hvigor/src/base/log/hvigor-log.js:1:5087)
    at exitIfNotExists (/Applications/DevEco-Studio.app/Contents/tools/hvigor/hvigor/src/base/util/file-util.js:1:1245)
    at /Applications/DevEco-Studio.app/Contents/tools/hvigor/hvigor/src/base/internal/lifecycle/init.js:1:3371
    at Array.forEach (<anonymous>)
    at init (/Applications/DevEco-Studio.app/Contents/tools/hvigor/hvigor/src/base/internal/lifecycle/init.js:1:3125)
    at process.processTicksAndRejections (node:internal/process/task_queues:103:5)
    at async start (/Applications/DevEco-Studio.app/Contents/tools/hvigor/hvigor/src/base/boot/index.js:1:2597)
    at async boot (/Applications/DevEco-Studio.app/Contents/tools/hvigor/hvigor/src/base/boot/index.js:1:1914)
    at async startHvigorBuild (/Applications/DevEco-Studio.app/Contents/tools/hvigor/hvigor/src/cli/main/cli.js:1:7861)
[2026-08-17T09:59:01.990] [DEBUG] debug-file - Clear worker 0.
[2026-08-17T09:59:01.985] [ERROR] debug-file - BUILD FAILED in 32 ms 
[2026-08-17T09:59:01.990] [DEBUG] debug-file - Worker 0 has been cleared.
[2026-08-17T09:59:01.988] [DEBUG] debug-file - Since there is no instance or instance is terminated, create a new worker pool.
[2026-08-17T09:59:01.990] [DEBUG] debug-file - Current idle worker size: 1.
[2026-08-17T09:59:01.988] [DEBUG] debug-file - Worker pool is initialized with config:  {
  minPoolNum: 2,
  maxPoolNum: undefined,
  maxCoreSize: undefined,
  cacheCapacity: undefined,
  cacheTtl: undefined
}
[2026-08-17T09:59:01.990] [DEBUG] debug-file - Current busy worker size: 0.
[2026-08-17T09:59:01.990] [DEBUG] debug-file - Clear worker 1.
[2026-08-17T09:59:01.990] [DEBUG] debug-file - Worker 1 has been cleared.
[2026-08-17T09:59:01.990] [DEBUG] debug-file - Current idle worker size: 0.
[2026-08-17T09:59:01.990] [DEBUG] debug-file - Current busy worker size: 0.
[2026-08-17T09:59:01.990] [DEBUG] debug-file - hvigor build process will be closed.
[2026-08-17T09:59:01.991] [DEBUG] debug-file - worker[0] exits with exit code 0.
[2026-08-17T09:59:01.992] [DEBUG] debug-file - worker[1] exits with exit code 0.
[2026-08-17T09:59:01.992] [DEBUG] debug-file - Current worker pool is terminated.
[2026-08-17T09:59:20.473] [DEBUG] debug-file - env: nodejsVersion=v22.23.1
[2026-08-17T09:59:20.557] [DEBUG] debug-file - Hvigor init with startParameters:{
  hvigorfileTypeCheck: false,
  parallelExecution: true,
  incrementalExecution: true,
  printStackTrace: false,
  daemon: false,
  analyze: 0,
  logLevel: Level { level: 20000, levelStr: 'INFO', colour: 'green' },
  optimizationStrategy: 'memory',
  hotCompile: undefined,
  hotReloadBuild: undefined,
  customizedParam: undefined
}
[2026-08-17T09:59:21.160] [DEBUG] debug-file - hvigorfile, require result:  { default: { system: [Function: appTasks], plugins: [] } }
[2026-08-17T09:59:21.162] [DEBUG] debug-file - Starting plugin build process
[2026-08-17T09:59:21.226] [DEBUG] debug-file - App plugin register hook start...
[2026-08-17T09:59:21.227] [DEBUG] debug-file - Start initialize project's product build option map with build mode debug.
[2026-08-17T09:59:21.228] [DEBUG] debug-file - Obtain build option for product 'default'in this build.
[2026-08-17T09:59:21.236] [DEBUG] debug-file - Start recording SDK configuration permission data.
[2026-08-17T09:59:21.249] [DEBUG] debug-file - Project task initialization takes 2 ms 
[2026-08-17T09:59:21.264] [DEBUG] debug-file - failed to load cangjie to dynamically generate schemas: Error: Cannot find module '@ohos/cangjie-build-support/index'
Require stack:
- /Applications/DevEco-Studio.app/Contents/tools/hvigor/hvigor-ohos-plugin/src/plugin/hooks/cangjie-register.js
- /Applications/DevEco-Studio.app/Contents/tools/hvigor/hvigor-ohos-plugin/src/plugin/strategy/stage-init-strategy.js
- /Applications/DevEco-Studio.app/Contents/tools/hvigor/hvigor-ohos-plugin/src/plugin/builder/abstract-plugin-builder.js
- /Applications/DevEco-Studio.app/Contents/tools/hvigor/hvigor-ohos-plugin/src/plugin/builder/app-plugin-builder.js
- /Applications/DevEco-Studio.app/Contents/tools/hvigor/hvigor-ohos-plugin/src/plugin/factory/plugin-factory.js
- /Applications/DevEco-Studio.app/Contents/tools/hvigor/hvigor-ohos-plugin/index.js
- /Users/chenhan/Desktop/Git/RXSDK/RXSDK-Harmony-Native/hvigorfile.ts
- /Applications/DevEco-Studio.app/Contents/tools/hvigor/hvigor/src/base/internal/lifecycle/configuration.js
- /Applications/DevEco-Studio.app/Contents/tools/hvigor/hvigor/src/base/boot/index.js
- /Applications/DevEco-Studio.app/Contents/tools/hvigor/hvigor/src/cli/main/cli.js
- /Applications/DevEco-Studio.app/Contents/tools/hvigor/hvigor/bin/hvigor.js
[2026-08-17T09:59:21.268] [DEBUG] debug-file - Start initialize module-target build option map, moduleName=entry, buildMode=debug
[2026-08-17T09:59:21.298] [DEBUG] debug-file - hvigorfile, resolving /Users/chenhan/Desktop/Git/RXSDK/RXSDK-Harmony-Native/HmsSdk/hvigorfile.ts
[2026-08-17T09:59:21.319] [DEBUG] debug-file - start to load updatedOhPackageInfo to the disk
[2026-08-17T09:59:21.321] [DEBUG] debug-file - Start to initialize dependency information.
[2026-08-17T09:59:20.473] [DEBUG] debug-file - env: hvigor-config.json5 content = {
  modelVersion: '5.0.0',
  dependencies: {},
  execution: {},
  logging: {},
  debugging: {}
}
[2026-08-17T09:59:21.332] [DEBUG] debug-file - Create  resident worker with id: 0.
[2026-08-17T09:59:20.557] [DEBUG] debug-file - Since current hvigor version 6.24.3 differs from last hvigor version 
      undefined, delete file-cache.json and task-cache.json.
[2026-08-17T09:59:21.161] [DEBUG] debug-file - hvigorfile, binding system plugins [Function: appTasks]
[2026-08-17T09:59:21.162] [DEBUG] debug-file - App plugin prepare start...
[2026-08-17T09:59:21.226] [DEBUG] debug-file - App plugin register hook end...
[2026-08-17T09:59:21.227] [DEBUG] debug-file - Picking option from product 'default' with build mode 'debug'.
[2026-08-17T09:59:21.232] [DEBUG] debug-file - /Users/chenhan/Desktop/Git/RXSDK/RXSDK-Harmony-Native/build/cache/default/remote_hsp/remoteHspCache.json not exists.
[2026-08-17T09:59:21.247] [DEBUG] debug-file - Sdk init in 16 ms 
[2026-08-17T09:59:21.249] [DEBUG] debug-file - hvigorfile, begin to bind custom plugins...
[2026-08-17T09:59:21.268] [DEBUG] debug-file - Target 'default' config initialized
[2026-08-17T09:59:21.300] [DEBUG] debug-file - hvigorfile, require result:  { default: { system: [Function: harTasks], plugins: [] } }
[2026-08-17T09:59:21.319] [DEBUG] debug-file - load to the disk finished
[2026-08-17T09:59:21.322] [DEBUG] debug-file - Module entry Collected Dependency: 
[2026-08-17T09:59:20.474] [DEBUG] debug-file - env: daemon=false
[2026-08-17T09:59:21.333] [DEBUG] debug-file - Create  resident worker with id: 1.
[2026-08-17T09:59:20.557] [DEBUG] debug-file - Cache service initialization finished in 1 ms 
[2026-08-17T09:59:21.162] [DEBUG] debug-file - App plugin prepare end...
[2026-08-17T09:59:21.226] [DEBUG] debug-file - Plugin build process completed
[2026-08-17T09:59:21.227] [DEBUG] debug-file - Product 'default' build option initialized
[2026-08-17T09:59:21.233] [DEBUG] debug-file - Local scan or download HarmonyOS sdk components toolchains,ets,js,native,previewer
[2026-08-17T09:59:21.249] [DEBUG] debug-file - hvigorfile, no custom plugins were found in /Users/chenhan/Desktop/Git/RXSDK/RXSDK-Harmony-Native/hvigorfile.ts
[2026-08-17T09:59:21.268] [DEBUG] debug-file - Target 'ddz' config initialized
[2026-08-17T09:59:21.300] [DEBUG] debug-file - hvigorfile, binding system plugins [Function: harTasks]
[2026-08-17T09:59:21.320] [DEBUG] debug-file - Start to initialize dependency information.
[2026-08-17T09:59:21.322] [DEBUG] debug-file - Module entry's total dependency: 0
[2026-08-17T09:59:20.474] [DEBUG] debug-file - no-daemon, use the parent process.execArgv --max-old-space-size=8192,--max-semi-space-size=16,--expose-gc
[2026-08-17T09:59:21.334] [DEBUG] debug-file - Current worker pool is stopped or closed.
[2026-08-17T09:59:20.558] [DEBUG] debug-file - hvigorfile, resolving /Users/chenhan/Desktop/Git/RXSDK/RXSDK-Harmony-Native/hvigorfile.ts
[2026-08-17T09:59:21.162] [DEBUG] debug-file - App plugin creating...
[2026-08-17T09:59:21.227] [DEBUG] debug-file - Picking option from product 'ddz' with build mode 'debug'.
[2026-08-17T09:59:21.235] [DEBUG] debug-file - Local scan or download hmscore sdk components toolchains,ets,native
[2026-08-17T09:59:21.249] [DEBUG] debug-file - hvigorfile, resolve finished /Users/chenhan/Desktop/Git/RXSDK/RXSDK-Harmony-Native/hvigorfile.ts
[2026-08-17T09:59:21.268] [DEBUG] debug-file - Does not get target 'ddz'corresponding build option.
[2026-08-17T09:59:21.300] [DEBUG] debug-file - Starting plugin build process
[2026-08-17T09:59:21.320] [DEBUG] debug-file - Module RXSDK-Harmony-Native Collected Dependency: 
[2026-08-17T09:59:21.323] [DEBUG] debug-file - Start to initialize dependency information.
[2026-08-17T09:59:21.334] [DEBUG] debug-file - Clear worker 0.
[2026-08-17T09:59:21.227] [DEBUG] debug-file - Product 'ddz' build option initialized
[2026-08-17T09:59:21.249] [DEBUG] debug-file - hvigorfile, resolving /Users/chenhan/Desktop/Git/RXSDK/RXSDK-Harmony-Native/entry/hvigorfile.ts
[2026-08-17T09:59:21.268] [DEBUG] debug-file - Using preset build option 'debug'.
[2026-08-17T09:59:21.300] [DEBUG] debug-file - Har plugin creating...
[2026-08-17T09:59:21.320] [DEBUG] debug-file - Module RXSDK-Harmony-Native's total dependency: 0
[2026-08-17T09:59:21.323] [DEBUG] debug-file - Module hmssdk Collected Dependency: 
[2026-08-17T09:59:21.334] [DEBUG] debug-file - Worker 0 has been cleared.
[2026-08-17T09:59:21.227] [DEBUG] debug-file - Picking option from product 'wljxmj' with build mode 'debug'.
[2026-08-17T09:59:21.264] [DEBUG] debug-file - hvigorfile, require result:  { default: { system: [Function: hapTasks], plugins: [] } }
[2026-08-17T09:59:21.268] [DEBUG] debug-file - Target 'wljxmj' config initialized
[2026-08-17T09:59:21.300] [DEBUG] debug-file - failed to load cangjie to dynamically generate schemas: Error: Cannot find module '@ohos/cangjie-build-support/index'
Require stack:
- /Applications/DevEco-Studio.app/Contents/tools/hvigor/hvigor-ohos-plugin/src/plugin/hooks/cangjie-register.js
- /Applications/DevEco-Studio.app/Contents/tools/hvigor/hvigor-ohos-plugin/src/plugin/strategy/stage-init-strategy.js
- /Applications/DevEco-Studio.app/Contents/tools/hvigor/hvigor-ohos-plugin/src/plugin/builder/abstract-plugin-builder.js
- /Applications/DevEco-Studio.app/Contents/tools/hvigor/hvigor-ohos-plugin/src/plugin/builder/app-plugin-builder.js
- /Applications/DevEco-Studio.app/Contents/tools/hvigor/hvigor-ohos-plugin/src/plugin/factory/plugin-factory.js
- /Applications/DevEco-Studio.app/Contents/tools/hvigor/hvigor-ohos-plugin/index.js
- /Users/chenhan/Desktop/Git/RXSDK/RXSDK-Harmony-Native/hvigorfile.ts
- /Applications/DevEco-Studio.app/Contents/tools/hvigor/hvigor/src/base/internal/lifecycle/configuration.js
- /Applications/DevEco-Studio.app/Contents/tools/hvigor/hvigor/src/base/boot/index.js
- /Applications/DevEco-Studio.app/Contents/tools/hvigor/hvigor/src/cli/main/cli.js
- /Applications/DevEco-Studio.app/Contents/tools/hvigor/hvigor/bin/hvigor.js
[2026-08-17T09:59:21.323] [DEBUG] debug-file - Module hmssdk's total dependency: 0
[2026-08-17T09:59:21.334] [DEBUG] debug-file - Current idle worker size: 1.
[2026-08-17T09:59:21.227] [DEBUG] debug-file - Product 'wljxmj' build option initialized
[2026-08-17T09:59:21.264] [DEBUG] debug-file - hvigorfile, binding system plugins [Function: hapTasks]
[2026-08-17T09:59:21.268] [DEBUG] debug-file - Does not get target 'wljxmj'corresponding build option.
[2026-08-17T09:59:21.311] [DEBUG] debug-file - Start initialize module-target build option map, moduleName=hmssdk, buildMode=debug
[2026-08-17T09:59:21.324] [DEBUG] debug-file - Start to initialize dependency information.
[2026-08-17T09:59:21.334] [DEBUG] debug-file - Current busy worker size: 0.
[2026-08-17T09:59:21.227] [DEBUG] debug-file - Picking option from product 'fish' with build mode 'debug'.
[2026-08-17T09:59:21.264] [DEBUG] debug-file - Starting plugin build process
[2026-08-17T09:59:21.268] [DEBUG] debug-file - Using preset build option 'debug'.
[2026-08-17T09:59:21.311] [DEBUG] debug-file - Target 'default' config initialized
[2026-08-17T09:59:21.324] [DEBUG] debug-file - Module rxsdk_wechat Collected Dependency: 
[2026-08-17T09:59:21.334] [DEBUG] debug-file - Clear worker 1.
[2026-08-17T09:59:21.227] [DEBUG] debug-file - Product 'fish' build option initialized
[2026-08-17T09:59:21.264] [DEBUG] debug-file - Hap plugin creating...
[2026-08-17T09:59:21.268] [DEBUG] debug-file - Target 'fish' config initialized
[2026-08-17T09:59:21.311] [DEBUG] debug-file - Module 'hmssdk' target 'default' build option initialized
[2026-08-17T09:59:21.324] [DEBUG] debug-file - Module rxsdk_wechat's total dependency: 0
[2026-08-17T09:59:21.334] [DEBUG] debug-file - Worker 1 has been cleared.
[2026-08-17T09:59:21.227] [DEBUG] debug-file - Picking option from product 'jymxpd' with build mode 'debug'.
[2026-08-17T09:59:21.268] [DEBUG] debug-file - Does not get target 'fish'corresponding build option.
[2026-08-17T09:59:21.311] [DEBUG] debug-file - End initialize module-target build option map, moduleName=hmssdk
[2026-08-17T09:59:21.324] [DEBUG] debug-file - Start to initialize dependency information.
[2026-08-17T09:59:21.334] [DEBUG] debug-file - Current idle worker size: 0.
[2026-08-17T09:59:21.227] [DEBUG] debug-file - Product 'jymxpd' build option initialized
[2026-08-17T09:59:21.268] [DEBUG] debug-file - Using preset build option 'debug'.
[2026-08-17T09:59:21.311] [DEBUG] debug-file - Start initialize module-target build option map, moduleName=hmssdk, buildMode=release
[2026-08-17T09:59:21.324] [DEBUG] debug-file - Module rxsdk_openinstall Collected Dependency: 
[2026-08-17T09:59:21.334] [DEBUG] debug-file - Current busy worker size: 0.
[2026-08-17T09:59:21.227] [DEBUG] debug-file - End initialize project's product build option map with build mode 'debug'.
[2026-08-17T09:59:21.268] [DEBUG] debug-file - Target 'jymxpd' config initialized
[2026-08-17T09:59:21.311] [DEBUG] debug-file - Target 'default' config initialized
[2026-08-17T09:59:21.324] [DEBUG] debug-file - Module rxsdk_openinstall's total dependency: 0
[2026-08-17T09:59:21.334] [DEBUG] debug-file - hvigor build process will be closed.
[2026-08-17T09:59:21.268] [DEBUG] debug-file - Does not get target 'jymxpd'corresponding build option.
[2026-08-17T09:59:21.311] [DEBUG] debug-file - Module 'hmssdk' target 'default' build option initialized
[2026-08-17T09:59:21.325] [DEBUG] debug-file - Configuration phase cost:768 ms 
[2026-08-17T09:59:21.336] [DEBUG] debug-file - worker[0] exits with exit code 0.
[2026-08-17T09:59:21.268] [DEBUG] debug-file - Using preset build option 'debug'.
[2026-08-17T09:59:21.311] [DEBUG] debug-file - End initialize module-target build option map, moduleName=hmssdk
[2026-08-17T09:59:21.326] [DEBUG] debug-file - Configuration task cost before running: 773 ms 
[2026-08-17T09:59:21.336] [DEBUG] debug-file - worker[1] exits with exit code 0.
[2026-08-17T09:59:21.268] [DEBUG] debug-file - Target 'ohosTest' config initialized
[2026-08-17T09:59:21.311] [DEBUG] debug-file - Start initialize module-target build option map, moduleName=hmssdk, buildMode=debug
[2026-08-17T09:59:21.326] [DEBUG] debug-file - Executing task :hmssdk:tasks
[2026-08-17T09:59:21.337] [DEBUG] debug-file - Current worker pool is terminated.
[2026-08-17T09:59:21.268] [DEBUG] debug-file - Module 'entry' target 'default' build option initialized
[2026-08-17T09:59:21.311] [DEBUG] debug-file - Target 'default' config initialized
[2026-08-17T09:59:21.326] [INFO] debug-file - --------------------------------------------------------------------------
All tasks from hvigor node 'hmssdk'
--------------------------------------------------------------------------
Help tasks
-------------
tasks - Displays the tasks of the HvigorCoreNode.
taskTree - Displays the task dag tree of the HvigorCoreNode.

Sync tasks
-------------
init - Sync and refresh project

[2026-08-17T09:59:21.268] [DEBUG] debug-file - Module 'entry' target 'ddz' build option initialized
[2026-08-17T09:59:21.311] [DEBUG] debug-file - Module 'hmssdk' target 'default' build option initialized
[2026-08-17T09:59:21.326] [DEBUG] debug-file - hmssdk : tasks cost memory 0.0467681884765625
[2026-08-17T09:59:21.268] [DEBUG] debug-file - Module 'entry' target 'wljxmj' build option initialized
[2026-08-17T09:59:21.311] [DEBUG] debug-file - End initialize module-target build option map, moduleName=hmssdk
[2026-08-17T09:59:21.326] [DEBUG] debug-file - runTaskFromQueue task cost before running: 773 ms 
[2026-08-17T09:59:21.268] [DEBUG] debug-file - Module 'entry' target 'fish' build option initialized
[2026-08-17T09:59:21.311] [DEBUG] debug-file - Start initialize module-target build option map, moduleName=hmssdk, buildMode=release
[2026-08-17T09:59:21.326] [INFO] debug-file - Finished :hmssdk:tasks... after 1 ms 
[2026-08-17T09:59:21.268] [DEBUG] debug-file - Module 'entry' target 'jymxpd' build option initialized
[2026-08-17T09:59:21.311] [DEBUG] debug-file - Target 'default' config initialized
[2026-08-17T09:59:21.326] [DEBUG] debug-file - Executing task ::tasks
[2026-08-17T09:59:21.268] [DEBUG] debug-file - Module 'entry' target 'ohosTest' build option initialized
[2026-08-17T09:59:21.311] [DEBUG] debug-file - Module 'hmssdk' target 'default' build option initialized
[2026-08-17T09:59:21.326] [INFO] debug-file - --------------------------------------------------------------------------
All tasks from hvigor node 'RXSDK-Harmony-Native'
--------------------------------------------------------------------------
Help tasks
-------------
tasks - Displays the tasks of the HvigorCoreNode.
taskTree - Displays the task dag tree of the HvigorCoreNode.
buildInfo - Displays the build information of the Project or Module.

Other tasks
-------------
prune - Clean up old hvigor cache files and remove unreferenced packages from store.
clean - Clear the cache information.
collectCoverage - Generate coverage statistics reports based on instrumentation dotting data.

Hook tasks
-------------
assembleApp - Assemble the task for the packaged app.

Sync tasks
-------------
init - Sync and refresh project

Sign tasks
-------------
SignApp - Sign the app package.

Package tasks
-------------
PackageApp - Build the app package in the stage model.
SignPackagesFromApp - Build all unsigned app package in the stage model.

Generate tasks
-------------
ProcessProjectPrivacyProfile - Process project pac.json5 in the stage model.
GeneratePackRes - Build the pack.res file in the stage model.
MakeProjectPackInfo - Generate project pack.info in the stage model.

Verification tasks
-------------
PreBuildApp - Prepare before building the app.
DuplicateDependencyCheck - Check duplicated dependencies when building app.

[2026-08-17T09:59:21.268] [DEBUG] debug-file - End initialize module-target build option map, moduleName=entry
[2026-08-17T09:59:21.311] [DEBUG] debug-file - End initialize module-target build option map, moduleName=hmssdk
[2026-08-17T09:59:21.326] [DEBUG] debug-file - RXSDK-Harmony-Native : tasks cost memory 0.04257965087890625
[2026-08-17T09:59:21.268] [DEBUG] debug-file - Start initialize module-target build option map, moduleName=entry, buildMode=release
[2026-08-17T09:59:21.311] [DEBUG] debug-file - Start initialize module-target build option map, moduleName=hmssdk, buildMode=debug
[2026-08-17T09:59:21.326] [DEBUG] debug-file - runTaskFromQueue task cost before running: 773 ms 
[2026-08-17T09:59:21.268] [DEBUG] debug-file - Target 'default' config initialized
[2026-08-17T09:59:21.311] [DEBUG] debug-file - Target 'default' config initialized
[2026-08-17T09:59:21.327] [INFO] debug-file - Finished ::tasks... after 1 ms 
[2026-08-17T09:59:21.268] [DEBUG] debug-file - Target 'ddz' config initialized
[2026-08-17T09:59:21.311] [DEBUG] debug-file - Module 'hmssdk' target 'default' build option initialized
[2026-08-17T09:59:21.327] [INFO] debug-file - BUILD SUCCESSFUL in 774 ms 
[2026-08-17T09:59:21.268] [DEBUG] debug-file - Does not get target 'ddz'corresponding build option.
[2026-08-17T09:59:21.311] [DEBUG] debug-file - End initialize module-target build option map, moduleName=hmssdk
[2026-08-17T09:59:21.332] [DEBUG] debug-file - Since there is no instance or instance is terminated, create a new worker pool.
[2026-08-17T09:59:21.268] [DEBUG] debug-file - Using preset build option 'release'.
[2026-08-17T09:59:21.311] [DEBUG] debug-file - Start initialize module-target build option map, moduleName=hmssdk, buildMode=release
[2026-08-17T09:59:21.332] [DEBUG] debug-file - Worker pool is initialized with config:  {
  minPoolNum: 2,
  maxPoolNum: undefined,
  maxCoreSize: undefined,
  cacheCapacity: undefined,
  cacheTtl: undefined
}
[2026-08-17T09:59:21.268] [DEBUG] debug-file - Target 'wljxmj' config initialized
[2026-08-17T09:59:21.311] [DEBUG] debug-file - Target 'default' config initialized
[2026-08-17T09:59:21.268] [DEBUG] debug-file - Does not get target 'wljxmj'corresponding build option.
[2026-08-17T09:59:21.311] [DEBUG] debug-file - Module 'hmssdk' target 'default' build option initialized
[2026-08-17T09:59:21.268] [DEBUG] debug-file - Using preset build option 'release'.
[2026-08-17T09:59:21.311] [DEBUG] debug-file - End initialize module-target build option map, moduleName=hmssdk
[2026-08-17T09:59:21.268] [DEBUG] debug-file - Target 'fish' config initialized
[2026-08-17T09:59:21.311] [DEBUG] debug-file - Start initialize module-target build option map, moduleName=hmssdk, buildMode=debug
[2026-08-17T09:59:21.268] [DEBUG] debug-file - Does not get target 'fish'corresponding build option.
[2026-08-17T09:59:21.311] [DEBUG] debug-file - Target 'default' config initialized
[2026-08-17T09:59:21.268] [DEBUG] debug-file - Using preset build option 'release'.
[2026-08-17T09:59:21.311] [DEBUG] debug-file - Module 'hmssdk' target 'default' build option initialized
[2026-08-17T09:59:21.268] [DEBUG] debug-file - Target 'jymxpd' config initialized
[2026-08-17T09:59:21.311] [DEBUG] debug-file - End initialize module-target build option map, moduleName=hmssdk
[2026-08-17T09:59:21.268] [DEBUG] debug-file - Does not get target 'jymxpd'corresponding build option.
[2026-08-17T09:59:21.311] [DEBUG] debug-file - Start initialize module-target build option map, moduleName=hmssdk, buildMode=release
[2026-08-17T09:59:21.268] [DEBUG] debug-file - Using preset build option 'release'.
[2026-08-17T09:59:21.311] [DEBUG] debug-file - Target 'default' config initialized
[2026-08-17T09:59:21.269] [DEBUG] debug-file - Target 'ohosTest' config initialized
[2026-08-17T09:59:21.311] [DEBUG] debug-file - Module 'hmssdk' target 'default' build option initialized
[2026-08-17T09:59:21.269] [DEBUG] debug-file - Module 'entry' target 'default' build option initialized
[2026-08-17T09:59:21.311] [DEBUG] debug-file - End initialize module-target build option map, moduleName=hmssdk
[2026-08-17T09:59:21.269] [DEBUG] debug-file - Module 'entry' target 'ddz' build option initialized
[2026-08-17T09:59:21.311] [DEBUG] debug-file - Start initialize module-target build option map, moduleName=hmssdk, buildMode=debug
[2026-08-17T09:59:21.269] [DEBUG] debug-file - Module 'entry' target 'wljxmj' build option initialized
[2026-08-17T09:59:21.311] [DEBUG] debug-file - Target 'default' config initialized
[2026-08-17T09:59:21.269] [DEBUG] debug-file - Module 'entry' target 'fish' build option initialized
[2026-08-17T09:59:21.311] [DEBUG] debug-file - Module 'hmssdk' target 'default' build option initialized
[2026-08-17T09:59:21.269] [DEBUG] debug-file - Module 'entry' target 'jymxpd' build option initialized
[2026-08-17T09:59:21.311] [DEBUG] debug-file - End initialize module-target build option map, moduleName=hmssdk
[2026-08-17T09:59:21.269] [DEBUG] debug-file - Module 'entry' target 'ohosTest' build option initialized
[2026-08-17T09:59:21.311] [DEBUG] debug-file - Start initialize module-target build option map, moduleName=hmssdk, buildMode=release
[2026-08-17T09:59:21.269] [DEBUG] debug-file - End initialize module-target build option map, moduleName=entry
[2026-08-17T09:59:21.311] [DEBUG] debug-file - Target 'default' config initialized
[2026-08-17T09:59:21.269] [DEBUG] debug-file - Start initialize module-target build option map, moduleName=entry, buildMode=debug
[2026-08-17T09:59:21.311] [DEBUG] debug-file - Module 'hmssdk' target 'default' build option initialized
[2026-08-17T09:59:21.269] [DEBUG] debug-file - Target 'default' config initialized
[2026-08-17T09:59:21.311] [DEBUG] debug-file - End initialize module-target build option map, moduleName=hmssdk
[2026-08-17T09:59:21.269] [DEBUG] debug-file - Target 'ddz' config initialized
[2026-08-17T09:59:21.311] [DEBUG] debug-file - Start initialize module-target build option map, moduleName=hmssdk, buildMode=debug
[2026-08-17T09:59:21.269] [DEBUG] debug-file - Does not get target 'ddz'corresponding build option.
[2026-08-17T09:59:21.311] [DEBUG] debug-file - Target 'default' config initialized
[2026-08-17T09:59:21.269] [DEBUG] debug-file - Using preset build option 'debug'.
[2026-08-17T09:59:21.311] [DEBUG] debug-file - Module 'hmssdk' target 'default' build option initialized
[2026-08-17T09:59:21.269] [DEBUG] debug-file - Target 'wljxmj' config initialized
[2026-08-17T09:59:21.311] [DEBUG] debug-file - End initialize module-target build option map, moduleName=hmssdk
[2026-08-17T09:59:21.269] [DEBUG] debug-file - Does not get target 'wljxmj'corresponding build option.
[2026-08-17T09:59:21.311] [DEBUG] debug-file - Obtain build option for module 'hmssdk' target 'default'in this build.
[2026-08-17T09:59:21.269] [DEBUG] debug-file - Using preset build option 'debug'.
[2026-08-17T09:59:21.312] [DEBUG] debug-file - Module hmssdk task initialization takes 1 ms 
[2026-08-17T09:59:21.269] [DEBUG] debug-file - Target 'fish' config initialized
[2026-08-17T09:59:21.312] [DEBUG] debug-file - Har plugin register hook start...
[2026-08-17T09:59:21.269] [DEBUG] debug-file - Does not get target 'fish'corresponding build option.
[2026-08-17T09:59:21.312] [DEBUG] debug-file - Har plugin register hook end...
[2026-08-17T09:59:21.269] [DEBUG] debug-file - Using preset build option 'debug'.
[2026-08-17T09:59:21.312] [DEBUG] debug-file - Plugin build process completed
[2026-08-17T09:59:21.269] [DEBUG] debug-file - Target 'jymxpd' config initialized
[2026-08-17T09:59:21.312] [DEBUG] debug-file - hvigorfile, begin to bind custom plugins...
[2026-08-17T09:59:21.269] [DEBUG] debug-file - Does not get target 'jymxpd'corresponding build option.
[2026-08-17T09:59:21.312] [DEBUG] debug-file - hvigorfile, no custom plugins were found in /Users/chenhan/Desktop/Git/RXSDK/RXSDK-Harmony-Native/HmsSdk/hvigorfile.ts
[2026-08-17T09:59:21.269] [DEBUG] debug-file - Using preset build option 'debug'.
[2026-08-17T09:59:21.312] [DEBUG] debug-file - hvigorfile, resolve finished /Users/chenhan/Desktop/Git/RXSDK/RXSDK-Harmony-Native/HmsSdk/hvigorfile.ts
[2026-08-17T09:59:21.269] [DEBUG] debug-file - Target 'ohosTest' config initialized
[2026-08-17T09:59:21.312] [DEBUG] debug-file - hvigorfile, resolving /Users/chenhan/Desktop/Git/RXSDK/RXSDK-Harmony-Native/rxsdk_wechat/hvigorfile.ts
[2026-08-17T09:59:21.269] [DEBUG] debug-file - Module 'entry' target 'default' build option initialized
[2026-08-17T09:59:21.314] [DEBUG] debug-file - hvigorfile, require result:  { default: { system: [Function: harTasks], plugins: [] } }
[2026-08-17T09:59:21.269] [DEBUG] debug-file - Module 'entry' target 'ddz' build option initialized
[2026-08-17T09:59:21.314] [DEBUG] debug-file - hvigorfile, binding system plugins [Function: harTasks]
[2026-08-17T09:59:21.269] [DEBUG] debug-file - Module 'entry' target 'wljxmj' build option initialized
[2026-08-17T09:59:21.314] [DEBUG] debug-file - Starting plugin build process
[2026-08-17T09:59:21.269] [DEBUG] debug-file - Module 'entry' target 'fish' build option initialized
[2026-08-17T09:59:21.314] [DEBUG] debug-file - Har plugin creating...
[2026-08-17T09:59:21.269] [DEBUG] debug-file - Module 'entry' target 'jymxpd' build option initialized
[2026-08-17T09:59:21.314] [DEBUG] debug-file - failed to load cangjie to dynamically generate schemas: Error: Cannot find module '@ohos/cangjie-build-support/index'
Require stack:
- /Applications/DevEco-Studio.app/Contents/tools/hvigor/hvigor-ohos-plugin/src/plugin/hooks/cangjie-register.js
- /Applications/DevEco-Studio.app/Contents/tools/hvigor/hvigor-ohos-plugin/src/plugin/strategy/stage-init-strategy.js
- /Applications/DevEco-Studio.app/Contents/tools/hvigor/hvigor-ohos-plugin/src/plugin/builder/abstract-plugin-builder.js
- /Applications/DevEco-Studio.app/Contents/tools/hvigor/hvigor-ohos-plugin/src/plugin/builder/app-plugin-builder.js
- /Applications/DevEco-Studio.app/Contents/tools/hvigor/hvigor-ohos-plugin/src/plugin/factory/plugin-factory.js
- /Applications/DevEco-Studio.app/Contents/tools/hvigor/hvigor-ohos-plugin/index.js
- /Users/chenhan/Desktop/Git/RXSDK/RXSDK-Harmony-Native/hvigorfile.ts
- /Applications/DevEco-Studio.app/Contents/tools/hvigor/hvigor/src/base/internal/lifecycle/configuration.js
- /Applications/DevEco-Studio.app/Contents/tools/hvigor/hvigor/src/base/boot/index.js
- /Applications/DevEco-Studio.app/Contents/tools/hvigor/hvigor/src/cli/main/cli.js
- /Applications/DevEco-Studio.app/Contents/tools/hvigor/hvigor/bin/hvigor.js
[2026-08-17T09:59:21.269] [DEBUG] debug-file - Module 'entry' target 'ohosTest' build option initialized
[2026-08-17T09:59:21.315] [DEBUG] debug-file - Start initialize module-target build option map, moduleName=rxsdk_wechat, buildMode=debug
[2026-08-17T09:59:21.269] [DEBUG] debug-file - End initialize module-target build option map, moduleName=entry
[2026-08-17T09:59:21.315] [DEBUG] debug-file - Target 'default' config initialized
[2026-08-17T09:59:21.269] [DEBUG] debug-file - Start initialize module-target build option map, moduleName=entry, buildMode=release
[2026-08-17T09:59:21.315] [DEBUG] debug-file - Target 'ohosTest' config initialized
[2026-08-17T09:59:21.269] [DEBUG] debug-file - Target 'default' config initialized
[2026-08-17T09:59:21.315] [DEBUG] debug-file - Module 'rxsdk_wechat' target 'default' build option initialized
[2026-08-17T09:59:21.269] [DEBUG] debug-file - Target 'ddz' config initialized
[2026-08-17T09:59:21.315] [DEBUG] debug-file - Module 'rxsdk_wechat' target 'ohosTest' build option initialized
[2026-08-17T09:59:21.269] [DEBUG] debug-file - Does not get target 'ddz'corresponding build option.
[2026-08-17T09:59:21.315] [DEBUG] debug-file - End initialize module-target build option map, moduleName=rxsdk_wechat
[2026-08-17T09:59:21.269] [DEBUG] debug-file - Using preset build option 'release'.
[2026-08-17T09:59:21.315] [DEBUG] debug-file - Start initialize module-target build option map, moduleName=rxsdk_wechat, buildMode=release
[2026-08-17T09:59:21.269] [DEBUG] debug-file - Target 'wljxmj' config initialized
[2026-08-17T09:59:21.315] [DEBUG] debug-file - Target 'default' config initialized
[2026-08-17T09:59:21.269] [DEBUG] debug-file - Does not get target 'wljxmj'corresponding build option.
[2026-08-17T09:59:21.315] [DEBUG] debug-file - Target 'ohosTest' config initialized
[2026-08-17T09:59:21.269] [DEBUG] debug-file - Using preset build option 'release'.
[2026-08-17T09:59:21.315] [DEBUG] debug-file - Module 'rxsdk_wechat' target 'default' build option initialized
[2026-08-17T09:59:21.269] [DEBUG] debug-file - Target 'fish' config initialized
[2026-08-17T09:59:21.315] [DEBUG] debug-file - Module 'rxsdk_wechat' target 'ohosTest' build option initialized
[2026-08-17T09:59:21.269] [DEBUG] debug-file - Does not get target 'fish'corresponding build option.
[2026-08-17T09:59:21.315] [DEBUG] debug-file - End initialize module-target build option map, moduleName=rxsdk_wechat
[2026-08-17T09:59:21.269] [DEBUG] debug-file - Using preset build option 'release'.
[2026-08-17T09:59:21.315] [DEBUG] debug-file - Start initialize module-target build option map, moduleName=rxsdk_wechat, buildMode=debug
[2026-08-17T09:59:21.269] [DEBUG] debug-file - Target 'jymxpd' config initialized
[2026-08-17T09:59:21.315] [DEBUG] debug-file - Target 'default' config initialized
[2026-08-17T09:59:21.269] [DEBUG] debug-file - Does not get target 'jymxpd'corresponding build option.
[2026-08-17T09:59:21.315] [DEBUG] debug-file - Target 'ohosTest' config initialized
[2026-08-17T09:59:21.269] [DEBUG] debug-file - Using preset build option 'release'.
[2026-08-17T09:59:21.315] [DEBUG] debug-file - Module 'rxsdk_wechat' target 'default' build option initialized
[2026-08-17T09:59:21.269] [DEBUG] debug-file - Target 'ohosTest' config initialized
[2026-08-17T09:59:21.315] [DEBUG] debug-file - Module 'rxsdk_wechat' target 'ohosTest' build option initialized
[2026-08-17T09:59:21.269] [DEBUG] debug-file - Module 'entry' target 'default' build option initialized
[2026-08-17T09:59:21.315] [DEBUG] debug-file - End initialize module-target build option map, moduleName=rxsdk_wechat
[2026-08-17T09:59:21.269] [DEBUG] debug-file - Module 'entry' target 'ddz' build option initialized
[2026-08-17T09:59:21.315] [DEBUG] debug-file - Start initialize module-target build option map, moduleName=rxsdk_wechat, buildMode=release
[2026-08-17T09:59:21.269] [DEBUG] debug-file - Module 'entry' target 'wljxmj' build option initialized
[2026-08-17T09:59:21.315] [DEBUG] debug-file - Target 'default' config initialized
[2026-08-17T09:59:21.269] [DEBUG] debug-file - Module 'entry' target 'fish' build option initialized
[2026-08-17T09:59:21.315] [DEBUG] debug-file - Target 'ohosTest' config initialized
[2026-08-17T09:59:21.269] [DEBUG] debug-file - Module 'entry' target 'jymxpd' build option initialized
[2026-08-17T09:59:21.315] [DEBUG] debug-file - Module 'rxsdk_wechat' target 'default' build option initialized
[2026-08-17T09:59:21.269] [DEBUG] debug-file - Module 'entry' target 'ohosTest' build option initialized
[2026-08-17T09:59:21.315] [DEBUG] debug-file - Module 'rxsdk_wechat' target 'ohosTest' build option initialized
[2026-08-17T09:59:21.269] [DEBUG] debug-file - End initialize module-target build option map, moduleName=entry
[2026-08-17T09:59:21.315] [DEBUG] debug-file - End initialize module-target build option map, moduleName=rxsdk_wechat
[2026-08-17T09:59:21.269] [DEBUG] debug-file - Start initialize module-target build option map, moduleName=entry, buildMode=debug
[2026-08-17T09:59:21.315] [DEBUG] debug-file - Start initialize module-target build option map, moduleName=rxsdk_wechat, buildMode=debug
[2026-08-17T09:59:21.269] [DEBUG] debug-file - Target 'default' config initialized
[2026-08-17T09:59:21.315] [DEBUG] debug-file - Target 'default' config initialized
[2026-08-17T09:59:21.269] [DEBUG] debug-file - Target 'ddz' config initialized
[2026-08-17T09:59:21.315] [DEBUG] debug-file - Target 'ohosTest' config initialized
[2026-08-17T09:59:21.269] [DEBUG] debug-file - Does not get target 'ddz'corresponding build option.
[2026-08-17T09:59:21.315] [DEBUG] debug-file - Module 'rxsdk_wechat' target 'default' build option initialized
[2026-08-17T09:59:21.269] [DEBUG] debug-file - Using preset build option 'debug'.
[2026-08-17T09:59:21.315] [DEBUG] debug-file - Module 'rxsdk_wechat' target 'ohosTest' build option initialized
[2026-08-17T09:59:21.269] [DEBUG] debug-file - Target 'wljxmj' config initialized
[2026-08-17T09:59:21.315] [DEBUG] debug-file - End initialize module-target build option map, moduleName=rxsdk_wechat
[2026-08-17T09:59:21.269] [DEBUG] debug-file - Does not get target 'wljxmj'corresponding build option.
[2026-08-17T09:59:21.315] [DEBUG] debug-file - Start initialize module-target build option map, moduleName=rxsdk_wechat, buildMode=release
[2026-08-17T09:59:21.269] [DEBUG] debug-file - Using preset build option 'debug'.
[2026-08-17T09:59:21.315] [DEBUG] debug-file - Target 'default' config initialized
[2026-08-17T09:59:21.269] [DEBUG] debug-file - Target 'fish' config initialized
[2026-08-17T09:59:21.315] [DEBUG] debug-file - Target 'ohosTest' config initialized
[2026-08-17T09:59:21.269] [DEBUG] debug-file - Does not get target 'fish'corresponding build option.
[2026-08-17T09:59:21.315] [DEBUG] debug-file - Module 'rxsdk_wechat' target 'default' build option initialized
[2026-08-17T09:59:21.269] [DEBUG] debug-file - Using preset build option 'debug'.
[2026-08-17T09:59:21.315] [DEBUG] debug-file - Module 'rxsdk_wechat' target 'ohosTest' build option initialized
[2026-08-17T09:59:21.269] [DEBUG] debug-file - Target 'jymxpd' config initialized
[2026-08-17T09:59:21.315] [DEBUG] debug-file - End initialize module-target build option map, moduleName=rxsdk_wechat
[2026-08-17T09:59:21.269] [DEBUG] debug-file - Does not get target 'jymxpd'corresponding build option.
[2026-08-17T09:59:21.315] [DEBUG] debug-file - Start initialize module-target build option map, moduleName=rxsdk_wechat, buildMode=debug
[2026-08-17T09:59:21.269] [DEBUG] debug-file - Using preset build option 'debug'.
[2026-08-17T09:59:21.315] [DEBUG] debug-file - Target 'default' config initialized
[2026-08-17T09:59:21.269] [DEBUG] debug-file - Target 'ohosTest' config initialized
[2026-08-17T09:59:21.315] [DEBUG] debug-file - Target 'ohosTest' config initialized
[2026-08-17T09:59:21.269] [DEBUG] debug-file - Module 'entry' target 'default' build option initialized
[2026-08-17T09:59:21.315] [DEBUG] debug-file - Module 'rxsdk_wechat' target 'default' build option initialized
[2026-08-17T09:59:21.269] [DEBUG] debug-file - Module 'entry' target 'ddz' build option initialized
[2026-08-17T09:59:21.315] [DEBUG] debug-file - Module 'rxsdk_wechat' target 'ohosTest' build option initialized
[2026-08-17T09:59:21.269] [DEBUG] debug-file - Module 'entry' target 'wljxmj' build option initialized
[2026-08-17T09:59:21.315] [DEBUG] debug-file - End initialize module-target build option map, moduleName=rxsdk_wechat
[2026-08-17T09:59:21.269] [DEBUG] debug-file - Module 'entry' target 'fish' build option initialized
[2026-08-17T09:59:21.315] [DEBUG] debug-file - Start initialize module-target build option map, moduleName=rxsdk_wechat, buildMode=release
[2026-08-17T09:59:21.269] [DEBUG] debug-file - Module 'entry' target 'jymxpd' build option initialized
[2026-08-17T09:59:21.315] [DEBUG] debug-file - Target 'default' config initialized
[2026-08-17T09:59:21.269] [DEBUG] debug-file - Module 'entry' target 'ohosTest' build option initialized
[2026-08-17T09:59:21.315] [DEBUG] debug-file - Target 'ohosTest' config initialized
[2026-08-17T09:59:21.269] [DEBUG] debug-file - End initialize module-target build option map, moduleName=entry
[2026-08-17T09:59:21.315] [DEBUG] debug-file - Module 'rxsdk_wechat' target 'default' build option initialized
[2026-08-17T09:59:21.269] [DEBUG] debug-file - Start initialize module-target build option map, moduleName=entry, buildMode=release
[2026-08-17T09:59:21.315] [DEBUG] debug-file - Module 'rxsdk_wechat' target 'ohosTest' build option initialized
[2026-08-17T09:59:21.269] [DEBUG] debug-file - Target 'default' config initialized
[2026-08-17T09:59:21.315] [DEBUG] debug-file - End initialize module-target build option map, moduleName=rxsdk_wechat
[2026-08-17T09:59:21.269] [DEBUG] debug-file - Target 'ddz' config initialized
[2026-08-17T09:59:21.315] [DEBUG] debug-file - Start initialize module-target build option map, moduleName=rxsdk_wechat, buildMode=debug
[2026-08-17T09:59:21.269] [DEBUG] debug-file - Does not get target 'ddz'corresponding build option.
[2026-08-17T09:59:21.315] [DEBUG] debug-file - Target 'default' config initialized
[2026-08-17T09:59:21.269] [DEBUG] debug-file - Using preset build option 'release'.
[2026-08-17T09:59:21.315] [DEBUG] debug-file - Target 'ohosTest' config initialized
[2026-08-17T09:59:21.269] [DEBUG] debug-file - Target 'wljxmj' config initialized
[2026-08-17T09:59:21.315] [DEBUG] debug-file - Module 'rxsdk_wechat' target 'default' build option initialized
[2026-08-17T09:59:21.269] [DEBUG] debug-file - Does not get target 'wljxmj'corresponding build option.
[2026-08-17T09:59:21.315] [DEBUG] debug-file - Module 'rxsdk_wechat' target 'ohosTest' build option initialized
[2026-08-17T09:59:21.269] [DEBUG] debug-file - Using preset build option 'release'.
[2026-08-17T09:59:21.315] [DEBUG] debug-file - End initialize module-target build option map, moduleName=rxsdk_wechat
[2026-08-17T09:59:21.269] [DEBUG] debug-file - Target 'fish' config initialized
[2026-08-17T09:59:21.315] [DEBUG] debug-file - Start initialize module-target build option map, moduleName=rxsdk_wechat, buildMode=release
[2026-08-17T09:59:21.269] [DEBUG] debug-file - Does not get target 'fish'corresponding build option.
[2026-08-17T09:59:21.315] [DEBUG] debug-file - Target 'default' config initialized
[2026-08-17T09:59:21.269] [DEBUG] debug-file - Using preset build option 'release'.
[2026-08-17T09:59:21.315] [DEBUG] debug-file - Target 'ohosTest' config initialized
[2026-08-17T09:59:21.270] [DEBUG] debug-file - Target 'jymxpd' config initialized
[2026-08-17T09:59:21.315] [DEBUG] debug-file - Module 'rxsdk_wechat' target 'default' build option initialized
[2026-08-17T09:59:21.270] [DEBUG] debug-file - Does not get target 'jymxpd'corresponding build option.
[2026-08-17T09:59:21.315] [DEBUG] debug-file - Module 'rxsdk_wechat' target 'ohosTest' build option initialized
[2026-08-17T09:59:21.270] [DEBUG] debug-file - Using preset build option 'release'.
[2026-08-17T09:59:21.315] [DEBUG] debug-file - End initialize module-target build option map, moduleName=rxsdk_wechat
[2026-08-17T09:59:21.270] [DEBUG] debug-file - Target 'ohosTest' config initialized
[2026-08-17T09:59:21.315] [DEBUG] debug-file - Start initialize module-target build option map, moduleName=rxsdk_wechat, buildMode=debug
[2026-08-17T09:59:21.270] [DEBUG] debug-file - Module 'entry' target 'default' build option initialized
[2026-08-17T09:59:21.315] [DEBUG] debug-file - Target 'default' config initialized
[2026-08-17T09:59:21.270] [DEBUG] debug-file - Module 'entry' target 'ddz' build option initialized
[2026-08-17T09:59:21.315] [DEBUG] debug-file - Target 'ohosTest' config initialized
[2026-08-17T09:59:21.270] [DEBUG] debug-file - Module 'entry' target 'wljxmj' build option initialized
[2026-08-17T09:59:21.315] [DEBUG] debug-file - Module 'rxsdk_wechat' target 'default' build option initialized
[2026-08-17T09:59:21.270] [DEBUG] debug-file - Module 'entry' target 'fish' build option initialized
[2026-08-17T09:59:21.315] [DEBUG] debug-file - Module 'rxsdk_wechat' target 'ohosTest' build option initialized
[2026-08-17T09:59:21.270] [DEBUG] debug-file - Module 'entry' target 'jymxpd' build option initialized
[2026-08-17T09:59:21.315] [DEBUG] debug-file - End initialize module-target build option map, moduleName=rxsdk_wechat
[2026-08-17T09:59:21.270] [DEBUG] debug-file - Module 'entry' target 'ohosTest' build option initialized
[2026-08-17T09:59:21.315] [DEBUG] debug-file - Obtain build option for module 'rxsdk_wechat' target 'default'in this build.
[2026-08-17T09:59:21.270] [DEBUG] debug-file - End initialize module-target build option map, moduleName=entry
[2026-08-17T09:59:21.315] [DEBUG] debug-file - Module rxsdk_wechat task initialization takes 1 ms 
[2026-08-17T09:59:21.270] [DEBUG] debug-file - Start initialize module-target build option map, moduleName=entry, buildMode=debug
[2026-08-17T09:59:21.315] [DEBUG] debug-file - Har plugin register hook start...
[2026-08-17T09:59:21.270] [DEBUG] debug-file - Target 'default' config initialized
[2026-08-17T09:59:21.315] [DEBUG] debug-file - Har plugin register hook end...
[2026-08-17T09:59:21.270] [DEBUG] debug-file - Target 'ddz' config initialized
[2026-08-17T09:59:21.315] [DEBUG] debug-file - Plugin build process completed
[2026-08-17T09:59:21.270] [DEBUG] debug-file - Does not get target 'ddz'corresponding build option.
[2026-08-17T09:59:21.316] [DEBUG] debug-file - hvigorfile, begin to bind custom plugins...
[2026-08-17T09:59:21.270] [DEBUG] debug-file - Using preset build option 'debug'.
[2026-08-17T09:59:21.316] [DEBUG] debug-file - hvigorfile, no custom plugins were found in /Users/chenhan/Desktop/Git/RXSDK/RXSDK-Harmony-Native/rxsdk_wechat/hvigorfile.ts
[2026-08-17T09:59:21.270] [DEBUG] debug-file - Target 'wljxmj' config initialized
[2026-08-17T09:59:21.316] [DEBUG] debug-file - hvigorfile, resolve finished /Users/chenhan/Desktop/Git/RXSDK/RXSDK-Harmony-Native/rxsdk_wechat/hvigorfile.ts
[2026-08-17T09:59:21.270] [DEBUG] debug-file - Does not get target 'wljxmj'corresponding build option.
[2026-08-17T09:59:21.316] [DEBUG] debug-file - hvigorfile, resolving /Users/chenhan/Desktop/Git/RXSDK/RXSDK-Harmony-Native/rxsdk_openinstall/hvigorfile.ts
[2026-08-17T09:59:21.270] [DEBUG] debug-file - Using preset build option 'debug'.
[2026-08-17T09:59:21.317] [DEBUG] debug-file - hvigorfile, require result:  { default: { system: [Function: harTasks], plugins: [] } }
[2026-08-17T09:59:21.270] [DEBUG] debug-file - Target 'fish' config initialized
[2026-08-17T09:59:21.317] [DEBUG] debug-file - hvigorfile, binding system plugins [Function: harTasks]
[2026-08-17T09:59:21.270] [DEBUG] debug-file - Does not get target 'fish'corresponding build option.
[2026-08-17T09:59:21.317] [DEBUG] debug-file - Starting plugin build process
[2026-08-17T09:59:21.270] [DEBUG] debug-file - Using preset build option 'debug'.
[2026-08-17T09:59:21.317] [DEBUG] debug-file - Har plugin creating...
[2026-08-17T09:59:21.270] [DEBUG] debug-file - Target 'jymxpd' config initialized
[2026-08-17T09:59:21.317] [DEBUG] debug-file - failed to load cangjie to dynamically generate schemas: Error: Cannot find module '@ohos/cangjie-build-support/index'
Require stack:
- /Applications/DevEco-Studio.app/Contents/tools/hvigor/hvigor-ohos-plugin/src/plugin/hooks/cangjie-register.js
- /Applications/DevEco-Studio.app/Contents/tools/hvigor/hvigor-ohos-plugin/src/plugin/strategy/stage-init-strategy.js
- /Applications/DevEco-Studio.app/Contents/tools/hvigor/hvigor-ohos-plugin/src/plugin/builder/abstract-plugin-builder.js
- /Applications/DevEco-Studio.app/Contents/tools/hvigor/hvigor-ohos-plugin/src/plugin/builder/app-plugin-builder.js
- /Applications/DevEco-Studio.app/Contents/tools/hvigor/hvigor-ohos-plugin/src/plugin/factory/plugin-factory.js
- /Applications/DevEco-Studio.app/Contents/tools/hvigor/hvigor-ohos-plugin/index.js
- /Users/chenhan/Desktop/Git/RXSDK/RXSDK-Harmony-Native/hvigorfile.ts
- /Applications/DevEco-Studio.app/Contents/tools/hvigor/hvigor/src/base/internal/lifecycle/configuration.js
- /Applications/DevEco-Studio.app/Contents/tools/hvigor/hvigor/src/base/boot/index.js
- /Applications/DevEco-Studio.app/Contents/tools/hvigor/hvigor/src/cli/main/cli.js
- /Applications/DevEco-Studio.app/Contents/tools/hvigor/hvigor/bin/hvigor.js
[2026-08-17T09:59:21.270] [DEBUG] debug-file - Does not get target 'jymxpd'corresponding build option.
[2026-08-17T09:59:21.317] [DEBUG] debug-file - Start initialize module-target build option map, moduleName=rxsdk_openinstall, buildMode=debug
[2026-08-17T09:59:21.270] [DEBUG] debug-file - Using preset build option 'debug'.
[2026-08-17T09:59:21.317] [DEBUG] debug-file - Target 'default' config initialized
[2026-08-17T09:59:21.270] [DEBUG] debug-file - Target 'ohosTest' config initialized
[2026-08-17T09:59:21.317] [DEBUG] debug-file - Target 'ohosTest' config initialized
[2026-08-17T09:59:21.270] [DEBUG] debug-file - Module 'entry' target 'default' build option initialized
[2026-08-17T09:59:21.317] [DEBUG] debug-file - Module 'rxsdk_openinstall' target 'default' build option initialized
[2026-08-17T09:59:21.270] [DEBUG] debug-file - Module 'entry' target 'ddz' build option initialized
[2026-08-17T09:59:21.317] [DEBUG] debug-file - Module 'rxsdk_openinstall' target 'ohosTest' build option initialized
[2026-08-17T09:59:21.270] [DEBUG] debug-file - Module 'entry' target 'wljxmj' build option initialized
[2026-08-17T09:59:21.317] [DEBUG] debug-file - End initialize module-target build option map, moduleName=rxsdk_openinstall
[2026-08-17T09:59:21.270] [DEBUG] debug-file - Module 'entry' target 'fish' build option initialized
[2026-08-17T09:59:21.317] [DEBUG] debug-file - Start initialize module-target build option map, moduleName=rxsdk_openinstall, buildMode=release
[2026-08-17T09:59:21.270] [DEBUG] debug-file - Module 'entry' target 'jymxpd' build option initialized
[2026-08-17T09:59:21.317] [DEBUG] debug-file - Target 'default' config initialized
[2026-08-17T09:59:21.270] [DEBUG] debug-file - Module 'entry' target 'ohosTest' build option initialized
[2026-08-17T09:59:21.317] [DEBUG] debug-file - Target 'ohosTest' config initialized
[2026-08-17T09:59:21.270] [DEBUG] debug-file - End initialize module-target build option map, moduleName=entry
[2026-08-17T09:59:21.317] [DEBUG] debug-file - Module 'rxsdk_openinstall' target 'default' build option initialized
[2026-08-17T09:59:21.270] [DEBUG] debug-file - Start initialize module-target build option map, moduleName=entry, buildMode=release
[2026-08-17T09:59:21.317] [DEBUG] debug-file - Module 'rxsdk_openinstall' target 'ohosTest' build option initialized
[2026-08-17T09:59:21.270] [DEBUG] debug-file - Target 'default' config initialized
[2026-08-17T09:59:21.317] [DEBUG] debug-file - End initialize module-target build option map, moduleName=rxsdk_openinstall
[2026-08-17T09:59:21.270] [DEBUG] debug-file - Target 'ddz' config initialized
[2026-08-17T09:59:21.317] [DEBUG] debug-file - Start initialize module-target build option map, moduleName=rxsdk_openinstall, buildMode=debug
[2026-08-17T09:59:21.270] [DEBUG] debug-file - Does not get target 'ddz'corresponding build option.
[2026-08-17T09:59:21.317] [DEBUG] debug-file - Target 'default' config initialized
[2026-08-17T09:59:21.270] [DEBUG] debug-file - Using preset build option 'release'.
[2026-08-17T09:59:21.317] [DEBUG] debug-file - Target 'ohosTest' config initialized
[2026-08-17T09:59:21.270] [DEBUG] debug-file - Target 'wljxmj' config initialized
[2026-08-17T09:59:21.317] [DEBUG] debug-file - Module 'rxsdk_openinstall' target 'default' build option initialized
[2026-08-17T09:59:21.270] [DEBUG] debug-file - Does not get target 'wljxmj'corresponding build option.
[2026-08-17T09:59:21.317] [DEBUG] debug-file - Module 'rxsdk_openinstall' target 'ohosTest' build option initialized
[2026-08-17T09:59:21.270] [DEBUG] debug-file - Using preset build option 'release'.
[2026-08-17T09:59:21.317] [DEBUG] debug-file - End initialize module-target build option map, moduleName=rxsdk_openinstall
[2026-08-17T09:59:21.270] [DEBUG] debug-file - Target 'fish' config initialized
[2026-08-17T09:59:21.317] [DEBUG] debug-file - Start initialize module-target build option map, moduleName=rxsdk_openinstall, buildMode=release
[2026-08-17T09:59:21.270] [DEBUG] debug-file - Does not get target 'fish'corresponding build option.
[2026-08-17T09:59:21.317] [DEBUG] debug-file - Target 'default' config initialized
[2026-08-17T09:59:21.270] [DEBUG] debug-file - Using preset build option 'release'.
[2026-08-17T09:59:21.317] [DEBUG] debug-file - Target 'ohosTest' config initialized
[2026-08-17T09:59:21.270] [DEBUG] debug-file - Target 'jymxpd' config initialized
[2026-08-17T09:59:21.317] [DEBUG] debug-file - Module 'rxsdk_openinstall' target 'default' build option initialized
[2026-08-17T09:59:21.270] [DEBUG] debug-file - Does not get target 'jymxpd'corresponding build option.
[2026-08-17T09:59:21.317] [DEBUG] debug-file - Module 'rxsdk_openinstall' target 'ohosTest' build option initialized
[2026-08-17T09:59:21.270] [DEBUG] debug-file - Using preset build option 'release'.
[2026-08-17T09:59:21.317] [DEBUG] debug-file - End initialize module-target build option map, moduleName=rxsdk_openinstall
[2026-08-17T09:59:21.270] [DEBUG] debug-file - Target 'ohosTest' config initialized
[2026-08-17T09:59:21.317] [DEBUG] debug-file - Start initialize module-target build option map, moduleName=rxsdk_openinstall, buildMode=debug
[2026-08-17T09:59:21.270] [DEBUG] debug-file - Module 'entry' target 'default' build option initialized
[2026-08-17T09:59:21.317] [DEBUG] debug-file - Target 'default' config initialized
[2026-08-17T09:59:21.270] [DEBUG] debug-file - Module 'entry' target 'ddz' build option initialized
[2026-08-17T09:59:21.317] [DEBUG] debug-file - Target 'ohosTest' config initialized
[2026-08-17T09:59:21.270] [DEBUG] debug-file - Module 'entry' target 'wljxmj' build option initialized
[2026-08-17T09:59:21.317] [DEBUG] debug-file - Module 'rxsdk_openinstall' target 'default' build option initialized
[2026-08-17T09:59:21.270] [DEBUG] debug-file - Module 'entry' target 'fish' build option initialized
[2026-08-17T09:59:21.317] [DEBUG] debug-file - Module 'rxsdk_openinstall' target 'ohosTest' build option initialized
[2026-08-17T09:59:21.270] [DEBUG] debug-file - Module 'entry' target 'jymxpd' build option initialized
[2026-08-17T09:59:21.317] [DEBUG] debug-file - End initialize module-target build option map, moduleName=rxsdk_openinstall
[2026-08-17T09:59:21.270] [DEBUG] debug-file - Module 'entry' target 'ohosTest' build option initialized
[2026-08-17T09:59:21.317] [DEBUG] debug-file - Start initialize module-target build option map, moduleName=rxsdk_openinstall, buildMode=release
[2026-08-17T09:59:21.270] [DEBUG] debug-file - End initialize module-target build option map, moduleName=entry
[2026-08-17T09:59:21.317] [DEBUG] debug-file - Target 'default' config initialized
[2026-08-17T09:59:21.270] [DEBUG] debug-file - Start initialize module-target build option map, moduleName=entry, buildMode=debug
[2026-08-17T09:59:21.317] [DEBUG] debug-file - Target 'ohosTest' config initialized
[2026-08-17T09:59:21.270] [DEBUG] debug-file - Target 'default' config initialized
[2026-08-17T09:59:21.317] [DEBUG] debug-file - Module 'rxsdk_openinstall' target 'default' build option initialized
[2026-08-17T09:59:21.270] [DEBUG] debug-file - Target 'ddz' config initialized
[2026-08-17T09:59:21.317] [DEBUG] debug-file - Module 'rxsdk_openinstall' target 'ohosTest' build option initialized
[2026-08-17T09:59:21.270] [DEBUG] debug-file - Does not get target 'ddz'corresponding build option.
[2026-08-17T09:59:21.317] [DEBUG] debug-file - End initialize module-target build option map, moduleName=rxsdk_openinstall
[2026-08-17T09:59:21.270] [DEBUG] debug-file - Using preset build option 'debug'.
[2026-08-17T09:59:21.317] [DEBUG] debug-file - Start initialize module-target build option map, moduleName=rxsdk_openinstall, buildMode=debug
[2026-08-17T09:59:21.270] [DEBUG] debug-file - Target 'wljxmj' config initialized
[2026-08-17T09:59:21.317] [DEBUG] debug-file - Target 'default' config initialized
[2026-08-17T09:59:21.270] [DEBUG] debug-file - Does not get target 'wljxmj'corresponding build option.
[2026-08-17T09:59:21.317] [DEBUG] debug-file - Target 'ohosTest' config initialized
[2026-08-17T09:59:21.270] [DEBUG] debug-file - Using preset build option 'debug'.
[2026-08-17T09:59:21.318] [DEBUG] debug-file - Module 'rxsdk_openinstall' target 'default' build option initialized
[2026-08-17T09:59:21.270] [DEBUG] debug-file - Target 'fish' config initialized
[2026-08-17T09:59:21.318] [DEBUG] debug-file - Module 'rxsdk_openinstall' target 'ohosTest' build option initialized
[2026-08-17T09:59:21.270] [DEBUG] debug-file - Does not get target 'fish'corresponding build option.
[2026-08-17T09:59:21.318] [DEBUG] debug-file - End initialize module-target build option map, moduleName=rxsdk_openinstall
[2026-08-17T09:59:21.270] [DEBUG] debug-file - Using preset build option 'debug'.
[2026-08-17T09:59:21.318] [DEBUG] debug-file - Start initialize module-target build option map, moduleName=rxsdk_openinstall, buildMode=release
[2026-08-17T09:59:21.270] [DEBUG] debug-file - Target 'jymxpd' config initialized
[2026-08-17T09:59:21.318] [DEBUG] debug-file - Target 'default' config initialized
[2026-08-17T09:59:21.270] [DEBUG] debug-file - Does not get target 'jymxpd'corresponding build option.
[2026-08-17T09:59:21.318] [DEBUG] debug-file - Target 'ohosTest' config initialized
[2026-08-17T09:59:21.270] [DEBUG] debug-file - Using preset build option 'debug'.
[2026-08-17T09:59:21.318] [DEBUG] debug-file - Module 'rxsdk_openinstall' target 'default' build option initialized
[2026-08-17T09:59:21.270] [DEBUG] debug-file - Target 'ohosTest' config initialized
[2026-08-17T09:59:21.318] [DEBUG] debug-file - Module 'rxsdk_openinstall' target 'ohosTest' build option initialized
[2026-08-17T09:59:21.270] [DEBUG] debug-file - Module 'entry' target 'default' build option initialized
[2026-08-17T09:59:21.318] [DEBUG] debug-file - End initialize module-target build option map, moduleName=rxsdk_openinstall
[2026-08-17T09:59:21.270] [DEBUG] debug-file - Module 'entry' target 'ddz' build option initialized
[2026-08-17T09:59:21.318] [DEBUG] debug-file - Start initialize module-target build option map, moduleName=rxsdk_openinstall, buildMode=debug
[2026-08-17T09:59:21.270] [DEBUG] debug-file - Module 'entry' target 'wljxmj' build option initialized
[2026-08-17T09:59:21.318] [DEBUG] debug-file - Target 'default' config initialized
[2026-08-17T09:59:21.270] [DEBUG] debug-file - Module 'entry' target 'fish' build option initialized
[2026-08-17T09:59:21.318] [DEBUG] debug-file - Target 'ohosTest' config initialized
[2026-08-17T09:59:21.270] [DEBUG] debug-file - Module 'entry' target 'jymxpd' build option initialized
[2026-08-17T09:59:21.318] [DEBUG] debug-file - Module 'rxsdk_openinstall' target 'default' build option initialized
[2026-08-17T09:59:21.270] [DEBUG] debug-file - Module 'entry' target 'ohosTest' build option initialized
[2026-08-17T09:59:21.318] [DEBUG] debug-file - Module 'rxsdk_openinstall' target 'ohosTest' build option initialized
[2026-08-17T09:59:21.270] [DEBUG] debug-file - End initialize module-target build option map, moduleName=entry
[2026-08-17T09:59:21.318] [DEBUG] debug-file - End initialize module-target build option map, moduleName=rxsdk_openinstall
[2026-08-17T09:59:21.271] [DEBUG] debug-file - Start initialize module-target build option map, moduleName=entry, buildMode=release
[2026-08-17T09:59:21.318] [DEBUG] debug-file - Start initialize module-target build option map, moduleName=rxsdk_openinstall, buildMode=release
[2026-08-17T09:59:21.271] [DEBUG] debug-file - Target 'default' config initialized
[2026-08-17T09:59:21.318] [DEBUG] debug-file - Target 'default' config initialized
[2026-08-17T09:59:21.271] [DEBUG] debug-file - Target 'ddz' config initialized
[2026-08-17T09:59:21.318] [DEBUG] debug-file - Target 'ohosTest' config initialized
[2026-08-17T09:59:21.271] [DEBUG] debug-file - Does not get target 'ddz'corresponding build option.
[2026-08-17T09:59:21.318] [DEBUG] debug-file - Module 'rxsdk_openinstall' target 'default' build option initialized
[2026-08-17T09:59:21.271] [DEBUG] debug-file - Using preset build option 'release'.
[2026-08-17T09:59:21.318] [DEBUG] debug-file - Module 'rxsdk_openinstall' target 'ohosTest' build option initialized
[2026-08-17T09:59:21.271] [DEBUG] debug-file - Target 'wljxmj' config initialized
[2026-08-17T09:59:21.318] [DEBUG] debug-file - End initialize module-target build option map, moduleName=rxsdk_openinstall
[2026-08-17T09:59:21.271] [DEBUG] debug-file - Does not get target 'wljxmj'corresponding build option.
[2026-08-17T09:59:21.318] [DEBUG] debug-file - Start initialize module-target build option map, moduleName=rxsdk_openinstall, buildMode=debug
[2026-08-17T09:59:21.271] [DEBUG] debug-file - Using preset build option 'release'.
[2026-08-17T09:59:21.318] [DEBUG] debug-file - Target 'default' config initialized
[2026-08-17T09:59:21.271] [DEBUG] debug-file - Target 'fish' config initialized
[2026-08-17T09:59:21.318] [DEBUG] debug-file - Target 'ohosTest' config initialized
[2026-08-17T09:59:21.271] [DEBUG] debug-file - Does not get target 'fish'corresponding build option.
[2026-08-17T09:59:21.318] [DEBUG] debug-file - Module 'rxsdk_openinstall' target 'default' build option initialized
[2026-08-17T09:59:21.271] [DEBUG] debug-file - Using preset build option 'release'.
[2026-08-17T09:59:21.318] [DEBUG] debug-file - Module 'rxsdk_openinstall' target 'ohosTest' build option initialized
[2026-08-17T09:59:21.271] [DEBUG] debug-file - Target 'jymxpd' config initialized
[2026-08-17T09:59:21.318] [DEBUG] debug-file - End initialize module-target build option map, moduleName=rxsdk_openinstall
[2026-08-17T09:59:21.271] [DEBUG] debug-file - Does not get target 'jymxpd'corresponding build option.
[2026-08-17T09:59:21.318] [DEBUG] debug-file - Obtain build option for module 'rxsdk_openinstall' target 'default'in this build.
[2026-08-17T09:59:21.271] [DEBUG] debug-file - Using preset build option 'release'.
[2026-08-17T09:59:21.318] [DEBUG] debug-file - Module rxsdk_openinstall task initialization takes 1 ms 
[2026-08-17T09:59:21.271] [DEBUG] debug-file - Target 'ohosTest' config initialized
[2026-08-17T09:59:21.318] [DEBUG] debug-file - Har plugin register hook start...
[2026-08-17T09:59:21.271] [DEBUG] debug-file - Module 'entry' target 'default' build option initialized
[2026-08-17T09:59:21.318] [DEBUG] debug-file - Har plugin register hook end...
[2026-08-17T09:59:21.271] [DEBUG] debug-file - Module 'entry' target 'ddz' build option initialized
[2026-08-17T09:59:21.318] [DEBUG] debug-file - Plugin build process completed
[2026-08-17T09:59:21.271] [DEBUG] debug-file - Module 'entry' target 'wljxmj' build option initialized
[2026-08-17T09:59:21.318] [DEBUG] debug-file - hvigorfile, begin to bind custom plugins...
[2026-08-17T09:59:21.271] [DEBUG] debug-file - Module 'entry' target 'fish' build option initialized
[2026-08-17T09:59:21.318] [DEBUG] debug-file - hvigorfile, no custom plugins were found in /Users/chenhan/Desktop/Git/RXSDK/RXSDK-Harmony-Native/rxsdk_openinstall/hvigorfile.ts
[2026-08-17T09:59:21.271] [DEBUG] debug-file - Module 'entry' target 'jymxpd' build option initialized
[2026-08-17T09:59:21.318] [DEBUG] debug-file - hvigorfile, resolve finished /Users/chenhan/Desktop/Git/RXSDK/RXSDK-Harmony-Native/rxsdk_openinstall/hvigorfile.ts
[2026-08-17T09:59:21.271] [DEBUG] debug-file - Module 'entry' target 'ohosTest' build option initialized
[2026-08-17T09:59:21.318] [DEBUG] debug-file - project has submodules:entry,hmssdk,rxsdk_wechat,rxsdk_openinstall
[2026-08-17T09:59:21.271] [DEBUG] debug-file - End initialize module-target build option map, moduleName=entry
[2026-08-17T09:59:21.318] [DEBUG] debug-file - module:hmssdk no need to execute packageHap
[2026-08-17T09:59:21.271] [DEBUG] debug-file - Start initialize module-target build option map, moduleName=entry, buildMode=debug
[2026-08-17T09:59:21.318] [DEBUG] debug-file - module:rxsdk_wechat no need to execute packageHap
[2026-08-17T09:59:21.271] [DEBUG] debug-file - Target 'default' config initialized
[2026-08-17T09:59:21.318] [DEBUG] debug-file - module:rxsdk_openinstall no need to execute packageHap
[2026-08-17T09:59:21.271] [DEBUG] debug-file - Target 'ddz' config initialized
[2026-08-17T09:59:21.271] [DEBUG] debug-file - Does not get target 'ddz'corresponding build option.
[2026-08-17T09:59:21.271] [DEBUG] debug-file - Using preset build option 'debug'.
[2026-08-17T09:59:21.271] [DEBUG] debug-file - Target 'wljxmj' config initialized
[2026-08-17T09:59:21.271] [DEBUG] debug-file - Does not get target 'wljxmj'corresponding build option.
[2026-08-17T09:59:21.271] [DEBUG] debug-file - Using preset build option 'debug'.
[2026-08-17T09:59:21.271] [DEBUG] debug-file - Target 'fish' config initialized
[2026-08-17T09:59:21.271] [DEBUG] debug-file - Does not get target 'fish'corresponding build option.
[2026-08-17T09:59:21.271] [DEBUG] debug-file - Using preset build option 'debug'.
[2026-08-17T09:59:21.271] [DEBUG] debug-file - Target 'jymxpd' config initialized
[2026-08-17T09:59:21.271] [DEBUG] debug-file - Does not get target 'jymxpd'corresponding build option.
[2026-08-17T09:59:21.271] [DEBUG] debug-file - Using preset build option 'debug'.
[2026-08-17T09:59:21.271] [DEBUG] debug-file - Target 'ohosTest' config initialized
[2026-08-17T09:59:21.271] [DEBUG] debug-file - Module 'entry' target 'default' build option initialized
[2026-08-17T09:59:21.271] [DEBUG] debug-file - Module 'entry' target 'ddz' build option initialized
[2026-08-17T09:59:21.271] [DEBUG] debug-file - Module 'entry' target 'wljxmj' build option initialized
[2026-08-17T09:59:21.271] [DEBUG] debug-file - Module 'entry' target 'fish' build option initialized
[2026-08-17T09:59:21.271] [DEBUG] debug-file - Module 'entry' target 'jymxpd' build option initialized
[2026-08-17T09:59:21.271] [DEBUG] debug-file - Module 'entry' target 'ohosTest' build option initialized
[2026-08-17T09:59:21.271] [DEBUG] debug-file - End initialize module-target build option map, moduleName=entry
[2026-08-17T09:59:21.271] [DEBUG] debug-file - Obtain build option for module 'entry' target 'default'in this build.
[2026-08-17T09:59:21.273] [DEBUG] debug-file - Module entry task initialization takes 2 ms 
[2026-08-17T09:59:21.273] [DEBUG] debug-file - Hap plugin register hook start...
[2026-08-17T09:59:21.273] [DEBUG] debug-file - Hap plugin register hook end...
[2026-08-17T09:59:21.273] [DEBUG] debug-file - Plugin build process completed
[2026-08-17T09:59:21.273] [DEBUG] debug-file - hvigorfile, begin to bind custom plugins...
[2026-08-17T09:59:21.273] [DEBUG] debug-file - hvigorfile, no custom plugins were found in /Users/chenhan/Desktop/Git/RXSDK/RXSDK-Harmony-Native/entry/hvigorfile.ts
[2026-08-17T09:59:21.273] [DEBUG] debug-file - hvigorfile, resolve finished /Users/chenhan/Desktop/Git/RXSDK/RXSDK-Harmony-Native/entry/hvigorfile.ts
[2026-08-17T09:59:36.403] [DEBUG] debug-file - env: nodejsVersion=v22.23.1
[2026-08-17T09:59:36.499] [DEBUG] debug-file - Hvigor init with startParameters:{
  hvigorfileTypeCheck: false,
  parallelExecution: true,
  incrementalExecution: true,
  printStackTrace: false,
  daemon: false,
  analyze: 0,
  logLevel: Level { level: 20000, levelStr: 'INFO', colour: 'green' },
  optimizationStrategy: 'memory',
  hotCompile: undefined,
  hotReloadBuild: undefined,
  customizedParam: undefined
}
[2026-08-17T09:59:36.855] [DEBUG] debug-file - hvigorfile, require result:  { default: { system: [Function: appTasks], plugins: [] } }
[2026-08-17T09:59:36.856] [DEBUG] debug-file - Starting plugin build process
[2026-08-17T09:59:36.920] [DEBUG] debug-file - App plugin register hook start...
[2026-08-17T09:59:36.920] [DEBUG] debug-file - Start initialize project's product build option map with build mode release.
[2026-08-17T09:59:36.921] [DEBUG] debug-file - Obtain build option for product 'default'in this build.
[2026-08-17T09:59:36.927] [DEBUG] debug-file - Start recording SDK configuration permission data.
[2026-08-17T09:59:36.938] [DEBUG] debug-file - Project task initialization takes 2 ms 
[2026-08-17T09:59:36.954] [DEBUG] debug-file - failed to load cangjie to dynamically generate schemas: Error: Cannot find module '@ohos/cangjie-build-support/index'
Require stack:
- /Applications/DevEco-Studio.app/Contents/tools/hvigor/hvigor-ohos-plugin/src/plugin/hooks/cangjie-register.js
- /Applications/DevEco-Studio.app/Contents/tools/hvigor/hvigor-ohos-plugin/src/plugin/strategy/stage-init-strategy.js
- /Applications/DevEco-Studio.app/Contents/tools/hvigor/hvigor-ohos-plugin/src/plugin/builder/abstract-plugin-builder.js
- /Applications/DevEco-Studio.app/Contents/tools/hvigor/hvigor-ohos-plugin/src/plugin/builder/app-plugin-builder.js
- /Applications/DevEco-Studio.app/Contents/tools/hvigor/hvigor-ohos-plugin/src/plugin/factory/plugin-factory.js
- /Applications/DevEco-Studio.app/Contents/tools/hvigor/hvigor-ohos-plugin/index.js
- /Users/chenhan/Desktop/Git/RXSDK/RXSDK-Harmony-Native/hvigorfile.ts
- /Applications/DevEco-Studio.app/Contents/tools/hvigor/hvigor/src/base/internal/lifecycle/configuration.js
- /Applications/DevEco-Studio.app/Contents/tools/hvigor/hvigor/src/base/boot/index.js
- /Applications/DevEco-Studio.app/Contents/tools/hvigor/hvigor/src/cli/main/cli.js
- /Applications/DevEco-Studio.app/Contents/tools/hvigor/hvigor/bin/hvigor.js
[2026-08-17T09:59:36.957] [DEBUG] debug-file - Start initialize module-target build option map, moduleName=entry, buildMode=debug
[2026-08-17T09:59:36.987] [DEBUG] debug-file - hvigorfile, resolving /Users/chenhan/Desktop/Git/RXSDK/RXSDK-Harmony-Native/HmsSdk/hvigorfile.ts
[2026-08-17T09:59:37.007] [DEBUG] debug-file - start to load updatedOhPackageInfo to the disk
[2026-08-17T09:59:37.008] [DEBUG] debug-file - Start to initialize dependency information.
[2026-08-17T09:59:37.017] [DEBUG] debug-file - Executing task :hmssdk:default@PreBuild
[2026-08-17T09:59:36.404] [DEBUG] debug-file - env: hvigor-config.json5 content = {
  modelVersion: '5.0.0',
  dependencies: {},
  execution: {},
  logging: {},
  debugging: {}
}
[2026-08-17T09:59:36.499] [DEBUG] debug-file - Cache service initialization finished in 1 ms 
[2026-08-17T09:59:36.855] [DEBUG] debug-file - hvigorfile, binding system plugins [Function: appTasks]
[2026-08-17T09:59:36.856] [DEBUG] debug-file - App plugin prepare start...
[2026-08-17T09:59:36.920] [DEBUG] debug-file - App plugin register hook end...
[2026-08-17T09:59:36.920] [DEBUG] debug-file - Picking option from product 'default' with build mode 'release'.
[2026-08-17T09:59:36.925] [DEBUG] debug-file - /Users/chenhan/Desktop/Git/RXSDK/RXSDK-Harmony-Native/build/cache/default/remote_hsp/remoteHspCache.json not exists.
[2026-08-17T09:59:36.936] [DEBUG] debug-file - Sdk init in 12 ms 
[2026-08-17T09:59:36.938] [DEBUG] debug-file - hvigorfile, begin to bind custom plugins...
[2026-08-17T09:59:36.957] [DEBUG] debug-file - Target 'default' config initialized
[2026-08-17T09:59:36.988] [DEBUG] debug-file - hvigorfile, require result:  { default: { system: [Function: harTasks], plugins: [] } }
[2026-08-17T09:59:37.007] [DEBUG] debug-file - load to the disk finished
[2026-08-17T09:59:37.012] [DEBUG] debug-file - Module entry Collected Dependency: /Users/chenhan/Desktop/Git/RXSDK/RXSDK-Harmony-Native/HmsSdk,/Users/chenhan/Desktop/Git/RXSDK/RXSDK-Harmony-Native/rxsdk_wechat,/Users/chenhan/Desktop/Git/RXSDK/RXSDK-Harmony-Native/rxsdk_openinstall,/Users/chenhan/Desktop/Git/RXSDK/RXSDK-Harmony-Native/oh_modules/.ohpm/pako@2.1.0/oh_modules/pako,/Users/chenhan/Desktop/Git/RXSDK/RXSDK-Harmony-Native/oh_modules/.ohpm/@tencent+wechat_open_sdk@1.0.16/oh_modules/@tencent/wechat_open_sdk,/Users/chenhan/Desktop/Git/RXSDK/RXSDK-Harmony-Native/oh_modules/.ohpm/@openinstall+sdk@2.2.1/oh_modules/@openinstall/sdk
[2026-08-17T09:59:37.021] [DEBUG] debug-file - Task 'hmssdk:default@PreBuild' cost while wrapping incremental declarations: 1 ms 
[2026-08-17T09:59:36.404] [DEBUG] debug-file - env: daemon=false
[2026-08-17T09:59:36.500] [DEBUG] debug-file - hvigorfile, resolving /Users/chenhan/Desktop/Git/RXSDK/RXSDK-Harmony-Native/hvigorfile.ts
[2026-08-17T09:59:36.856] [DEBUG] debug-file - App plugin prepare end...
[2026-08-17T09:59:36.920] [DEBUG] debug-file - Plugin build process completed
[2026-08-17T09:59:36.920] [DEBUG] debug-file - Product 'default' build option initialized
[2026-08-17T09:59:36.925] [DEBUG] debug-file - Local scan or download HarmonyOS sdk components toolchains,ets,js,native,previewer
[2026-08-17T09:59:36.938] [DEBUG] debug-file - hvigorfile, no custom plugins were found in /Users/chenhan/Desktop/Git/RXSDK/RXSDK-Harmony-Native/hvigorfile.ts
[2026-08-17T09:59:36.957] [DEBUG] debug-file - Target 'ddz' config initialized
[2026-08-17T09:59:36.989] [DEBUG] debug-file - hvigorfile, binding system plugins [Function: harTasks]
[2026-08-17T09:59:37.007] [DEBUG] debug-file - Start to initialize dependency information.
[2026-08-17T09:59:37.012] [DEBUG] debug-file - Module entry's total dependency: 6
[2026-08-17T09:59:37.035] [DEBUG] debug-file - current product is not Atomic service.
[2026-08-17T09:59:36.404] [DEBUG] debug-file - no-daemon, use the parent process.execArgv --max-old-space-size=8192,--max-semi-space-size=16,--expose-gc
[2026-08-17T09:59:36.856] [DEBUG] debug-file - App plugin creating...
[2026-08-17T09:59:36.920] [DEBUG] debug-file - Picking option from product 'ddz' with build mode 'release'.
[2026-08-17T09:59:36.926] [DEBUG] debug-file - Local scan or download hmscore sdk components toolchains,ets,native
[2026-08-17T09:59:36.938] [DEBUG] debug-file - hvigorfile, resolve finished /Users/chenhan/Desktop/Git/RXSDK/RXSDK-Harmony-Native/hvigorfile.ts
[2026-08-17T09:59:36.957] [DEBUG] debug-file - Does not get target 'ddz'corresponding build option.
[2026-08-17T09:59:36.989] [DEBUG] debug-file - Starting plugin build process
[2026-08-17T09:59:37.008] [DEBUG] debug-file - Module RXSDK-Harmony-Native Collected Dependency: 
[2026-08-17T09:59:37.013] [DEBUG] debug-file - Start to initialize dependency information.
[2026-08-17T09:59:37.035] [DEBUG] debug-file - Use tool [darwin: JAVA_HOME, CLASSPATH]
 [
  { JAVA_HOME: '/opt/homebrew/opt/openjdk@21' },
  { CLASSPATH: undefined }
]
[2026-08-17T09:59:37.041] [DEBUG] debug-file - Executing task :hmssdk:default@ProcessOHPackageJson
[2026-08-17T09:59:37.042] [DEBUG] debug-file - Executing task :hmssdk:default@CreateHarBuildProfile
[2026-08-17T09:59:37.048] [DEBUG] debug-file - Executing task :hmssdk:default@ProcessIntegratedHsp
[2026-08-17T09:59:37.049] [DEBUG] debug-file - Executing task :hmssdk:default@BuildNativeWithCmake
[2026-08-17T09:59:37.050] [DEBUG] debug-file - Executing task :hmssdk:default@ProcessProfile
[2026-08-17T09:59:37.049] [DEBUG] debug-file - Executing task :hmssdk:default@ProcessModulePrivacyProfile
[2026-08-17T09:59:37.046] [DEBUG] debug-file - Executing task :hmssdk:default@GeneratePkgContextInfo
[2026-08-17T09:59:37.091] [DEBUG] debug-file - 24.0.0.0
[2026-08-17T09:59:37.092] [DEBUG] debug-file - Executing task :hmssdk:default@ProcessRouterMap
[2026-08-17T09:59:37.095] [DEBUG] debug-file - Executing task :hmssdk:default@BuildNativeWithNinja
[2026-08-17T09:59:37.094] [DEBUG] debug-file - Executing task :hmssdk:default@ProcessStartupConfig
[2026-08-17T09:59:37.093] [DEBUG] debug-file - Executing task :hmssdk:default@ProcessShareConfig
[2026-08-17T09:59:37.098] [DEBUG] debug-file - Executing task :hmssdk:default@GenerateLoaderJson
[2026-08-17T09:59:37.097] [DEBUG] debug-file - Executing task :hmssdk:default@ProcessResource
[2026-08-17T09:59:37.109] [DEBUG] debug-file - Executing task :hmssdk:default@ProcessLibs
[2026-08-17T09:59:37.112] [DEBUG] debug-file - Executing task :hmssdk:default@CompileResource
[2026-08-17T09:59:36.920] [DEBUG] debug-file - Product 'ddz' build option initialized
[2026-08-17T09:59:36.938] [DEBUG] debug-file - hvigorfile, resolving /Users/chenhan/Desktop/Git/RXSDK/RXSDK-Harmony-Native/entry/hvigorfile.ts
[2026-08-17T09:59:36.957] [DEBUG] debug-file - Using preset build option 'debug'.
[2026-08-17T09:59:36.989] [DEBUG] debug-file - Har plugin creating...
[2026-08-17T09:59:37.008] [DEBUG] debug-file - Module RXSDK-Harmony-Native's total dependency: 0
[2026-08-17T09:59:37.013] [DEBUG] debug-file - Module hmssdk Collected Dependency: /Users/chenhan/Desktop/Git/RXSDK/RXSDK-Harmony-Native/oh_modules/.ohpm/pako@2.1.0/oh_modules/pako,/Users/chenhan/Desktop/Git/RXSDK/RXSDK-Harmony-Native/oh_modules/.ohpm/@tencent+wechat_open_sdk@1.0.16/oh_modules/@tencent/wechat_open_sdk
[2026-08-17T09:59:37.035] [DEBUG] debug-file - Use tool [darwin: NODE_HOME]
 [ { NODE_HOME: undefined } ]
[2026-08-17T09:59:37.041] [DEBUG] debug-file - jsonObjWithoutAtModule {"name":"hmssdk","version":"4.0.0","description":"ruixue sdk for openharmony.","author":"roc lee","license":"Apache-2.0","dependencies":{"pako":"^2.1.0","@tencent/wechat_open_sdk":"^1.0.16"},"devDependencies":{"@types/pako":"^2.0.0"},"dynamicDependencies":{},"types":"Index.d.ets","artifactType":"obfuscation","metadata":{"byteCodeHar":true}}
[2026-08-17T09:59:37.042] [DEBUG] debug-file - Task 'hmssdk:default@CreateHarBuildProfile' cost while wrapping incremental declarations: 1 ms 
[2026-08-17T09:59:37.048] [DEBUG] debug-file - hmssdk : default@ProcessIntegratedHsp cost memory 0.039215087890625
[2026-08-17T09:59:37.114] [DEBUG] debug-file - current process  memoryUsage: {
  rss: 276119552,
  heapTotal: 173916160,
  heapUsed: 145775192,
  external: 3931557,
  arrayBuffers: 183290
} os memoryUsage :62.01835632324219
[2026-08-17T09:59:37.050] [DEBUG] debug-file - Task 'hmssdk:default@ProcessProfile' cost while wrapping incremental declarations: 1 ms 
[2026-08-17T09:59:37.049] [DEBUG] debug-file - hmssdk : default@ProcessModulePrivacyProfile cost memory 0.0318756103515625
[2026-08-17T09:59:37.049] [DEBUG] debug-file - hmssdk : default@BuildNativeWithCmake cost memory 0.0242156982421875
[2026-08-17T09:59:37.047] [DEBUG] debug-file - Task 'hmssdk:default@GeneratePkgContextInfo' cost while wrapping incremental declarations: 1 ms 
[2026-08-17T09:59:37.095] [DEBUG] debug-file - hmssdk : default@BuildNativeWithNinja cost memory 0.025970458984375
[2026-08-17T09:59:37.094] [DEBUG] debug-file - Task 'hmssdk:default@ProcessStartupConfig' cost while wrapping incremental declarations: 1 ms 
[2026-08-17T09:59:37.093] [DEBUG] debug-file - hmssdk : default@ProcessShareConfig cost memory 0.08571624755859375
[2026-08-17T09:59:37.091] [DEBUG] debug-file - No need to add fake ui ability because of in HAR module.
[2026-08-17T09:59:37.097] [DEBUG] debug-file - Task 'hmssdk:default@ProcessResource' cost while wrapping incremental declarations: 1 ms 
[2026-08-17T09:59:37.093] [DEBUG] debug-file - hmssdk : default@ProcessRouterMap cost memory 0.11788177490234375
[2026-08-17T09:59:37.111] [DEBUG] debug-file - Worker dispatch failed, running processLibs on main thread.
[2026-08-17T09:59:37.113] [DEBUG] debug-file - Use tool [/Applications/DevEco-Studio.app/Contents/sdk/default/openharmony/toolchains/restool]
 [
  '/Applications/DevEco-Studio.app/Contents/sdk/default/openharmony/toolchains/restool',
  '-l',
  '/Users/chenhan/Desktop/Git/RXSDK/RXSDK-Harmony-Native/HmsSdk/build/default/intermediates/res/default/resConfig.json'
]
[2026-08-17T09:59:36.920] [DEBUG] debug-file - Picking option from product 'wljxmj' with build mode 'release'.
[2026-08-17T09:59:36.957] [DEBUG] debug-file - Target 'wljxmj' config initialized
[2026-08-17T09:59:36.953] [DEBUG] debug-file - hvigorfile, require result:  { default: { system: [Function: hapTasks], plugins: [] } }
[2026-08-17T09:59:36.989] [DEBUG] debug-file - failed to load cangjie to dynamically generate schemas: Error: Cannot find module '@ohos/cangjie-build-support/index'
Require stack:
- /Applications/DevEco-Studio.app/Contents/tools/hvigor/hvigor-ohos-plugin/src/plugin/hooks/cangjie-register.js
- /Applications/DevEco-Studio.app/Contents/tools/hvigor/hvigor-ohos-plugin/src/plugin/strategy/stage-init-strategy.js
- /Applications/DevEco-Studio.app/Contents/tools/hvigor/hvigor-ohos-plugin/src/plugin/builder/abstract-plugin-builder.js
- /Applications/DevEco-Studio.app/Contents/tools/hvigor/hvigor-ohos-plugin/src/plugin/builder/app-plugin-builder.js
- /Applications/DevEco-Studio.app/Contents/tools/hvigor/hvigor-ohos-plugin/src/plugin/factory/plugin-factory.js
- /Applications/DevEco-Studio.app/Contents/tools/hvigor/hvigor-ohos-plugin/index.js
- /Users/chenhan/Desktop/Git/RXSDK/RXSDK-Harmony-Native/hvigorfile.ts
- /Applications/DevEco-Studio.app/Contents/tools/hvigor/hvigor/src/base/internal/lifecycle/configuration.js
- /Applications/DevEco-Studio.app/Contents/tools/hvigor/hvigor/src/base/boot/index.js
- /Applications/DevEco-Studio.app/Contents/tools/hvigor/hvigor/src/cli/main/cli.js
- /Applications/DevEco-Studio.app/Contents/tools/hvigor/hvigor/bin/hvigor.js
[2026-08-17T09:59:37.099] [DEBUG] debug-file - Task 'hmssdk:default@GenerateLoaderJson' cost while wrapping incremental declarations: 1 ms 
[2026-08-17T09:59:37.013] [DEBUG] debug-file - Module hmssdk's total dependency: 2
[2026-08-17T09:59:37.040] [DEBUG] debug-file - hmssdk : default@PreBuild cost memory -8.581565856933594
[2026-08-17T09:59:37.041] [DEBUG] debug-file - hmssdk : default@ProcessOHPackageJson cost memory 0.04521942138671875
[2026-08-17T09:59:37.042] [DEBUG] debug-file - hmssdk : default@CreateHarBuildProfile cost memory 0.06716156005859375
[2026-08-17T09:59:37.049] [DEBUG] debug-file - runTaskFromQueue task cost before running: 555 ms 
[2026-08-17T09:59:37.048] [DEBUG] debug-file - runTaskFromQueue task cost before running: 554 ms 
[2026-08-17T09:59:37.051] [DEBUG] debug-file - [
  '/Users/chenhan/.hermes/node/bin/node',
  '/Applications/DevEco-Studio.app/Contents/sdk/default/openharmony/ets/build-tools/ets-loader/bin/ark/ts2abc.js',
  '--target-api-version',
  '24'
]
[2026-08-17T09:59:37.049] [DEBUG] debug-file - runTaskFromQueue task cost before running: 555 ms 
[2026-08-17T09:59:37.047] [DEBUG] debug-file - hmssdk : default@GeneratePkgContextInfo cost memory 0.3526611328125
[2026-08-17T09:59:37.095] [DEBUG] debug-file - runTaskFromQueue task cost before running: 600 ms 
[2026-08-17T09:59:37.093] [DEBUG] debug-file - runTaskFromQueue task cost before running: 599 ms 
[2026-08-17T09:59:37.094] [DEBUG] debug-file - hmssdk : default@ProcessStartupConfig cost memory 0.1210479736328125
[2026-08-17T09:59:37.111] [DEBUG] debug-file - hmssdk : default@ProcessLibs cost memory 0.362884521484375
[2026-08-17T09:59:37.091] [DEBUG] debug-file - hmssdk : default@ProcessProfile cost memory 0.38295745849609375
[2026-08-17T09:59:37.097] [DEBUG] debug-file - hmssdk : default@ProcessResource cost memory 0.10866546630859375
[2026-08-17T09:59:37.093] [DEBUG] debug-file - runTaskFromQueue task cost before running: 598 ms 
[2026-08-17T09:59:36.920] [DEBUG] debug-file - Product 'wljxmj' build option initialized
[2026-08-17T09:59:36.953] [DEBUG] debug-file - hvigorfile, binding system plugins [Function: hapTasks]
[2026-08-17T09:59:36.999] [DEBUG] debug-file - Start initialize module-target build option map, moduleName=hmssdk, buildMode=debug
[2026-08-17T09:59:37.108] [DEBUG] debug-file - hmssdk : default@GenerateLoaderJson cost memory 1.0207977294921875
[2026-08-17T09:59:37.014] [DEBUG] debug-file - Start to initialize dependency information.
[2026-08-17T09:59:37.040] [DEBUG] debug-file - runTaskFromQueue task cost before running: 545 ms 
[2026-08-17T09:59:37.041] [DEBUG] debug-file - runTaskFromQueue task cost before running: 547 ms 
[2026-08-17T09:59:36.957] [DEBUG] debug-file - Does not get target 'wljxmj'corresponding build option.
[2026-08-17T09:59:37.042] [DEBUG] debug-file - runTaskFromQueue task cost before running: 548 ms 
[2026-08-17T09:59:37.049] [INFO] debug-file - Finished :hmssdk:default@ProcessModulePrivacyProfile... after 1 ms 
[2026-08-17T09:59:37.048] [INFO] debug-file - Finished :hmssdk:default@ProcessIntegratedHsp... after 1 ms 
[2026-08-17T09:59:37.049] [INFO] debug-file - Finished :hmssdk:default@BuildNativeWithCmake... after 1 ms 
[2026-08-17T09:59:37.095] [INFO] debug-file - Finished :hmssdk:default@BuildNativeWithNinja... after 1 ms 
[2026-08-17T09:59:37.093] [INFO] debug-file - Finished :hmssdk:default@ProcessShareConfig... after 1 ms 
[2026-08-17T09:59:37.047] [DEBUG] debug-file - runTaskFromQueue task cost before running: 553 ms 
[2026-08-17T09:59:37.111] [DEBUG] debug-file - runTaskFromQueue task cost before running: 617 ms 
[2026-08-17T09:59:37.091] [DEBUG] debug-file - runTaskFromQueue task cost before running: 597 ms 
[2026-08-17T09:59:37.094] [DEBUG] debug-file - runTaskFromQueue task cost before running: 600 ms 
[2026-08-17T09:59:37.097] [DEBUG] debug-file - runTaskFromQueue task cost before running: 603 ms 
[2026-08-17T09:59:37.093] [INFO] debug-file - Finished :hmssdk:default@ProcessRouterMap... after 1 ms 
[2026-08-17T09:59:36.920] [DEBUG] debug-file - Picking option from product 'fish' with build mode 'release'.
[2026-08-17T09:59:36.953] [DEBUG] debug-file - Starting plugin build process
[2026-08-17T09:59:37.108] [DEBUG] debug-file - runTaskFromQueue task cost before running: 614 ms 
[2026-08-17T09:59:37.014] [DEBUG] debug-file - Module rxsdk_wechat Collected Dependency: /Users/chenhan/Desktop/Git/RXSDK/RXSDK-Harmony-Native/HmsSdk,/Users/chenhan/Desktop/Git/RXSDK/RXSDK-Harmony-Native/oh_modules/.ohpm/@tencent+wechat_open_sdk@1.0.16/oh_modules/@tencent/wechat_open_sdk,/Users/chenhan/Desktop/Git/RXSDK/RXSDK-Harmony-Native/oh_modules/.ohpm/pako@2.1.0/oh_modules/pako
[2026-08-17T09:59:36.999] [DEBUG] debug-file - Target 'default' config initialized
[2026-08-17T09:59:36.957] [DEBUG] debug-file - Using preset build option 'debug'.
[2026-08-17T09:59:37.040] [INFO] debug-file - Finished :hmssdk:default@PreBuild... after 23 ms 
[2026-08-17T09:59:37.042] [INFO] debug-file - Finished :hmssdk:default@CreateHarBuildProfile... after 1 ms 
[2026-08-17T09:59:37.095] [DEBUG] debug-file - restool module names: hmssdk,entry,rxsdk_wechat,rxsdk_openinstall; moduleName=hmssdk, taskName=default@ProcessResource
[2026-08-17T09:59:37.048] [INFO] debug-file - Finished :hmssdk:default@GeneratePkgContextInfo... after 2 ms 
[2026-08-17T09:59:37.111] [INFO] debug-file - Finished :hmssdk:default@ProcessLibs... after 3 ms 
[2026-08-17T09:59:37.042] [INFO] debug-file - Finished :hmssdk:default@ProcessOHPackageJson... after 1 ms 
[2026-08-17T09:59:37.091] [INFO] debug-file - Finished :hmssdk:default@ProcessProfile... after 42 ms 
[2026-08-17T09:59:37.094] [INFO] debug-file - Finished :hmssdk:default@ProcessStartupConfig... after 1 ms 
[2026-08-17T09:59:37.097] [INFO] debug-file - Finished :hmssdk:default@ProcessResource... after 1 ms 
[2026-08-17T09:59:36.920] [DEBUG] debug-file - Product 'fish' build option initialized
[2026-08-17T09:59:36.953] [DEBUG] debug-file - Hap plugin creating...
[2026-08-17T09:59:37.109] [INFO] debug-file - Finished :hmssdk:default@GenerateLoaderJson... after 11 ms 
[2026-08-17T09:59:37.014] [DEBUG] debug-file - Module rxsdk_wechat's total dependency: 3
[2026-08-17T09:59:36.999] [DEBUG] debug-file - Module 'hmssdk' target 'default' build option initialized
[2026-08-17T09:59:36.957] [DEBUG] debug-file - Target 'fish' config initialized
[2026-08-17T09:59:37.042] [DEBUG] debug-file - Executing task :hmssdk:default@CreateHarModuleInfo
[2026-08-17T09:59:37.111] [DEBUG] debug-file - restool module names: hmssdk,entry,rxsdk_wechat,rxsdk_openinstall; moduleName=hmssdk, taskName=default@CompileResource
[2026-08-17T09:59:36.920] [DEBUG] debug-file - Picking option from product 'jymxpd' with build mode 'release'.
[2026-08-17T09:59:37.014] [DEBUG] debug-file - Start to initialize dependency information.
[2026-08-17T09:59:36.999] [DEBUG] debug-file - End initialize module-target build option map, moduleName=hmssdk
[2026-08-17T09:59:36.957] [DEBUG] debug-file - Does not get target 'fish'corresponding build option.
[2026-08-17T09:59:37.042] [DEBUG] debug-file - Task 'hmssdk:default@CreateHarModuleInfo' cost while wrapping incremental declarations: 1 ms 
[2026-08-17T09:59:36.920] [DEBUG] debug-file - Product 'jymxpd' build option initialized
[2026-08-17T09:59:37.014] [DEBUG] debug-file - Module rxsdk_openinstall Collected Dependency: /Users/chenhan/Desktop/Git/RXSDK/RXSDK-Harmony-Native/HmsSdk,/Users/chenhan/Desktop/Git/RXSDK/RXSDK-Harmony-Native/oh_modules/.ohpm/@openinstall+sdk@2.2.1/oh_modules/@openinstall/sdk,/Users/chenhan/Desktop/Git/RXSDK/RXSDK-Harmony-Native/oh_modules/.ohpm/pako@2.1.0/oh_modules/pako,/Users/chenhan/Desktop/Git/RXSDK/RXSDK-Harmony-Native/oh_modules/.ohpm/@tencent+wechat_open_sdk@1.0.16/oh_modules/@tencent/wechat_open_sdk
[2026-08-17T09:59:36.999] [DEBUG] debug-file - Start initialize module-target build option map, moduleName=hmssdk, buildMode=release
[2026-08-17T09:59:36.957] [DEBUG] debug-file - Using preset build option 'debug'.
[2026-08-17T09:59:37.043] [DEBUG] debug-file - hmssdk : default@CreateHarModuleInfo cost memory 0.04959869384765625
[2026-08-17T09:59:36.920] [DEBUG] debug-file - End initialize project's product build option map with build mode 'release'.
[2026-08-17T09:59:37.014] [DEBUG] debug-file - Module rxsdk_openinstall's total dependency: 4
[2026-08-17T09:59:36.999] [DEBUG] debug-file - Target 'default' config initialized
[2026-08-17T09:59:36.957] [DEBUG] debug-file - Target 'jymxpd' config initialized
[2026-08-17T09:59:37.043] [DEBUG] debug-file - runTaskFromQueue task cost before running: 548 ms 
[2026-08-17T09:59:37.014] [DEBUG] debug-file - Configuration phase cost:515 ms 
[2026-08-17T09:59:36.999] [DEBUG] debug-file - Module 'hmssdk' target 'default' build option initialized
[2026-08-17T09:59:36.957] [DEBUG] debug-file - Does not get target 'jymxpd'corresponding build option.
[2026-08-17T09:59:37.043] [INFO] debug-file - Finished :hmssdk:default@CreateHarModuleInfo... after 1 ms 
[2026-08-17T09:59:37.016] [DEBUG] debug-file - Configuration task cost before running: 521 ms 
[2026-08-17T09:59:36.999] [DEBUG] debug-file - End initialize module-target build option map, moduleName=hmssdk
[2026-08-17T09:59:36.957] [DEBUG] debug-file - Using preset build option 'debug'.
[2026-08-17T09:59:37.043] [DEBUG] debug-file - Executing task :hmssdk:default@ConfigureCmake
[2026-08-17T09:59:36.999] [DEBUG] debug-file - Start initialize module-target build option map, moduleName=hmssdk, buildMode=debug
[2026-08-17T09:59:36.957] [DEBUG] debug-file - Target 'ohosTest' config initialized
[2026-08-17T09:59:37.043] [DEBUG] debug-file - hmssdk : default@ConfigureCmake cost memory 0.023651123046875
[2026-08-17T09:59:36.999] [DEBUG] debug-file - Target 'default' config initialized
[2026-08-17T09:59:36.958] [DEBUG] debug-file - Module 'entry' target 'default' build option initialized
[2026-08-17T09:59:37.043] [DEBUG] debug-file - runTaskFromQueue task cost before running: 549 ms 
[2026-08-17T09:59:36.999] [DEBUG] debug-file - Module 'hmssdk' target 'default' build option initialized
[2026-08-17T09:59:36.958] [DEBUG] debug-file - Module 'entry' target 'ddz' build option initialized
[2026-08-17T09:59:37.043] [INFO] debug-file - Finished :hmssdk:default@ConfigureCmake... after 1 ms 
[2026-08-17T09:59:36.999] [DEBUG] debug-file - End initialize module-target build option map, moduleName=hmssdk
[2026-08-17T09:59:36.958] [DEBUG] debug-file - Module 'entry' target 'wljxmj' build option initialized
[2026-08-17T09:59:37.043] [DEBUG] debug-file - Executing task :hmssdk:default@MergeProfile
[2026-08-17T09:59:36.999] [DEBUG] debug-file - Start initialize module-target build option map, moduleName=hmssdk, buildMode=release
[2026-08-17T09:59:36.958] [DEBUG] debug-file - Module 'entry' target 'fish' build option initialized
[2026-08-17T09:59:37.043] [DEBUG] debug-file - Task 'hmssdk:default@MergeProfile' cost while wrapping incremental declarations: 1 ms 
[2026-08-17T09:59:36.999] [DEBUG] debug-file - Target 'default' config initialized
[2026-08-17T09:59:37.044] [DEBUG] debug-file - Change app bundleName with 'c***k'.
[2026-08-17T09:59:36.958] [DEBUG] debug-file - Module 'entry' target 'jymxpd' build option initialized
[2026-08-17T09:59:36.999] [DEBUG] debug-file - Module 'hmssdk' target 'default' build option initialized
[2026-08-17T09:59:37.044] [DEBUG] debug-file - Change app api release type with 'Release'
[2026-08-17T09:59:36.958] [DEBUG] debug-file - Module 'entry' target 'ohosTest' build option initialized
[2026-08-17T09:59:36.999] [DEBUG] debug-file - End initialize module-target build option map, moduleName=hmssdk
[2026-08-17T09:59:37.044] [DEBUG] debug-file - Change app compile API version with '6.1.1.125'
[2026-08-17T09:59:36.999] [DEBUG] debug-file - Start initialize module-target build option map, moduleName=hmssdk, buildMode=debug
[2026-08-17T09:59:36.958] [DEBUG] debug-file - End initialize module-target build option map, moduleName=entry
[2026-08-17T09:59:37.044] [DEBUG] debug-file - Change app target API version with '60101024'
[2026-08-17T09:59:36.999] [DEBUG] debug-file - Target 'default' config initialized
[2026-08-17T09:59:36.958] [DEBUG] debug-file - Start initialize module-target build option map, moduleName=entry, buildMode=release
[2026-08-17T09:59:37.044] [DEBUG] debug-file - Change app minimum API version with '60101024'
[2026-08-17T09:59:36.958] [DEBUG] debug-file - Target 'default' config initialized
[2026-08-17T09:59:36.999] [DEBUG] debug-file - Module 'hmssdk' target 'default' build option initialized
[2026-08-17T09:59:37.044] [DEBUG] debug-file - Use cli appEnvironment
[2026-08-17T09:59:36.958] [DEBUG] debug-file - Target 'ddz' config initialized
[2026-08-17T09:59:36.999] [DEBUG] debug-file - End initialize module-target build option map, moduleName=hmssdk
[2026-08-17T09:59:37.045] [DEBUG] debug-file - hmssdk : default@MergeProfile cost memory 0.26839447021484375
[2026-08-17T09:59:36.958] [DEBUG] debug-file - Does not get target 'ddz'corresponding build option.
[2026-08-17T09:59:36.999] [DEBUG] debug-file - Start initialize module-target build option map, moduleName=hmssdk, buildMode=release
[2026-08-17T09:59:37.045] [DEBUG] debug-file - runTaskFromQueue task cost before running: 551 ms 
[2026-08-17T09:59:36.958] [DEBUG] debug-file - Using preset build option 'release'.
[2026-08-17T09:59:36.999] [DEBUG] debug-file - Target 'default' config initialized
[2026-08-17T09:59:37.045] [INFO] debug-file - Finished :hmssdk:default@MergeProfile... after 2 ms 
[2026-08-17T09:59:36.958] [DEBUG] debug-file - Target 'wljxmj' config initialized
[2026-08-17T09:59:36.999] [DEBUG] debug-file - Module 'hmssdk' target 'default' build option initialized
[2026-08-17T09:59:36.958] [DEBUG] debug-file - Does not get target 'wljxmj'corresponding build option.
[2026-08-17T09:59:36.999] [DEBUG] debug-file - End initialize module-target build option map, moduleName=hmssdk
[2026-08-17T09:59:36.958] [DEBUG] debug-file - Using preset build option 'release'.
[2026-08-17T09:59:36.999] [DEBUG] debug-file - Start initialize module-target build option map, moduleName=hmssdk, buildMode=debug
[2026-08-17T09:59:36.958] [DEBUG] debug-file - Target 'fish' config initialized
[2026-08-17T09:59:36.999] [DEBUG] debug-file - Target 'default' config initialized
[2026-08-17T09:59:36.958] [DEBUG] debug-file - Does not get target 'fish'corresponding build option.
[2026-08-17T09:59:36.999] [DEBUG] debug-file - Module 'hmssdk' target 'default' build option initialized
[2026-08-17T09:59:36.958] [DEBUG] debug-file - Using preset build option 'release'.
[2026-08-17T09:59:36.999] [DEBUG] debug-file - End initialize module-target build option map, moduleName=hmssdk
[2026-08-17T09:59:36.958] [DEBUG] debug-file - Target 'jymxpd' config initialized
[2026-08-17T09:59:36.999] [DEBUG] debug-file - Start initialize module-target build option map, moduleName=hmssdk, buildMode=release
[2026-08-17T09:59:36.958] [DEBUG] debug-file - Does not get target 'jymxpd'corresponding build option.
[2026-08-17T09:59:36.999] [DEBUG] debug-file - Target 'default' config initialized
[2026-08-17T09:59:36.958] [DEBUG] debug-file - Using preset build option 'release'.
[2026-08-17T09:59:36.999] [DEBUG] debug-file - Module 'hmssdk' target 'default' build option initialized
[2026-08-17T09:59:36.958] [DEBUG] debug-file - Target 'ohosTest' config initialized
[2026-08-17T09:59:36.999] [DEBUG] debug-file - End initialize module-target build option map, moduleName=hmssdk
[2026-08-17T09:59:36.958] [DEBUG] debug-file - Module 'entry' target 'default' build option initialized
[2026-08-17T09:59:36.999] [DEBUG] debug-file - Start initialize module-target build option map, moduleName=hmssdk, buildMode=debug
[2026-08-17T09:59:36.958] [DEBUG] debug-file - Module 'entry' target 'ddz' build option initialized
[2026-08-17T09:59:36.999] [DEBUG] debug-file - Target 'default' config initialized
[2026-08-17T09:59:36.958] [DEBUG] debug-file - Module 'entry' target 'wljxmj' build option initialized
[2026-08-17T09:59:36.999] [DEBUG] debug-file - Module 'hmssdk' target 'default' build option initialized
[2026-08-17T09:59:36.958] [DEBUG] debug-file - Module 'entry' target 'fish' build option initialized
[2026-08-17T09:59:36.999] [DEBUG] debug-file - End initialize module-target build option map, moduleName=hmssdk
[2026-08-17T09:59:36.958] [DEBUG] debug-file - Module 'entry' target 'jymxpd' build option initialized
[2026-08-17T09:59:36.999] [DEBUG] debug-file - Start initialize module-target build option map, moduleName=hmssdk, buildMode=release
[2026-08-17T09:59:36.958] [DEBUG] debug-file - Module 'entry' target 'ohosTest' build option initialized
[2026-08-17T09:59:36.999] [DEBUG] debug-file - Target 'default' config initialized
[2026-08-17T09:59:36.958] [DEBUG] debug-file - End initialize module-target build option map, moduleName=entry
[2026-08-17T09:59:37.000] [DEBUG] debug-file - Module 'hmssdk' target 'default' build option initialized
[2026-08-17T09:59:36.958] [DEBUG] debug-file - Start initialize module-target build option map, moduleName=entry, buildMode=debug
[2026-08-17T09:59:37.000] [DEBUG] debug-file - End initialize module-target build option map, moduleName=hmssdk
[2026-08-17T09:59:36.958] [DEBUG] debug-file - Target 'default' config initialized
[2026-08-17T09:59:37.000] [DEBUG] debug-file - Start initialize module-target build option map, moduleName=hmssdk, buildMode=release
[2026-08-17T09:59:36.958] [DEBUG] debug-file - Target 'ddz' config initialized
[2026-08-17T09:59:37.000] [DEBUG] debug-file - Target 'default' config initialized
[2026-08-17T09:59:36.958] [DEBUG] debug-file - Does not get target 'ddz'corresponding build option.
[2026-08-17T09:59:37.000] [DEBUG] debug-file - Module 'hmssdk' target 'default' build option initialized
[2026-08-17T09:59:36.958] [DEBUG] debug-file - Using preset build option 'debug'.
[2026-08-17T09:59:37.000] [DEBUG] debug-file - End initialize module-target build option map, moduleName=hmssdk
[2026-08-17T09:59:36.958] [DEBUG] debug-file - Target 'wljxmj' config initialized
[2026-08-17T09:59:37.000] [DEBUG] debug-file - Obtain build option for module 'hmssdk' target 'default'in this build.
[2026-08-17T09:59:36.958] [DEBUG] debug-file - Does not get target 'wljxmj'corresponding build option.
[2026-08-17T09:59:37.000] [DEBUG] debug-file - Module hmssdk task initialization takes 1 ms 
[2026-08-17T09:59:36.958] [DEBUG] debug-file - Using preset build option 'debug'.
[2026-08-17T09:59:37.000] [DEBUG] debug-file - Har plugin register hook start...
[2026-08-17T09:59:36.958] [DEBUG] debug-file - Target 'fish' config initialized
[2026-08-17T09:59:37.000] [DEBUG] debug-file - Har plugin register hook end...
[2026-08-17T09:59:36.958] [DEBUG] debug-file - Does not get target 'fish'corresponding build option.
[2026-08-17T09:59:37.000] [DEBUG] debug-file - Plugin build process completed
[2026-08-17T09:59:36.958] [DEBUG] debug-file - Using preset build option 'debug'.
[2026-08-17T09:59:37.000] [DEBUG] debug-file - hvigorfile, begin to bind custom plugins...
[2026-08-17T09:59:36.958] [DEBUG] debug-file - Target 'jymxpd' config initialized
[2026-08-17T09:59:37.000] [DEBUG] debug-file - hvigorfile, no custom plugins were found in /Users/chenhan/Desktop/Git/RXSDK/RXSDK-Harmony-Native/HmsSdk/hvigorfile.ts
[2026-08-17T09:59:36.958] [DEBUG] debug-file - Does not get target 'jymxpd'corresponding build option.
[2026-08-17T09:59:37.000] [DEBUG] debug-file - hvigorfile, resolve finished /Users/chenhan/Desktop/Git/RXSDK/RXSDK-Harmony-Native/HmsSdk/hvigorfile.ts
[2026-08-17T09:59:36.958] [DEBUG] debug-file - Using preset build option 'debug'.
[2026-08-17T09:59:37.000] [DEBUG] debug-file - hvigorfile, resolving /Users/chenhan/Desktop/Git/RXSDK/RXSDK-Harmony-Native/rxsdk_wechat/hvigorfile.ts
[2026-08-17T09:59:36.958] [DEBUG] debug-file - Target 'ohosTest' config initialized
[2026-08-17T09:59:37.002] [DEBUG] debug-file - hvigorfile, require result:  { default: { system: [Function: harTasks], plugins: [] } }
[2026-08-17T09:59:36.958] [DEBUG] debug-file - Module 'entry' target 'default' build option initialized
[2026-08-17T09:59:37.002] [DEBUG] debug-file - hvigorfile, binding system plugins [Function: harTasks]
[2026-08-17T09:59:36.958] [DEBUG] debug-file - Module 'entry' target 'ddz' build option initialized
[2026-08-17T09:59:37.002] [DEBUG] debug-file - Starting plugin build process
[2026-08-17T09:59:36.958] [DEBUG] debug-file - Module 'entry' target 'wljxmj' build option initialized
[2026-08-17T09:59:37.002] [DEBUG] debug-file - Har plugin creating...
[2026-08-17T09:59:36.958] [DEBUG] debug-file - Module 'entry' target 'fish' build option initialized
[2026-08-17T09:59:37.002] [DEBUG] debug-file - failed to load cangjie to dynamically generate schemas: Error: Cannot find module '@ohos/cangjie-build-support/index'
Require stack:
- /Applications/DevEco-Studio.app/Contents/tools/hvigor/hvigor-ohos-plugin/src/plugin/hooks/cangjie-register.js
- /Applications/DevEco-Studio.app/Contents/tools/hvigor/hvigor-ohos-plugin/src/plugin/strategy/stage-init-strategy.js
- /Applications/DevEco-Studio.app/Contents/tools/hvigor/hvigor-ohos-plugin/src/plugin/builder/abstract-plugin-builder.js
- /Applications/DevEco-Studio.app/Contents/tools/hvigor/hvigor-ohos-plugin/src/plugin/builder/app-plugin-builder.js
- /Applications/DevEco-Studio.app/Contents/tools/hvigor/hvigor-ohos-plugin/src/plugin/factory/plugin-factory.js
- /Applications/DevEco-Studio.app/Contents/tools/hvigor/hvigor-ohos-plugin/index.js
- /Users/chenhan/Desktop/Git/RXSDK/RXSDK-Harmony-Native/hvigorfile.ts
- /Applications/DevEco-Studio.app/Contents/tools/hvigor/hvigor/src/base/internal/lifecycle/configuration.js
- /Applications/DevEco-Studio.app/Contents/tools/hvigor/hvigor/src/base/boot/index.js
- /Applications/DevEco-Studio.app/Contents/tools/hvigor/hvigor/src/cli/main/cli.js
- /Applications/DevEco-Studio.app/Contents/tools/hvigor/hvigor/bin/hvigor.js
[2026-08-17T09:59:36.958] [DEBUG] debug-file - Module 'entry' target 'jymxpd' build option initialized
[2026-08-17T09:59:37.002] [DEBUG] debug-file - Start initialize module-target build option map, moduleName=rxsdk_wechat, buildMode=debug
[2026-08-17T09:59:36.958] [DEBUG] debug-file - Module 'entry' target 'ohosTest' build option initialized
[2026-08-17T09:59:37.002] [DEBUG] debug-file - Target 'default' config initialized
[2026-08-17T09:59:36.958] [DEBUG] debug-file - End initialize module-target build option map, moduleName=entry
[2026-08-17T09:59:37.002] [DEBUG] debug-file - Target 'ohosTest' config initialized
[2026-08-17T09:59:36.958] [DEBUG] debug-file - Start initialize module-target build option map, moduleName=entry, buildMode=release
[2026-08-17T09:59:37.002] [DEBUG] debug-file - Module 'rxsdk_wechat' target 'default' build option initialized
[2026-08-17T09:59:36.958] [DEBUG] debug-file - Target 'default' config initialized
[2026-08-17T09:59:37.002] [DEBUG] debug-file - Module 'rxsdk_wechat' target 'ohosTest' build option initialized
[2026-08-17T09:59:36.958] [DEBUG] debug-file - Target 'ddz' config initialized
[2026-08-17T09:59:37.002] [DEBUG] debug-file - End initialize module-target build option map, moduleName=rxsdk_wechat
[2026-08-17T09:59:36.958] [DEBUG] debug-file - Does not get target 'ddz'corresponding build option.
[2026-08-17T09:59:37.002] [DEBUG] debug-file - Start initialize module-target build option map, moduleName=rxsdk_wechat, buildMode=release
[2026-08-17T09:59:36.958] [DEBUG] debug-file - Using preset build option 'release'.
[2026-08-17T09:59:37.002] [DEBUG] debug-file - Target 'default' config initialized
[2026-08-17T09:59:36.958] [DEBUG] debug-file - Target 'wljxmj' config initialized
[2026-08-17T09:59:37.002] [DEBUG] debug-file - Target 'ohosTest' config initialized
[2026-08-17T09:59:36.958] [DEBUG] debug-file - Does not get target 'wljxmj'corresponding build option.
[2026-08-17T09:59:37.003] [DEBUG] debug-file - Module 'rxsdk_wechat' target 'default' build option initialized
[2026-08-17T09:59:36.958] [DEBUG] debug-file - Using preset build option 'release'.
[2026-08-17T09:59:37.003] [DEBUG] debug-file - Module 'rxsdk_wechat' target 'ohosTest' build option initialized
[2026-08-17T09:59:36.958] [DEBUG] debug-file - Target 'fish' config initialized
[2026-08-17T09:59:37.003] [DEBUG] debug-file - End initialize module-target build option map, moduleName=rxsdk_wechat
[2026-08-17T09:59:36.958] [DEBUG] debug-file - Does not get target 'fish'corresponding build option.
[2026-08-17T09:59:37.003] [DEBUG] debug-file - Start initialize module-target build option map, moduleName=rxsdk_wechat, buildMode=debug
[2026-08-17T09:59:36.958] [DEBUG] debug-file - Using preset build option 'release'.
[2026-08-17T09:59:37.003] [DEBUG] debug-file - Target 'default' config initialized
[2026-08-17T09:59:36.959] [DEBUG] debug-file - Target 'jymxpd' config initialized
[2026-08-17T09:59:37.003] [DEBUG] debug-file - Target 'ohosTest' config initialized
[2026-08-17T09:59:36.959] [DEBUG] debug-file - Does not get target 'jymxpd'corresponding build option.
[2026-08-17T09:59:37.003] [DEBUG] debug-file - Module 'rxsdk_wechat' target 'default' build option initialized
[2026-08-17T09:59:36.959] [DEBUG] debug-file - Using preset build option 'release'.
[2026-08-17T09:59:37.003] [DEBUG] debug-file - Module 'rxsdk_wechat' target 'ohosTest' build option initialized
[2026-08-17T09:59:36.959] [DEBUG] debug-file - Target 'ohosTest' config initialized
[2026-08-17T09:59:37.003] [DEBUG] debug-file - End initialize module-target build option map, moduleName=rxsdk_wechat
[2026-08-17T09:59:36.959] [DEBUG] debug-file - Module 'entry' target 'default' build option initialized
[2026-08-17T09:59:37.003] [DEBUG] debug-file - Start initialize module-target build option map, moduleName=rxsdk_wechat, buildMode=release
[2026-08-17T09:59:36.959] [DEBUG] debug-file - Module 'entry' target 'ddz' build option initialized
[2026-08-17T09:59:37.003] [DEBUG] debug-file - Target 'default' config initialized
[2026-08-17T09:59:36.959] [DEBUG] debug-file - Module 'entry' target 'wljxmj' build option initialized
[2026-08-17T09:59:37.003] [DEBUG] debug-file - Target 'ohosTest' config initialized
[2026-08-17T09:59:36.959] [DEBUG] debug-file - Module 'entry' target 'fish' build option initialized
[2026-08-17T09:59:37.003] [DEBUG] debug-file - Module 'rxsdk_wechat' target 'default' build option initialized
[2026-08-17T09:59:36.959] [DEBUG] debug-file - Module 'entry' target 'jymxpd' build option initialized
[2026-08-17T09:59:37.003] [DEBUG] debug-file - Module 'rxsdk_wechat' target 'ohosTest' build option initialized
[2026-08-17T09:59:36.959] [DEBUG] debug-file - Module 'entry' target 'ohosTest' build option initialized
[2026-08-17T09:59:37.003] [DEBUG] debug-file - End initialize module-target build option map, moduleName=rxsdk_wechat
[2026-08-17T09:59:36.959] [DEBUG] debug-file - End initialize module-target build option map, moduleName=entry
[2026-08-17T09:59:37.003] [DEBUG] debug-file - Start initialize module-target build option map, moduleName=rxsdk_wechat, buildMode=debug
[2026-08-17T09:59:36.959] [DEBUG] debug-file - Start initialize module-target build option map, moduleName=entry, buildMode=debug
[2026-08-17T09:59:37.003] [DEBUG] debug-file - Target 'default' config initialized
[2026-08-17T09:59:36.959] [DEBUG] debug-file - Target 'default' config initialized
[2026-08-17T09:59:37.003] [DEBUG] debug-file - Target 'ohosTest' config initialized
[2026-08-17T09:59:36.959] [DEBUG] debug-file - Target 'ddz' config initialized
[2026-08-17T09:59:37.003] [DEBUG] debug-file - Module 'rxsdk_wechat' target 'default' build option initialized
[2026-08-17T09:59:36.959] [DEBUG] debug-file - Does not get target 'ddz'corresponding build option.
[2026-08-17T09:59:37.003] [DEBUG] debug-file - Module 'rxsdk_wechat' target 'ohosTest' build option initialized
[2026-08-17T09:59:36.959] [DEBUG] debug-file - Using preset build option 'debug'.
[2026-08-17T09:59:37.003] [DEBUG] debug-file - End initialize module-target build option map, moduleName=rxsdk_wechat
[2026-08-17T09:59:37.003] [DEBUG] debug-file - Start initialize module-target build option map, moduleName=rxsdk_wechat, buildMode=release
[2026-08-17T09:59:36.959] [DEBUG] debug-file - Target 'wljxmj' config initialized
[2026-08-17T09:59:37.003] [DEBUG] debug-file - Target 'default' config initialized
[2026-08-17T09:59:36.959] [DEBUG] debug-file - Does not get target 'wljxmj'corresponding build option.
[2026-08-17T09:59:37.003] [DEBUG] debug-file - Target 'ohosTest' config initialized
[2026-08-17T09:59:36.959] [DEBUG] debug-file - Using preset build option 'debug'.
[2026-08-17T09:59:37.003] [DEBUG] debug-file - Module 'rxsdk_wechat' target 'default' build option initialized
[2026-08-17T09:59:36.959] [DEBUG] debug-file - Target 'fish' config initialized
[2026-08-17T09:59:37.003] [DEBUG] debug-file - Module 'rxsdk_wechat' target 'ohosTest' build option initialized
[2026-08-17T09:59:36.959] [DEBUG] debug-file - Does not get target 'fish'corresponding build option.
[2026-08-17T09:59:37.003] [DEBUG] debug-file - End initialize module-target build option map, moduleName=rxsdk_wechat
[2026-08-17T09:59:36.959] [DEBUG] debug-file - Using preset build option 'debug'.
[2026-08-17T09:59:37.003] [DEBUG] debug-file - Start initialize module-target build option map, moduleName=rxsdk_wechat, buildMode=debug
[2026-08-17T09:59:36.959] [DEBUG] debug-file - Target 'jymxpd' config initialized
[2026-08-17T09:59:37.003] [DEBUG] debug-file - Target 'default' config initialized
[2026-08-17T09:59:36.959] [DEBUG] debug-file - Does not get target 'jymxpd'corresponding build option.
[2026-08-17T09:59:37.003] [DEBUG] debug-file - Target 'ohosTest' config initialized
[2026-08-17T09:59:36.959] [DEBUG] debug-file - Using preset build option 'debug'.
[2026-08-17T09:59:37.003] [DEBUG] debug-file - Module 'rxsdk_wechat' target 'default' build option initialized
[2026-08-17T09:59:36.959] [DEBUG] debug-file - Target 'ohosTest' config initialized
[2026-08-17T09:59:37.003] [DEBUG] debug-file - Module 'rxsdk_wechat' target 'ohosTest' build option initialized
[2026-08-17T09:59:37.003] [DEBUG] debug-file - End initialize module-target build option map, moduleName=rxsdk_wechat
[2026-08-17T09:59:36.959] [DEBUG] debug-file - Module 'entry' target 'default' build option initialized
[2026-08-17T09:59:37.003] [DEBUG] debug-file - Start initialize module-target build option map, moduleName=rxsdk_wechat, buildMode=release
[2026-08-17T09:59:36.959] [DEBUG] debug-file - Module 'entry' target 'ddz' build option initialized
[2026-08-17T09:59:37.003] [DEBUG] debug-file - Target 'default' config initialized
[2026-08-17T09:59:36.959] [DEBUG] debug-file - Module 'entry' target 'wljxmj' build option initialized
[2026-08-17T09:59:37.003] [DEBUG] debug-file - Target 'ohosTest' config initialized
[2026-08-17T09:59:36.959] [DEBUG] debug-file - Module 'entry' target 'fish' build option initialized
[2026-08-17T09:59:37.003] [DEBUG] debug-file - Module 'rxsdk_wechat' target 'default' build option initialized
[2026-08-17T09:59:36.959] [DEBUG] debug-file - Module 'entry' target 'jymxpd' build option initialized
[2026-08-17T09:59:37.003] [DEBUG] debug-file - Module 'rxsdk_wechat' target 'ohosTest' build option initialized
[2026-08-17T09:59:36.959] [DEBUG] debug-file - Module 'entry' target 'ohosTest' build option initialized
[2026-08-17T09:59:37.003] [DEBUG] debug-file - End initialize module-target build option map, moduleName=rxsdk_wechat
[2026-08-17T09:59:36.959] [DEBUG] debug-file - End initialize module-target build option map, moduleName=entry
[2026-08-17T09:59:37.003] [DEBUG] debug-file - Start initialize module-target build option map, moduleName=rxsdk_wechat, buildMode=debug
[2026-08-17T09:59:36.959] [DEBUG] debug-file - Start initialize module-target build option map, moduleName=entry, buildMode=release
[2026-08-17T09:59:37.003] [DEBUG] debug-file - Target 'default' config initialized
[2026-08-17T09:59:36.959] [DEBUG] debug-file - Target 'default' config initialized
[2026-08-17T09:59:37.003] [DEBUG] debug-file - Target 'ohosTest' config initialized
[2026-08-17T09:59:36.959] [DEBUG] debug-file - Target 'ddz' config initialized
[2026-08-17T09:59:37.003] [DEBUG] debug-file - Module 'rxsdk_wechat' target 'default' build option initialized
[2026-08-17T09:59:36.959] [DEBUG] debug-file - Does not get target 'ddz'corresponding build option.
[2026-08-17T09:59:37.003] [DEBUG] debug-file - Module 'rxsdk_wechat' target 'ohosTest' build option initialized
[2026-08-17T09:59:36.959] [DEBUG] debug-file - Using preset build option 'release'.
[2026-08-17T09:59:37.003] [DEBUG] debug-file - End initialize module-target build option map, moduleName=rxsdk_wechat
[2026-08-17T09:59:36.959] [DEBUG] debug-file - Target 'wljxmj' config initialized
[2026-08-17T09:59:37.003] [DEBUG] debug-file - Start initialize module-target build option map, moduleName=rxsdk_wechat, buildMode=release
[2026-08-17T09:59:36.959] [DEBUG] debug-file - Does not get target 'wljxmj'corresponding build option.
[2026-08-17T09:59:37.003] [DEBUG] debug-file - Target 'default' config initialized
[2026-08-17T09:59:36.959] [DEBUG] debug-file - Using preset build option 'release'.
[2026-08-17T09:59:37.003] [DEBUG] debug-file - Target 'ohosTest' config initialized
[2026-08-17T09:59:36.959] [DEBUG] debug-file - Target 'fish' config initialized
[2026-08-17T09:59:37.003] [DEBUG] debug-file - Module 'rxsdk_wechat' target 'default' build option initialized
[2026-08-17T09:59:36.959] [DEBUG] debug-file - Does not get target 'fish'corresponding build option.
[2026-08-17T09:59:37.003] [DEBUG] debug-file - Module 'rxsdk_wechat' target 'ohosTest' build option initialized
[2026-08-17T09:59:36.959] [DEBUG] debug-file - Using preset build option 'release'.
[2026-08-17T09:59:37.003] [DEBUG] debug-file - End initialize module-target build option map, moduleName=rxsdk_wechat
[2026-08-17T09:59:36.959] [DEBUG] debug-file - Target 'jymxpd' config initialized
[2026-08-17T09:59:37.003] [DEBUG] debug-file - Start initialize module-target build option map, moduleName=rxsdk_wechat, buildMode=release
[2026-08-17T09:59:36.959] [DEBUG] debug-file - Does not get target 'jymxpd'corresponding build option.
[2026-08-17T09:59:37.003] [DEBUG] debug-file - Target 'default' config initialized
[2026-08-17T09:59:36.959] [DEBUG] debug-file - Using preset build option 'release'.
[2026-08-17T09:59:37.003] [DEBUG] debug-file - Target 'ohosTest' config initialized
[2026-08-17T09:59:36.959] [DEBUG] debug-file - Target 'ohosTest' config initialized
[2026-08-17T09:59:37.003] [DEBUG] debug-file - Module 'rxsdk_wechat' target 'default' build option initialized
[2026-08-17T09:59:36.959] [DEBUG] debug-file - Module 'entry' target 'default' build option initialized
[2026-08-17T09:59:37.003] [DEBUG] debug-file - Module 'rxsdk_wechat' target 'ohosTest' build option initialized
[2026-08-17T09:59:36.959] [DEBUG] debug-file - Module 'entry' target 'ddz' build option initialized
[2026-08-17T09:59:37.003] [DEBUG] debug-file - End initialize module-target build option map, moduleName=rxsdk_wechat
[2026-08-17T09:59:37.003] [DEBUG] debug-file - Obtain build option for module 'rxsdk_wechat' target 'default'in this build.
[2026-08-17T09:59:36.959] [DEBUG] debug-file - Module 'entry' target 'wljxmj' build option initialized
[2026-08-17T09:59:37.003] [DEBUG] debug-file - Module rxsdk_wechat task initialization takes 1 ms 
[2026-08-17T09:59:36.959] [DEBUG] debug-file - Module 'entry' target 'fish' build option initialized
[2026-08-17T09:59:37.003] [DEBUG] debug-file - Har plugin register hook start...
[2026-08-17T09:59:36.959] [DEBUG] debug-file - Module 'entry' target 'jymxpd' build option initialized
[2026-08-17T09:59:37.003] [DEBUG] debug-file - Har plugin register hook end...
[2026-08-17T09:59:36.959] [DEBUG] debug-file - Module 'entry' target 'ohosTest' build option initialized
[2026-08-17T09:59:37.003] [DEBUG] debug-file - Plugin build process completed
[2026-08-17T09:59:36.959] [DEBUG] debug-file - End initialize module-target build option map, moduleName=entry
[2026-08-17T09:59:37.003] [DEBUG] debug-file - hvigorfile, begin to bind custom plugins...
[2026-08-17T09:59:36.959] [DEBUG] debug-file - Start initialize module-target build option map, moduleName=entry, buildMode=debug
[2026-08-17T09:59:37.003] [DEBUG] debug-file - hvigorfile, no custom plugins were found in /Users/chenhan/Desktop/Git/RXSDK/RXSDK-Harmony-Native/rxsdk_wechat/hvigorfile.ts
[2026-08-17T09:59:36.959] [DEBUG] debug-file - Target 'default' config initialized
[2026-08-17T09:59:37.003] [DEBUG] debug-file - hvigorfile, resolve finished /Users/chenhan/Desktop/Git/RXSDK/RXSDK-Harmony-Native/rxsdk_wechat/hvigorfile.ts
[2026-08-17T09:59:36.959] [DEBUG] debug-file - Target 'ddz' config initialized
[2026-08-17T09:59:37.003] [DEBUG] debug-file - hvigorfile, resolving /Users/chenhan/Desktop/Git/RXSDK/RXSDK-Harmony-Native/rxsdk_openinstall/hvigorfile.ts
[2026-08-17T09:59:36.959] [DEBUG] debug-file - Does not get target 'ddz'corresponding build option.
[2026-08-17T09:59:37.005] [DEBUG] debug-file - hvigorfile, require result:  { default: { system: [Function: harTasks], plugins: [] } }
[2026-08-17T09:59:36.959] [DEBUG] debug-file - Using preset build option 'debug'.
[2026-08-17T09:59:37.005] [DEBUG] debug-file - hvigorfile, binding system plugins [Function: harTasks]
[2026-08-17T09:59:36.959] [DEBUG] debug-file - Target 'wljxmj' config initialized
[2026-08-17T09:59:37.005] [DEBUG] debug-file - Starting plugin build process
[2026-08-17T09:59:36.959] [DEBUG] debug-file - Does not get target 'wljxmj'corresponding build option.
[2026-08-17T09:59:37.005] [DEBUG] debug-file - Har plugin creating...
[2026-08-17T09:59:36.959] [DEBUG] debug-file - Using preset build option 'debug'.
[2026-08-17T09:59:37.005] [DEBUG] debug-file - failed to load cangjie to dynamically generate schemas: Error: Cannot find module '@ohos/cangjie-build-support/index'
Require stack:
- /Applications/DevEco-Studio.app/Contents/tools/hvigor/hvigor-ohos-plugin/src/plugin/hooks/cangjie-register.js
- /Applications/DevEco-Studio.app/Contents/tools/hvigor/hvigor-ohos-plugin/src/plugin/strategy/stage-init-strategy.js
- /Applications/DevEco-Studio.app/Contents/tools/hvigor/hvigor-ohos-plugin/src/plugin/builder/abstract-plugin-builder.js
- /Applications/DevEco-Studio.app/Contents/tools/hvigor/hvigor-ohos-plugin/src/plugin/builder/app-plugin-builder.js
- /Applications/DevEco-Studio.app/Contents/tools/hvigor/hvigor-ohos-plugin/src/plugin/factory/plugin-factory.js
- /Applications/DevEco-Studio.app/Contents/tools/hvigor/hvigor-ohos-plugin/index.js
- /Users/chenhan/Desktop/Git/RXSDK/RXSDK-Harmony-Native/hvigorfile.ts
- /Applications/DevEco-Studio.app/Contents/tools/hvigor/hvigor/src/base/internal/lifecycle/configuration.js
- /Applications/DevEco-Studio.app/Contents/tools/hvigor/hvigor/src/base/boot/index.js
- /Applications/DevEco-Studio.app/Contents/tools/hvigor/hvigor/src/cli/main/cli.js
- /Applications/DevEco-Studio.app/Contents/tools/hvigor/hvigor/bin/hvigor.js
[2026-08-17T09:59:36.959] [DEBUG] debug-file - Target 'fish' config initialized
[2026-08-17T09:59:37.005] [DEBUG] debug-file - Start initialize module-target build option map, moduleName=rxsdk_openinstall, buildMode=debug
[2026-08-17T09:59:36.959] [DEBUG] debug-file - Does not get target 'fish'corresponding build option.
[2026-08-17T09:59:37.005] [DEBUG] debug-file - Target 'default' config initialized
[2026-08-17T09:59:36.959] [DEBUG] debug-file - Using preset build option 'debug'.
[2026-08-17T09:59:37.005] [DEBUG] debug-file - Target 'ohosTest' config initialized
[2026-08-17T09:59:36.959] [DEBUG] debug-file - Target 'jymxpd' config initialized
[2026-08-17T09:59:37.005] [DEBUG] debug-file - Module 'rxsdk_openinstall' target 'default' build option initialized
[2026-08-17T09:59:36.959] [DEBUG] debug-file - Does not get target 'jymxpd'corresponding build option.
[2026-08-17T09:59:37.005] [DEBUG] debug-file - Module 'rxsdk_openinstall' target 'ohosTest' build option initialized
[2026-08-17T09:59:36.959] [DEBUG] debug-file - Using preset build option 'debug'.
[2026-08-17T09:59:37.005] [DEBUG] debug-file - End initialize module-target build option map, moduleName=rxsdk_openinstall
[2026-08-17T09:59:36.959] [DEBUG] debug-file - Target 'ohosTest' config initialized
[2026-08-17T09:59:37.005] [DEBUG] debug-file - Start initialize module-target build option map, moduleName=rxsdk_openinstall, buildMode=release
[2026-08-17T09:59:36.959] [DEBUG] debug-file - Module 'entry' target 'default' build option initialized
[2026-08-17T09:59:37.005] [DEBUG] debug-file - Target 'default' config initialized
[2026-08-17T09:59:36.959] [DEBUG] debug-file - Module 'entry' target 'ddz' build option initialized
[2026-08-17T09:59:37.005] [DEBUG] debug-file - Target 'ohosTest' config initialized
[2026-08-17T09:59:36.959] [DEBUG] debug-file - Module 'entry' target 'wljxmj' build option initialized
[2026-08-17T09:59:37.005] [DEBUG] debug-file - Module 'rxsdk_openinstall' target 'default' build option initialized
[2026-08-17T09:59:36.959] [DEBUG] debug-file - Module 'entry' target 'fish' build option initialized
[2026-08-17T09:59:37.005] [DEBUG] debug-file - Module 'rxsdk_openinstall' target 'ohosTest' build option initialized
[2026-08-17T09:59:36.959] [DEBUG] debug-file - Module 'entry' target 'jymxpd' build option initialized
[2026-08-17T09:59:37.005] [DEBUG] debug-file - End initialize module-target build option map, moduleName=rxsdk_openinstall
[2026-08-17T09:59:36.959] [DEBUG] debug-file - Module 'entry' target 'ohosTest' build option initialized
[2026-08-17T09:59:37.005] [DEBUG] debug-file - Start initialize module-target build option map, moduleName=rxsdk_openinstall, buildMode=debug
[2026-08-17T09:59:36.959] [DEBUG] debug-file - End initialize module-target build option map, moduleName=entry
[2026-08-17T09:59:37.005] [DEBUG] debug-file - Target 'default' config initialized
[2026-08-17T09:59:36.959] [DEBUG] debug-file - Start initialize module-target build option map, moduleName=entry, buildMode=release
[2026-08-17T09:59:37.005] [DEBUG] debug-file - Target 'ohosTest' config initialized
[2026-08-17T09:59:37.005] [DEBUG] debug-file - Module 'rxsdk_openinstall' target 'default' build option initialized
[2026-08-17T09:59:36.959] [DEBUG] debug-file - Target 'default' config initialized
[2026-08-17T09:59:37.005] [DEBUG] debug-file - Module 'rxsdk_openinstall' target 'ohosTest' build option initialized
[2026-08-17T09:59:36.959] [DEBUG] debug-file - Target 'ddz' config initialized
[2026-08-17T09:59:37.005] [DEBUG] debug-file - End initialize module-target build option map, moduleName=rxsdk_openinstall
[2026-08-17T09:59:36.959] [DEBUG] debug-file - Does not get target 'ddz'corresponding build option.
[2026-08-17T09:59:37.005] [DEBUG] debug-file - Start initialize module-target build option map, moduleName=rxsdk_openinstall, buildMode=release
[2026-08-17T09:59:36.959] [DEBUG] debug-file - Using preset build option 'release'.
[2026-08-17T09:59:37.005] [DEBUG] debug-file - Target 'default' config initialized
[2026-08-17T09:59:36.960] [DEBUG] debug-file - Target 'wljxmj' config initialized
[2026-08-17T09:59:37.005] [DEBUG] debug-file - Target 'ohosTest' config initialized
[2026-08-17T09:59:36.960] [DEBUG] debug-file - Does not get target 'wljxmj'corresponding build option.
[2026-08-17T09:59:37.005] [DEBUG] debug-file - Module 'rxsdk_openinstall' target 'default' build option initialized
[2026-08-17T09:59:36.960] [DEBUG] debug-file - Using preset build option 'release'.
[2026-08-17T09:59:37.005] [DEBUG] debug-file - Module 'rxsdk_openinstall' target 'ohosTest' build option initialized
[2026-08-17T09:59:36.960] [DEBUG] debug-file - Target 'fish' config initialized
[2026-08-17T09:59:37.005] [DEBUG] debug-file - End initialize module-target build option map, moduleName=rxsdk_openinstall
[2026-08-17T09:59:36.960] [DEBUG] debug-file - Does not get target 'fish'corresponding build option.
[2026-08-17T09:59:37.005] [DEBUG] debug-file - Start initialize module-target build option map, moduleName=rxsdk_openinstall, buildMode=debug
[2026-08-17T09:59:36.960] [DEBUG] debug-file - Using preset build option 'release'.
[2026-08-17T09:59:37.005] [DEBUG] debug-file - Target 'default' config initialized
[2026-08-17T09:59:36.960] [DEBUG] debug-file - Target 'jymxpd' config initialized
[2026-08-17T09:59:37.005] [DEBUG] debug-file - Target 'ohosTest' config initialized
[2026-08-17T09:59:37.005] [DEBUG] debug-file - Module 'rxsdk_openinstall' target 'default' build option initialized
[2026-08-17T09:59:36.960] [DEBUG] debug-file - Does not get target 'jymxpd'corresponding build option.
[2026-08-17T09:59:37.005] [DEBUG] debug-file - Module 'rxsdk_openinstall' target 'ohosTest' build option initialized
[2026-08-17T09:59:36.960] [DEBUG] debug-file - Using preset build option 'release'.
[2026-08-17T09:59:37.005] [DEBUG] debug-file - End initialize module-target build option map, moduleName=rxsdk_openinstall
[2026-08-17T09:59:36.960] [DEBUG] debug-file - Target 'ohosTest' config initialized
[2026-08-17T09:59:37.005] [DEBUG] debug-file - Start initialize module-target build option map, moduleName=rxsdk_openinstall, buildMode=release
[2026-08-17T09:59:36.960] [DEBUG] debug-file - Module 'entry' target 'default' build option initialized
[2026-08-17T09:59:37.005] [DEBUG] debug-file - Target 'default' config initialized
[2026-08-17T09:59:36.960] [DEBUG] debug-file - Module 'entry' target 'ddz' build option initialized
[2026-08-17T09:59:37.005] [DEBUG] debug-file - Target 'ohosTest' config initialized
[2026-08-17T09:59:36.960] [DEBUG] debug-file - Module 'entry' target 'wljxmj' build option initialized
[2026-08-17T09:59:37.005] [DEBUG] debug-file - Module 'rxsdk_openinstall' target 'default' build option initialized
[2026-08-17T09:59:36.960] [DEBUG] debug-file - Module 'entry' target 'fish' build option initialized
[2026-08-17T09:59:37.005] [DEBUG] debug-file - Module 'rxsdk_openinstall' target 'ohosTest' build option initialized
[2026-08-17T09:59:36.960] [DEBUG] debug-file - Module 'entry' target 'jymxpd' build option initialized
[2026-08-17T09:59:37.005] [DEBUG] debug-file - End initialize module-target build option map, moduleName=rxsdk_openinstall
[2026-08-17T09:59:36.960] [DEBUG] debug-file - Module 'entry' target 'ohosTest' build option initialized
[2026-08-17T09:59:37.005] [DEBUG] debug-file - Start initialize module-target build option map, moduleName=rxsdk_openinstall, buildMode=debug
[2026-08-17T09:59:36.960] [DEBUG] debug-file - End initialize module-target build option map, moduleName=entry
[2026-08-17T09:59:37.005] [DEBUG] debug-file - Target 'default' config initialized
[2026-08-17T09:59:36.960] [DEBUG] debug-file - Start initialize module-target build option map, moduleName=entry, buildMode=debug
[2026-08-17T09:59:37.005] [DEBUG] debug-file - Target 'ohosTest' config initialized
[2026-08-17T09:59:36.960] [DEBUG] debug-file - Target 'default' config initialized
[2026-08-17T09:59:37.005] [DEBUG] debug-file - Module 'rxsdk_openinstall' target 'default' build option initialized
[2026-08-17T09:59:36.960] [DEBUG] debug-file - Target 'ddz' config initialized
[2026-08-17T09:59:37.005] [DEBUG] debug-file - Module 'rxsdk_openinstall' target 'ohosTest' build option initialized
[2026-08-17T09:59:36.960] [DEBUG] debug-file - Does not get target 'ddz'corresponding build option.
[2026-08-17T09:59:37.005] [DEBUG] debug-file - End initialize module-target build option map, moduleName=rxsdk_openinstall
[2026-08-17T09:59:36.960] [DEBUG] debug-file - Using preset build option 'debug'.
[2026-08-17T09:59:37.005] [DEBUG] debug-file - Start initialize module-target build option map, moduleName=rxsdk_openinstall, buildMode=release
[2026-08-17T09:59:36.960] [DEBUG] debug-file - Target 'wljxmj' config initialized
[2026-08-17T09:59:37.005] [DEBUG] debug-file - Target 'default' config initialized
[2026-08-17T09:59:36.960] [DEBUG] debug-file - Does not get target 'wljxmj'corresponding build option.
[2026-08-17T09:59:37.006] [DEBUG] debug-file - Target 'ohosTest' config initialized
[2026-08-17T09:59:36.960] [DEBUG] debug-file - Using preset build option 'debug'.
[2026-08-17T09:59:37.006] [DEBUG] debug-file - Module 'rxsdk_openinstall' target 'default' build option initialized
[2026-08-17T09:59:36.960] [DEBUG] debug-file - Target 'fish' config initialized
[2026-08-17T09:59:37.006] [DEBUG] debug-file - Module 'rxsdk_openinstall' target 'ohosTest' build option initialized
[2026-08-17T09:59:36.960] [DEBUG] debug-file - Does not get target 'fish'corresponding build option.
[2026-08-17T09:59:37.006] [DEBUG] debug-file - End initialize module-target build option map, moduleName=rxsdk_openinstall
[2026-08-17T09:59:36.960] [DEBUG] debug-file - Using preset build option 'debug'.
[2026-08-17T09:59:37.006] [DEBUG] debug-file - Start initialize module-target build option map, moduleName=rxsdk_openinstall, buildMode=debug
[2026-08-17T09:59:36.960] [DEBUG] debug-file - Target 'jymxpd' config initialized
[2026-08-17T09:59:37.006] [DEBUG] debug-file - Target 'default' config initialized
[2026-08-17T09:59:36.960] [DEBUG] debug-file - Does not get target 'jymxpd'corresponding build option.
[2026-08-17T09:59:37.006] [DEBUG] debug-file - Target 'ohosTest' config initialized
[2026-08-17T09:59:36.960] [DEBUG] debug-file - Using preset build option 'debug'.
[2026-08-17T09:59:37.006] [DEBUG] debug-file - Module 'rxsdk_openinstall' target 'default' build option initialized
[2026-08-17T09:59:36.960] [DEBUG] debug-file - Target 'ohosTest' config initialized
[2026-08-17T09:59:37.006] [DEBUG] debug-file - Module 'rxsdk_openinstall' target 'ohosTest' build option initialized
[2026-08-17T09:59:36.960] [DEBUG] debug-file - Module 'entry' target 'default' build option initialized
[2026-08-17T09:59:37.006] [DEBUG] debug-file - End initialize module-target build option map, moduleName=rxsdk_openinstall
[2026-08-17T09:59:36.960] [DEBUG] debug-file - Module 'entry' target 'ddz' build option initialized
[2026-08-17T09:59:37.006] [DEBUG] debug-file - Start initialize module-target build option map, moduleName=rxsdk_openinstall, buildMode=release
[2026-08-17T09:59:36.960] [DEBUG] debug-file - Module 'entry' target 'wljxmj' build option initialized
[2026-08-17T09:59:37.006] [DEBUG] debug-file - Target 'default' config initialized
[2026-08-17T09:59:36.960] [DEBUG] debug-file - Module 'entry' target 'fish' build option initialized
[2026-08-17T09:59:37.006] [DEBUG] debug-file - Target 'ohosTest' config initialized
[2026-08-17T09:59:36.960] [DEBUG] debug-file - Module 'entry' target 'jymxpd' build option initialized
[2026-08-17T09:59:37.006] [DEBUG] debug-file - Module 'rxsdk_openinstall' target 'default' build option initialized
[2026-08-17T09:59:36.960] [DEBUG] debug-file - Module 'entry' target 'ohosTest' build option initialized
[2026-08-17T09:59:37.006] [DEBUG] debug-file - Module 'rxsdk_openinstall' target 'ohosTest' build option initialized
[2026-08-17T09:59:36.960] [DEBUG] debug-file - End initialize module-target build option map, moduleName=entry
[2026-08-17T09:59:37.006] [DEBUG] debug-file - End initialize module-target build option map, moduleName=rxsdk_openinstall
[2026-08-17T09:59:36.960] [DEBUG] debug-file - Start initialize module-target build option map, moduleName=entry, buildMode=release
[2026-08-17T09:59:37.006] [DEBUG] debug-file - Start initialize module-target build option map, moduleName=rxsdk_openinstall, buildMode=release
[2026-08-17T09:59:36.960] [DEBUG] debug-file - Target 'default' config initialized
[2026-08-17T09:59:37.006] [DEBUG] debug-file - Target 'default' config initialized
[2026-08-17T09:59:36.960] [DEBUG] debug-file - Target 'ddz' config initialized
[2026-08-17T09:59:37.006] [DEBUG] debug-file - Target 'ohosTest' config initialized
[2026-08-17T09:59:36.960] [DEBUG] debug-file - Does not get target 'ddz'corresponding build option.
[2026-08-17T09:59:37.006] [DEBUG] debug-file - Module 'rxsdk_openinstall' target 'default' build option initialized
[2026-08-17T09:59:36.960] [DEBUG] debug-file - Using preset build option 'release'.
[2026-08-17T09:59:37.006] [DEBUG] debug-file - Module 'rxsdk_openinstall' target 'ohosTest' build option initialized
[2026-08-17T09:59:36.960] [DEBUG] debug-file - Target 'wljxmj' config initialized
[2026-08-17T09:59:37.006] [DEBUG] debug-file - End initialize module-target build option map, moduleName=rxsdk_openinstall
[2026-08-17T09:59:36.960] [DEBUG] debug-file - Does not get target 'wljxmj'corresponding build option.
[2026-08-17T09:59:37.006] [DEBUG] debug-file - Obtain build option for module 'rxsdk_openinstall' target 'default'in this build.
[2026-08-17T09:59:36.960] [DEBUG] debug-file - Using preset build option 'release'.
[2026-08-17T09:59:37.006] [DEBUG] debug-file - Module rxsdk_openinstall task initialization takes 1 ms 
[2026-08-17T09:59:36.960] [DEBUG] debug-file - Target 'fish' config initialized
[2026-08-17T09:59:37.006] [DEBUG] debug-file - Har plugin register hook start...
[2026-08-17T09:59:36.960] [DEBUG] debug-file - Does not get target 'fish'corresponding build option.
[2026-08-17T09:59:37.006] [DEBUG] debug-file - Har plugin register hook end...
[2026-08-17T09:59:36.960] [DEBUG] debug-file - Using preset build option 'release'.
[2026-08-17T09:59:37.006] [DEBUG] debug-file - Plugin build process completed
[2026-08-17T09:59:36.960] [DEBUG] debug-file - Target 'jymxpd' config initialized
[2026-08-17T09:59:37.006] [DEBUG] debug-file - hvigorfile, begin to bind custom plugins...
[2026-08-17T09:59:36.960] [DEBUG] debug-file - Does not get target 'jymxpd'corresponding build option.
[2026-08-17T09:59:37.006] [DEBUG] debug-file - hvigorfile, no custom plugins were found in /Users/chenhan/Desktop/Git/RXSDK/RXSDK-Harmony-Native/rxsdk_openinstall/hvigorfile.ts
[2026-08-17T09:59:36.960] [DEBUG] debug-file - Using preset build option 'release'.
[2026-08-17T09:59:37.006] [DEBUG] debug-file - hvigorfile, resolve finished /Users/chenhan/Desktop/Git/RXSDK/RXSDK-Harmony-Native/rxsdk_openinstall/hvigorfile.ts
[2026-08-17T09:59:36.960] [DEBUG] debug-file - Target 'ohosTest' config initialized
[2026-08-17T09:59:37.006] [DEBUG] debug-file - project has submodules:entry,hmssdk,rxsdk_wechat,rxsdk_openinstall
[2026-08-17T09:59:36.960] [DEBUG] debug-file - Module 'entry' target 'default' build option initialized
[2026-08-17T09:59:37.006] [DEBUG] debug-file - module:hmssdk no need to execute packageHap
[2026-08-17T09:59:36.960] [DEBUG] debug-file - Module 'entry' target 'ddz' build option initialized
[2026-08-17T09:59:37.006] [DEBUG] debug-file - module:rxsdk_wechat no need to execute packageHap
[2026-08-17T09:59:36.960] [DEBUG] debug-file - Module 'entry' target 'wljxmj' build option initialized
[2026-08-17T09:59:37.006] [DEBUG] debug-file - module:rxsdk_openinstall no need to execute packageHap
[2026-08-17T09:59:36.960] [DEBUG] debug-file - Module 'entry' target 'fish' build option initialized
[2026-08-17T09:59:36.960] [DEBUG] debug-file - Module 'entry' target 'jymxpd' build option initialized
[2026-08-17T09:59:36.960] [DEBUG] debug-file - Module 'entry' target 'ohosTest' build option initialized
[2026-08-17T09:59:36.960] [DEBUG] debug-file - End initialize module-target build option map, moduleName=entry
[2026-08-17T09:59:36.960] [DEBUG] debug-file - Start initialize module-target build option map, moduleName=entry, buildMode=release
[2026-08-17T09:59:36.960] [DEBUG] debug-file - Target 'default' config initialized
[2026-08-17T09:59:36.960] [DEBUG] debug-file - Target 'ddz' config initialized
[2026-08-17T09:59:36.960] [DEBUG] debug-file - Does not get target 'ddz'corresponding build option.
[2026-08-17T09:59:36.960] [DEBUG] debug-file - Using preset build option 'release'.
[2026-08-17T09:59:36.960] [DEBUG] debug-file - Target 'wljxmj' config initialized
[2026-08-17T09:59:36.960] [DEBUG] debug-file - Does not get target 'wljxmj'corresponding build option.
[2026-08-17T09:59:36.960] [DEBUG] debug-file - Using preset build option 'release'.
[2026-08-17T09:59:36.961] [DEBUG] debug-file - Target 'fish' config initialized
[2026-08-17T09:59:36.961] [DEBUG] debug-file - Does not get target 'fish'corresponding build option.
[2026-08-17T09:59:36.961] [DEBUG] debug-file - Using preset build option 'release'.
[2026-08-17T09:59:36.961] [DEBUG] debug-file - Target 'jymxpd' config initialized
[2026-08-17T09:59:36.961] [DEBUG] debug-file - Does not get target 'jymxpd'corresponding build option.
[2026-08-17T09:59:36.961] [DEBUG] debug-file - Using preset build option 'release'.
[2026-08-17T09:59:36.961] [DEBUG] debug-file - Target 'ohosTest' config initialized
[2026-08-17T09:59:36.961] [DEBUG] debug-file - Module 'entry' target 'default' build option initialized
[2026-08-17T09:59:36.961] [DEBUG] debug-file - Module 'entry' target 'ddz' build option initialized
[2026-08-17T09:59:36.961] [DEBUG] debug-file - Module 'entry' target 'wljxmj' build option initialized
[2026-08-17T09:59:36.961] [DEBUG] debug-file - Module 'entry' target 'fish' build option initialized
[2026-08-17T09:59:36.961] [DEBUG] debug-file - Module 'entry' target 'jymxpd' build option initialized
[2026-08-17T09:59:36.961] [DEBUG] debug-file - Module 'entry' target 'ohosTest' build option initialized
[2026-08-17T09:59:36.961] [DEBUG] debug-file - End initialize module-target build option map, moduleName=entry
[2026-08-17T09:59:36.961] [DEBUG] debug-file - Obtain build option for module 'entry' target 'default'in this build.
[2026-08-17T09:59:36.962] [DEBUG] debug-file - Module entry task initialization takes 2 ms 
[2026-08-17T09:59:36.962] [DEBUG] debug-file - Hap plugin register hook start...
[2026-08-17T09:59:36.962] [DEBUG] debug-file - Hap plugin register hook end...
[2026-08-17T09:59:36.962] [DEBUG] debug-file - Plugin build process completed
[2026-08-17T09:59:36.962] [DEBUG] debug-file - hvigorfile, begin to bind custom plugins...
[2026-08-17T09:59:36.962] [DEBUG] debug-file - hvigorfile, no custom plugins were found in /Users/chenhan/Desktop/Git/RXSDK/RXSDK-Harmony-Native/entry/hvigorfile.ts
[2026-08-17T09:59:36.962] [DEBUG] debug-file - hvigorfile, resolve finished /Users/chenhan/Desktop/Git/RXSDK/RXSDK-Harmony-Native/entry/hvigorfile.ts
[2026-08-17T09:59:37.142] [DEBUG] debug-file - Info: Pack: normal pack mode

[2026-08-17T09:59:37.205] [DEBUG] debug-file - Info: hardware concurrency count is : 18
Info: thread count is : 18

[2026-08-17T09:59:37.205] [DEBUG] debug-file - Info: thread pool is started

[2026-08-17T09:59:37.206] [DEBUG] debug-file - Info: GenericCompiler::CompileFiles

[2026-08-17T09:59:37.210] [DEBUG] debug-file - Info: no icons need to scale, icon ids size is 0.

[2026-08-17T09:59:37.211] [DEBUG] debug-file - Info: restool resources compile success.

[2026-08-17T09:59:37.211] [DEBUG] debug-file - Info: thread pool is stopped

[2026-08-17T09:59:37.213] [WARN] debug-file - Warning: 'read_tracking_reason' conflict, first declared.
at /Users/chenhan/Desktop/Git/RXSDK/RXSDK-Harmony-Native/HmsSdk/src/main/resources/base/element/string.json
but declared again.
at /Users/chenhan/Desktop/Git/RXSDK/RXSDK-Harmony-Native/HmsSdk/build/default/intermediates/res/default/resource_str/base/element/string.json

[2026-08-17T09:59:37.213] [DEBUG] debug-file - hmssdk : default@CompileResource cost memory 1.8596267700195312
[2026-08-17T09:59:37.214] [DEBUG] debug-file - Executing task :hmssdk:default@DoNativeStrip
[2026-08-17T09:59:37.213] [DEBUG] debug-file - runTaskFromQueue task cost before running: 719 ms 
[2026-08-17T09:59:37.214] [DEBUG] debug-file - File: '/Users/chenhan/Desktop/Git/RXSDK/RXSDK-Harmony-Native/HmsSdk/build/default/intermediates/binxo/default' from 'doBinxoNativeLibs' is not exists, just ignore.
[2026-08-17T09:59:37.214] [INFO] debug-file - Finished :hmssdk:default@CompileResource... after 102 ms 
[2026-08-17T09:59:37.214] [DEBUG] debug-file - Task 'hmssdk:default@DoNativeStrip' cost while wrapping incremental declarations: 1 ms 
[2026-08-17T09:59:37.215] [DEBUG] debug-file - hmssdk : default@DoNativeStrip cost memory 0.081787109375
[2026-08-17T09:59:37.215] [DEBUG] debug-file - runTaskFromQueue task cost before running: 721 ms 
[2026-08-17T09:59:37.215] [DEBUG] debug-file - Executing task :hmssdk:default@ProcessObfuscationFiles
[2026-08-17T09:59:37.216] [DEBUG] debug-file - Executing task :hmssdk:default@HarCompileArkTS
[2026-08-17T09:59:37.215] [INFO] debug-file - Finished :hmssdk:default@DoNativeStrip... after 1 ms 
[2026-08-17T09:59:37.215] [DEBUG] debug-file - hmssdk : default@ProcessObfuscationFiles cost memory 0.017822265625
[2026-08-17T09:59:37.215] [DEBUG] debug-file - runTaskFromQueue task cost before running: 721 ms 
[2026-08-17T09:59:37.215] [INFO] debug-file - Finished :hmssdk:default@ProcessObfuscationFiles... after 1 ms 
[2026-08-17T09:59:37.217] [DEBUG] debug-file - Collect obfuscation config from dependency @tencent/wechat_open_sdk.
[2026-08-17T09:59:37.217] [DEBUG] debug-file - obfuscationOptions: {"selfConfig":{"ruleOptions":{"enable":true,"rules":["/Users/chenhan/Desktop/Git/RXSDK/RXSDK-Harmony-Native/HmsSdk/obfuscation-rules.txt","/Users/chenhan/Desktop/Git/RXSDK/RXSDK-Harmony-Native/HmsSdk/Hm-recommend-keep-list.txt"]},"consumerFiles":["./consumer-rules.txt"],"consumerRules":["/Users/chenhan/Desktop/Git/RXSDK/RXSDK-Harmony-Native/HmsSdk/consumer-rules.txt"]},"sdkApis":[],"obfuscationCacheDir":"/Users/chenhan/Desktop/Git/RXSDK/RXSDK-Harmony-Native/HmsSdk/build/default/cache/default/default@HarCompileArkTS/esmodule/release/obfuscation","exportRulePath":"/Users/chenhan/Desktop/Git/RXSDK/RXSDK-Harmony-Native/HmsSdk/build/default/intermediates/obfuscation/default/obfuscation.txt","dependencies":{"libraries":[],"hspLibraries":[],"hars":["/Users/chenhan/Desktop/Git/RXSDK/RXSDK-Harmony-Native/oh_modules/.ohpm/@tencent+wechat_open_sdk@1.0.16/oh_modules/@tencent/wechat_open_sdk/obfuscation.txt"],"hsps":[]}}
[2026-08-17T09:59:37.218] [DEBUG] debug-file - Task 'hmssdk:default@HarCompileArkTS' cost while wrapping incremental declarations: 1 ms 
[2026-08-17T09:59:37.219] [DEBUG] debug-file - Clean the arkts cache due to obfuscation config changes.
[2026-08-17T09:59:37.222] [DEBUG] debug-file - build config:
[2026-08-17T09:59:37.222] [DEBUG] debug-file - {
  moduleType: 'har',
  perf: 0,
  targetName: '.default',
  packageManagerType: 'ohpm',
  localPropertiesPath: '/Users/chenhan/Desktop/Git/RXSDK/RXSDK-Harmony-Native/local.properties',
  isPreview: false,
  isOhosTest: false,
  isLocalTest: false,
  buildMode: 'Release',
  hotReloadBuild: undefined,
  watchMode: 'false',
  aceProfilePath: '/Users/chenhan/Desktop/Git/RXSDK/RXSDK-Harmony-Native/HmsSdk/build/default/intermediates/res/default/resources/base/profile',
  etsLoaderPath: '/Applications/DevEco-Studio.app/Contents/sdk/default/openharmony/ets/build-tools/ets-loader',
  modulePath: '/Users/chenhan/Desktop/Git/RXSDK/RXSDK-Harmony-Native/HmsSdk',
  testFrameworkPar: {
    testMode: undefined,
    coveragePathFilter: undefined,
    coverageMode: undefined
  },
  needCoverageInsert: false,
  debugLine: false,
  projectTopDir: '/Users/chenhan/Desktop/Git/RXSDK/RXSDK-Harmony-Native',
  compileSdkVersion: 24,
  compatibleSdkVersion: 24,
  originCompatibleSdkVersion: '6.1.1(24)',
  compatibleSdkVersionStage: undefined,
  bundleName: 'c***k',
  etsLoaderVersion: '6.1.1.125',
  etsLoaderReleaseType: 'Release',
  aotCompileMode: 'type',
  apPath: '/Users/chenhan/Desktop/Git/RXSDK/RXSDK-Harmony-Native/HmsSdk/modules.ap',
  entryModuleName: 'hmssdk',
  entryModuleVersion: '4.0.0',
  entryPackageName: 'hmssdk',
  allModuleNameHash: 'eeff7930c41001b281124e3558918a9ac2550bb2bd97e23388241a7074792753',
  externalApiPaths: [ '/Applications/DevEco-Studio.app/Contents/sdk/default/hms/ets' ],
  compilerTypes: [],
  isCrossplatform: false,
  hvigorPluginFile: undefined,
  compilePluginPath: undefined,
  buildGeneratedProfilePath: '/Users/chenhan/Desktop/Git/RXSDK/RXSDK-Harmony-Native/HmsSdk/build/default/generated/profile/default',
  bundleType: 'app',
  arkTSVersion: undefined,
  apiVersion: 24,
  needCompleteSourcesMap: true,
  isFaMode: false,
  buildDir: '/Users/chenhan/Desktop/Git/RXSDK/RXSDK-Harmony-Native/HmsSdk/build',
  deviceTypes: [ 'default', 'phone', 'tablet', '2in1' ],
  pkgContextInfo: {
    pako: {
      packageName: 'pako',
      bundleName: '*****',
      moduleName: '',
      version: '2.1.0',
      entryPath: 'dist/pako.esm.mjs',
      isSO: false,
      dependencyAlias: ''
    },
    '@tencent/wechat_open_sdk': {
      packageName: '@tencent/wechat_open_sdk',
      bundleName: '*****',
      moduleName: '',
      version: '1.0.16',
      entryPath: 'Index.js',
      isSO: false,
      dependencyAlias: ''
    },
    '@types/pako': {
      packageName: '@types/pako',
      bundleName: '*****',
      moduleName: '',
      version: '2.0.0',
      entryPath: 'index',
      isSO: false,
      dependencyAlias: ''
    },
    '@ohos/hypium': {
      packageName: '@ohos/hypium',
      bundleName: '*****',
      moduleName: '',
      version: '1.0.11',
      entryPath: 'index.js',
      isSO: false,
      dependencyAlias: ''
    },
    hmssdk: {
      packageName: 'hmssdk',
      bundleName: '*****',
      moduleName: '',
      version: '4.0.0',
      entryPath: 'Index.ets',
      isSO: false,
      dependencyAlias: ''
    }
  },
  ohPackagePathMap: {},
  dependencyAliasMap: {},
  permission: {
    requestPermissions: [ [Object], [Object], [Object] ],
    definePermissions: undefined
  },
  useGetCurrentBundleName: false,
  projectArkOption: {
    obfuscation: {
      ruleOptions: [Object],
      consumerFiles: [Array],
      consumerRules: [Array]
    }
  },
  sourceMapDir: undefined,
  branchElimination: false,
  transformLib: undefined,
  tsImportSendable: false,
  resolveConflictMode: true,
  depName2RootPath: {},
  depName2DepInfo: {},
  depName2OhExports: {},
  rootPathSet: [ '/Users/chenhan/Desktop/Git/RXSDK/RXSDK-Harmony-Native' ],
  useNativeResolver: true,
  shouldEmitJs: true,
  useTscResolve: false,
  singleFileEmit: false,
  userProjectConfig: {
    autoLazyImport: false,
    allowEmptyBundleName: false,
    reExportCheckMode: 'noCheck',
    executionMode: 'memory',
    usePathPlaceholder: false,
    writeRollupCache: true,
    isExpandImportEnabled: false,
    expandImportExclude: '',
    lazyImportExclude: '',
    lazyImportInclude: '',
    ignoreCrossplatformCheck: false,
    isHarDeduplicateEnabled: false,
    skipOhModulesLint: false,
    enableStrictCheckOHModule: false,
    disableSendableCheckRules: [],
    useDeclarationFileSignature: false,
    customizedOptions: undefined,
    integratedHsp: false,
    isPreloadSoEnabled: false
  },
  executionMode: 'memory',
  arkCompileCachePath: '/Users/chenhan/Desktop/Git/RXSDK/RXSDK-Harmony-Native/HmsSdk/build/default/cache/default/default@HarCompileArkTS/esmodule',
  autoLazyFilter: undefined,
  isHarDeduplicateEnabled: false,
  intermediateHarDuplicateDirPath: '/Users/chenhan/Desktop/Git/RXSDK/RXSDK-Harmony-Native/HmsSdk/build/default/intermediates/har_duplicate/default',
  autoLazyImport: false,
  allowEmptyBundleName: false,
  reExportCheckMode: 'noCheck',
  usePathPlaceholder: false,
  writeRollupCache: true,
  isExpandImportEnabled: false,
  expandImportExclude: '',
  lazyImportExclude: '',
  lazyImportInclude: '',
  ignoreCrossplatformCheck: false,
  skipOhModulesLint: false,
  enableStrictCheckOHModule: false,
  disableSendableCheckRules: [],
  useDeclarationFileSignature: false,
  customizedOptions: undefined,
  integratedHsp: false,
  isPreloadSoEnabled: false,
  strictMode: { useNormalizedOHMUrl: true, noExternalImportByPath: true },
  useNormalizedOHMUrl: true,
  caseSensitiveCheck: false,
  strictCheckerOnly: false,
  aceModuleJsonPath: '/Users/chenhan/Desktop/Git/RXSDK/RXSDK-Harmony-Native/HmsSdk/build/default/intermediates/res/default/ark_module.json',
  appResource: '/Users/chenhan/Desktop/Git/RXSDK/RXSDK-Harmony-Native/HmsSdk/build/default/intermediates/res/default/ResourceTable.txt',
  rawFileResource: '/Users/chenhan/Desktop/Git/RXSDK/RXSDK-Harmony-Native/HmsSdk/build/default/intermediates/res/default/resources/rawfile',
  resourceTableHash: '25c776e387559e0597942719cfb39975467ed8e18dc8bf48f27710c79e3d5607',
  runtimeOS: 'HarmonyOS',
  sdkInfo: 'false:24:6.1.1.125:Release',
  aceModuleRoot: '/Users/chenhan/Desktop/Git/RXSDK/RXSDK-Harmony-Native/HmsSdk/src/main/ets',
  compileMode: 'esmodule',
  aceSuperVisualPath: '/Users/chenhan/Desktop/Git/RXSDK/RXSDK-Harmony-Native/HmsSdk/src/main/supervisual',
  aceBuildJson: '/Users/chenhan/Desktop/Git/RXSDK/RXSDK-Harmony-Native/HmsSdk/build/default/intermediates/loader/default/loader.json',
  cachePath: '/Users/chenhan/Desktop/Git/RXSDK/RXSDK-Harmony-Native/HmsSdk/build/default/cache/default/default@HarCompileArkTS/esmodule/release',
  aceModuleBuild: '/Users/chenhan/Desktop/Git/RXSDK/RXSDK-Harmony-Native/HmsSdk/build/default/intermediates/loader_out/default/ets',
  supportChunks: true,
  declaredFilesPath: '/Users/chenhan/Desktop/Git/RXSDK/RXSDK-Harmony-Native/HmsSdk/build/default/intermediates/loader_out/default/etsFortgz/hmssdk',
  shouldCollectDirectImportees: false,
  isByteCodeHarOptimize: false,
  expandImportPath: undefined,
  resourceTableTs: undefined,
  moduleMetaInfoFiles: undefined,
  pkgNameToPkgBriefInfo: {
    '@tencent/wechat_open_sdk': {
      pkgRoot: '/Users/chenhan/Desktop/Git/RXSDK/RXSDK-Harmony-Native/oh_modules/.ohpm/@tencent+wechat_open_sdk@1.0.16/oh_modules/@tencent/wechat_open_sdk',
      pkgName: '@tencent/wechat_open_sdk',
      sourceRoots: [Array]
    },
    hmssdk: {
      pkgRoot: '/Users/chenhan/Desktop/Git/RXSDK/RXSDK-Harmony-Native/HmsSdk',
      originalSourceRoots: undefined,
      sourceRoots: [Array],
      pkgName: 'hmssdk'
    }
  },
  projectModel: {
    '/Users/chenhan/Desktop/Git/RXSDK/RXSDK-Harmony-Native/entry/src/main': {
      moduleName: 'entry',
      modulePkgPath: '/Users/chenhan/Desktop/Git/RXSDK/RXSDK-Harmony-Native/entry',
      belongProjectPath: '/Users/chenhan/Desktop/Git/RXSDK/RXSDK-Harmony-Native'
    },
    '/Users/chenhan/Desktop/Git/RXSDK/RXSDK-Harmony-Native/entry/src/ohosTest': {
      moduleName: 'entry_test',
      modulePkgPath: '/Users/chenhan/Desktop/Git/RXSDK/RXSDK-Harmony-Native/entry',
      belongProjectPath: '/Users/chenhan/Desktop/Git/RXSDK/RXSDK-Harmony-Native'
    },
    '/Users/chenhan/Desktop/Git/RXSDK/RXSDK-Harmony-Native/entry': {
      moduleName: 'entry',
      modulePkgPath: '/Users/chenhan/Desktop/Git/RXSDK/RXSDK-Harmony-Native/entry',
      belongProjectPath: '/Users/chenhan/Desktop/Git/RXSDK/RXSDK-Harmony-Native'
    },
    '/Users/chenhan/Desktop/Git/RXSDK/RXSDK-Harmony-Native/HmsSdk/src/main': {
      moduleName: 'hmssdk',
      modulePkgPath: '/Users/chenhan/Desktop/Git/RXSDK/RXSDK-Harmony-Native/HmsSdk',
      belongProjectPath: '/Users/chenhan/Desktop/Git/RXSDK/RXSDK-Harmony-Native'
    },
    '/Users/chenhan/Desktop/Git/RXSDK/RXSDK-Harmony-Native/HmsSdk': {
      moduleName: 'hmssdk',
      modulePkgPath: '/Users/chenhan/Desktop/Git/RXSDK/RXSDK-Harmony-Native/HmsSdk',
      belongProjectPath: '/Users/chenhan/Desktop/Git/RXSDK/RXSDK-Harmony-Native'
    },
    '/Users/chenhan/Desktop/Git/RXSDK/RXSDK-Harmony-Native/rxsdk_wechat/src/main': {
      moduleName: 'rxsdk_wechat',
      modulePkgPath: '/Users/chenhan/Desktop/Git/RXSDK/RXSDK-Harmony-Native/rxsdk_wechat',
      belongProjectPath: '/Users/chenhan/Desktop/Git/RXSDK/RXSDK-Harmony-Native'
    },
    '/Users/chenhan/Desktop/Git/RXSDK/RXSDK-Harmony-Native/rxsdk_wechat/.test/default/intermediates/src/ohosTest/ets': {
      moduleName: 'rxsdk_wechat_test',
      modulePkgPath: '/Users/chenhan/Desktop/Git/RXSDK/RXSDK-Harmony-Native/rxsdk_wechat',
      belongProjectPath: '/Users/chenhan/Desktop/Git/RXSDK/RXSDK-Harmony-Native'
    },
    '/Users/chenhan/Desktop/Git/RXSDK/RXSDK-Harmony-Native/rxsdk_wechat/src/ohosTest': {
      moduleName: 'rxsdk_wechat_test',
      modulePkgPath: '/Users/chenhan/Desktop/Git/RXSDK/RXSDK-Harmony-Native/rxsdk_wechat',
      belongProjectPath: '/Users/chenhan/Desktop/Git/RXSDK/RXSDK-Harmony-Native'
    },
    '/Users/chenhan/Desktop/Git/RXSDK/RXSDK-Harmony-Native/rxsdk_wechat': {
      moduleName: 'rxsdk_wechat',
      modulePkgPath: '/Users/chenhan/Desktop/Git/RXSDK/RXSDK-Harmony-Native/rxsdk_wechat',
      belongProjectPath: '/Users/chenhan/Desktop/Git/RXSDK/RXSDK-Harmony-Native'
    },
    '/Users/chenhan/Desktop/Git/RXSDK/RXSDK-Harmony-Native/rxsdk_openinstall/src/main': {
      moduleName: 'rxsdk_openinstall',
      modulePkgPath: '/Users/chenhan/Desktop/Git/RXSDK/RXSDK-Harmony-Native/rxsdk_openinstall',
      belongProjectPath: '/Users/chenhan/Desktop/Git/RXSDK/RXSDK-Harmony-Native'
    },
    '/Users/chenhan/Desktop/Git/RXSDK/RXSDK-Harmony-Native/rxsdk_openinstall/.test/default/intermediates/src/ohosTest/ets': {
      moduleName: 'rxsdk_wechat_test',
      modulePkgPath: '/Users/chenhan/Desktop/Git/RXSDK/RXSDK-Harmony-Native/rxsdk_openinstall',
      belongProjectPath: '/Users/chenhan/Desktop/Git/RXSDK/RXSDK-Harmony-Native'
    },
    '/Users/chenhan/Desktop/Git/RXSDK/RXSDK-Harmony-Native/rxsdk_openinstall/src/ohosTest': {
      moduleName: 'rxsdk_wechat_test',
      modulePkgPath: '/Users/chenhan/Desktop/Git/RXSDK/RXSDK-Harmony-Native/rxsdk_openinstall',
      belongProjectPath: '/Users/chenhan/Desktop/Git/RXSDK/RXSDK-Harmony-Native'
    },
    '/Users/chenhan/Desktop/Git/RXSDK/RXSDK-Harmony-Native/rxsdk_openinstall': {
      moduleName: 'rxsdk_openinstall',
      modulePkgPath: '/Users/chenhan/Desktop/Git/RXSDK/RXSDK-Harmony-Native/rxsdk_openinstall',
      belongProjectPath: '/Users/chenhan/Desktop/Git/RXSDK/RXSDK-Harmony-Native'
    },
    '/Users/chenhan/Desktop/Git/RXSDK/RXSDK-Harmony-Native': {
      moduleName: 'RXSDK-Harmony-Native',
      modulePkgPath: '/Users/chenhan/Desktop/Git/RXSDK/RXSDK-Harmony-Native',
      belongProjectPath: '/Users/chenhan/Desktop/Git/RXSDK/RXSDK-Harmony-Native'
    }
  },
  pkgJsonFileHash: '330b5fde145b552f704c32ef6b818dd66d7e6a1afced14fdd0b518779289f87a',
  allModulePaths: [
    '/Users/chenhan/Desktop/Git/RXSDK/RXSDK-Harmony-Native/entry',
    '/Users/chenhan/Desktop/Git/RXSDK/RXSDK-Harmony-Native/HmsSdk',
    '/Users/chenhan/Desktop/Git/RXSDK/RXSDK-Harmony-Native/rxsdk_wechat',
    '/Users/chenhan/Desktop/Git/RXSDK/RXSDK-Harmony-Native/rxsdk_openinstall'
  ],
  routerMap: {},
  obfuscationOptions: {
    selfConfig: {
      ruleOptions: [Object],
      consumerFiles: [Array],
      consumerRules: [Array]
    },
    sdkApis: [],
    obfuscationCacheDir: '/Users/chenhan/Desktop/Git/RXSDK/RXSDK-Harmony-Native/HmsSdk/build/default/cache/default/default@HarCompileArkTS/esmodule/release/obfuscation',
    exportRulePath: '/Users/chenhan/Desktop/Git/RXSDK/RXSDK-Harmony-Native/HmsSdk/build/default/intermediates/obfuscation/default/obfuscation.txt',
    dependencies: { libraries: [], hspLibraries: [], hars: [Array], hsps: [] }
  },
  byteCodeHarToDependencyKeys: undefined,
  compileBlockPkg: [ '@ohos/hypium', 'pako', '@tencent/wechat_open_sdk', '@types/pako' ],
  mockParams: {
    decorator: '@MockSetup',
    packageName: '@ohos/hamock',
    etsSourceRootPath: 'src/main/ets',
    mockConfigPath: undefined,
    mockConfigKey2ModuleInfo: {},
    source2ModuleIdMap: {}
  },
  copyCodeResourceEnable: true,
  copyCodeResourceExcludes: [],
  copyCodeResourceIncludes: undefined,
  uiTransformOptimization: true,
  sdkPath: '/Applications/DevEco-Studio.app/Contents/sdk',
  needPreloadSoFileSet: {},
  preloadSoFilePath: '/Users/chenhan/Desktop/Git/RXSDK/RXSDK-Harmony-Native/HmsSdk/build/default/intermediates/preload/default/preload.json',
  useSourceHash: false,
  localModuleParamMap: {},
  otherPaths: {
    '@tencent/wechat_open_sdk/*': [
      '../../../../oh_modules/.ohpm/@tencent+wechat_open_sdk@1.0.16/oh_modules/@tencent/wechat_open_sdk/src/main/*'
    ],
    'hmssdk/*': [ '../*', '../../../build/default/generated/profile/default/*' ]
  },
  collectImportersConfig: undefined,
  byteCodeHar: true,
  obfuscate: 'uglify',
  skipBuildEnd: false
}
[2026-08-17T09:59:37.222] [DEBUG] debug-file - Compile arkts with external api path: /Applications/DevEco-Studio.app/Contents/sdk/default/hms/ets
[2026-08-17T09:59:37.223] [DEBUG] debug-file - Since there is no instance or instance is terminated, create a new worker pool.
[2026-08-17T09:59:37.223] [DEBUG] debug-file - Worker pool is initialized with config:  {
  minPoolNum: 2,
  maxPoolNum: undefined,
  maxCoreSize: undefined,
  cacheCapacity: undefined,
  cacheTtl: undefined
}
[2026-08-17T09:59:37.223] [DEBUG] debug-file - Create  resident worker with id: 0.
[2026-08-17T09:59:37.226] [DEBUG] debug-file - Executing task :hmssdk:default@CacheNativeLibs
[2026-08-17T09:59:37.224] [DEBUG] debug-file - Create  resident worker with id: 1.
[2026-08-17T09:59:37.226] [DEBUG] debug-file - File: '/Users/chenhan/Desktop/Git/RXSDK/RXSDK-Harmony-Native/HmsSdk/build/default/intermediates/binxo/default' from 'cacheBinxoNativeLibs' is not exists, just ignore.
[2026-08-17T09:59:37.225] [DEBUG] debug-file - default@HarCompileArkTS work[0] is submitted.
[2026-08-17T09:59:37.226] [DEBUG] debug-file - Task 'hmssdk:default@CacheNativeLibs' cost while wrapping incremental declarations: 1 ms 
[2026-08-17T09:59:37.225] [DEBUG] debug-file - default@HarCompileArkTS work[0] is pushed to ready queue.
[2026-08-17T09:59:37.226] [DEBUG] debug-file - default@CacheNativeLibs work[2] is submitted.
[2026-08-17T09:59:37.225] [DEBUG] debug-file - A work dispatched to worker[17] failed because unable to get work from ready queue.
[2026-08-17T09:59:37.227] [DEBUG] debug-file - default@CacheNativeLibs work[2] is pushed to ready queue.
[2026-08-17T09:59:37.225] [DEBUG] debug-file - A work dispatched to worker[16] failed because unable to get work from ready queue.
[2026-08-17T09:59:37.227] [DEBUG] debug-file - A work dispatched to worker[17] failed because unable to get work from ready queue.
[2026-08-17T09:59:37.225] [DEBUG] debug-file - A work dispatched to worker[15] failed because unable to get work from ready queue.
[2026-08-17T09:59:37.227] [DEBUG] debug-file - A work dispatched to worker[16] failed because of worker busy.
[2026-08-17T09:59:37.225] [DEBUG] debug-file - A work dispatched to worker[14] failed because unable to get work from ready queue.
[2026-08-17T09:59:37.227] [DEBUG] debug-file - Create  resident worker with id: 15.
[2026-08-17T09:59:37.225] [DEBUG] debug-file - A work dispatched to worker[13] failed because unable to get work from ready queue.
[2026-08-17T09:59:37.227] [DEBUG] debug-file - default@CacheNativeLibs work[2] has been dispatched to worker[15].
[2026-08-17T09:59:37.225] [DEBUG] debug-file - A work dispatched to worker[12] failed because unable to get work from ready queue.
[2026-08-17T09:59:37.227] [DEBUG] debug-file - default@CacheNativeLibs work[2] is dispatched.
[2026-08-17T09:59:37.225] [DEBUG] debug-file - A work dispatched to worker[11] failed because unable to get work from ready queue.
[2026-08-17T09:59:37.227] [DEBUG] debug-file - hmssdk : default@CacheNativeLibs cost memory 0.19516754150390625
[2026-08-17T09:59:37.225] [DEBUG] debug-file - A work dispatched to worker[10] failed because unable to get work from ready queue.
[2026-08-17T09:59:37.225] [DEBUG] debug-file - A work dispatched to worker[9] failed because unable to get work from ready queue.
[2026-08-17T09:59:37.225] [DEBUG] debug-file - A work dispatched to worker[8] failed because unable to get work from ready queue.
[2026-08-17T09:59:37.225] [DEBUG] debug-file - A work dispatched to worker[7] failed because unable to get work from ready queue.
[2026-08-17T09:59:37.225] [DEBUG] debug-file - A work dispatched to worker[6] failed because unable to get work from ready queue.
[2026-08-17T09:59:37.225] [DEBUG] debug-file - A work dispatched to worker[5] failed because unable to get work from ready queue.
[2026-08-17T09:59:37.225] [DEBUG] debug-file - Create  resident worker with id: 4.
[2026-08-17T09:59:37.225] [DEBUG] debug-file - default@HarCompileArkTS work[0] has been dispatched to worker[4].
[2026-08-17T09:59:37.225] [DEBUG] debug-file - default@HarCompileArkTS work[0] is dispatched.
[2026-08-17T09:59:37.225] [DEBUG] debug-file - CopyResources startTime: 2248511072731541
[2026-08-17T09:59:37.225] [DEBUG] debug-file - default@HarCompileArkTS work[1] is submitted.
[2026-08-17T09:59:37.225] [DEBUG] debug-file - default@HarCompileArkTS work[1] is pushed to ready queue.
[2026-08-17T09:59:37.225] [DEBUG] debug-file - A work dispatched to worker[17] failed because unable to get work from ready queue.
[2026-08-17T09:59:37.225] [DEBUG] debug-file - Create  resident worker with id: 16.
[2026-08-17T09:59:37.226] [DEBUG] debug-file - default@HarCompileArkTS work[1] has been dispatched to worker[16].
[2026-08-17T09:59:37.226] [DEBUG] debug-file - default@HarCompileArkTS work[1] is dispatched.
[2026-08-17T09:59:37.226] [DEBUG] debug-file - hmssdk : default@HarCompileArkTS cost memory 2.5107498168945312
[2026-08-17T09:59:37.442] [DEBUG] debug-file - worker[16] has one work done.
[2026-08-17T09:59:37.442] [DEBUG] debug-file - CopyResources is end, endTime: 2248511289521791
[2026-08-17T09:59:37.442] [DEBUG] debug-file - default@HarCompileArkTS work[1] done.
[2026-08-17T09:59:37.442] [DEBUG] debug-file - A work dispatched to worker[16] failed because unable to get work from ready queue.
[2026-08-17T09:59:37.452] [DEBUG] debug-file - worker[15] has one work done.
[2026-08-17T09:59:37.452] [DEBUG] debug-file - default@CacheNativeLibs work[2] done.
[2026-08-17T09:59:37.452] [DEBUG] debug-file - A work dispatched to worker[15] failed because unable to get work from ready queue.
[2026-08-17T09:59:37.452] [INFO] debug-file - Finished :hmssdk:default@CacheNativeLibs... after 3 ms 
[2026-08-17T09:59:43.444] [WARN] debug-file - [33mWARN: [33m[33mArkTS:WARN File: /Users/chenhan/Desktop/Git/RXSDK/RXSDK-Harmony-Native/HmsSdk/src/main/ets/wx/WXApi.ets:58:61
 Argument of type 'string | undefined' is not assignable to parameter of type 'string'.
  Type 'undefined' is not assignable to type 'string'.
[39m[39m
[33mWARN: [33m[33mArkTS:WARN File: /Users/chenhan/Desktop/Git/RXSDK/RXSDK-Harmony-Native/HmsSdk/src/main/ets/wx/WXApi.ets:65:15
 Classes cannot be used as objects (arkts-no-classes-as-obj)
[39m[39m
[33mWARN: [33m[33mArkTS:WARN File: /Users/chenhan/Desktop/Git/RXSDK/RXSDK-Harmony-Native/HmsSdk/src/main/ets/nearby/common/FileUtils.ets:23:34
 "globalThis" is not supported (arkts-no-globalthis)
[39m[39m
[33mWARN: [33m[33mArkTS:WARN File: /Users/chenhan/Desktop/Git/RXSDK/RXSDK-Harmony-Native/HmsSdk/src/main/ets/nearby/common/FileUtils.ets:64:34
 "globalThis" is not supported (arkts-no-globalthis)
[39m[39m
[33mWARN: [33m[33mArkTS:WARN File: /Users/chenhan/Desktop/Git/RXSDK/RXSDK-Harmony-Native/HmsSdk/src/main/ets/nearby/common/FileUtils.ets:162:34
 "globalThis" is not supported (arkts-no-globalthis)
[39m[39m
[33mWARN: [33m[33mArkTS:WARN File: /Users/chenhan/Desktop/Git/RXSDK/RXSDK-Harmony-Native/HmsSdk/src/main/ets/sdk/RXApi.ets:339:21
 "globalThis" is not supported (arkts-no-globalthis)
[39m[39m
[33mWARN: [33m[33mArkTS:WARN File: /Users/chenhan/Desktop/Git/RXSDK/RXSDK-Harmony-Native/HmsSdk/src/main/ets/sdk/SDKManager.ets:40:7
 "globalThis" is not supported (arkts-no-globalthis)
[39m[39m
[33mWARN: [33m[33mArkTS:WARN File: /Users/chenhan/Desktop/Git/RXSDK/RXSDK-Harmony-Native/HmsSdk/src/main/ets/sdk/SDKManager.ets:55:5
 "globalThis" is not supported (arkts-no-globalthis)
[39m[39m
[33mWARN: [33m[33mArkTS:WARN File: /Users/chenhan/Desktop/Git/RXSDK/RXSDK-Harmony-Native/HmsSdk/src/main/ets/sdk/SDKManager.ets:64:5
 "globalThis" is not supported (arkts-no-globalthis)
[39m[39m
[33mWARN: [33m[33mArkTS:WARN File: /Users/chenhan/Desktop/Git/RXSDK/RXSDK-Harmony-Native/HmsSdk/src/main/ets/sdk/SDKManager.ets:74:12
 "globalThis" is not supported (arkts-no-globalthis)
[39m[39m
[33mWARN: [33m[33mArkTS:WARN File: /Users/chenhan/Desktop/Git/RXSDK/RXSDK-Harmony-Native/HmsSdk/src/main/ets/sdk/SDKManager.ets:131:36
 "globalThis" is not supported (arkts-no-globalthis)
[39m[39m
[33mWARN: [33m[33mArkTS:WARN File: /Users/chenhan/Desktop/Git/RXSDK/RXSDK-Harmony-Native/HmsSdk/src/main/ets/sdk/SDKManager.ets:191:57
 "globalThis" is not supported (arkts-no-globalthis)
[39m[39m
[33mWARN: [33m[33mArkTS:WARN File: /Users/chenhan/Desktop/Git/RXSDK/RXSDK-Harmony-Native/HmsSdk/src/main/ets/components/TestKeyboardView.ets:121:45
 'Function.bind' is not supported (arkts-no-func-bind)
[39m[39m
[33mWARN: [33m[33mArkTS:WARN File: /Users/chenhan/Desktop/Git/RXSDK/RXSDK-Harmony-Native/HmsSdk/src/main/ets/sdk/TuanjieBridge.ets:33:34
 "globalThis" is not supported (arkts-no-globalthis)
[39m[39m
[33mWARN: [33m[33mArkTS:WARN File: /Users/chenhan/Desktop/Git/RXSDK/RXSDK-Harmony-Native/HmsSdk/src/main/ets/workers/MessageHandler.ets:10:13
 Usage of 'ESObject' type is restricted (arkts-limited-esobj)
[39m[39m
[33mWARN: [33m[33mArkTS:WARN File: /Users/chenhan/Desktop/Git/RXSDK/RXSDK-Harmony-Native/HmsSdk/src/main/ets/workers/MessageHandler.ets:12:13
 Usage of 'ESObject' type is restricted (arkts-limited-esobj)
[39m[39m
[33mWARN: [33m[33mArkTS:WARN: For details about ArkTS syntax errors, see FAQs[39m[39m
[33mWARN: [33m[33mArkTS:WARN File: /Users/chenhan/Desktop/Git/RXSDK/RXSDK-Harmony-Native/HmsSdk/src/main/ets/utils/BufferUtil.ts:153:12
 Function may throw exceptions. Special handling is required.
[39m[39m
[33mWARN: [33m[33mArkTS:WARN File: /Users/chenhan/Desktop/Git/RXSDK/RXSDK-Harmony-Native/HmsSdk/src/main/ets/utils/CryptoUtil.ts:43:24
 Function may throw exceptions. Special handling is required.
[39m[39m
[33mWARN: [33m[33mArkTS:WARN File: /Users/chenhan/Desktop/Git/RXSDK/RXSDK-Harmony-Native/HmsSdk/src/main/ets/utils/CryptoUtil.ts:46:5
 Function may throw exceptions. Special handling is required.
[39m[39m
[33mWARN: [33m[33mArkTS:WARN File: /Users/chenhan/Desktop/Git/RXSDK/RXSDK-Harmony-Native/HmsSdk/src/main/ets/utils/CryptoUtil.ts:47:15
 Function may throw exceptions. Special handling is required.
[39m[39m
[33mWARN: [33m[33mArkTS:WARN File: /Users/chenhan/Desktop/Git/RXSDK/RXSDK-Harmony-Native/HmsSdk/src/main/ets/utils/CryptoUtil.ts:59:24
 Function may throw exceptions. Special handling is required.
[39m[39m
[33mWARN: [33m[33mArkTS:WARN File: /Users/chenhan/Desktop/Git/RXSDK/RXSDK-Harmony-Native/HmsSdk/src/main/ets/utils/CryptoUtil.ts:61:5
 Function may throw exceptions. Special handling is required.
[39m[39m
[33mWARN: [33m[33mArkTS:WARN File: /Users/chenhan/Desktop/Git/RXSDK/RXSDK-Harmony-Native/HmsSdk/src/main/ets/utils/CryptoUtil.ts:63:15
 Function may throw exceptions. Special handling is required.
[39m[39m
[33mWARN: [33m[33mArkTS:WARN File: /Users/chenhan/Desktop/Git/RXSDK/RXSDK-Harmony-Native/HmsSdk/src/main/ets/utils/CryptoUtil.ts:96:16
 Function may throw exceptions. Special handling is required.
[39m[39m
[33mWARN: [33m[33mArkTS:WARN File: /Users/chenhan/Desktop/Git/RXSDK/RXSDK-Harmony-Native/HmsSdk/src/main/ets/utils/CryptoUtil.ts:97:28
 Function may throw exceptions. Special handling is required.
[39m[39m
[33mWARN: [33m[33mArkTS:WARN File: /Users/chenhan/Desktop/Git/RXSDK/RXSDK-Harmony-Native/HmsSdk/src/main/ets/utils/CryptoUtil.ts:131:40
 Function may throw exceptions. Special handling is required.
[39m[39m
[33mWARN: [33m[33mArkTS:WARN File: /Users/chenhan/Desktop/Git/RXSDK/RXSDK-Harmony-Native/HmsSdk/src/main/ets/utils/CryptoUtil.ts:132:44
 Function may throw exceptions. Special handling is required.
[39m[39m
[33mWARN: [33m[33mArkTS:WARN File: /Users/chenhan/Desktop/Git/RXSDK/RXSDK-Harmony-Native/HmsSdk/src/main/ets/utils/CryptoUtil.ts:133:45
 Function may throw exceptions. Special handling is required.
[39m[39m
[33mWARN: [33m[33mArkTS:WARN File: /Users/chenhan/Desktop/Git/RXSDK/RXSDK-Harmony-Native/HmsSdk/src/main/ets/utils/CryptoUtil.ts:163:16
 Function may throw exceptions. Special handling is required.
[39m[39m
[33mWARN: [33m[33mArkTS:WARN File: /Users/chenhan/Desktop/Git/RXSDK/RXSDK-Harmony-Native/HmsSdk/src/main/ets/utils/CryptoUtil.ts:252:24
 Function may throw exceptions. Special handling is required.
[39m[39m
[33mWARN: [33m[33mArkTS:WARN File: /Users/chenhan/Desktop/Git/RXSDK/RXSDK-Harmony-Native/HmsSdk/src/main/ets/utils/CryptoUtil.ts:253:18
 Function may throw exceptions. Special handling is required.
[39m[39m
[33mWARN: [33m[33mArkTS:WARN File: /Users/chenhan/Desktop/Git/RXSDK/RXSDK-Harmony-Native/HmsSdk/src/main/ets/utils/CryptoUtil.ts:261:15
 Function may throw exceptions. Special handling is required.
[39m[39m
[33mWARN: [33m[33mArkTS:WARN File: /Users/chenhan/Desktop/Git/RXSDK/RXSDK-Harmony-Native/HmsSdk/src/main/ets/utils/CryptoUtil.ts:262:5
 Function may throw exceptions. Special handling is required.
[39m[39m
[33mWARN: [33m[33mArkTS:WARN File: /Users/chenhan/Desktop/Git/RXSDK/RXSDK-Harmony-Native/HmsSdk/src/main/ets/utils/CryptoUtil.ts:263:5
 Function may throw exceptions. Special handling is required.
[39m[39m
[33mWARN: [33m[33mArkTS:WARN File: /Users/chenhan/Desktop/Git/RXSDK/RXSDK-Harmony-Native/HmsSdk/src/main/ets/utils/CryptoUtil.ts:264:21
 Function may throw exceptions. Special handling is required.
[39m[39m
[33mWARN: [33m[33mArkTS:WARN File: /Users/chenhan/Desktop/Git/RXSDK/RXSDK-Harmony-Native/HmsSdk/src/main/ets/utils/CryptoUtil.ts:289:16
 Function may throw exceptions. Special handling is required.
[39m[39m
[33mWARN: [33m[33mArkTS:WARN File: /Users/chenhan/Desktop/Git/RXSDK/RXSDK-Harmony-Native/HmsSdk/src/main/ets/utils/Devices.ts:133:5
 Function may throw exceptions. Special handling is required.
[39m[39m
[33mWARN: [33m[33mArkTS:WARN File: /Users/chenhan/Desktop/Git/RXSDK/RXSDK-Harmony-Native/HmsSdk/src/main/ets/utils/Devices.ts:134:5
 Function may throw exceptions. Special handling is required.
[39m[39m
[33mWARN: [33m[33mArkTS:WARN File: /Users/chenhan/Desktop/Git/RXSDK/RXSDK-Harmony-Native/HmsSdk/src/main/ets/utils/Devices.ts:178:79
 To use this API, you need to apply for the permissions: ohos.permission.READ_PASTEBOARD
[39m[39m
[33mWARN: [33m[33mArkTS:WARN File: /Users/chenhan/Desktop/Git/RXSDK/RXSDK-Harmony-Native/HmsSdk/src/main/ets/utils/Devices.ts:191:5
 Function may throw exceptions. Special handling is required.
[39m[39m
[33mWARN: [33m[33mArkTS:WARN File: /Users/chenhan/Desktop/Git/RXSDK/RXSDK-Harmony-Native/HmsSdk/src/main/ets/utils/Devices.ts:197:26
 Function may throw exceptions. Special handling is required.
[39m[39m
[33mWARN: [33m[33mArkTS:WARN File: /Users/chenhan/Desktop/Git/RXSDK/RXSDK-Harmony-Native/HmsSdk/src/main/ets/utils/Devices.ts:205:5
 Function may throw exceptions. Special handling is required.
[39m[39m
[33mWARN: [33m[33mArkTS:WARN File: /Users/chenhan/Desktop/Git/RXSDK/RXSDK-Harmony-Native/HmsSdk/src/main/ets/utils/Devices.ts:206:5
 Function may throw exceptions. Special handling is required.
[39m[39m
[33mWARN: [33m[33mArkTS:WARN File: /Users/chenhan/Desktop/Git/RXSDK/RXSDK-Harmony-Native/HmsSdk/src/main/ets/utils/Devices.ts:211:27
 Function may throw exceptions. Special handling is required.
[39m[39m
[33mWARN: [33m[33mArkTS:WARN File: /Users/chenhan/Desktop/Git/RXSDK/RXSDK-Harmony-Native/HmsSdk/src/main/ets/utils/Devices.ts:214:5
 Function may throw exceptions. Special handling is required.
[39m[39m
[33mWARN: [33m[33mArkTS:WARN File: /Users/chenhan/Desktop/Git/RXSDK/RXSDK-Harmony-Native/HmsSdk/src/main/ets/utils/Devices.ts:215:5
 Function may throw exceptions. Special handling is required.
[39m[39m
[33mWARN: [33m[33mArkTS:WARN File: /Users/chenhan/Desktop/Git/RXSDK/RXSDK-Harmony-Native/HmsSdk/src/main/ets/utils/Devices.ts:221:29
 Function may throw exceptions. Special handling is required.
[39m[39m
[33mWARN: [33m[33mArkTS:WARN File: /Users/chenhan/Desktop/Git/RXSDK/RXSDK-Harmony-Native/HmsSdk/src/main/ets/utils/Devices.ts:223:17
 Function may throw exceptions. Special handling is required.
[39m[39m
[33mWARN: [33m[33mArkTS:WARN File: /Users/chenhan/Desktop/Git/RXSDK/RXSDK-Harmony-Native/HmsSdk/src/main/ets/utils/Devices.ts:238:58
 'getSystemLocale' has been deprecated.
[39m[39m
[33mWARN: [33m[33mArkTS:WARN File: /Users/chenhan/Desktop/Git/RXSDK/RXSDK-Harmony-Native/HmsSdk/src/main/ets/utils/Devices.ts:246:24
 'getSystemLocale' has been deprecated.
[39m[39m
[33mWARN: [33m[33mArkTS:WARN File: /Users/chenhan/Desktop/Git/RXSDK/RXSDK-Harmony-Native/HmsSdk/src/main/ets/utils/Devices.ts:392:14
 Function may throw exceptions. Special handling is required.
[39m[39m
[33mWARN: [33m[33mArkTS:WARN File: /Users/chenhan/Desktop/Git/RXSDK/RXSDK-Harmony-Native/HmsSdk/src/main/ets/utils/Devices.ts:405:5
 Function may throw exceptions. Special handling is required.
[39m[39m
[33mWARN: [33m[33mArkTS:WARN File: /Users/chenhan/Desktop/Git/RXSDK/RXSDK-Harmony-Native/HmsSdk/src/main/ets/utils/Devices.ts:406:5
 Function may throw exceptions. Special handling is required.
[39m[39m
[33mWARN: [33m[33mArkTS:WARN File: /Users/chenhan/Desktop/Git/RXSDK/RXSDK-Harmony-Native/HmsSdk/src/main/ets/utils/Devices.ts:415:7
 Function may throw exceptions. Special handling is required.
[39m[39m
[33mWARN: [33m[33mArkTS:WARN File: /Users/chenhan/Desktop/Git/RXSDK/RXSDK-Harmony-Native/HmsSdk/src/main/ets/utils/Devices.ts:416:7
 Function may throw exceptions. Special handling is required.
[39m[39m
[33mWARN: [33m[33mArkTS:WARN File: /Users/chenhan/Desktop/Git/RXSDK/RXSDK-Harmony-Native/HmsSdk/src/main/ets/utils/RXUtil.ts:7:4
 The system capacity of this api 'gamePlayer' is not supported on all devices
[39m[39m
[33mWARN: [33m[33mArkTS:WARN File: /Users/chenhan/Desktop/Git/RXSDK/RXSDK-Harmony-Native/HmsSdk/src/main/ets/utils/RXUtil.ts:7:15
 The system capacity of this api 'GameErrorCode' is not supported on all devices
[39m[39m
[33mWARN: [33m[33mArkTS:WARN File: /Users/chenhan/Desktop/Git/RXSDK/RXSDK-Harmony-Native/HmsSdk/src/main/ets/utils/RXUtil.ts:7:29
 The system capacity of this api 'UNION_LOGIN_CANCELED' is not supported on all devices
[39m[39m
[33mWARN: [33m[33mArkTS:WARN File: /Users/chenhan/Desktop/Git/RXSDK/RXSDK-Harmony-Native/HmsSdk/src/main/ets/utils/JWTUtil.ts:18:24
 'decodeWithStream' has been deprecated.
[39m[39m
[33mWARN: [33m[33mArkTS:WARN File: /Users/chenhan/Desktop/Git/RXSDK/RXSDK-Harmony-Native/HmsSdk/src/main/ets/sdk/SDKHandler.ts:74:30
 The API is not supported on all devices. Use the canIUse condition to determine whether the API is supported.
[39m[39m
[33mWARN: [33m[33mArkTS:WARN File: /Users/chenhan/Desktop/Git/RXSDK/RXSDK-Harmony-Native/HmsSdk/src/main/ets/sdk/SDKHandler.ts:74:45
 The API is not supported on all devices. Use the canIUse condition to determine whether the API is supported.
[39m[39m
[33mWARN: [33m[33mArkTS:WARN File: /Users/chenhan/Desktop/Git/RXSDK/RXSDK-Harmony-Native/HmsSdk/src/main/ets/sdk/SDKHandler.ts:74:64
 The API is not supported on all devices. Use the canIUse condition to determine whether the API is supported.
[39m[39m
[33mWARN: [33m[33mArkTS:WARN File: /Users/chenhan/Desktop/Git/RXSDK/RXSDK-Harmony-Native/HmsSdk/src/main/ets/sdk/SDKHandler.ts:76:20
 The API is not supported on all devices. Use the canIUse condition to determine whether the API is supported.
[39m[39m
[33mWARN: [33m[33mArkTS:WARN File: /Users/chenhan/Desktop/Git/RXSDK/RXSDK-Harmony-Native/HmsSdk/src/main/ets/sdk/SDKHandler.ts:77:20
 The API is not supported on all devices. Use the canIUse condition to determine whether the API is supported.
[39m[39m
[33mWARN: [33m[33mArkTS:WARN File: /Users/chenhan/Desktop/Git/RXSDK/RXSDK-Harmony-Native/HmsSdk/src/main/ets/sdk/SDKHandler.ts:78:20
 The API is not supported on all devices. Use the canIUse condition to determine whether the API is supported.
[39m[39m
[33mWARN: [33m[33mArkTS:WARN File: /Users/chenhan/Desktop/Git/RXSDK/RXSDK-Harmony-Native/HmsSdk/src/main/ets/sdk/SDKHandler.ts:78:43
 The API is not supported on all devices. Use the canIUse condition to determine whether the API is supported.
[39m[39m
[33mWARN: [33m[33mArkTS:WARN File: /Users/chenhan/Desktop/Git/RXSDK/RXSDK-Harmony-Native/HmsSdk/src/main/ets/sdk/SDKHandler.ts:78:58
 The API is not supported on all devices. Use the canIUse condition to determine whether the API is supported.
[39m[39m
[33mWARN: [33m[33mArkTS:WARN File: /Users/chenhan/Desktop/Git/RXSDK/RXSDK-Harmony-Native/HmsSdk/src/main/ets/sdk/SDKHandler.ts:78:79
 The API is not supported on all devices. Use the canIUse condition to determine whether the API is supported.
[39m[39m
[33mWARN: [33m[33mArkTS:WARN File: /Users/chenhan/Desktop/Git/RXSDK/RXSDK-Harmony-Native/HmsSdk/src/main/ets/sdk/SDKHandler.ts:79:28
 The API is not supported on all devices. Use the canIUse condition to determine whether the API is supported.
[39m[39m
[33mWARN: [33m[33mArkTS:WARN File: /Users/chenhan/Desktop/Git/RXSDK/RXSDK-Harmony-Native/HmsSdk/src/main/ets/sdk/SDKHandler.ts:79:43
 The API is not supported on all devices. Use the canIUse condition to determine whether the API is supported.
[39m[39m
[33mWARN: [33m[33mArkTS:WARN File: /Users/chenhan/Desktop/Git/RXSDK/RXSDK-Harmony-Native/HmsSdk/src/main/ets/sdk/SDKHandler.ts:80:98
 The API is not supported on all devices. Use the canIUse condition to determine whether the API is supported.
[39m[39m
[33mWARN: [33m[33mArkTS:WARN File: /Users/chenhan/Desktop/Git/RXSDK/RXSDK-Harmony-Native/HmsSdk/src/main/ets/sdk/SDKHandler.ts:81:45
 The API is not supported on all devices. Use the canIUse condition to determine whether the API is supported.
[39m[39m
[33mWARN: [33m[33mArkTS:WARN File: /Users/chenhan/Desktop/Git/RXSDK/RXSDK-Harmony-Native/HmsSdk/src/main/ets/sdk/SDKHandler.ts:82:24
 The API is not supported on all devices. Use the canIUse condition to determine whether the API is supported.
[39m[39m
[33mWARN: [33m[33mArkTS:WARN File: /Users/chenhan/Desktop/Git/RXSDK/RXSDK-Harmony-Native/HmsSdk/src/main/ets/sdk/SDKHandler.ts:87:58
 The API is not supported on all devices. Use the canIUse condition to determine whether the API is supported.
[39m[39m
[33mWARN: [33m[33mArkTS:WARN File: /Users/chenhan/Desktop/Git/RXSDK/RXSDK-Harmony-Native/HmsSdk/src/main/ets/sdk/SDKHandler.ts:106:29
 The API is not supported on all devices. Use the canIUse condition to determine whether the API is supported.
[39m[39m
[33mWARN: [33m[33mArkTS:WARN File: /Users/chenhan/Desktop/Git/RXSDK/RXSDK-Harmony-Native/HmsSdk/src/main/ets/sdk/SDKHandler.ts:106:44
 The API is not supported on all devices. Use the canIUse condition to determine whether the API is supported.
[39m[39m
[33mWARN: [33m[33mArkTS:WARN File: /Users/chenhan/Desktop/Git/RXSDK/RXSDK-Harmony-Native/HmsSdk/src/main/ets/sdk/SDKHandler.ts:106:63
 The API is not supported on all devices. Use the canIUse condition to determine whether the API is supported.
[39m[39m
[33mWARN: [33m[33mArkTS:WARN File: /Users/chenhan/Desktop/Git/RXSDK/RXSDK-Harmony-Native/HmsSdk/src/main/ets/sdk/SDKHandler.ts:107:19
 The API is not supported on all devices. Use the canIUse condition to determine whether the API is supported.
[39m[39m
[33mWARN: [33m[33mArkTS:WARN File: /Users/chenhan/Desktop/Git/RXSDK/RXSDK-Harmony-Native/HmsSdk/src/main/ets/sdk/SDKHandler.ts:108:19
 The API is not supported on all devices. Use the canIUse condition to determine whether the API is supported.
[39m[39m
[33mWARN: [33m[33mArkTS:WARN File: /Users/chenhan/Desktop/Git/RXSDK/RXSDK-Harmony-Native/HmsSdk/src/main/ets/sdk/SDKHandler.ts:109:19
 The API is not supported on all devices. Use the canIUse condition to determine whether the API is supported.
[39m[39m
[33mWARN: [33m[33mArkTS:WARN File: /Users/chenhan/Desktop/Git/RXSDK/RXSDK-Harmony-Native/HmsSdk/src/main/ets/sdk/SDKHandler.ts:110:19
 The API is not supported on all devices. Use the canIUse condition to determine whether the API is supported.
[39m[39m
[33mWARN: [33m[33mArkTS:WARN File: /Users/chenhan/Desktop/Git/RXSDK/RXSDK-Harmony-Native/HmsSdk/src/main/ets/sdk/SDKHandler.ts:111:28
 The API is not supported on all devices. Use the canIUse condition to determine whether the API is supported.
[39m[39m
[33mWARN: [33m[33mArkTS:WARN File: /Users/chenhan/Desktop/Git/RXSDK/RXSDK-Harmony-Native/HmsSdk/src/main/ets/sdk/SDKHandler.ts:111:43
 The API is not supported on all devices. Use the canIUse condition to determine whether the API is supported.
[39m[39m
[33mWARN: [33m[33mArkTS:WARN File: /Users/chenhan/Desktop/Git/RXSDK/RXSDK-Harmony-Native/HmsSdk/src/main/ets/sdk/SDKHandler.ts:112:114
 The API is not supported on all devices. Use the canIUse condition to determine whether the API is supported.
[39m[39m
[33mWARN: [33m[33mArkTS:WARN File: /Users/chenhan/Desktop/Git/RXSDK/RXSDK-Harmony-Native/HmsSdk/src/main/ets/sdk/SDKHandler.ts:113:45
 The API is not supported on all devices. Use the canIUse condition to determine whether the API is supported.
[39m[39m
[33mWARN: [33m[33mArkTS:WARN File: /Users/chenhan/Desktop/Git/RXSDK/RXSDK-Harmony-Native/HmsSdk/src/main/ets/sdk/SDKHandler.ts:113:67
 The API is not supported on all devices. Use the canIUse condition to determine whether the API is supported.
[39m[39m
[33mWARN: [33m[33mArkTS:WARN File: /Users/chenhan/Desktop/Git/RXSDK/RXSDK-Harmony-Native/HmsSdk/src/main/ets/sdk/SDKHandler.ts:116:57
 The API is not supported on all devices. Use the canIUse condition to determine whether the API is supported.
[39m[39m
[33mWARN: [33m[33mArkTS:WARN File: /Users/chenhan/Desktop/Git/RXSDK/RXSDK-Harmony-Native/HmsSdk/src/main/ets/sdk/SDKHandler.ts:133:31
 The API is not supported on all devices. Use the canIUse condition to determine whether the API is supported.
[39m[39m
[33mWARN: [33m[33mArkTS:WARN File: /Users/chenhan/Desktop/Git/RXSDK/RXSDK-Harmony-Native/HmsSdk/src/main/ets/sdk/SDKHandler.ts:133:46
 The API is not supported on all devices. Use the canIUse condition to determine whether the API is supported.
[39m[39m
[33mWARN: [33m[33mArkTS:WARN File: /Users/chenhan/Desktop/Git/RXSDK/RXSDK-Harmony-Native/HmsSdk/src/main/ets/sdk/SDKHandler.ts:133:65
 The API is not supported on all devices. Use the canIUse condition to determine whether the API is supported.
[39m[39m
[33mWARN: [33m[33mArkTS:WARN File: /Users/chenhan/Desktop/Git/RXSDK/RXSDK-Harmony-Native/HmsSdk/src/main/ets/sdk/SDKHandler.ts:134:21
 The API is not supported on all devices. Use the canIUse condition to determine whether the API is supported.
[39m[39m
[33mWARN: [33m[33mArkTS:WARN File: /Users/chenhan/Desktop/Git/RXSDK/RXSDK-Harmony-Native/HmsSdk/src/main/ets/sdk/SDKHandler.ts:135:28
 The API is not supported on all devices. Use the canIUse condition to determine whether the API is supported.
[39m[39m
[33mWARN: [33m[33mArkTS:WARN File: /Users/chenhan/Desktop/Git/RXSDK/RXSDK-Harmony-Native/HmsSdk/src/main/ets/sdk/SDKHandler.ts:135:43
 The API is not supported on all devices. Use the canIUse condition to determine whether the API is supported.
[39m[39m
[33mWARN: [33m[33mArkTS:WARN File: /Users/chenhan/Desktop/Git/RXSDK/RXSDK-Harmony-Native/HmsSdk/src/main/ets/sdk/SDKHandler.ts:136:35
 The API is not supported on all devices. Use the canIUse condition to determine whether the API is supported.
[39m[39m
[33mWARN: [33m[33mArkTS:WARN File: /Users/chenhan/Desktop/Git/RXSDK/RXSDK-Harmony-Native/HmsSdk/src/main/ets/sdk/SDKHandler.ts:138:47
 The API is not supported on all devices. Use the canIUse condition to determine whether the API is supported.
[39m[39m
[33mWARN: [33m[33mArkTS:WARN File: /Users/chenhan/Desktop/Git/RXSDK/RXSDK-Harmony-Native/HmsSdk/src/main/ets/sdk/SDKHandler.ts:139:47
 The API is not supported on all devices. Use the canIUse condition to determine whether the API is supported.
[39m[39m
[33mWARN: [33m[33mArkTS:WARN File: /Users/chenhan/Desktop/Git/RXSDK/RXSDK-Harmony-Native/HmsSdk/src/main/ets/sdk/SDKHandler.ts:231:55
 The API is not supported on all devices. Use the canIUse condition to determine whether the API is supported.
[39m[39m
[33mWARN: [33m[33mArkTS:WARN File: /Users/chenhan/Desktop/Git/RXSDK/RXSDK-Harmony-Native/HmsSdk/src/main/ets/sdk/SDKHandler.ts:231:66
 The API is not supported on all devices. Use the canIUse condition to determine whether the API is supported.
[39m[39m
[33mWARN: [33m[33mArkTS:WARN File: /Users/chenhan/Desktop/Git/RXSDK/RXSDK-Harmony-Native/HmsSdk/src/main/ets/sdk/SDKHandler.ts:232:32
 The API is not supported on all devices. Use the canIUse condition to determine whether the API is supported.
[39m[39m
[33mWARN: [33m[33mArkTS:WARN File: /Users/chenhan/Desktop/Git/RXSDK/RXSDK-Harmony-Native/HmsSdk/src/main/ets/sdk/SDKHandler.ts:233:41
 The API is not supported on all devices. Use the canIUse condition to determine whether the API is supported.
[39m[39m
[33mWARN: [33m[33mArkTS:WARN File: /Users/chenhan/Desktop/Git/RXSDK/RXSDK-Harmony-Native/HmsSdk/src/main/ets/sdk/SDKHandler.ts:234:59
 The API is not supported on all devices. Use the canIUse condition to determine whether the API is supported.
[39m[39m
[33mWARN: [33m[33mArkTS:WARN File: /Users/chenhan/Desktop/Git/RXSDK/RXSDK-Harmony-Native/HmsSdk/src/main/ets/sdk/SDKHandler.ts:240:21
 The API is not supported on all devices. Use the canIUse condition to determine whether the API is supported.
[39m[39m
[33mWARN: [33m[33mArkTS:WARN File: /Users/chenhan/Desktop/Git/RXSDK/RXSDK-Harmony-Native/HmsSdk/src/main/ets/sdk/SDKHandler.ts:240:38
 The API is not supported on all devices. Use the canIUse condition to determine whether the API is supported.
[39m[39m
[33mWARN: [33m[33mArkTS:WARN File: /Users/chenhan/Desktop/Git/RXSDK/RXSDK-Harmony-Native/HmsSdk/src/main/ets/sdk/SDKHandler.ts:240:61
 The API is not supported on all devices. Use the canIUse condition to determine whether the API is supported.
[39m[39m
[33mWARN: [33m[33mArkTS:WARN File: /Users/chenhan/Desktop/Git/RXSDK/RXSDK-Harmony-Native/HmsSdk/src/main/ets/sdk/SDKHandler.ts:240:78
 The API is not supported on all devices. Use the canIUse condition to determine whether the API is supported.
[39m[39m
[33mWARN: [33m[33mArkTS:WARN File: /Users/chenhan/Desktop/Git/RXSDK/RXSDK-Harmony-Native/HmsSdk/src/main/ets/sdk/SDKHandler.ts:261:60
 The API is not supported on all devices. Use the canIUse condition to determine whether the API is supported.
[39m[39m
[33mWARN: [33m[33mArkTS:WARN File: /Users/chenhan/Desktop/Git/RXSDK/RXSDK-Harmony-Native/HmsSdk/src/main/ets/sdk/SDKHandler.ts:261:77
 The API is not supported on all devices. Use the canIUse condition to determine whether the API is supported.
[39m[39m
[33mWARN: [33m[33mArkTS:WARN File: /Users/chenhan/Desktop/Git/RXSDK/RXSDK-Harmony-Native/HmsSdk/src/main/ets/sdk/SDKHandler.ts:261:140
 The API is not supported on all devices. Use the canIUse condition to determine whether the API is supported.
[39m[39m
[33mWARN: [33m[33mArkTS:WARN File: /Users/chenhan/Desktop/Git/RXSDK/RXSDK-Harmony-Native/HmsSdk/src/main/ets/sdk/SDKHandler.ts:261:152
 The API is not supported on all devices. Use the canIUse condition to determine whether the API is supported.
[39m[39m
[33mWARN: [33m[33mArkTS:WARN File: /Users/chenhan/Desktop/Git/RXSDK/RXSDK-Harmony-Native/HmsSdk/src/main/ets/sdk/SDKHandler.ts:286:13
 The API is not supported on all devices. Use the canIUse condition to determine whether the API is supported.
[39m[39m
[33mWARN: [33m[33mArkTS:WARN File: /Users/chenhan/Desktop/Git/RXSDK/RXSDK-Harmony-Native/HmsSdk/src/main/ets/sdk/SDKHandler.ts:286:17
 The API is not supported on all devices. Use the canIUse condition to determine whether the API is supported.
[39m[39m
[33mWARN: [33m[33mArkTS:WARN File: /Users/chenhan/Desktop/Git/RXSDK/RXSDK-Harmony-Native/HmsSdk/src/main/ets/sdk/SDKHandler.ts:308:7
 The API is not supported on all devices. Use the canIUse condition to determine whether the API is supported.
[39m[39m
[33mWARN: [33m[33mArkTS:WARN File: /Users/chenhan/Desktop/Git/RXSDK/RXSDK-Harmony-Native/HmsSdk/src/main/ets/sdk/SDKHandler.ts:308:11
 The API is not supported on all devices. Use the canIUse condition to determine whether the API is supported.
[39m[39m
[33mWARN: [33m[33mArkTS:WARN File: /Users/chenhan/Desktop/Git/RXSDK/RXSDK-Harmony-Native/HmsSdk/src/main/ets/sdk/SDKHandler.ts:320:62
 The API is not supported on all devices. Use the canIUse condition to determine whether the API is supported.
[39m[39m
[33mWARN: [33m[33mArkTS:WARN File: /Users/chenhan/Desktop/Git/RXSDK/RXSDK-Harmony-Native/HmsSdk/src/main/ets/sdk/SDKHandler.ts:320:66
 The API is not supported on all devices. Use the canIUse condition to determine whether the API is supported.
[39m[39m
[33mWARN: [33m[33mArkTS:WARN File: /Users/chenhan/Desktop/Git/RXSDK/RXSDK-Harmony-Native/HmsSdk/src/main/ets/sdk/SDKHandler.ts:321:54
 The API is not supported on all devices. Use the canIUse condition to determine whether the API is supported.
[39m[39m
[33mWARN: [33m[33mArkTS:WARN File: /Users/chenhan/Desktop/Git/RXSDK/RXSDK-Harmony-Native/HmsSdk/src/main/ets/sdk/SDKHandler.ts:335:24
 The API is not supported on all devices. Use the canIUse condition to determine whether the API is supported.
[39m[39m
[33mWARN: [33m[33mArkTS:WARN File: /Users/chenhan/Desktop/Git/RXSDK/RXSDK-Harmony-Native/HmsSdk/src/main/ets/sdk/SDKHandler.ts:335:28
 The API is not supported on all devices. Use the canIUse condition to determine whether the API is supported.
[39m[39m
[33mWARN: [33m[33mArkTS:WARN File: /Users/chenhan/Desktop/Git/RXSDK/RXSDK-Harmony-Native/HmsSdk/src/main/ets/sdk/SDKHandler.ts:335:41
 The API is not supported on all devices. Use the canIUse condition to determine whether the API is supported.
[39m[39m
[33mWARN: [33m[33mArkTS:WARN File: /Users/chenhan/Desktop/Git/RXSDK/RXSDK-Harmony-Native/HmsSdk/src/main/ets/sdk/SDKHandler.ts:335:71
 The API is not supported on all devices. Use the canIUse condition to determine whether the API is supported.
[39m[39m
[33mWARN: [33m[33mArkTS:WARN File: /Users/chenhan/Desktop/Git/RXSDK/RXSDK-Harmony-Native/HmsSdk/src/main/ets/sdk/SDKHandler.ts:335:75
 The API is not supported on all devices. Use the canIUse condition to determine whether the API is supported.
[39m[39m
[33mWARN: [33m[33mArkTS:WARN File: /Users/chenhan/Desktop/Git/RXSDK/RXSDK-Harmony-Native/HmsSdk/src/main/ets/sdk/SDKHandler.ts:335:88
 The API is not supported on all devices. Use the canIUse condition to determine whether the API is supported.
[39m[39m
[33mWARN: [33m[33mArkTS:WARN File: /Users/chenhan/Desktop/Git/RXSDK/RXSDK-Harmony-Native/HmsSdk/src/main/ets/sdk/SDKHandler.ts:370:7
 The API is not supported on all devices. Use the canIUse condition to determine whether the API is supported.
[39m[39m
[33mWARN: [33m[33mArkTS:WARN File: /Users/chenhan/Desktop/Git/RXSDK/RXSDK-Harmony-Native/HmsSdk/src/main/ets/sdk/SDKHandler.ts:370:11
 The API is not supported on all devices. Use the canIUse condition to determine whether the API is supported.
[39m[39m
[33mWARN: [33m[33mArkTS:WARN File: /Users/chenhan/Desktop/Git/RXSDK/RXSDK-Harmony-Native/HmsSdk/src/main/ets/sdk/SDKHandler.ts:394:13
 The API is not supported on all devices. Use the canIUse condition to determine whether the API is supported.
[39m[39m
[33mWARN: [33m[33mArkTS:WARN File: /Users/chenhan/Desktop/Git/RXSDK/RXSDK-Harmony-Native/HmsSdk/src/main/ets/sdk/SDKHandler.ts:394:17
 The API is not supported on all devices. Use the canIUse condition to determine whether the API is supported.
[39m[39m
[33mWARN: [33m[33mArkTS:WARN File: /Users/chenhan/Desktop/Git/RXSDK/RXSDK-Harmony-Native/HmsSdk/src/main/ets/sdk/SDKHandler.ts:395:50
 The API is not supported on all devices. Use the canIUse condition to determine whether the API is supported.
[39m[39m
[33mWARN: [33m[33mArkTS:WARN File: /Users/chenhan/Desktop/Git/RXSDK/RXSDK-Harmony-Native/HmsSdk/src/main/ets/sdk/SDKHandler.ts:395:54
 The API is not supported on all devices. Use the canIUse condition to determine whether the API is supported.
[39m[39m
[33mWARN: [33m[33mArkTS:WARN File: /Users/chenhan/Desktop/Git/RXSDK/RXSDK-Harmony-Native/HmsSdk/src/main/ets/sdk/SDKHandler.ts:396:36
 The API is not supported on all devices. Use the canIUse condition to determine whether the API is supported.
[39m[39m
[33mWARN: [33m[33mArkTS:WARN File: /Users/chenhan/Desktop/Git/RXSDK/RXSDK-Harmony-Native/HmsSdk/src/main/ets/sdk/SDKHandler.ts:450:13
 The API is not supported on all devices. Use the canIUse condition to determine whether the API is supported.
[39m[39m
[33mWARN: [33m[33mArkTS:WARN File: /Users/chenhan/Desktop/Git/RXSDK/RXSDK-Harmony-Native/HmsSdk/src/main/ets/sdk/SDKHandler.ts:450:24
 The API is not supported on all devices. Use the canIUse condition to determine whether the API is supported.
[39m[39m
[33mWARN: [33m[33mArkTS:WARN File: /Users/chenhan/Desktop/Git/RXSDK/RXSDK-Harmony-Native/HmsSdk/src/main/ets/sdk/SDKHandler.ts:452:7
 The API is not supported on all devices. Use the canIUse condition to determine whether the API is supported.
[39m[39m
[33mWARN: [33m[33mArkTS:WARN File: /Users/chenhan/Desktop/Git/RXSDK/RXSDK-Harmony-Native/HmsSdk/src/main/ets/sdk/SDKHandler.ts:452:18
 The API is not supported on all devices. Use the canIUse condition to determine whether the API is supported.
[39m[39m
[33mWARN: [33m[33mArkTS:WARN File: /Users/chenhan/Desktop/Git/RXSDK/RXSDK-Harmony-Native/HmsSdk/src/main/ets/sdk/SDKHandler.ts:464:16
 The API is not supported on all devices. Use the canIUse condition to determine whether the API is supported.
[39m[39m
[33mWARN: [33m[33mArkTS:WARN File: /Users/chenhan/Desktop/Git/RXSDK/RXSDK-Harmony-Native/HmsSdk/src/main/ets/sdk/SDKHandler.ts:464:26
 The API is not supported on all devices. Use the canIUse condition to determine whether the API is supported.
[39m[39m
[33mWARN: [33m[33mArkTS:WARN File: /Users/chenhan/Desktop/Git/RXSDK/RXSDK-Harmony-Native/HmsSdk/src/main/ets/sdk/SDKHandler.ts:464:37
 The API is not supported on all devices. Use the canIUse condition to determine whether the API is supported.
[39m[39m
[33mWARN: [33m[33mArkTS:WARN File: /Users/chenhan/Desktop/Git/RXSDK/RXSDK-Harmony-Native/HmsSdk/src/main/ets/sdk/SDKHandler.ts:464:56
 The API is not supported on all devices. Use the canIUse condition to determine whether the API is supported.
[39m[39m
[33mWARN: [33m[33mArkTS:WARN File: /Users/chenhan/Desktop/Git/RXSDK/RXSDK-Harmony-Native/HmsSdk/src/main/ets/sdk/SDKHandler.ts:466:60
 The API is not supported on all devices. Use the canIUse condition to determine whether the API is supported.
[39m[39m
[33mWARN: [33m[33mArkTS:WARN File: /Users/chenhan/Desktop/Git/RXSDK/RXSDK-Harmony-Native/HmsSdk/src/main/ets/sdk/SDKHandler.ts:477:13
 The API is not supported on all devices. Use the canIUse condition to determine whether the API is supported.
[39m[39m
[33mWARN: [33m[33mArkTS:WARN File: /Users/chenhan/Desktop/Git/RXSDK/RXSDK-Harmony-Native/HmsSdk/src/main/ets/sdk/SDKHandler.ts:477:24
 The API is not supported on all devices. Use the canIUse condition to determine whether the API is supported.
[39m[39m
[33mWARN: [33m[33mArkTS:WARN File: /Users/chenhan/Desktop/Git/RXSDK/RXSDK-Harmony-Native/HmsSdk/src/main/ets/sdk/SDKHandler.ts:480:17
 The API is not supported on all devices. Use the canIUse condition to determine whether the API is supported.
[39m[39m
[33mWARN: [33m[33mArkTS:WARN File: /Users/chenhan/Desktop/Git/RXSDK/RXSDK-Harmony-Native/HmsSdk/src/main/ets/sdk/SDKHandler.ts:481:17
 The API is not supported on all devices. Use the canIUse condition to determine whether the API is supported.
[39m[39m
[33mWARN: [33m[33mArkTS:WARN File: /Users/chenhan/Desktop/Git/RXSDK/RXSDK-Harmony-Native/HmsSdk/src/main/ets/sdk/SDKHandler.ts:482:15
 The API is not supported on all devices. Use the canIUse condition to determine whether the API is supported.
[39m[39m
[33mWARN: [33m[33mArkTS:WARN File: /Users/chenhan/Desktop/Git/RXSDK/RXSDK-Harmony-Native/HmsSdk/src/main/ets/sdk/SDKHandler.ts:482:26
 The API is not supported on all devices. Use the canIUse condition to determine whether the API is supported.
[39m[39m
[33mWARN: [33m[33mArkTS:WARN File: /Users/chenhan/Desktop/Git/RXSDK/RXSDK-Harmony-Native/HmsSdk/src/main/ets/sdk/SDKHandler.ts:498:13
 The API is not supported on all devices. Use the canIUse condition to determine whether the API is supported.
[39m[39m
[33mWARN: [33m[33mArkTS:WARN File: /Users/chenhan/Desktop/Git/RXSDK/RXSDK-Harmony-Native/HmsSdk/src/main/ets/sdk/SDKHandler.ts:498:24
 The API is not supported on all devices. Use the canIUse condition to determine whether the API is supported.
[39m[39m
[33mWARN: [33m[33mArkTS:WARN File: /Users/chenhan/Desktop/Git/RXSDK/RXSDK-Harmony-Native/HmsSdk/src/main/ets/sdk/SDKHandler.ts:516:13
 The API is not supported on all devices. Use the canIUse condition to determine whether the API is supported.
[39m[39m
[33mWARN: [33m[33mArkTS:WARN File: /Users/chenhan/Desktop/Git/RXSDK/RXSDK-Harmony-Native/HmsSdk/src/main/ets/sdk/SDKHandler.ts:516:24
 The API is not supported on all devices. Use the canIUse condition to determine whether the API is supported.
[39m[39m
[33mWARN: [33m[33mArkTS:WARN File: /Users/chenhan/Desktop/Git/RXSDK/RXSDK-Harmony-Native/HmsSdk/src/main/ets/sdk/SDKHandler.ts:534:29
 The API is not supported on all devices. Use the canIUse condition to determine whether the API is supported.
[39m[39m
[33mWARN: [33m[33mArkTS:WARN File: /Users/chenhan/Desktop/Git/RXSDK/RXSDK-Harmony-Native/HmsSdk/src/main/ets/sdk/SDKHandler.ts:534:44
 The API is not supported on all devices. Use the canIUse condition to determine whether the API is supported.
[39m[39m
[33mWARN: [33m[33mArkTS:WARN File: /Users/chenhan/Desktop/Git/RXSDK/RXSDK-Harmony-Native/HmsSdk/src/main/ets/sdk/SDKHandler.ts:534:63
 The API is not supported on all devices. Use the canIUse condition to determine whether the API is supported.
[39m[39m
[33mWARN: [33m[33mArkTS:WARN File: /Users/chenhan/Desktop/Git/RXSDK/RXSDK-Harmony-Native/HmsSdk/src/main/ets/sdk/SDKHandler.ts:535:19
 The API is not supported on all devices. Use the canIUse condition to determine whether the API is supported.
[39m[39m
[33mWARN: [33m[33mArkTS:WARN File: /Users/chenhan/Desktop/Git/RXSDK/RXSDK-Harmony-Native/HmsSdk/src/main/ets/sdk/SDKHandler.ts:539:30
 The API is not supported on all devices. Use the canIUse condition to determine whether the API is supported.
[39m[39m
[33mWARN: [33m[33mArkTS:WARN File: /Users/chenhan/Desktop/Git/RXSDK/RXSDK-Harmony-Native/HmsSdk/src/main/ets/sdk/SDKHandler.ts:539:45
 The API is not supported on all devices. Use the canIUse condition to determine whether the API is supported.
[39m[39m
[33mWARN: [33m[33mArkTS:WARN File: /Users/chenhan/Desktop/Git/RXSDK/RXSDK-Harmony-Native/HmsSdk/src/main/ets/sdk/SDKHandler.ts:540:20
 The API is not supported on all devices. Use the canIUse condition to determine whether the API is supported.
[39m[39m
[33mWARN: [33m[33mArkTS:WARN File: /Users/chenhan/Desktop/Git/RXSDK/RXSDK-Harmony-Native/HmsSdk/src/main/ets/sdk/SDKHandler.ts:547:51
 The API is not supported on all devices. Use the canIUse condition to determine whether the API is supported.
[39m[39m
[33mWARN: [33m[33mArkTS:WARN File: /Users/chenhan/Desktop/Git/RXSDK/RXSDK-Harmony-Native/HmsSdk/src/main/ets/sdk/SDKHandler.ts:548:51
 The API is not supported on all devices. Use the canIUse condition to determine whether the API is supported.
[39m[39m
[33mWARN: [33m[33mArkTS:WARN File: /Users/chenhan/Desktop/Git/RXSDK/RXSDK-Harmony-Native/HmsSdk/src/main/ets/sdk/SDKHandler.ts:572:9
 The API is not supported on all devices. Use the canIUse condition to determine whether the API is supported.
[39m[39m
[33mWARN: [33m[33mArkTS:WARN File: /Users/chenhan/Desktop/Git/RXSDK/RXSDK-Harmony-Native/HmsSdk/src/main/ets/sdk/SDKHandler.ts:572:20
 The API is not supported on all devices. Use the canIUse condition to determine whether the API is supported.
[39m[39m
[33mWARN: [33m[33mArkTS:WARN File: /Users/chenhan/Desktop/Git/RXSDK/RXSDK-Harmony-Native/HmsSdk/src/main/ets/sdk/SDKHandler.ts:596:15
 The API is not supported on all devices. Use the canIUse condition to determine whether the API is supported.
[39m[39m
[33mWARN: [33m[33mArkTS:WARN File: /Users/chenhan/Desktop/Git/RXSDK/RXSDK-Harmony-Native/HmsSdk/src/main/ets/sdk/SDKHandler.ts:597:15
 The API is not supported on all devices. Use the canIUse condition to determine whether the API is supported.
[39m[39m
[33mWARN: [33m[33mArkTS:WARN File: /Users/chenhan/Desktop/Git/RXSDK/RXSDK-Harmony-Native/HmsSdk/src/main/ets/sdk/SDKHandler.ts:598:13
 The API is not supported on all devices. Use the canIUse condition to determine whether the API is supported.
[39m[39m
[33mWARN: [33m[33mArkTS:WARN File: /Users/chenhan/Desktop/Git/RXSDK/RXSDK-Harmony-Native/HmsSdk/src/main/ets/sdk/SDKHandler.ts:598:24
 The API is not supported on all devices. Use the canIUse condition to determine whether the API is supported.
[39m[39m
[33mWARN: [33m[33mArkTS:WARN File: /Users/chenhan/Desktop/Git/RXSDK/RXSDK-Harmony-Native/HmsSdk/src/main/ets/sdk/SDKHandler.ts:622:14
 The API is not supported on all devices. Use the canIUse condition to determine whether the API is supported.
[39m[39m
[33mWARN: [33m[33mArkTS:WARN File: /Users/chenhan/Desktop/Git/RXSDK/RXSDK-Harmony-Native/HmsSdk/src/main/ets/sdk/SDKHandler.ts:622:18
 The API is not supported on all devices. Use the canIUse condition to determine whether the API is supported.
[39m[39m
[33mWARN: [33m[33mArkTS:WARN File: /Users/chenhan/Desktop/Git/RXSDK/RXSDK-Harmony-Native/HmsSdk/src/main/ets/sdk/SDKHandler.ts:622:30
 The API is not supported on all devices. Use the canIUse condition to determine whether the API is supported.
[39m[39m
[33mWARN: [33m[33mArkTS:WARN File: /Users/chenhan/Desktop/Git/RXSDK/RXSDK-Harmony-Native/HmsSdk/src/main/ets/sdk/SDKHandler.ts:624:14
 The API is not supported on all devices. Use the canIUse condition to determine whether the API is supported.
[39m[39m
[33mWARN: [33m[33mArkTS:WARN File: /Users/chenhan/Desktop/Git/RXSDK/RXSDK-Harmony-Native/HmsSdk/src/main/ets/sdk/SDKHandler.ts:624:18
 The API is not supported on all devices. Use the canIUse condition to determine whether the API is supported.
[39m[39m
[33mWARN: [33m[33mArkTS:WARN File: /Users/chenhan/Desktop/Git/RXSDK/RXSDK-Harmony-Native/HmsSdk/src/main/ets/sdk/SDKHandler.ts:624:30
 The API is not supported on all devices. Use the canIUse condition to determine whether the API is supported.
[39m[39m
[33mWARN: [33m[33mArkTS:WARN File: /Users/chenhan/Desktop/Git/RXSDK/RXSDK-Harmony-Native/HmsSdk/src/main/ets/sdk/SDKHandler.ts:626:14
 The API is not supported on all devices. Use the canIUse condition to determine whether the API is supported.
[39m[39m
[33mWARN: [33m[33mArkTS:WARN File: /Users/chenhan/Desktop/Git/RXSDK/RXSDK-Harmony-Native/HmsSdk/src/main/ets/sdk/SDKHandler.ts:626:18
 The API is not supported on all devices. Use the canIUse condition to determine whether the API is supported.
[39m[39m
[33mWARN: [33m[33mArkTS:WARN File: /Users/chenhan/Desktop/Git/RXSDK/RXSDK-Harmony-Native/HmsSdk/src/main/ets/sdk/SDKHandler.ts:626:30
 The API is not supported on all devices. Use the canIUse condition to determine whether the API is supported.
[39m[39m
[33mWARN: [33m[33mArkTS:WARN File: /Users/chenhan/Desktop/Git/RXSDK/RXSDK-Harmony-Native/HmsSdk/src/main/ets/sdk/SDKHandler.ts:628:14
 The API is not supported on all devices. Use the canIUse condition to determine whether the API is supported.
[39m[39m
[33mWARN: [33m[33mArkTS:WARN File: /Users/chenhan/Desktop/Git/RXSDK/RXSDK-Harmony-Native/HmsSdk/src/main/ets/sdk/SDKHandler.ts:628:18
 The API is not supported on all devices. Use the canIUse condition to determine whether the API is supported.
[39m[39m
[33mWARN: [33m[33mArkTS:WARN File: /Users/chenhan/Desktop/Git/RXSDK/RXSDK-Harmony-Native/HmsSdk/src/main/ets/sdk/SDKHandler.ts:628:30
 The API is not supported on all devices. Use the canIUse condition to determine whether the API is supported.
[39m[39m
[33mWARN: [33m[33mArkTS:WARN File: /Users/chenhan/Desktop/Git/RXSDK/RXSDK-Harmony-Native/HmsSdk/src/main/ets/sdk/SDKHandler.ts:630:14
 The API is not supported on all devices. Use the canIUse condition to determine whether the API is supported.
[39m[39m
[33mWARN: [33m[33mArkTS:WARN File: /Users/chenhan/Desktop/Git/RXSDK/RXSDK-Harmony-Native/HmsSdk/src/main/ets/sdk/SDKHandler.ts:630:18
 The API is not supported on all devices. Use the canIUse condition to determine whether the API is supported.
[39m[39m
[33mWARN: [33m[33mArkTS:WARN File: /Users/chenhan/Desktop/Git/RXSDK/RXSDK-Harmony-Native/HmsSdk/src/main/ets/sdk/SDKHandler.ts:630:30
 The API is not supported on all devices. Use the canIUse condition to determine whether the API is supported.
[39m[39m
[33mWARN: [33m[33mArkTS:WARN File: /Users/chenhan/Desktop/Git/RXSDK/RXSDK-Harmony-Native/HmsSdk/src/main/ets/sdk/SDKHandler.ts:632:14
 The API is not supported on all devices. Use the canIUse condition to determine whether the API is supported.
[39m[39m
[33mWARN: [33m[33mArkTS:WARN File: /Users/chenhan/Desktop/Git/RXSDK/RXSDK-Harmony-Native/HmsSdk/src/main/ets/sdk/SDKHandler.ts:632:18
 The API is not supported on all devices. Use the canIUse condition to determine whether the API is supported.
[39m[39m
[33mWARN: [33m[33mArkTS:WARN File: /Users/chenhan/Desktop/Git/RXSDK/RXSDK-Harmony-Native/HmsSdk/src/main/ets/sdk/SDKHandler.ts:632:30
 The API is not supported on all devices. Use the canIUse condition to determine whether the API is supported.
[39m[39m
[33mWARN: [33m[33mArkTS:WARN File: /Users/chenhan/Desktop/Git/RXSDK/RXSDK-Harmony-Native/HmsSdk/src/main/ets/sdk/SDKHandler.ts:634:14
 The API is not supported on all devices. Use the canIUse condition to determine whether the API is supported.
[39m[39m
[33mWARN: [33m[33mArkTS:WARN File: /Users/chenhan/Desktop/Git/RXSDK/RXSDK-Harmony-Native/HmsSdk/src/main/ets/sdk/SDKHandler.ts:634:18
 The API is not supported on all devices. Use the canIUse condition to determine whether the API is supported.
[39m[39m
[33mWARN: [33m[33mArkTS:WARN File: /Users/chenhan/Desktop/Git/RXSDK/RXSDK-Harmony-Native/HmsSdk/src/main/ets/sdk/SDKHandler.ts:634:30
 The API is not supported on all devices. Use the canIUse condition to determine whether the API is supported.
[39m[39m
[33mWARN: [33m[33mArkTS:WARN File: /Users/chenhan/Desktop/Git/RXSDK/RXSDK-Harmony-Native/HmsSdk/src/main/ets/sdk/SDKHandler.ts:642:14
 The API is not supported on all devices. Use the canIUse condition to determine whether the API is supported.
[39m[39m
[33mWARN: [33m[33mArkTS:WARN File: /Users/chenhan/Desktop/Git/RXSDK/RXSDK-Harmony-Native/HmsSdk/src/main/ets/sdk/SDKHandler.ts:642:18
 The API is not supported on all devices. Use the canIUse condition to determine whether the API is supported.
[39m[39m
[33mWARN: [33m[33mArkTS:WARN File: /Users/chenhan/Desktop/Git/RXSDK/RXSDK-Harmony-Native/HmsSdk/src/main/ets/sdk/SDKHandler.ts:642:36
 The API is not supported on all devices. Use the canIUse condition to determine whether the API is supported.
[39m[39m
[33mWARN: [33m[33mArkTS:WARN File: /Users/chenhan/Desktop/Git/RXSDK/RXSDK-Harmony-Native/HmsSdk/src/main/ets/sdk/SDKHandler.ts:644:14
 The API is not supported on all devices. Use the canIUse condition to determine whether the API is supported.
[39m[39m
[33mWARN: [33m[33mArkTS:WARN File: /Users/chenhan/Desktop/Git/RXSDK/RXSDK-Harmony-Native/HmsSdk/src/main/ets/sdk/SDKHandler.ts:644:18
 The API is not supported on all devices. Use the canIUse condition to determine whether the API is supported.
[39m[39m
[33mWARN: [33m[33mArkTS:WARN File: /Users/chenhan/Desktop/Git/RXSDK/RXSDK-Harmony-Native/HmsSdk/src/main/ets/sdk/SDKHandler.ts:644:36
 The API is not supported on all devices. Use the canIUse condition to determine whether the API is supported.
[39m[39m
[33mWARN: [33m[33mArkTS:WARN File: /Users/chenhan/Desktop/Git/RXSDK/RXSDK-Harmony-Native/HmsSdk/src/main/ets/sdk/SDKHandler.ts:646:14
 The API is not supported on all devices. Use the canIUse condition to determine whether the API is supported.
[39m[39m
[33mWARN: [33m[33mArkTS:WARN File: /Users/chenhan/Desktop/Git/RXSDK/RXSDK-Harmony-Native/HmsSdk/src/main/ets/sdk/SDKHandler.ts:646:18
 The API is not supported on all devices. Use the canIUse condition to determine whether the API is supported.
[39m[39m
[33mWARN: [33m[33mArkTS:WARN File: /Users/chenhan/Desktop/Git/RXSDK/RXSDK-Harmony-Native/HmsSdk/src/main/ets/sdk/SDKHandler.ts:646:36
 The API is not supported on all devices. Use the canIUse condition to determine whether the API is supported.
[39m[39m
[33mWARN: [33m[33mArkTS:WARN File: /Users/chenhan/Desktop/Git/RXSDK/RXSDK-Harmony-Native/HmsSdk/src/main/ets/sdk/SDKHandler.ts:648:14
 The API is not supported on all devices. Use the canIUse condition to determine whether the API is supported.
[39m[39m
[33mWARN: [33m[33mArkTS:WARN File: /Users/chenhan/Desktop/Git/RXSDK/RXSDK-Harmony-Native/HmsSdk/src/main/ets/sdk/SDKHandler.ts:648:18
 The API is not supported on all devices. Use the canIUse condition to determine whether the API is supported.
[39m[39m
[33mWARN: [33m[33mArkTS:WARN File: /Users/chenhan/Desktop/Git/RXSDK/RXSDK-Harmony-Native/HmsSdk/src/main/ets/sdk/SDKHandler.ts:648:36
 The API is not supported on all devices. Use the canIUse condition to determine whether the API is supported.
[39m[39m
[33mWARN: [33m[33mArkTS:WARN File: /Users/chenhan/Desktop/Git/RXSDK/RXSDK-Harmony-Native/HmsSdk/src/main/ets/base/AccountManager.ts:56:7
 Function may throw exceptions. Special handling is required.
[39m[39m
[33mWARN: [33m[33mArkTS:WARN File: /Users/chenhan/Desktop/Git/RXSDK/RXSDK-Harmony-Native/HmsSdk/src/main/ets/base/AccountManager.ts:57:7
 Function may throw exceptions. Special handling is required.
[39m[39m
[33mWARN: [33m[33mArkTS:WARN File: /Users/chenhan/Desktop/Git/RXSDK/RXSDK-Harmony-Native/HmsSdk/src/main/ets/base/Passport.ts:159:7
 Function may throw exceptions. Special handling is required.
[39m[39m
[33mWARN: [33m[33mArkTS:WARN File: /Users/chenhan/Desktop/Git/RXSDK/RXSDK-Harmony-Native/HmsSdk/src/main/ets/base/Passport.ts:160:7
 Function may throw exceptions. Special handling is required.
[39m[39m
[33mWARN: [33m[33mArkTS:WARN File: /Users/chenhan/Desktop/Git/RXSDK/RXSDK-Harmony-Native/HmsSdk/src/main/ets/base/Passport.ts:176:7
 Function may throw exceptions. Special handling is required.
[39m[39m
[33mWARN: [33m[33mArkTS:WARN File: /Users/chenhan/Desktop/Git/RXSDK/RXSDK-Harmony-Native/HmsSdk/src/main/ets/base/Passport.ts:177:7
 Function may throw exceptions. Special handling is required.
[39m[39m
[33mWARN: [33m[33mArkTS:WARN File: /Users/chenhan/Desktop/Git/RXSDK/RXSDK-Harmony-Native/HmsSdk/src/main/ets/base/Passport.ts:862:14
 The system capacity of this api 'gamePlayer' is not supported on all devices
[39m[39m
[33mWARN: [33m[33mArkTS:WARN File: /Users/chenhan/Desktop/Git/RXSDK/RXSDK-Harmony-Native/HmsSdk/src/main/ets/base/Passport.ts:862:25
 The system capacity of this api 'ThirdUserAgeRange' is not supported on all devices
[39m[39m
[33mWARN: [33m[33mArkTS:WARN File: /Users/chenhan/Desktop/Git/RXSDK/RXSDK-Harmony-Native/HmsSdk/src/main/ets/base/Passport.ts:862:43
 The system capacity of this api 'AGE_RANGE_ADULT' is not supported on all devices
[39m[39m
[33mWARN: [33m[33mArkTS:WARN File: /Users/chenhan/Desktop/Git/RXSDK/RXSDK-Harmony-Native/HmsSdk/src/main/ets/base/Passport.ts:864:14
 The system capacity of this api 'gamePlayer' is not supported on all devices
[39m[39m
[33mWARN: [33m[33mArkTS:WARN File: /Users/chenhan/Desktop/Git/RXSDK/RXSDK-Harmony-Native/HmsSdk/src/main/ets/base/Passport.ts:864:25
 The system capacity of this api 'ThirdUserAgeRange' is not supported on all devices
[39m[39m
[33mWARN: [33m[33mArkTS:WARN File: /Users/chenhan/Desktop/Git/RXSDK/RXSDK-Harmony-Native/HmsSdk/src/main/ets/base/Passport.ts:864:43
 The system capacity of this api 'AGE_RANGE_18' is not supported on all devices
[39m[39m
[33mWARN: [33m[33mArkTS:WARN File: /Users/chenhan/Desktop/Git/RXSDK/RXSDK-Harmony-Native/HmsSdk/src/main/ets/base/Passport.ts:866:14
 The system capacity of this api 'gamePlayer' is not supported on all devices
[39m[39m
[33mWARN: [33m[33mArkTS:WARN File: /Users/chenhan/Desktop/Git/RXSDK/RXSDK-Harmony-Native/HmsSdk/src/main/ets/base/Passport.ts:866:25
 The system capacity of this api 'ThirdUserAgeRange' is not supported on all devices
[39m[39m
[33mWARN: [33m[33mArkTS:WARN File: /Users/chenhan/Desktop/Git/RXSDK/RXSDK-Harmony-Native/HmsSdk/src/main/ets/base/Passport.ts:866:43
 The system capacity of this api 'AGE_RANGE_16' is not supported on all devices
[39m[39m
[33mWARN: [33m[33mArkTS:WARN File: /Users/chenhan/Desktop/Git/RXSDK/RXSDK-Harmony-Native/HmsSdk/src/main/ets/base/Passport.ts:868:14
 The system capacity of this api 'gamePlayer' is not supported on all devices
[39m[39m
[33mWARN: [33m[33mArkTS:WARN File: /Users/chenhan/Desktop/Git/RXSDK/RXSDK-Harmony-Native/HmsSdk/src/main/ets/base/Passport.ts:868:25
 The system capacity of this api 'ThirdUserAgeRange' is not supported on all devices
[39m[39m
[33mWARN: [33m[33mArkTS:WARN File: /Users/chenhan/Desktop/Git/RXSDK/RXSDK-Harmony-Native/HmsSdk/src/main/ets/base/Passport.ts:868:43
 The system capacity of this api 'AGE_RANGE_8' is not supported on all devices
[39m[39m
[33mWARN: [33m[33mArkTS:WARN File: /Users/chenhan/Desktop/Git/RXSDK/RXSDK-Harmony-Native/HmsSdk/src/main/ets/base/Passport.ts:881:13
 The system capacity of this api 'gamePlayer' is not supported on all devices
[39m[39m
[33mWARN: [33m[33mArkTS:WARN File: /Users/chenhan/Desktop/Git/RXSDK/RXSDK-Harmony-Native/HmsSdk/src/main/ets/base/Passport.ts:881:24
 The system capacity of this api 'verifyLocalPlayer' is not supported on all devices
[39m[39m
[33mWARN: [33m[33mArkTS:WARN File: /Users/chenhan/Desktop/Git/RXSDK/RXSDK-Harmony-Native/HmsSdk/src/main/ets/base/Passport.ts:889:15
 The system capacity of this api 'gamePlayer' is not supported on all devices
[39m[39m
[33mWARN: [33m[33mArkTS:WARN File: /Users/chenhan/Desktop/Git/RXSDK/RXSDK-Harmony-Native/HmsSdk/src/main/ets/base/Passport.ts:889:26
 The system capacity of this api 'savePlayerRole' is not supported on all devices
[39m[39m
[33mWARN: [33m[33mArkTS:WARN File: /Users/chenhan/Desktop/Git/RXSDK/RXSDK-Harmony-Native/HmsSdk/src/main/ets/base/BaseTracer.ts:87:27
 Function may throw exceptions. Special handling is required.
[39m[39m
[33mWARN: [33m[33mArkTS:WARN File: /Users/chenhan/Desktop/Git/RXSDK/RXSDK-Harmony-Native/HmsSdk/src/main/ets/base/UserActionTracer.ts:47:26
 Function may throw exceptions. Special handling is required.
[39m[39m
[33mWARN: [33m[33mArkTS:WARN File: /Users/chenhan/Desktop/Git/RXSDK/RXSDK-Harmony-Native/HmsSdk/src/main/ets/base/UserActionTracer.ts:48:22
 Function may throw exceptions. Special handling is required.
[39m[39m
[33mWARN: [33m[33mArkTS:WARN File: /Users/chenhan/Desktop/Git/RXSDK/RXSDK-Harmony-Native/HmsSdk/src/main/ets/base/UserActionTracer.ts:75:5
 Function may throw exceptions. Special handling is required.
[39m[39m
[33mWARN: [33m[33mArkTS:WARN File: /Users/chenhan/Desktop/Git/RXSDK/RXSDK-Harmony-Native/HmsSdk/src/main/ets/sdk/SDKConfig.ts:198:11
 The system capacity of this api 'gamePlayer' is not supported on all devices
[39m[39m
[33mWARN: [33m[33mArkTS:WARN File: /Users/chenhan/Desktop/Git/RXSDK/RXSDK-Harmony-Native/HmsSdk/src/main/ets/sdk/SDKConfig.ts:198:22
 The system capacity of this api 'init' is not supported on all devices
[39m[39m
[33mWARN: [33m[33mArkTS:WARN File: /Users/chenhan/Desktop/Git/RXSDK/RXSDK-Harmony-Native/HmsSdk/src/main/ets/sdk/SDKConfig.ts:199:5
 The system capacity of this api 'gamePlayer' is not supported on all devices
[39m[39m
[33mWARN: [33m[33mArkTS:WARN File: /Users/chenhan/Desktop/Git/RXSDK/RXSDK-Harmony-Native/HmsSdk/src/main/ets/sdk/SDKConfig.ts:199:16
 The system capacity of this api 'on' is not supported on all devices
[39m[39m
[33mWARN: [33m[33mArkTS:WARN File: /Users/chenhan/Desktop/Git/RXSDK/RXSDK-Harmony-Native/HmsSdk/src/main/ets/sdk/SDKConfig.ts:246:16
 The system capacity of this api 'event' is not supported on all devices
[39m[39m
[33mWARN: [33m[33mArkTS:WARN File: /Users/chenhan/Desktop/Git/RXSDK/RXSDK-Harmony-Native/HmsSdk/src/main/ets/sdk/SDKConfig.ts:246:26
 The system capacity of this api 'gamePlayer' is not supported on all devices
[39m[39m
[33mWARN: [33m[33mArkTS:WARN File: /Users/chenhan/Desktop/Git/RXSDK/RXSDK-Harmony-Native/HmsSdk/src/main/ets/sdk/SDKConfig.ts:246:37
 The system capacity of this api 'PlayerChangedEvent' is not supported on all devices
[39m[39m
[33mWARN: [33m[33mArkTS:WARN File: /Users/chenhan/Desktop/Git/RXSDK/RXSDK-Harmony-Native/HmsSdk/src/main/ets/sdk/SDKConfig.ts:246:56
 The system capacity of this api 'SWITCH_GAME_ACCOUNT' is not supported on all devices
[39m[39m
[33mWARN: [33m[33mArkTS:WARN File: /Users/chenhan/Desktop/Git/RXSDK/RXSDK-Harmony-Native/HmsSdk/src/main/ets/sdk/SDKConfig.ts:248:60
 The system capacity of this api 'resultInfo' is not supported on all devices
[39m[39m
[33mWARN: [33m[33mArkTS:WARN File: /Users/chenhan/Desktop/Git/RXSDK/RXSDK-Harmony-Native/HmsSdk/src/main/ets/sdk/SDKConfig.ts:250:40
 The system capacity of this api 'event' is not supported on all devices
[39m[39m
[33mWARN: [33m[33mArkTS:WARN File: /Users/chenhan/Desktop/Git/RXSDK/RXSDK-Harmony-Native/HmsSdk/src/main/ets/sdk/SDKConfig.ts:250:64
 The system capacity of this api 'resultInfo' is not supported on all devices
[39m[39m
[33mWARN: [33m[33mArkTS:WARN File: /Users/chenhan/Desktop/Git/RXSDK/RXSDK-Harmony-Native/HmsSdk/src/main/ets/net/http.ts:391:38
 Function may throw exceptions. Special handling is required.
[39m[39m
[33mWARN: [33m[33mArkTS:WARN File: /Users/chenhan/Desktop/Git/RXSDK/RXSDK-Harmony-Native/HmsSdk/src/main/ets/components/IdCardKeyboard.ets:166:24
 Function may throw exceptions. Special handling is required.
[39m[39m
[33mWARN: [33m[33mArkTS:WARN File: /Users/chenhan/Desktop/Git/RXSDK/RXSDK-Harmony-Native/HmsSdk/src/main/ets/pages/BaseDialog.ets:82:7
 Function may throw exceptions. Special handling is required.
[39m[39m
[33mWARN: [33m[33mArkTS:WARN File: /Users/chenhan/Desktop/Git/RXSDK/RXSDK-Harmony-Native/HmsSdk/src/main/ets/utils/FileUtil.ts:66:107
 To use this API, you need to apply for the permissions: ohos.permission.READ_IMAGEVIDEO
[39m[39m
[33mWARN: [33m[33mArkTS:WARN File: /Users/chenhan/Desktop/Git/RXSDK/RXSDK-Harmony-Native/HmsSdk/src/main/ets/utils/FileUtil.ts:77:57
 To use this API, you need to apply for the permissions: ohos.permission.READ_IMAGEVIDEO
[39m[39m
[33mWARN: [33m[33mArkTS:WARN File: /Users/chenhan/Desktop/Git/RXSDK/RXSDK-Harmony-Native/HmsSdk/src/main/ets/utils/FileUtil.ts:114:9
 Function may throw exceptions. Special handling is required.
[39m[39m
[33mWARN: [33m[33mArkTS:WARN File: /Users/chenhan/Desktop/Git/RXSDK/RXSDK-Harmony-Native/HmsSdk/src/main/ets/utils/FileUtil.ts:222:14
 Function may throw exceptions. Special handling is required.
[39m[39m
[33mWARN: [33m[33mArkTS:WARN File: /Users/chenhan/Desktop/Git/RXSDK/RXSDK-Harmony-Native/HmsSdk/src/main/ets/utils/FileUtil.ts:285:9
 Function may throw exceptions. Special handling is required.
[39m[39m
[33mWARN: [33m[33mArkTS:WARN File: /Users/chenhan/Desktop/Git/RXSDK/RXSDK-Harmony-Native/HmsSdk/src/main/ets/utils/FileUtil.ts:340:9
 Function may throw exceptions. Special handling is required.
[39m[39m
[33mWARN: [33m[33mArkTS:WARN File: /Users/chenhan/Desktop/Git/RXSDK/RXSDK-Harmony-Native/HmsSdk/src/main/ets/utils/FileUtil.ts:346:24
 Function may throw exceptions. Special handling is required.
[39m[39m
[33mWARN: [33m[33mArkTS:WARN File: /Users/chenhan/Desktop/Git/RXSDK/RXSDK-Harmony-Native/HmsSdk/src/main/ets/utils/FileUtil.ts:347:9
 Function may throw exceptions. Special handling is required.
[39m[39m
[33mWARN: [33m[33mArkTS:WARN File: /Users/chenhan/Desktop/Git/RXSDK/RXSDK-Harmony-Native/HmsSdk/src/main/ets/utils/FileUtil.ts:348:7
 Function may throw exceptions. Special handling is required.
[39m[39m
[33mWARN: [33m[33mArkTS:WARN File: /Users/chenhan/Desktop/Git/RXSDK/RXSDK-Harmony-Native/HmsSdk/src/main/ets/utils/FileUtil.ts:350:7
 Function may throw exceptions. Special handling is required.
[39m[39m
[33mWARN: [33m[33mArkTS:WARN File: /Users/chenhan/Desktop/Git/RXSDK/RXSDK-Harmony-Native/HmsSdk/src/main/ets/utils/FileUtil.ts:456:10
 Function may throw exceptions. Special handling is required.
[39m[39m
[33mWARN: [33m[33mArkTS:WARN File: /Users/chenhan/Desktop/Git/RXSDK/RXSDK-Harmony-Native/HmsSdk/src/main/ets/utils/FileUtil.ts:459:19
 Function may throw exceptions. Special handling is required.
[39m[39m
[33mWARN: [33m[33mArkTS:WARN File: /Users/chenhan/Desktop/Git/RXSDK/RXSDK-Harmony-Native/HmsSdk/src/main/ets/utils/FileUtil.ts:461:9
 Function may throw exceptions. Special handling is required.
[39m[39m
[33mWARN: [33m[33mArkTS:WARN File: /Users/chenhan/Desktop/Git/RXSDK/RXSDK-Harmony-Native/HmsSdk/src/main/ets/utils/FileUtil.ts:462:7
 Function may throw exceptions. Special handling is required.
[39m[39m
[33mWARN: [33m[33mArkTS:WARN File: /Users/chenhan/Desktop/Git/RXSDK/RXSDK-Harmony-Native/HmsSdk/src/main/ets/utils/FileUtil.ts:464:16
 Function may throw exceptions. Special handling is required.
[39m[39m
[33mWARN: [33m[33mArkTS:WARN File: /Users/chenhan/Desktop/Git/RXSDK/RXSDK-Harmony-Native/HmsSdk/src/main/ets/utils/FileUtil.ts:465:20
 Function may throw exceptions. Special handling is required.
[39m[39m
[33mWARN: [33m[33mArkTS:WARN File: /Users/chenhan/Desktop/Git/RXSDK/RXSDK-Harmony-Native/HmsSdk/src/main/ets/utils/FileUtil.ts:467:5
 Function may throw exceptions. Special handling is required.
[39m[39m
[33mWARN: [33m[33mArkTS:WARN File: /Users/chenhan/Desktop/Git/RXSDK/RXSDK-Harmony-Native/HmsSdk/src/main/ets/utils/FileUtil.ts:471:5
 Function may throw exceptions. Special handling is required.
[39m[39m
[33mWARN: [33m[33mArkTS:WARN File: /Users/chenhan/Desktop/Git/RXSDK/RXSDK-Harmony-Native/HmsSdk/src/main/ets/utils/FileUtil.ts:479:12
 Function may throw exceptions. Special handling is required.
[39m[39m
[33mWARN: [33m[33mArkTS:WARN File: /Users/chenhan/Desktop/Git/RXSDK/RXSDK-Harmony-Native/HmsSdk/src/main/ets/utils/FileUtil.ts:486:19
 Function may throw exceptions. Special handling is required.
[39m[39m
[33mWARN: [33m[33mArkTS:WARN File: /Users/chenhan/Desktop/Git/RXSDK/RXSDK-Harmony-Native/HmsSdk/src/main/ets/utils/FileUtil.ts:504:23
 Function may throw exceptions. Special handling is required.
[39m[39m
[33mWARN: [33m[33mArkTS:WARN File: /Users/chenhan/Desktop/Git/RXSDK/RXSDK-Harmony-Native/HmsSdk/src/main/ets/net/Downloader.ts:131:7
 Function may throw exceptions. Special handling is required.
[39m[39m
[33mWARN: [33m[33mArkTS:WARN File: /Users/chenhan/Desktop/Git/RXSDK/RXSDK-Harmony-Native/HmsSdk/src/main/ets/share/ShareObject.ts:123:49
 The system capacity of this api 'systemShare' is not supported on all devices
[39m[39m
[33mWARN: [33m[33mArkTS:WARN File: /Users/chenhan/Desktop/Git/RXSDK/RXSDK-Harmony-Native/HmsSdk/src/main/ets/share/ShareObject.ts:123:61
 The system capacity of this api 'SharedData' is not supported on all devices
[39m[39m
[33mWARN: [33m[33mArkTS:WARN File: /Users/chenhan/Desktop/Git/RXSDK/RXSDK-Harmony-Native/HmsSdk/src/main/ets/share/ShareObject.ts:143:22
 The system capacity of this api 'thumbnailUri' is not supported on all devices
[39m[39m
[33mWARN: [33m[33mArkTS:WARN File: /Users/chenhan/Desktop/Git/RXSDK/RXSDK-Harmony-Native/HmsSdk/src/main/ets/share/ShareObject.ts:144:22
 The system capacity of this api 'thumbnail' is not supported on all devices
[39m[39m
[33mWARN: [33m[33mArkTS:WARN File: /Users/chenhan/Desktop/Git/RXSDK/RXSDK-Harmony-Native/HmsSdk/src/main/ets/share/ShareObject.ts:153:22
 The system capacity of this api 'thumbnail' is not supported on all devices
[39m[39m
[33mWARN: [33m[33mArkTS:WARN File: /Users/chenhan/Desktop/Git/RXSDK/RXSDK-Harmony-Native/HmsSdk/src/main/ets/share/HuaweiShare.ts:22:34
 The system capacity of this api 'share' is not supported on all devices
[39m[39m
[33mWARN: [33m[33mArkTS:WARN File: /Users/chenhan/Desktop/Git/RXSDK/RXSDK-Harmony-Native/HmsSdk/src/main/ets/share/HuaweiShare.ts:35:5
 The system capacity of this api 'harmonyShare' is not supported on all devices
[39m[39m
[33mWARN: [33m[33mArkTS:WARN File: /Users/chenhan/Desktop/Git/RXSDK/RXSDK-Harmony-Native/HmsSdk/src/main/ets/share/HuaweiShare.ts:35:18
 The system capacity of this api 'on' is not supported on all devices
[39m[39m
[33mWARN: [33m[33mArkTS:WARN File: /Users/chenhan/Desktop/Git/RXSDK/RXSDK-Harmony-Native/HmsSdk/src/main/ets/share/HuaweiShare.ts:46:5
 The system capacity of this api 'harmonyShare' is not supported on all devices
[39m[39m
[33mWARN: [33m[33mArkTS:WARN File: /Users/chenhan/Desktop/Git/RXSDK/RXSDK-Harmony-Native/HmsSdk/src/main/ets/share/HuaweiShare.ts:46:18
 The system capacity of this api 'off' is not supported on all devices
[39m[39m
[33mWARN: [33m[33mArkTS:WARN File: /Users/chenhan/Desktop/Git/RXSDK/RXSDK-Harmony-Native/HmsSdk/src/main/ets/share/SystemShare.ts:11:55
 The system capacity of this api 'systemShare' is not supported on all devices
[39m[39m
[33mWARN: [33m[33mArkTS:WARN File: /Users/chenhan/Desktop/Git/RXSDK/RXSDK-Harmony-Native/HmsSdk/src/main/ets/share/SystemShare.ts:11:67
 The system capacity of this api 'ShareController' is not supported on all devices
[39m[39m
[33mWARN: [33m[33mArkTS:WARN File: /Users/chenhan/Desktop/Git/RXSDK/RXSDK-Harmony-Native/HmsSdk/src/main/ets/share/SystemShare.ts:14:20
 The system capacity of this api 'systemShare' is not supported on all devices
[39m[39m
[33mWARN: [33m[33mArkTS:WARN File: /Users/chenhan/Desktop/Git/RXSDK/RXSDK-Harmony-Native/HmsSdk/src/main/ets/share/SystemShare.ts:14:32
 The system capacity of this api 'SharePreviewMode' is not supported on all devices
[39m[39m
[33mWARN: [33m[33mArkTS:WARN File: /Users/chenhan/Desktop/Git/RXSDK/RXSDK-Harmony-Native/HmsSdk/src/main/ets/share/SystemShare.ts:14:49
 The system capacity of this api 'DETAIL' is not supported on all devices
[39m[39m
[33mWARN: [33m[33mArkTS:WARN File: /Users/chenhan/Desktop/Git/RXSDK/RXSDK-Harmony-Native/HmsSdk/src/main/ets/share/SystemShare.ts:15:22
 The system capacity of this api 'systemShare' is not supported on all devices
[39m[39m
[33mWARN: [33m[33mArkTS:WARN File: /Users/chenhan/Desktop/Git/RXSDK/RXSDK-Harmony-Native/HmsSdk/src/main/ets/share/SystemShare.ts:15:34
 The system capacity of this api 'SelectionMode' is not supported on all devices
[39m[39m
[33mWARN: [33m[33mArkTS:WARN File: /Users/chenhan/Desktop/Git/RXSDK/RXSDK-Harmony-Native/HmsSdk/src/main/ets/share/SystemShare.ts:15:48
 The system capacity of this api 'SINGLE' is not supported on all devices
[39m[39m
[33mWARN: [33m[33mArkTS:WARN File: /Users/chenhan/Desktop/Git/RXSDK/RXSDK-Harmony-Native/HmsSdk/src/main/ets/share/SystemShare.ts:46:12
 Function may throw exceptions. Special handling is required.
[39m[39m
[33mWARN: [33m[33mArkTS:WARN File: /Users/chenhan/Desktop/Git/RXSDK/RXSDK-Harmony-Native/HmsSdk/src/main/ets/share/SystemShare.ts:46:23
 The system capacity of this api 'show' is not supported on all devices
[39m[39m
[33mWARN: [33m[33mArkTS:WARN File: /Users/chenhan/Desktop/Git/RXSDK/RXSDK-Harmony-Native/HmsSdk/src/main/ets/share/SystemShare.ts:47:22
 The system capacity of this api 'systemShare' is not supported on all devices
[39m[39m
[33mWARN: [33m[33mArkTS:WARN File: /Users/chenhan/Desktop/Git/RXSDK/RXSDK-Harmony-Native/HmsSdk/src/main/ets/share/SystemShare.ts:47:34
 The system capacity of this api 'SelectionMode' is not supported on all devices
[39m[39m
[33mWARN: [33m[33mArkTS:WARN File: /Users/chenhan/Desktop/Git/RXSDK/RXSDK-Harmony-Native/HmsSdk/src/main/ets/share/SystemShare.ts:47:48
 The system capacity of this api 'SINGLE' is not supported on all devices
[39m[39m
[33mWARN: [33m[33mArkTS:WARN File: /Users/chenhan/Desktop/Git/RXSDK/RXSDK-Harmony-Native/HmsSdk/src/main/ets/share/SystemShare.ts:48:20
 The system capacity of this api 'systemShare' is not supported on all devices
[39m[39m
[33mWARN: [33m[33mArkTS:WARN File: /Users/chenhan/Desktop/Git/RXSDK/RXSDK-Harmony-Native/HmsSdk/src/main/ets/share/SystemShare.ts:48:32
 The system capacity of this api 'SharePreviewMode' is not supported on all devices
[39m[39m
[33mWARN: [33m[33mArkTS:WARN File: /Users/chenhan/Desktop/Git/RXSDK/RXSDK-Harmony-Native/HmsSdk/src/main/ets/share/SystemShare.ts:48:49
 The system capacity of this api 'DEFAULT' is not supported on all devices
[39m[39m
[33mWARN: [33m[33mArkTS:WARN File: /Users/chenhan/Desktop/Git/RXSDK/RXSDK-Harmony-Native/HmsSdk/src/main/ets/wx/WXApi.ets:144:34
 Function may throw exceptions. Special handling is required.
[39m[39m
[33mWARN: [33m[33mArkTS:WARN File: /Users/chenhan/Desktop/Git/RXSDK/RXSDK-Harmony-Native/HmsSdk/src/main/ets/wx/WXApi.ets:255:64
 'getContext' has been deprecated.
[39m[39m
[33mWARN: [33m[33mArkTS:WARN File: /Users/chenhan/Desktop/Git/RXSDK/RXSDK-Harmony-Native/HmsSdk/src/main/ets/nearby/dialog/TransferDialogBuilder.ets:59:24
 'getContext' has been deprecated.
[39m[39m
[33mWARN: [33m[33mArkTS:WARN File: /Users/chenhan/Desktop/Git/RXSDK/RXSDK-Harmony-Native/HmsSdk/src/main/ets/nearby/common/FileUtils.ets:30:13
 Function may throw exceptions. Special handling is required.
[39m[39m
[33mWARN: [33m[33mArkTS:WARN File: /Users/chenhan/Desktop/Git/RXSDK/RXSDK-Harmony-Native/HmsSdk/src/main/ets/nearby/common/FileUtils.ets:36:10
 Function may throw exceptions. Special handling is required.
[39m[39m
[33mWARN: [33m[33mArkTS:WARN File: /Users/chenhan/Desktop/Git/RXSDK/RXSDK-Harmony-Native/HmsSdk/src/main/ets/nearby/common/FileUtils.ets:38:7
 Function may throw exceptions. Special handling is required.
[39m[39m
[33mWARN: [33m[33mArkTS:WARN File: /Users/chenhan/Desktop/Git/RXSDK/RXSDK-Harmony-Native/HmsSdk/src/main/ets/nearby/common/FileUtils.ets:40:5
 Function may throw exceptions. Special handling is required.
[39m[39m
[33mWARN: [33m[33mArkTS:WARN File: /Users/chenhan/Desktop/Git/RXSDK/RXSDK-Harmony-Native/HmsSdk/src/main/ets/nearby/common/FileUtils.ets:61:15
 Function may throw exceptions. Special handling is required.
[39m[39m
[33mWARN: [33m[33mArkTS:WARN File: /Users/chenhan/Desktop/Git/RXSDK/RXSDK-Harmony-Native/HmsSdk/src/main/ets/nearby/common/FileUtils.ets:90:3
 Function may throw exceptions. Special handling is required.
[39m[39m
[33mWARN: [33m[33mArkTS:WARN File: /Users/chenhan/Desktop/Git/RXSDK/RXSDK-Harmony-Native/HmsSdk/src/main/ets/nearby/common/FileUtils.ets:134:15
 Function may throw exceptions. Special handling is required.
[39m[39m
[33mWARN: [33m[33mArkTS:WARN File: /Users/chenhan/Desktop/Git/RXSDK/RXSDK-Harmony-Native/HmsSdk/src/main/ets/nearby/common/FileUtils.ets:143:3
 Function may throw exceptions. Special handling is required.
[39m[39m
[33mWARN: [33m[33mArkTS:WARN File: /Users/chenhan/Desktop/Git/RXSDK/RXSDK-Harmony-Native/HmsSdk/src/main/ets/nearby/common/FileUtils.ets:144:6
 Function may throw exceptions. Special handling is required.
[39m[39m
[33mWARN: [33m[33mArkTS:WARN File: /Users/chenhan/Desktop/Git/RXSDK/RXSDK-Harmony-Native/HmsSdk/src/main/ets/nearby/common/FileUtils.ets:152:15
 Function may throw exceptions. Special handling is required.
[39m[39m
[33mWARN: [33m[33mArkTS:WARN File: /Users/chenhan/Desktop/Git/RXSDK/RXSDK-Harmony-Native/HmsSdk/src/main/ets/nearby/NearbyTransferService.ets:155:19
 The system capacity of this api 'needShowSystemUI' is not supported on all devices
[39m[39m
[33mWARN: [33m[33mArkTS:WARN File: /Users/chenhan/Desktop/Git/RXSDK/RXSDK-Harmony-Native/HmsSdk/src/main/ets/nearby/NearbyTransferService.ets:156:17
 The system capacity of this api 'context' is not supported on all devices
[39m[39m
[33mWARN: [33m[33mArkTS:WARN File: /Users/chenhan/Desktop/Git/RXSDK/RXSDK-Harmony-Native/HmsSdk/src/main/ets/nearby/NearbyTransferService.ets:160:34
 The system capacity of this api 'gameNearbyTransfer' is not supported on all devices
[39m[39m
[33mWARN: [33m[33mArkTS:WARN File: /Users/chenhan/Desktop/Git/RXSDK/RXSDK-Harmony-Native/HmsSdk/src/main/ets/nearby/NearbyTransferService.ets:160:53
 The system capacity of this api 'create' is not supported on all devices
[39m[39m
[33mWARN: [33m[33mArkTS:WARN File: /Users/chenhan/Desktop/Git/RXSDK/RXSDK-Harmony-Native/HmsSdk/src/main/ets/nearby/NearbyTransferService.ets:196:7
 The system capacity of this api 'gameNearbyTransfer' is not supported on all devices
[39m[39m
[33mWARN: [33m[33mArkTS:WARN File: /Users/chenhan/Desktop/Git/RXSDK/RXSDK-Harmony-Native/HmsSdk/src/main/ets/nearby/NearbyTransferService.ets:196:26
 The system capacity of this api 'on' is not supported on all devices
[39m[39m
[33mWARN: [33m[33mArkTS:WARN File: /Users/chenhan/Desktop/Git/RXSDK/RXSDK-Harmony-Native/HmsSdk/src/main/ets/nearby/NearbyTransferService.ets:199:40
 The system capacity of this api 'connectState' is not supported on all devices
[39m[39m
[33mWARN: [33m[33mArkTS:WARN File: /Users/chenhan/Desktop/Git/RXSDK/RXSDK-Harmony-Native/HmsSdk/src/main/ets/nearby/NearbyTransferService.ets:199:56
 The system capacity of this api 'gameNearbyTransfer' is not supported on all devices
[39m[39m
[33mWARN: [33m[33mArkTS:WARN File: /Users/chenhan/Desktop/Git/RXSDK/RXSDK-Harmony-Native/HmsSdk/src/main/ets/nearby/NearbyTransferService.ets:199:75
 The system capacity of this api 'ConnectState' is not supported on all devices
[39m[39m
[33mWARN: [33m[33mArkTS:WARN File: /Users/chenhan/Desktop/Git/RXSDK/RXSDK-Harmony-Native/HmsSdk/src/main/ets/nearby/NearbyTransferService.ets:199:88
 The system capacity of this api 'CONNECTED' is not supported on all devices
[39m[39m
[33mWARN: [33m[33mArkTS:WARN File: /Users/chenhan/Desktop/Git/RXSDK/RXSDK-Harmony-Native/HmsSdk/src/main/ets/nearby/NearbyTransferService.ets:201:90
 The system capacity of this api 'connectState' is not supported on all devices
[39m[39m
[33mWARN: [33m[33mArkTS:WARN File: /Users/chenhan/Desktop/Git/RXSDK/RXSDK-Harmony-Native/HmsSdk/src/main/ets/nearby/NearbyTransferService.ets:201:124
 The system capacity of this api 'message' is not supported on all devices
[39m[39m
[33mWARN: [33m[33mArkTS:WARN File: /Users/chenhan/Desktop/Git/RXSDK/RXSDK-Harmony-Native/HmsSdk/src/main/ets/nearby/NearbyTransferService.ets:204:28
 The system capacity of this api 'connectState' is not supported on all devices
[39m[39m
[33mWARN: [33m[33mArkTS:WARN File: /Users/chenhan/Desktop/Git/RXSDK/RXSDK-Harmony-Native/HmsSdk/src/main/ets/nearby/NearbyTransferService.ets:206:48
 The system capacity of this api 'remoteDeviceName' is not supported on all devices
[39m[39m
[33mWARN: [33m[33mArkTS:WARN File: /Users/chenhan/Desktop/Git/RXSDK/RXSDK-Harmony-Native/HmsSdk/src/main/ets/nearby/NearbyTransferService.ets:207:31
 The system capacity of this api 'message' is not supported on all devices
[39m[39m
[33mWARN: [33m[33mArkTS:WARN File: /Users/chenhan/Desktop/Git/RXSDK/RXSDK-Harmony-Native/HmsSdk/src/main/ets/nearby/NearbyTransferService.ets:213:7
 The system capacity of this api 'gameNearbyTransfer' is not supported on all devices
[39m[39m
[33mWARN: [33m[33mArkTS:WARN File: /Users/chenhan/Desktop/Git/RXSDK/RXSDK-Harmony-Native/HmsSdk/src/main/ets/nearby/NearbyTransferService.ets:213:26
 The system capacity of this api 'on' is not supported on all devices
[39m[39m
[33mWARN: [33m[33mArkTS:WARN File: /Users/chenhan/Desktop/Git/RXSDK/RXSDK-Harmony-Native/HmsSdk/src/main/ets/nearby/NearbyTransferService.ets:222:7
 The system capacity of this api 'gameNearbyTransfer' is not supported on all devices
[39m[39m
[33mWARN: [33m[33mArkTS:WARN File: /Users/chenhan/Desktop/Git/RXSDK/RXSDK-Harmony-Native/HmsSdk/src/main/ets/nearby/NearbyTransferService.ets:222:26
 The system capacity of this api 'on' is not supported on all devices
[39m[39m
[33mWARN: [33m[33mArkTS:WARN File: /Users/chenhan/Desktop/Git/RXSDK/RXSDK-Harmony-Native/HmsSdk/src/main/ets/nearby/NearbyTransferService.ets:229:7
 The system capacity of this api 'gameNearbyTransfer' is not supported on all devices
[39m[39m
[33mWARN: [33m[33mArkTS:WARN File: /Users/chenhan/Desktop/Git/RXSDK/RXSDK-Harmony-Native/HmsSdk/src/main/ets/nearby/NearbyTransferService.ets:229:26
 The system capacity of this api 'on' is not supported on all devices
[39m[39m
[33mWARN: [33m[33mArkTS:WARN File: /Users/chenhan/Desktop/Git/RXSDK/RXSDK-Harmony-Native/HmsSdk/src/main/ets/nearby/NearbyTransferService.ets:231:41
 The system capacity of this api 'code' is not supported on all devices
[39m[39m
[33mWARN: [33m[33mArkTS:WARN File: /Users/chenhan/Desktop/Git/RXSDK/RXSDK-Harmony-Native/HmsSdk/src/main/ets/nearby/NearbyTransferService.ets:231:66
 The system capacity of this api 'message' is not supported on all devices
[39m[39m
[33mWARN: [33m[33mArkTS:WARN File: /Users/chenhan/Desktop/Git/RXSDK/RXSDK-Harmony-Native/HmsSdk/src/main/ets/nearby/NearbyTransferService.ets:249:7
 The system capacity of this api 'gameNearbyTransfer' is not supported on all devices
[39m[39m
[33mWARN: [33m[33mArkTS:WARN File: /Users/chenhan/Desktop/Git/RXSDK/RXSDK-Harmony-Native/HmsSdk/src/main/ets/nearby/NearbyTransferService.ets:249:26
 The system capacity of this api 'off' is not supported on all devices
[39m[39m
[33mWARN: [33m[33mArkTS:WARN File: /Users/chenhan/Desktop/Git/RXSDK/RXSDK-Harmony-Native/HmsSdk/src/main/ets/nearby/NearbyTransferService.ets:250:7
 The system capacity of this api 'gameNearbyTransfer' is not supported on all devices
[39m[39m
[33mWARN: [33m[33mArkTS:WARN File: /Users/chenhan/Desktop/Git/RXSDK/RXSDK-Harmony-Native/HmsSdk/src/main/ets/nearby/NearbyTransferService.ets:250:26
 The system capacity of this api 'off' is not supported on all devices
[39m[39m
[33mWARN: [33m[33mArkTS:WARN File: /Users/chenhan/Desktop/Git/RXSDK/RXSDK-Harmony-Native/HmsSdk/src/main/ets/nearby/NearbyTransferService.ets:251:7
 The system capacity of this api 'gameNearbyTransfer' is not supported on all devices
[39m[39m
[33mWARN: [33m[33mArkTS:WARN File: /Users/chenhan/Desktop/Git/RXSDK/RXSDK-Harmony-Native/HmsSdk/src/main/ets/nearby/NearbyTransferService.ets:251:26
 The system capacity of this api 'off' is not supported on all devices
[39m[39m
[33mWARN: [33m[33mArkTS:WARN File: /Users/chenhan/Desktop/Git/RXSDK/RXSDK-Harmony-Native/HmsSdk/src/main/ets/nearby/NearbyTransferService.ets:252:7
 The system capacity of this api 'gameNearbyTransfer' is not supported on all devices
[39m[39m
[33mWARN: [33m[33mArkTS:WARN File: /Users/chenhan/Desktop/Git/RXSDK/RXSDK-Harmony-Native/HmsSdk/src/main/ets/nearby/NearbyTransferService.ets:252:26
 The system capacity of this api 'off' is not supported on all devices
[39m[39m
[33mWARN: [33m[33mArkTS:WARN File: /Users/chenhan/Desktop/Git/RXSDK/RXSDK-Harmony-Native/HmsSdk/src/main/ets/nearby/NearbyTransferService.ets:253:7
 The system capacity of this api 'gameNearbyTransfer' is not supported on all devices
[39m[39m
[33mWARN: [33m[33mArkTS:WARN File: /Users/chenhan/Desktop/Git/RXSDK/RXSDK-Harmony-Native/HmsSdk/src/main/ets/nearby/NearbyTransferService.ets:253:26
 The system capacity of this api 'off' is not supported on all devices
[39m[39m
[33mWARN: [33m[33mArkTS:WARN File: /Users/chenhan/Desktop/Git/RXSDK/RXSDK-Harmony-Native/HmsSdk/src/main/ets/nearby/NearbyTransferService.ets:278:13
 The system capacity of this api 'gameNearbyTransfer' is not supported on all devices
[39m[39m
[33mWARN: [33m[33mArkTS:WARN File: /Users/chenhan/Desktop/Git/RXSDK/RXSDK-Harmony-Native/HmsSdk/src/main/ets/nearby/NearbyTransferService.ets:278:32
 The system capacity of this api 'publishNearbyGame' is not supported on all devices
[39m[39m
[33mWARN: [33m[33mArkTS:WARN File: /Users/chenhan/Desktop/Git/RXSDK/RXSDK-Harmony-Native/HmsSdk/src/main/ets/nearby/NearbyTransferService.ets:314:13
 The system capacity of this api 'gameNearbyTransfer' is not supported on all devices
[39m[39m
[33mWARN: [33m[33mArkTS:WARN File: /Users/chenhan/Desktop/Git/RXSDK/RXSDK-Harmony-Native/HmsSdk/src/main/ets/nearby/NearbyTransferService.ets:314:32
 The system capacity of this api 'autoBindNearbyGame' is not supported on all devices
[39m[39m
[33mWARN: [33m[33mArkTS:WARN File: /Users/chenhan/Desktop/Git/RXSDK/RXSDK-Harmony-Native/HmsSdk/src/main/ets/nearby/NearbyTransferService.ets:314:32
 To use this API, you need to apply for the permissions: ohos.permission.DISTRIBUTED_DATASYNC
[39m[39m
[33mWARN: [33m[33mArkTS:WARN File: /Users/chenhan/Desktop/Git/RXSDK/RXSDK-Harmony-Native/HmsSdk/src/main/ets/nearby/NearbyTransferService.ets:346:9
 The system capacity of this api 'gameNearbyTransfer' is not supported on all devices
[39m[39m
[33mWARN: [33m[33mArkTS:WARN File: /Users/chenhan/Desktop/Git/RXSDK/RXSDK-Harmony-Native/HmsSdk/src/main/ets/nearby/NearbyTransferService.ets:346:28
 The system capacity of this api 'off' is not supported on all devices
[39m[39m
[33mWARN: [33m[33mArkTS:WARN File: /Users/chenhan/Desktop/Git/RXSDK/RXSDK-Harmony-Native/HmsSdk/src/main/ets/nearby/NearbyTransferService.ets:347:9
 The system capacity of this api 'gameNearbyTransfer' is not supported on all devices
[39m[39m
[33mWARN: [33m[33mArkTS:WARN File: /Users/chenhan/Desktop/Git/RXSDK/RXSDK-Harmony-Native/HmsSdk/src/main/ets/nearby/NearbyTransferService.ets:347:28
 The system capacity of this api 'on' is not supported on all devices
[39m[39m
[33mWARN: [33m[33mArkTS:WARN File: /Users/chenhan/Desktop/Git/RXSDK/RXSDK-Harmony-Native/HmsSdk/src/main/ets/nearby/NearbyTransferService.ets:353:9
 The system capacity of this api 'gameNearbyTransfer' is not supported on all devices
[39m[39m
[33mWARN: [33m[33mArkTS:WARN File: /Users/chenhan/Desktop/Git/RXSDK/RXSDK-Harmony-Native/HmsSdk/src/main/ets/nearby/NearbyTransferService.ets:353:28
 The system capacity of this api 'discoveryNearbyGame' is not supported on all devices
[39m[39m
[33mWARN: [33m[33mArkTS:WARN File: /Users/chenhan/Desktop/Git/RXSDK/RXSDK-Harmony-Native/HmsSdk/src/main/ets/nearby/NearbyTransferService.ets:396:30
 The system capacity of this api 'deviceId' is not supported on all devices
[39m[39m
[33mWARN: [33m[33mArkTS:WARN File: /Users/chenhan/Desktop/Git/RXSDK/RXSDK-Harmony-Native/HmsSdk/src/main/ets/nearby/NearbyTransferService.ets:397:31
 The system capacity of this api 'networkId' is not supported on all devices
[39m[39m
[33mWARN: [33m[33mArkTS:WARN File: /Users/chenhan/Desktop/Git/RXSDK/RXSDK-Harmony-Native/HmsSdk/src/main/ets/nearby/NearbyTransferService.ets:405:13
 The system capacity of this api 'gameNearbyTransfer' is not supported on all devices
[39m[39m
[33mWARN: [33m[33mArkTS:WARN File: /Users/chenhan/Desktop/Git/RXSDK/RXSDK-Harmony-Native/HmsSdk/src/main/ets/nearby/NearbyTransferService.ets:405:32
 The system capacity of this api 'bindNearbyGame' is not supported on all devices
[39m[39m
[33mWARN: [33m[33mArkTS:WARN File: /Users/chenhan/Desktop/Git/RXSDK/RXSDK-Harmony-Native/HmsSdk/src/main/ets/nearby/NearbyTransferService.ets:405:32
 To use this API, you need to apply for the permissions: ohos.permission.DISTRIBUTED_DATASYNC
[39m[39m
[33mWARN: [33m[33mArkTS:WARN File: /Users/chenhan/Desktop/Git/RXSDK/RXSDK-Harmony-Native/HmsSdk/src/main/ets/nearby/NearbyTransferService.ets:438:7
 The system capacity of this api 'gameNearbyTransfer' is not supported on all devices
[39m[39m
[33mWARN: [33m[33mArkTS:WARN File: /Users/chenhan/Desktop/Git/RXSDK/RXSDK-Harmony-Native/HmsSdk/src/main/ets/nearby/NearbyTransferService.ets:438:26
 The system capacity of this api 'acceptCollaboration' is not supported on all devices
[39m[39m
[33mWARN: [33m[33mArkTS:WARN File: /Users/chenhan/Desktop/Git/RXSDK/RXSDK-Harmony-Native/HmsSdk/src/main/ets/nearby/NearbyTransferService.ets:438:26
 To use this API, you need to apply for the permissions: ohos.permission.DISTRIBUTED_DATASYNC
[39m[39m
[33mWARN: [33m[33mArkTS:WARN File: /Users/chenhan/Desktop/Git/RXSDK/RXSDK-Harmony-Native/HmsSdk/src/main/ets/nearby/NearbyTransferService.ets:477:13
 The system capacity of this api 'gameNearbyTransfer' is not supported on all devices
[39m[39m
[33mWARN: [33m[33mArkTS:WARN File: /Users/chenhan/Desktop/Git/RXSDK/RXSDK-Harmony-Native/HmsSdk/src/main/ets/nearby/NearbyTransferService.ets:477:32
 The system capacity of this api 'sendPackageInfo' is not supported on all devices
[39m[39m
[33mWARN: [33m[33mArkTS:WARN File: /Users/chenhan/Desktop/Git/RXSDK/RXSDK-Harmony-Native/HmsSdk/src/main/ets/nearby/NearbyTransferService.ets:477:32
 To use this API, you need to apply for the permissions: ohos.permission.DISTRIBUTED_DATASYNC
[39m[39m
[33mWARN: [33m[33mArkTS:WARN File: /Users/chenhan/Desktop/Git/RXSDK/RXSDK-Harmony-Native/HmsSdk/src/main/ets/nearby/NearbyTransferService.ets:507:13
 The system capacity of this api 'gameNearbyTransfer' is not supported on all devices
[39m[39m
[33mWARN: [33m[33mArkTS:WARN File: /Users/chenhan/Desktop/Git/RXSDK/RXSDK-Harmony-Native/HmsSdk/src/main/ets/nearby/NearbyTransferService.ets:507:32
 The system capacity of this api 'replyPackageInfoResult' is not supported on all devices
[39m[39m
[33mWARN: [33m[33mArkTS:WARN File: /Users/chenhan/Desktop/Git/RXSDK/RXSDK-Harmony-Native/HmsSdk/src/main/ets/nearby/NearbyTransferService.ets:507:32
 To use this API, you need to apply for the permissions: ohos.permission.DISTRIBUTED_DATASYNC
[39m[39m
[33mWARN: [33m[33mArkTS:WARN File: /Users/chenhan/Desktop/Git/RXSDK/RXSDK-Harmony-Native/HmsSdk/src/main/ets/nearby/NearbyTransferService.ets:549:13
 The system capacity of this api 'gameNearbyTransfer' is not supported on all devices
[39m[39m
[33mWARN: [33m[33mArkTS:WARN File: /Users/chenhan/Desktop/Git/RXSDK/RXSDK-Harmony-Native/HmsSdk/src/main/ets/nearby/NearbyTransferService.ets:549:32
 The system capacity of this api 'transferPackageData' is not supported on all devices
[39m[39m
[33mWARN: [33m[33mArkTS:WARN File: /Users/chenhan/Desktop/Git/RXSDK/RXSDK-Harmony-Native/HmsSdk/src/main/ets/nearby/NearbyTransferService.ets:549:32
 To use this API, you need to apply for the permissions: ohos.permission.DISTRIBUTED_DATASYNC
[39m[39m
[33mWARN: [33m[33mArkTS:WARN File: /Users/chenhan/Desktop/Git/RXSDK/RXSDK-Harmony-Native/HmsSdk/src/main/ets/nearby/NearbyTransferService.ets:582:13
 The system capacity of this api 'gameNearbyTransfer' is not supported on all devices
[39m[39m
[33mWARN: [33m[33mArkTS:WARN File: /Users/chenhan/Desktop/Git/RXSDK/RXSDK-Harmony-Native/HmsSdk/src/main/ets/nearby/NearbyTransferService.ets:582:32
 The system capacity of this api 'destroy' is not supported on all devices
[39m[39m
[33mWARN: [33m[33mArkTS:WARN File: /Users/chenhan/Desktop/Git/RXSDK/RXSDK-Harmony-Native/HmsSdk/src/main/ets/nearby/NearbyHandler.ets:29:5
 Function may throw exceptions. Special handling is required.
[39m[39m
[33mWARN: [33m[33mArkTS:WARN File: /Users/chenhan/Desktop/Git/RXSDK/RXSDK-Harmony-Native/HmsSdk/src/main/ets/sdk/RXApi.ets:330:29
 'getContext' has been deprecated.
[39m[39m
[33mWARN: [33m[33mArkTS:WARN File: /Users/chenhan/Desktop/Git/RXSDK/RXSDK-Harmony-Native/HmsSdk/src/main/ets/sdk/RXApi.ets:353:37
 'getContext' has been deprecated.
[39m[39m
[33mWARN: [33m[33mArkTS:WARN File: /Users/chenhan/Desktop/Git/RXSDK/RXSDK-Harmony-Native/HmsSdk/src/main/ets/sdk/SDKManager.ets:83:7
 Function may throw exceptions. Special handling is required.
[39m[39m
[33mWARN: [33m[33mArkTS:WARN File: /Users/chenhan/Desktop/Git/RXSDK/RXSDK-Harmony-Native/HmsSdk/src/main/ets/base/HmsPay.ts:54:22
 The system capacity of this api 'productId' is not supported on all devices
[39m[39m
[33mWARN: [33m[33mArkTS:WARN File: /Users/chenhan/Desktop/Git/RXSDK/RXSDK-Harmony-Native/HmsSdk/src/main/ets/base/HmsPay.ts:55:22
 The system capacity of this api 'productType' is not supported on all devices
[39m[39m
[33mWARN: [33m[33mArkTS:WARN File: /Users/chenhan/Desktop/Git/RXSDK/RXSDK-Harmony-Native/HmsSdk/src/main/ets/base/HmsPay.ts:55:38
 The system capacity of this api 'iap' is not supported on all devices
[39m[39m
[33mWARN: [33m[33mArkTS:WARN File: /Users/chenhan/Desktop/Git/RXSDK/RXSDK-Harmony-Native/HmsSdk/src/main/ets/base/HmsPay.ts:55:42
 The system capacity of this api 'ProductType' is not supported on all devices
[39m[39m
[33mWARN: [33m[33mArkTS:WARN File: /Users/chenhan/Desktop/Git/RXSDK/RXSDK-Harmony-Native/HmsSdk/src/main/ets/base/HmsPay.ts:55:54
 The system capacity of this api 'CONSUMABLE' is not supported on all devices
[39m[39m
[33mWARN: [33m[33mArkTS:WARN File: /Users/chenhan/Desktop/Git/RXSDK/RXSDK-Harmony-Native/HmsSdk/src/main/ets/base/HmsPay.ts:56:22
 The system capacity of this api 'developerPayload' is not supported on all devices
[39m[39m
[33mWARN: [33m[33mArkTS:WARN File: /Users/chenhan/Desktop/Git/RXSDK/RXSDK-Harmony-Native/HmsSdk/src/main/ets/base/HmsPay.ts:57:22
 The system capacity of this api 'reservedInfo' is not supported on all devices
[39m[39m
[33mWARN: [33m[33mArkTS:WARN File: /Users/chenhan/Desktop/Git/RXSDK/RXSDK-Harmony-Native/HmsSdk/src/main/ets/base/HmsPay.ts:60:60
 The system capacity of this api 'iap' is not supported on all devices
[39m[39m
[33mWARN: [33m[33mArkTS:WARN File: /Users/chenhan/Desktop/Git/RXSDK/RXSDK-Harmony-Native/HmsSdk/src/main/ets/base/HmsPay.ts:60:64
 The system capacity of this api 'createPurchase' is not supported on all devices
[39m[39m
[33mWARN: [33m[33mArkTS:WARN File: /Users/chenhan/Desktop/Git/RXSDK/RXSDK-Harmony-Native/HmsSdk/src/main/ets/base/HmsPay.ts:61:54
 The system capacity of this api 'purchaseData' is not supported on all devices
[39m[39m
[33mWARN: [33m[33mArkTS:WARN File: /Users/chenhan/Desktop/Git/RXSDK/RXSDK-Harmony-Native/HmsSdk/src/main/ets/base/HmsPay.ts:81:24
 The system capacity of this api 'iap' is not supported on all devices
[39m[39m
[33mWARN: [33m[33mArkTS:WARN File: /Users/chenhan/Desktop/Git/RXSDK/RXSDK-Harmony-Native/HmsSdk/src/main/ets/base/HmsPay.ts:81:28
 The system capacity of this api 'IAPErrorCode' is not supported on all devices
[39m[39m
[33mWARN: [33m[33mArkTS:WARN File: /Users/chenhan/Desktop/Git/RXSDK/RXSDK-Harmony-Native/HmsSdk/src/main/ets/base/HmsPay.ts:81:41
 The system capacity of this api 'PRODUCT_OWNED' is not supported on all devices
[39m[39m
[33mWARN: [33m[33mArkTS:WARN File: /Users/chenhan/Desktop/Git/RXSDK/RXSDK-Harmony-Native/HmsSdk/src/main/ets/base/HmsPay.ts:81:71
 The system capacity of this api 'iap' is not supported on all devices
[39m[39m
[33mWARN: [33m[33mArkTS:WARN File: /Users/chenhan/Desktop/Git/RXSDK/RXSDK-Harmony-Native/HmsSdk/src/main/ets/base/HmsPay.ts:81:75
 The system capacity of this api 'IAPErrorCode' is not supported on all devices
[39m[39m
[33mWARN: [33m[33mArkTS:WARN File: /Users/chenhan/Desktop/Git/RXSDK/RXSDK-Harmony-Native/HmsSdk/src/main/ets/base/HmsPay.ts:81:88
 The system capacity of this api 'SYSTEM_ERROR' is not supported on all devices
[39m[39m
[33mWARN: [33m[33mArkTS:WARN File: /Users/chenhan/Desktop/Git/RXSDK/RXSDK-Harmony-Native/HmsSdk/src/main/ets/base/HmsPay.ts:83:24
 The system capacity of this api 'iap' is not supported on all devices
[39m[39m
[33mWARN: [33m[33mArkTS:WARN File: /Users/chenhan/Desktop/Git/RXSDK/RXSDK-Harmony-Native/HmsSdk/src/main/ets/base/HmsPay.ts:83:28
 The system capacity of this api 'ProductType' is not supported on all devices
[39m[39m
[33mWARN: [33m[33mArkTS:WARN File: /Users/chenhan/Desktop/Git/RXSDK/RXSDK-Harmony-Native/HmsSdk/src/main/ets/base/HmsPay.ts:83:40
 The system capacity of this api 'CONSUMABLE' is not supported on all devices
[39m[39m
[33mWARN: [33m[33mArkTS:WARN File: /Users/chenhan/Desktop/Git/RXSDK/RXSDK-Harmony-Native/HmsSdk/src/main/ets/base/HmsPay.ts:104:11
 The system capacity of this api 'iap' is not supported on all devices
[39m[39m
[33mWARN: [33m[33mArkTS:WARN File: /Users/chenhan/Desktop/Git/RXSDK/RXSDK-Harmony-Native/HmsSdk/src/main/ets/base/HmsPay.ts:104:11
 Function may throw exceptions. Special handling is required.
[39m[39m
[33mWARN: [33m[33mArkTS:WARN File: /Users/chenhan/Desktop/Git/RXSDK/RXSDK-Harmony-Native/HmsSdk/src/main/ets/base/HmsPay.ts:104:15
 The system capacity of this api 'queryEnvironmentStatus' is not supported on all devices
[39m[39m
[33mWARN: [33m[33mArkTS:WARN File: /Users/chenhan/Desktop/Git/RXSDK/RXSDK-Harmony-Native/HmsSdk/src/main/ets/base/HmsPay.ts:107:20
 The system capacity of this api 'iap' is not supported on all devices
[39m[39m
[33mWARN: [33m[33mArkTS:WARN File: /Users/chenhan/Desktop/Git/RXSDK/RXSDK-Harmony-Native/HmsSdk/src/main/ets/base/HmsPay.ts:107:24
 The system capacity of this api 'ProductType' is not supported on all devices
[39m[39m
[33mWARN: [33m[33mArkTS:WARN File: /Users/chenhan/Desktop/Git/RXSDK/RXSDK-Harmony-Native/HmsSdk/src/main/ets/base/HmsPay.ts:107:36
 The system capacity of this api 'CONSUMABLE' is not supported on all devices
[39m[39m
[33mWARN: [33m[33mArkTS:WARN File: /Users/chenhan/Desktop/Git/RXSDK/RXSDK-Harmony-Native/HmsSdk/src/main/ets/base/HmsPay.ts:113:13
 The system capacity of this api 'productType' is not supported on all devices
[39m[39m
[33mWARN: [33m[33mArkTS:WARN File: /Users/chenhan/Desktop/Git/RXSDK/RXSDK-Harmony-Native/HmsSdk/src/main/ets/base/HmsPay.ts:113:29
 The system capacity of this api 'iap' is not supported on all devices
[39m[39m
[33mWARN: [33m[33mArkTS:WARN File: /Users/chenhan/Desktop/Git/RXSDK/RXSDK-Harmony-Native/HmsSdk/src/main/ets/base/HmsPay.ts:113:33
 The system capacity of this api 'ProductType' is not supported on all devices
[39m[39m
[33mWARN: [33m[33mArkTS:WARN File: /Users/chenhan/Desktop/Git/RXSDK/RXSDK-Harmony-Native/HmsSdk/src/main/ets/base/HmsPay.ts:113:45
 The system capacity of this api 'CONSUMABLE' is not supported on all devices
[39m[39m
[33mWARN: [33m[33mArkTS:WARN File: /Users/chenhan/Desktop/Git/RXSDK/RXSDK-Harmony-Native/HmsSdk/src/main/ets/base/HmsPay.ts:114:13
 The system capacity of this api 'queryType' is not supported on all devices
[39m[39m
[33mWARN: [33m[33mArkTS:WARN File: /Users/chenhan/Desktop/Git/RXSDK/RXSDK-Harmony-Native/HmsSdk/src/main/ets/base/HmsPay.ts:114:27
 The system capacity of this api 'iap' is not supported on all devices
[39m[39m
[33mWARN: [33m[33mArkTS:WARN File: /Users/chenhan/Desktop/Git/RXSDK/RXSDK-Harmony-Native/HmsSdk/src/main/ets/base/HmsPay.ts:114:31
 The system capacity of this api 'PurchaseQueryType' is not supported on all devices
[39m[39m
[33mWARN: [33m[33mArkTS:WARN File: /Users/chenhan/Desktop/Git/RXSDK/RXSDK-Harmony-Native/HmsSdk/src/main/ets/base/HmsPay.ts:114:49
 The system capacity of this api 'UNFINISHED' is not supported on all devices
[39m[39m
[33mWARN: [33m[33mArkTS:WARN File: /Users/chenhan/Desktop/Git/RXSDK/RXSDK-Harmony-Native/HmsSdk/src/main/ets/base/HmsPay.ts:120:50
 The system capacity of this api 'iap' is not supported on all devices
[39m[39m
[33mWARN: [33m[33mArkTS:WARN File: /Users/chenhan/Desktop/Git/RXSDK/RXSDK-Harmony-Native/HmsSdk/src/main/ets/base/HmsPay.ts:120:54
 The system capacity of this api 'queryPurchases' is not supported on all devices
[39m[39m
[33mWARN: [33m[33mArkTS:WARN File: /Users/chenhan/Desktop/Git/RXSDK/RXSDK-Harmony-Native/HmsSdk/src/main/ets/base/HmsPay.ts:121:36
 The system capacity of this api 'purchaseDataList' is not supported on all devices
[39m[39m
[33mWARN: [33m[33mArkTS:WARN File: /Users/chenhan/Desktop/Git/RXSDK/RXSDK-Harmony-Native/HmsSdk/src/main/ets/base/HmsPay.ts:162:13
 The system capacity of this api 'iap' is not supported on all devices
[39m[39m
[33mWARN: [33m[33mArkTS:WARN File: /Users/chenhan/Desktop/Git/RXSDK/RXSDK-Harmony-Native/HmsSdk/src/main/ets/base/HmsPay.ts:162:17
 The system capacity of this api 'finishPurchase' is not supported on all devices
[39m[39m
[33mWARN: [33m[33mArkTS:WARN File: /Users/chenhan/Desktop/Git/RXSDK/RXSDK-Harmony-Native/HmsSdk/src/main/ets/base/PushManager.ets:106:26
 The system capacity of this api 'pushService' is not supported on all devices
[39m[39m
[33mWARN: [33m[33mArkTS:WARN File: /Users/chenhan/Desktop/Git/RXSDK/RXSDK-Harmony-Native/HmsSdk/src/main/ets/base/PushManager.ets:106:26
 Function may throw exceptions. Special handling is required.
[39m[39m
[33mWARN: [33m[33mArkTS:WARN File: /Users/chenhan/Desktop/Git/RXSDK/RXSDK-Harmony-Native/HmsSdk/src/main/ets/base/PushManager.ets:106:38
 The system capacity of this api 'getToken' is not supported on all devices
[39m[39m
[33mWARN: [33m[33mArkTS:WARN File: /Users/chenhan/Desktop/Git/RXSDK/RXSDK-Harmony-Native/HmsSdk/src/main/ets/base/PushManager.ets:157:9
 The system capacity of this api 'pushService' is not supported on all devices
[39m[39m
[33mWARN: [33m[33mArkTS:WARN File: /Users/chenhan/Desktop/Git/RXSDK/RXSDK-Harmony-Native/HmsSdk/src/main/ets/base/PushManager.ets:157:21
 The system capacity of this api 'deleteToken' is not supported on all devices
[39m[39m
[33mWARN: [33m[33mArkTS:WARN File: /Users/chenhan/Desktop/Git/RXSDK/RXSDK-Harmony-Native/HmsSdk/src/main/ets/base/PushManager.ets:169:7
 The system capacity of this api 'pushService' is not supported on all devices
[39m[39m
[33mWARN: [33m[33mArkTS:WARN File: /Users/chenhan/Desktop/Git/RXSDK/RXSDK-Harmony-Native/HmsSdk/src/main/ets/base/PushManager.ets:169:19
 The system capacity of this api 'bindAppProfileId' is not supported on all devices
[39m[39m
[33mWARN: [33m[33mArkTS:WARN File: /Users/chenhan/Desktop/Git/RXSDK/RXSDK-Harmony-Native/HmsSdk/src/main/ets/base/PushManager.ets:169:36
 The system capacity of this api 'pushCommon' is not supported on all devices
[39m[39m
[33mWARN: [33m[33mArkTS:WARN File: /Users/chenhan/Desktop/Git/RXSDK/RXSDK-Harmony-Native/HmsSdk/src/main/ets/base/PushManager.ets:169:47
 The system capacity of this api 'AppProfileType' is not supported on all devices
[39m[39m
[33mWARN: [33m[33mArkTS:WARN File: /Users/chenhan/Desktop/Git/RXSDK/RXSDK-Harmony-Native/HmsSdk/src/main/ets/base/PushManager.ets:169:62
 The system capacity of this api 'PROFILE_TYPE_APPLICATION_ACCOUNT' is not supported on all devices
[39m[39m
[33mWARN: [33m[33mArkTS:WARN File: /Users/chenhan/Desktop/Git/RXSDK/RXSDK-Harmony-Native/HmsSdk/src/main/ets/base/PushManager.ets:179:7
 The system capacity of this api 'pushService' is not supported on all devices
[39m[39m
[33mWARN: [33m[33mArkTS:WARN File: /Users/chenhan/Desktop/Git/RXSDK/RXSDK-Harmony-Native/HmsSdk/src/main/ets/base/PushManager.ets:179:19
 The system capacity of this api 'unbindAppProfileId' is not supported on all devices
[39m[39m
[33mWARN: [33m[33mArkTS:WARN File: /Users/chenhan/Desktop/Git/RXSDK/RXSDK-Harmony-Native/HmsSdk/src/main/ets/utils/App.ets:28:12
 'getContext' has been deprecated.
[39m[39m
[33mWARN: [33m[33mArkTS:WARN File: /Users/chenhan/Desktop/Git/RXSDK/RXSDK-Harmony-Native/HmsSdk/src/main/ets/utils/App.ets:44:12
 'getContext' has been deprecated.
[39m[39m
[33mWARN: [33m[33mArkTS:WARN File: /Users/chenhan/Desktop/Git/RXSDK/RXSDK-Harmony-Native/HmsSdk/src/main/ets/utils/App.ets:62:14
 Function may throw exceptions. Special handling is required.
[39m[39m
[33mWARN: [33m[33mArkTS:WARN File: /Users/chenhan/Desktop/Git/RXSDK/RXSDK-Harmony-Native/HmsSdk/src/main/ets/utils/App.ets:64:14
 Function may throw exceptions. Special handling is required.
[39m[39m
[33mWARN: [33m[33mArkTS:WARN File: /Users/chenhan/Desktop/Git/RXSDK/RXSDK-Harmony-Native/HmsSdk/src/main/ets/utils/App.ets:185:19
 Function may throw exceptions. Special handling is required.
[39m[39m
[33mWARN: [33m[33mArkTS:WARN File: /Users/chenhan/Desktop/Git/RXSDK/RXSDK-Harmony-Native/HmsSdk/src/main/ets/pages/RealNameDialog.ets:83:7
 Function may throw exceptions. Special handling is required.
[39m[39m
[33mWARN: [33m[33mArkTS:WARN File: /Users/chenhan/Desktop/Git/RXSDK/RXSDK-Harmony-Native/HmsSdk/src/main/ets/pages/RealNameDialog.ets:116:7
 Function may throw exceptions. Special handling is required.
[39m[39m
[33mWARN: [33m[33mArkTS:WARN File: /Users/chenhan/Desktop/Git/RXSDK/RXSDK-Harmony-Native/HmsSdk/src/main/ets/pages/RealNameDialog.ets:132:7
 Function may throw exceptions. Special handling is required.
[39m[39m
[33mWARN: [33m[33mArkTS:WARN File: /Users/chenhan/Desktop/Git/RXSDK/RXSDK-Harmony-Native/HmsSdk/src/main/ets/pages/CountDownComponent.ets:77:26
 'showToast' has been deprecated.
[39m[39m
[33mWARN: [33m[33mArkTS:WARN File: /Users/chenhan/Desktop/Git/RXSDK/RXSDK-Harmony-Native/HmsSdk/src/main/ets/pages/CountDownComponent.ets:79:26
 'showToast' has been deprecated.
[39m[39m
[33mWARN: [33m[33mArkTS:WARN File: /Users/chenhan/Desktop/Git/RXSDK/RXSDK-Harmony-Native/HmsSdk/src/main/ets/pages/CountDownComponent.ets:82:24
 'showToast' has been deprecated.
[39m[39m
[33mWARN: [33m[33mArkTS:WARN File: /Users/chenhan/Desktop/Git/RXSDK/RXSDK-Harmony-Native/HmsSdk/src/main/ets/pages/LoginComponent2.ets:478:23
 'animateTo' has been deprecated.
[39m[39m
[33mWARN: [33m[33mArkTS:WARN File: /Users/chenhan/Desktop/Git/RXSDK/RXSDK-Harmony-Native/HmsSdk/src/main/ets/pages/ChangePasswordComponent.ets:136:28
 'showToast' has been deprecated.
[39m[39m
[33mWARN: [33m[33mArkTS:WARN File: /Users/chenhan/Desktop/Git/RXSDK/RXSDK-Harmony-Native/HmsSdk/src/main/ets/pages/ChangePasswordComponent.ets:141:26
 'showToast' has been deprecated.
[39m[39m
[33mWARN: [33m[33mArkTS:WARN File: /Users/chenhan/Desktop/Git/RXSDK/RXSDK-Harmony-Native/HmsSdk/src/main/ets/pages/WebViewComponent.ets:347:7
 Function may throw exceptions. Special handling is required.
[39m[39m
[33mWARN: [33m[33mArkTS:WARN File: /Users/chenhan/Desktop/Git/RXSDK/RXSDK-Harmony-Native/HmsSdk/src/main/ets/pages/WebViewComponent.ets:399:43
 Function may throw exceptions. Special handling is required.
[39m[39m
[33mWARN: [33m[33mArkTS:WARN File: /Users/chenhan/Desktop/Git/RXSDK/RXSDK-Harmony-Native/HmsSdk/src/main/ets/pages/WebViewComponent.ets:402:24
 Function may throw exceptions. Special handling is required.
[39m[39m
[33mWARN: [33m[33mArkTS:WARN File: /Users/chenhan/Desktop/Git/RXSDK/RXSDK-Harmony-Native/HmsSdk/src/main/ets/pages/UserCenterComponent.ets:31:24
 Function may throw exceptions. Special handling is required.
[39m[39m
[33mWARN: [33m[33mArkTS:WARN File: /Users/chenhan/Desktop/Git/RXSDK/RXSDK-Harmony-Native/HmsSdk/src/main/ets/pages/FeedbackComponent.ets:108:47
 'getContext' has been deprecated.
[39m[39m
[33mWARN: [33m[33mArkTS:WARN File: /Users/chenhan/Desktop/Git/RXSDK/RXSDK-Harmony-Native/HmsSdk/src/main/ets/pages/FeedbackComponent.ets:121:31
 The system capacity of this api 'filePreview' is not supported on all devices
[39m[39m
[33mWARN: [33m[33mArkTS:WARN File: /Users/chenhan/Desktop/Git/RXSDK/RXSDK-Harmony-Native/HmsSdk/src/main/ets/pages/FeedbackComponent.ets:121:43
 The system capacity of this api 'openPreview' is not supported on all devices
[39m[39m
[33mWARN: [33m[33mArkTS:WARN File: /Users/chenhan/Desktop/Git/RXSDK/RXSDK-Harmony-Native/HmsSdk/src/main/ets/pages/FeedbackDialog.ets:44:38
 'getContext' has been deprecated.
[39m[39m
[33mWARN: [33m[33mArkTS:WARN File: /Users/chenhan/Desktop/Git/RXSDK/RXSDK-Harmony-Native/HmsSdk/src/main/ets/pages/FeedbackDialog.ets:54:22
 'showToast' has been deprecated.
[39m[39m
[33mWARN: [33m[33mArkTS:WARN File: /Users/chenhan/Desktop/Git/RXSDK/RXSDK-Harmony-Native/HmsSdk/src/main/ets/pages/FeedbackDialog.ets:57:22
 'showToast' has been deprecated.
[39m[39m
[33mWARN: [33m[33mArkTS:WARN File: /Users/chenhan/Desktop/Git/RXSDK/RXSDK-Harmony-Native/HmsSdk/src/main/ets/pages/CaptchaVerifyComponent.ets:87:43
 Function may throw exceptions. Special handling is required.
[39m[39m
[33mWARN: [33m[33mArkTS:WARN File: /Users/chenhan/Desktop/Git/RXSDK/RXSDK-Harmony-Native/HmsSdk/src/main/ets/pages/CaptchaVerifyComponent.ets:90:24
 Function may throw exceptions. Special handling is required.
[39m[39m
[33mWARN: [33m[33mArkTS:WARN File: /Users/chenhan/Desktop/Git/RXSDK/RXSDK-Harmony-Native/HmsSdk/src/main/ets/pages/UserAgreementDialog.ets:38:31
 'getContext' has been deprecated.
[39m[39m
[33mWARN: [33m[33mArkTS:WARN File: /Users/chenhan/Desktop/Git/RXSDK/RXSDK-Harmony-Native/HmsSdk/src/main/ets/api/RXApiImpl.ets:226:27
 'getContext' has been deprecated.
[39m[39m
[33mWARN: [33m[33mArkTS:WARN File: /Users/chenhan/Desktop/Git/RXSDK/RXSDK-Harmony-Native/HmsSdk/src/main/ets/api/RXApiImpl.ets:239:45
 'getContext' has been deprecated.
[39m[39m
[33mWARN: [33m[33mArkTS:WARN File: /Users/chenhan/Desktop/Git/RXSDK/RXSDK-Harmony-Native/HmsSdk/src/main/ets/api/RXApiImpl.ets:290:19
 The system capacity of this api 'accountName' is not supported on all devices
[39m[39m
[33mWARN: [33m[33mArkTS:WARN File: /Users/chenhan/Desktop/Git/RXSDK/RXSDK-Harmony-Native/HmsSdk/src/main/ets/api/RXApiImpl.ets:308:20
 The system capacity of this api 'needBinding' is not supported on all devices
[39m[39m
[33mWARN: [33m[33mArkTS:WARN File: /Users/chenhan/Desktop/Git/RXSDK/RXSDK-Harmony-Native/HmsSdk/src/main/ets/api/RXApiImpl.ets:308:43
 The system capacity of this api 'boundPlayerInfo' is not supported on all devices
[39m[39m
[33mWARN: [33m[33mArkTS:WARN File: /Users/chenhan/Desktop/Git/RXSDK/RXSDK-Harmony-Native/HmsSdk/src/main/ets/api/RXApiImpl.ets:308:60
 The system capacity of this api 'thirdOpenId' is not supported on all devices
[39m[39m
[33mWARN: [33m[33mArkTS:WARN File: /Users/chenhan/Desktop/Git/RXSDK/RXSDK-Harmony-Native/HmsSdk/src/main/ets/api/RXApiImpl.ets:311:28
 The system capacity of this api 'authorizationCode' is not supported on all devices
[39m[39m
[33mWARN: [33m[33mArkTS:WARN File: /Users/chenhan/Desktop/Git/RXSDK/RXSDK-Harmony-Native/HmsSdk/src/main/ets/api/RXApiImpl.ets:312:30
 The system capacity of this api 'authorizedScopes' is not supported on all devices
[39m[39m
[33mWARN: [33m[33mArkTS:WARN File: /Users/chenhan/Desktop/Git/RXSDK/RXSDK-Harmony-Native/HmsSdk/src/main/ets/api/RXApiImpl.ets:321:56
 The system capacity of this api 'boundPlayerInfo' is not supported on all devices
[39m[39m
[33mWARN: [33m[33mArkTS:WARN File: /Users/chenhan/Desktop/Git/RXSDK/RXSDK-Harmony-Native/HmsSdk/src/main/ets/api/RXApiImpl.ets:321:73
 The system capacity of this api 'thirdOpenId' is not supported on all devices
[39m[39m
[33mWARN: [33m[33mArkTS:WARN File: /Users/chenhan/Desktop/Git/RXSDK/RXSDK-Harmony-Native/HmsSdk/src/main/ets/api/RXApiImpl.ets:321:95
 The system capacity of this api 'localPlayer' is not supported on all devices
[39m[39m
[33mWARN: [33m[33mArkTS:WARN File: /Users/chenhan/Desktop/Git/RXSDK/RXSDK-Harmony-Native/HmsSdk/src/main/ets/api/RXApiImpl.ets:321:108
 The system capacity of this api 'teamPlayerId' is not supported on all devices
[39m[39m
[33mWARN: [33m[33mArkTS:WARN File: /Users/chenhan/Desktop/Git/RXSDK/RXSDK-Harmony-Native/HmsSdk/src/main/ets/api/RXApiImpl.ets:322:55
 The system capacity of this api 'boundPlayerInfo' is not supported on all devices
[39m[39m
[33mWARN: [33m[33mArkTS:WARN File: /Users/chenhan/Desktop/Git/RXSDK/RXSDK-Harmony-Native/HmsSdk/src/main/ets/api/RXApiImpl.ets:322:72
 The system capacity of this api 'thirdOpenId' is not supported on all devices
[39m[39m
[33mWARN: [33m[33mArkTS:WARN File: /Users/chenhan/Desktop/Git/RXSDK/RXSDK-Harmony-Native/HmsSdk/src/main/ets/api/RXApiImpl.ets:322:107
 The system capacity of this api 'localPlayer' is not supported on all devices
[39m[39m
[33mWARN: [33m[33mArkTS:WARN File: /Users/chenhan/Desktop/Git/RXSDK/RXSDK-Harmony-Native/HmsSdk/src/main/ets/api/RXApiImpl.ets:322:120
 The system capacity of this api 'teamPlayerId' is not supported on all devices
[39m[39m
[33mWARN: [33m[33mArkTS:WARN File: /Users/chenhan/Desktop/Git/RXSDK/RXSDK-Harmony-Native/HmsSdk/src/main/ets/api/RXApiImpl.ets:323:11
 The system capacity of this api 'gamePlayer' is not supported on all devices
[39m[39m
[33mWARN: [33m[33mArkTS:WARN File: /Users/chenhan/Desktop/Git/RXSDK/RXSDK-Harmony-Native/HmsSdk/src/main/ets/api/RXApiImpl.ets:323:22
 The system capacity of this api 'unbindPlayer' is not supported on all devices
[39m[39m
[33mWARN: [33m[33mArkTS:WARN File: /Users/chenhan/Desktop/Git/RXSDK/RXSDK-Harmony-Native/HmsSdk/src/main/ets/api/RXApiImpl.ets:323:88
 The system capacity of this api 'boundPlayerInfo' is not supported on all devices
[39m[39m
[33mWARN: [33m[33mArkTS:WARN File: /Users/chenhan/Desktop/Git/RXSDK/RXSDK-Harmony-Native/HmsSdk/src/main/ets/api/RXApiImpl.ets:323:105
 The system capacity of this api 'thirdOpenId' is not supported on all devices
[39m[39m
[33mWARN: [33m[33mArkTS:WARN File: /Users/chenhan/Desktop/Git/RXSDK/RXSDK-Harmony-Native/HmsSdk/src/main/ets/api/RXApiImpl.ets:323:125
 The system capacity of this api 'localPlayer' is not supported on all devices
[39m[39m
[33mWARN: [33m[33mArkTS:WARN File: /Users/chenhan/Desktop/Git/RXSDK/RXSDK-Harmony-Native/HmsSdk/src/main/ets/api/RXApiImpl.ets:323:138
 The system capacity of this api 'teamPlayerId' is not supported on all devices
[39m[39m
[33mWARN: [33m[33mArkTS:WARN File: /Users/chenhan/Desktop/Git/RXSDK/RXSDK-Harmony-Native/HmsSdk/src/main/ets/api/RXApiImpl.ets:327:22
 The system capacity of this api 'needBinding' is not supported on all devices
[39m[39m
[33mWARN: [33m[33mArkTS:WARN File: /Users/chenhan/Desktop/Git/RXSDK/RXSDK-Harmony-Native/HmsSdk/src/main/ets/api/RXApiImpl.ets:327:45
 The system capacity of this api 'boundPlayerInfo' is not supported on all devices
[39m[39m
[33mWARN: [33m[33mArkTS:WARN File: /Users/chenhan/Desktop/Git/RXSDK/RXSDK-Harmony-Native/HmsSdk/src/main/ets/api/RXApiImpl.ets:327:62
 The system capacity of this api 'thirdOpenId' is not supported on all devices
[39m[39m
[33mWARN: [33m[33mArkTS:WARN File: /Users/chenhan/Desktop/Git/RXSDK/RXSDK-Harmony-Native/HmsSdk/src/main/ets/api/RXApiImpl.ets:329:19
 The system capacity of this api 'gamePlayer' is not supported on all devices
[39m[39m
[33mWARN: [33m[33mArkTS:WARN File: /Users/chenhan/Desktop/Git/RXSDK/RXSDK-Harmony-Native/HmsSdk/src/main/ets/api/RXApiImpl.ets:329:30
 The system capacity of this api 'bindPlayer' is not supported on all devices
[39m[39m
[33mWARN: [33m[33mArkTS:WARN File: /Users/chenhan/Desktop/Git/RXSDK/RXSDK-Harmony-Native/HmsSdk/src/main/ets/api/RXApiImpl.ets:333:40
 The system capacity of this api 'needBinding' is not supported on all devices
[39m[39m
[33mWARN: [33m[33mArkTS:WARN File: /Users/chenhan/Desktop/Git/RXSDK/RXSDK-Harmony-Native/HmsSdk/src/main/ets/demo/Demo.ets:87:20
 Function may throw exceptions. Special handling is required.
[39m[39m
[33mWARN: [33m[33mArkTS:WARN File: /Users/chenhan/Desktop/Git/RXSDK/RXSDK-Harmony-Native/HmsSdk/src/main/ets/demo/Demo.ets:108:25
 'getContext' has been deprecated.
[39m[39m
[33mWARN: [33m[33mArkTS:WARN File: /Users/chenhan/Desktop/Git/RXSDK/RXSDK-Harmony-Native/HmsSdk/src/main/ets/demo/Demo.ets:135:22
 'showToast' has been deprecated.
[39m[39m
[33mWARN: [33m[33mArkTS:WARN File: /Users/chenhan/Desktop/Git/RXSDK/RXSDK-Harmony-Native/HmsSdk/src/main/ets/demo/Demo.ets:203:30
 'showToast' has been deprecated.
[39m[39m
[33mWARN: [33m[33mArkTS:WARN File: /Users/chenhan/Desktop/Git/RXSDK/RXSDK-Harmony-Native/HmsSdk/src/main/ets/demo/Demo.ets:211:30
 'showToast' has been deprecated.
[39m[39m
[33mWARN: [33m[33mArkTS:WARN File: /Users/chenhan/Desktop/Git/RXSDK/RXSDK-Harmony-Native/HmsSdk/src/main/ets/demo/Demo.ets:221:30
 'showToast' has been deprecated.
[39m[39m
[33mWARN: [33m[33mArkTS:WARN File: /Users/chenhan/Desktop/Git/RXSDK/RXSDK-Harmony-Native/HmsSdk/src/main/ets/demo/Demo.ets:286:63
 'getContext' has been deprecated.
[39m[39m
[33mWARN: [33m[33mArkTS:WARN File: /Users/chenhan/Desktop/Git/RXSDK/RXSDK-Harmony-Native/HmsSdk/src/main/ets/demo/Demo.ets:293:37
 'getContext' has been deprecated.
[39m[39m
[33mWARN: [33m[33mArkTS:WARN File: /Users/chenhan/Desktop/Git/RXSDK/RXSDK-Harmony-Native/HmsSdk/src/main/ets/demo/Demo.ets:308:37
 'getContext' has been deprecated.
[39m[39m
[33mWARN: [33m[33mArkTS:WARN File: /Users/chenhan/Desktop/Git/RXSDK/RXSDK-Harmony-Native/HmsSdk/src/main/ets/demo/Demo.ets:323:37
 'getContext' has been deprecated.
[39m[39m
[33mWARN: [33m[33mArkTS:WARN File: /Users/chenhan/Desktop/Git/RXSDK/RXSDK-Harmony-Native/HmsSdk/src/main/ets/demo/Demo.ets:335:57
 'getContext' has been deprecated.
[39m[39m
[33mWARN: [33m[33mArkTS:WARN File: /Users/chenhan/Desktop/Git/RXSDK/RXSDK-Harmony-Native/HmsSdk/src/main/ets/demo/Demo.ets:356:57
 'getContext' has been deprecated.
[39m[39m
[33mWARN: [33m[33mArkTS:WARN File: /Users/chenhan/Desktop/Git/RXSDK/RXSDK-Harmony-Native/HmsSdk/src/main/ets/demo/Demo.ets:367:57
 'getContext' has been deprecated.
[39m[39m
[33mWARN: [33m[33mArkTS:WARN File: /Users/chenhan/Desktop/Git/RXSDK/RXSDK-Harmony-Native/HmsSdk/src/main/ets/demo/Demo.ets:380:57
 'getContext' has been deprecated.
[39m[39m
[33mWARN: [33m[33mArkTS:WARN File: /Users/chenhan/Desktop/Git/RXSDK/RXSDK-Harmony-Native/HmsSdk/src/main/ets/demo/Demo.ets:407:188
 'getContext' has been deprecated.
[39m[39m
[33mWARN: [33m[33mArkTS:WARN File: /Users/chenhan/Desktop/Git/RXSDK/RXSDK-Harmony-Native/HmsSdk/src/main/ets/demo/Demo.ets:421:40
 'getContext' has been deprecated.
[39m[39m
[33mWARN: [33m[33mArkTS:WARN File: /Users/chenhan/Desktop/Git/RXSDK/RXSDK-Harmony-Native/HmsSdk/src/main/ets/demo/Demo.ets:441:85
 'getContext' has been deprecated.
[39m[39m
[33mWARN: [33m[33mArkTS:WARN File: /Users/chenhan/Desktop/Git/RXSDK/RXSDK-Harmony-Native/HmsSdk/src/main/ets/demo/Demo.ets:616:3
 Function may throw exceptions. Special handling is required.
[39m[39m
[33mWARN: [33m[33mArkTS:WARN File: /Users/chenhan/Desktop/Git/RXSDK/RXSDK-Harmony-Native/HmsSdk/src/main/ets/demo/Demo.ets:617:3
 Function may throw exceptions. Special handling is required.
[39m[39m
[33mWARN: [33m[33mArkTS:WARN File: /Users/chenhan/Desktop/Git/RXSDK/RXSDK-Harmony-Native/HmsSdk/src/main/ets/demo/Demo.ets:617:20
 To use this API, you need to apply for the permissions: ohos.permission.READ_PASTEBOARD
[39m[39m
[33mWARN: [33m[33mArkTS:WARN File: /Users/chenhan/Desktop/Git/RXSDK/RXSDK-Harmony-Native/HmsSdk/src/main/ets/demo/Demo.ets:619:20
 'showToast' has been deprecated.
[39m[39m
[33mWARN: [33m[33mArkTS:WARN File: /Users/chenhan/Desktop/Git/RXSDK/RXSDK-Harmony-Native/HmsSdk/src/main/ets/demo/Demo.ets:621:20
 'showToast' has been deprecated.
[39m[39m
[33mWARN: [33m[33mArkTS:WARN File: /Users/chenhan/Desktop/Git/RXSDK/RXSDK-Harmony-Native/HmsSdk/src/main/ets/demo/KnockShareDemo.ets:209:3
 Function may throw exceptions. Special handling is required.
[39m[39m
[33mWARN: [33m[33mArkTS:WARN File: /Users/chenhan/Desktop/Git/RXSDK/RXSDK-Harmony-Native/HmsSdk/src/main/ets/demo/KnockShareDemo.ets:210:3
 Function may throw exceptions. Special handling is required.
[39m[39m
[33mWARN: [33m[33mArkTS:WARN File: /Users/chenhan/Desktop/Git/RXSDK/RXSDK-Harmony-Native/HmsSdk/src/main/ets/demo/KnockShareDemo.ets:210:20
 To use this API, you need to apply for the permissions: ohos.permission.READ_PASTEBOARD
[39m[39m
[33mWARN: [33m[33mArkTS:WARN File: /Users/chenhan/Desktop/Git/RXSDK/RXSDK-Harmony-Native/HmsSdk/src/main/ets/demo/KnockShareDemo.ets:213:22
 'showToast' has been deprecated.
[39m[39m
[33mWARN: [33m[33mArkTS:WARN File: /Users/chenhan/Desktop/Git/RXSDK/RXSDK-Harmony-Native/HmsSdk/src/main/ets/demo/KnockShareDemo.ets:216:20
 'showToast' has been deprecated.
[39m[39m
[33mWARN: [33m[33mArkTS:WARN File: /Users/chenhan/Desktop/Git/RXSDK/RXSDK-Harmony-Native/HmsSdk/src/main/ets/demo/NearbyDemo.ets:46:13
 The system capacity of this api 'gameNearbyTransfer' is not supported on all devices
[39m[39m
[33mWARN: [33m[33mArkTS:WARN File: /Users/chenhan/Desktop/Git/RXSDK/RXSDK-Harmony-Native/HmsSdk/src/main/ets/demo/NearbyDemo.ets:46:32
 The system capacity of this api 'Mode' is not supported on all devices
[39m[39m
[33mWARN: [33m[33mArkTS:WARN File: /Users/chenhan/Desktop/Git/RXSDK/RXSDK-Harmony-Native/HmsSdk/src/main/ets/demo/NearbyDemo.ets:46:37
 The system capacity of this api 'API' is not supported on all devices
[39m[39m
[33mWARN: [33m[33mArkTS:WARN File: /Users/chenhan/Desktop/Git/RXSDK/RXSDK-Harmony-Native/HmsSdk/src/main/ets/demo/NearbyDemo.ets:84:18
 The system capacity of this api 'transferState' is not supported on all devices
[39m[39m
[33mWARN: [33m[33mArkTS:WARN File: /Users/chenhan/Desktop/Git/RXSDK/RXSDK-Harmony-Native/HmsSdk/src/main/ets/demo/NearbyDemo.ets:104:55
 The system capacity of this api 'gameNearbyTransfer' is not supported on all devices
[39m[39m
[33mWARN: [33m[33mArkTS:WARN File: /Users/chenhan/Desktop/Git/RXSDK/RXSDK-Harmony-Native/HmsSdk/src/main/ets/demo/NearbyDemo.ets:104:74
 The system capacity of this api 'PackageInfoResultCode' is not supported on all devices
[39m[39m
[33mWARN: [33m[33mArkTS:WARN File: /Users/chenhan/Desktop/Git/RXSDK/RXSDK-Harmony-Native/HmsSdk/src/main/ets/demo/NearbyDemo.ets:104:96
 The system capacity of this api 'PACKAGE_AVAILABLE_COMPARED' is not supported on all devices
[39m[39m
[33mWARN: [33m[33mArkTS:WARN File: /Users/chenhan/Desktop/Git/RXSDK/RXSDK-Harmony-Native/HmsSdk/src/main/ets/demo/NearbyDemo.ets:236:40
 The system capacity of this api 'gameNearbyTransfer' is not supported on all devices
[39m[39m
[33mWARN: [33m[33mArkTS:WARN File: /Users/chenhan/Desktop/Git/RXSDK/RXSDK-Harmony-Native/HmsSdk/src/main/ets/demo/NearbyDemo.ets:236:59
 The system capacity of this api 'PackageInfoResultCode' is not supported on all devices
[39m[39m
[33mWARN: [33m[33mArkTS:WARN File: /Users/chenhan/Desktop/Git/RXSDK/RXSDK-Harmony-Native/HmsSdk/src/main/ets/demo/NearbyDemo.ets:236:81
 The system capacity of this api 'PACKAGE_AVAILABLE_COMPARED' is not supported on all devices
[39m[39m
[33mWARN: [33m[33mArkTS:WARN File: /Users/chenhan/Desktop/Git/RXSDK/RXSDK-Harmony-Native/HmsSdk/src/main/ets/demo/NearbyDemo.ets:241:40
 The system capacity of this api 'gameNearbyTransfer' is not supported on all devices
[39m[39m
[33mWARN: [33m[33mArkTS:WARN File: /Users/chenhan/Desktop/Git/RXSDK/RXSDK-Harmony-Native/HmsSdk/src/main/ets/demo/NearbyDemo.ets:241:59
 The system capacity of this api 'PackageInfoResultCode' is not supported on all devices
[39m[39m
[33mWARN: [33m[33mArkTS:WARN File: /Users/chenhan/Desktop/Git/RXSDK/RXSDK-Harmony-Native/HmsSdk/src/main/ets/demo/NearbyDemo.ets:241:81
 The system capacity of this api 'PACKAGE_UNAVAILABLE_COMPARED' is not supported on all devices
[39m[39m
[33mWARN: [33m[33mArkTS:WARN File: /Users/chenhan/Desktop/Git/RXSDK/RXSDK-Harmony-Native/HmsSdk/src/main/ets/demo/NearbyDemo.ets:246:40
 The system capacity of this api 'gameNearbyTransfer' is not supported on all devices
[39m[39m
[33mWARN: [33m[33mArkTS:WARN File: /Users/chenhan/Desktop/Git/RXSDK/RXSDK-Harmony-Native/HmsSdk/src/main/ets/demo/NearbyDemo.ets:246:59
 The system capacity of this api 'PackageInfoResultCode' is not supported on all devices
[39m[39m
[33mWARN: [33m[33mArkTS:WARN File: /Users/chenhan/Desktop/Git/RXSDK/RXSDK-Harmony-Native/HmsSdk/src/main/ets/demo/NearbyDemo.ets:246:81
 The system capacity of this api 'ERROR' is not supported on all devices
[39m[39m
[33mWARN: [33m[33mArkTS:WARN File: /Users/chenhan/Desktop/Git/RXSDK/RXSDK-Harmony-Native/HmsSdk/src/main/ets/demo/NearbyDemo.ets:392:3
 Function may throw exceptions. Special handling is required.
[39m[39m
[33mWARN: [33m[33mArkTS:WARN File: /Users/chenhan/Desktop/Git/RXSDK/RXSDK-Harmony-Native/HmsSdk/src/main/ets/demo/NearbyDemo.ets:393:3
 Function may throw exceptions. Special handling is required.
[39m[39m
[33mWARN: [33m[33mArkTS:WARN File: /Users/chenhan/Desktop/Git/RXSDK/RXSDK-Harmony-Native/HmsSdk/src/main/ets/demo/NearbyDemo.ets:393:20
 To use this API, you need to apply for the permissions: ohos.permission.READ_PASTEBOARD
[39m[39m
[33mWARN: [33m[33mArkTS:WARN File: /Users/chenhan/Desktop/Git/RXSDK/RXSDK-Harmony-Native/HmsSdk/src/main/ets/demo/NearbyDemo.ets:395:20
 'showToast' has been deprecated.
[39m[39m
[33mWARN: [33m[33mArkTS:WARN File: /Users/chenhan/Desktop/Git/RXSDK/RXSDK-Harmony-Native/HmsSdk/src/main/ets/demo/NearbyDemo.ets:397:20
 'showToast' has been deprecated.
[39m[39m
[33mWARN: [33m[33mArkTS:WARN File: /Users/chenhan/Desktop/Git/RXSDK/RXSDK-Harmony-Native/HmsSdk/src/main/ets/nearby/KnockShareService.ets:26:51
 The system capacity of this api 'systemShare' is not supported on all devices
[39m[39m
[33mWARN: [33m[33mArkTS:WARN File: /Users/chenhan/Desktop/Git/RXSDK/RXSDK-Harmony-Native/HmsSdk/src/main/ets/nearby/KnockShareService.ets:26:63
 The system capacity of this api 'SharedData' is not supported on all devices
[39m[39m
[33mWARN: [33m[33mArkTS:WARN File: /Users/chenhan/Desktop/Git/RXSDK/RXSDK-Harmony-Native/HmsSdk/src/main/ets/nearby/KnockShareService.ets:32:22
 The system capacity of this api 'share' is not supported on all devices
[39m[39m
[33mWARN: [33m[33mArkTS:WARN File: /Users/chenhan/Desktop/Git/RXSDK/RXSDK-Harmony-Native/HmsSdk/src/main/ets/nearby/KnockShareService.ets:38:5
 The system capacity of this api 'harmonyShare' is not supported on all devices
[39m[39m
[33mWARN: [33m[33mArkTS:WARN File: /Users/chenhan/Desktop/Git/RXSDK/RXSDK-Harmony-Native/HmsSdk/src/main/ets/nearby/KnockShareService.ets:38:18
 The system capacity of this api 'on' is not supported on all devices
[39m[39m
[33mWARN: [33m[33mArkTS:WARN File: /Users/chenhan/Desktop/Git/RXSDK/RXSDK-Harmony-Native/HmsSdk/src/main/ets/nearby/KnockShareService.ets:39:5
 The system capacity of this api 'harmonyShare' is not supported on all devices
[39m[39m
[33mWARN: [33m[33mArkTS:WARN File: /Users/chenhan/Desktop/Git/RXSDK/RXSDK-Harmony-Native/HmsSdk/src/main/ets/nearby/KnockShareService.ets:39:18
 The system capacity of this api 'on' is not supported on all devices
[39m[39m
[33mWARN: [33m[33mArkTS:WARN File: /Users/chenhan/Desktop/Git/RXSDK/RXSDK-Harmony-Native/HmsSdk/src/main/ets/net/HttpRequestResponse.ts:34:18
 Function may throw exceptions. Special handling is required.
[39m[39m
[33mWARN: [33m[33mArkTS:WARN File: /Users/chenhan/Desktop/Git/RXSDK/RXSDK-Harmony-Native/HmsSdk/src/main/ets/pages/RegisterComponent.ets:137:26
 'showToast' has been deprecated.
[39m[39m
[33mWARN: [33m[33mArkTS:WARN File: /Users/chenhan/Desktop/Git/RXSDK/RXSDK-Harmony-Native/HmsSdk/src/main/ets/sdk/TuanjieBridge.ets:26:5
 Function may throw exceptions. Special handling is required.
[39m[39m
[33mWARN: [33m[33mArkTS:WARN File: /Users/chenhan/Desktop/Git/RXSDK/RXSDK-Harmony-Native/HmsSdk/src/main/ets/utils/PreferencesUtils.ts:26:33
 Function may throw exceptions. Special handling is required.
[39m[39m
[33mWARN: [33m[33mArkTS:WARN File: /Users/chenhan/Desktop/Git/RXSDK/RXSDK-Harmony-Native/HmsSdk/src/main/ets/utils/PreferencesUtils.ts:33:20
 Function may throw exceptions. Special handling is required.
[39m[39m
[33mWARN: [33m[33mArkTS:WARN File: /Users/chenhan/Desktop/Git/RXSDK/RXSDK-Harmony-Native/HmsSdk/src/main/ets/utils/PreferencesUtils.ts:43:13
 Function may throw exceptions. Special handling is required.
[39m[39m
[33mWARN: [33m[33mArkTS:WARN File: /Users/chenhan/Desktop/Git/RXSDK/RXSDK-Harmony-Native/HmsSdk/src/main/ets/utils/PreferencesUtils.ts:44:13
 Function may throw exceptions. Special handling is required.
[39m[39m
[33mWARN: [33m[33mArkTS:WARN File: /Users/chenhan/Desktop/Git/RXSDK/RXSDK-Harmony-Native/HmsSdk/src/main/ets/utils/ToastUtil.ts:12:16
 'showToast' has been deprecated.
[39m[39m
[33mWARN: [33m[33mArkTS:WARN File: /Users/chenhan/Desktop/Git/RXSDK/RXSDK-Harmony-Native/HmsSdk/src/main/ets/workers/HostProxy.ets:55:3
 Function may throw exceptions. Special handling is required.
[39m[39m
[33mWARN: [33mArkTS:WARN File: /Users/chenhan/Desktop/Git/RXSDK/RXSDK-Harmony-Native/HmsSdk/src/main/ets/components/TestKeyboardView.ets:38:1
 It's not a recommended way to export struct with '@Entry' decorator, which may cause ACE Engine error in component preview mode.[39m[39m
[33mWARN: [33mArkTS:WARN File: /Users/chenhan/Desktop/Git/RXSDK/RXSDK-Harmony-Native/HmsSdk/src/main/ets/pages/FeedbackComponent.ets:9:1
 It's not a recommended way to export struct with '@Entry' decorator, which may cause ACE Engine error in component preview mode.[39m[39m
[33mWARN: [33mArkTS:WARN File: /Users/chenhan/Desktop/Git/RXSDK/RXSDK-Harmony-Native/HmsSdk/src/main/ets/pages/FeedbackDetailComponent.ets:6:1
 It's not a recommended way to export struct with '@Entry' decorator, which may cause ACE Engine error in component preview mode.[39m[39m
[33mWARN: [33mArkTS:WARN File: /Users/chenhan/Desktop/Git/RXSDK/RXSDK-Harmony-Native/HmsSdk/src/main/ets/pages/FeedbackDetailComponent.ets:10:9
 The '@Entry' component 'FeedbackDetailComponent' cannot have the '@Prop' property 'content'.[39m[39m
[33mWARN: [33mArkTS:WARN File: /Users/chenhan/Desktop/Git/RXSDK/RXSDK-Harmony-Native/HmsSdk/src/main/ets/pages/FeedbackListComponent.ets:7:1
 It's not a recommended way to export struct with '@Entry' decorator, which may cause ACE Engine error in component preview mode.[39m[39m
[33mWARN: [33mArkTS:WARN File: /Users/chenhan/Desktop/Git/RXSDK/RXSDK-Harmony-Native/HmsSdk/src/main/ets/pages/LoginAccountListComponent.ets:6:1
 It's not a recommended way to export struct with '@Entry' decorator, which may cause ACE Engine error in component preview mode.[39m[39m
[33mWARN: [33mArkTS:WARN File: /Users/chenhan/Desktop/Git/RXSDK/RXSDK-Harmony-Native/HmsSdk/src/main/ets/pages/LoginAccountListComponent.ets:12:9
 The '@Entry' component 'LoginAccountListComponent' cannot have the '@Prop' property 'list'.[39m[39m
[33mWARN: [33mArkTS:WARN File: /Users/chenhan/Desktop/Git/RXSDK/RXSDK-Harmony-Native/HmsSdk/src/main/ets/pages/LoginComponent.ets:17:1
 It's not a recommended way to export struct with '@Entry' decorator, which may cause ACE Engine error in component preview mode.[39m[39m
[33mWARN: [33mArkTS:WARN File: /Users/chenhan/Desktop/Git/RXSDK/RXSDK-Harmony-Native/HmsSdk/src/main/ets/pages/LoginQuickComponent.ets:17:1
 It's not a recommended way to export struct with '@Entry' decorator, which may cause ACE Engine error in component preview mode.[39m[39m
[33mWARN: [33mArkTS:WARN File: /Users/chenhan/Desktop/Git/RXSDK/RXSDK-Harmony-Native/HmsSdk/src/main/ets/pages/PreviewComponent.ets:25:1
 It's not a recommended way to export struct with '@Entry' decorator, which may cause ACE Engine error in component preview mode.[39m[39m
[33mWARN: [33mArkTS:WARN File: /Users/chenhan/Desktop/Git/RXSDK/RXSDK-Harmony-Native/HmsSdk/src/main/ets/pages/RealNameComponent.ets:319:10
 The current component id "prop_list" is duplicate with /Users/chenhan/Desktop/Git/RXSDK/RXSDK-Harmony-Native/HmsSdk/src/main/ets/pages/MailDetailComponent.ets:202:16.[39m[39m
[33mWARN: [33mArkTS:WARN File: /Users/chenhan/Desktop/Git/RXSDK/RXSDK-Harmony-Native/HmsSdk/src/main/ets/pages/RegisterComponent.ets:8:1
 It's not a recommended way to export struct with '@Entry' decorator, which may cause ACE Engine error in component preview mode.[39m[39m

[2026-08-17T09:59:43.444] [DEBUG] debug-file - Ark compile task finished.finished time is 2248517291501458
[2026-08-17T09:59:43.444] [DEBUG] debug-file - worker[4] has one work done.
[2026-08-17T09:59:43.445] [DEBUG] debug-file - default@HarCompileArkTS work[0] done.
[2026-08-17T09:59:43.447] [DEBUG] debug-file - Executing task :hmssdk:default@ProcessHarArtifacts
[2026-08-17T09:59:43.445] [DEBUG] debug-file - A work dispatched to worker[4] failed because unable to get work from ready queue.
[2026-08-17T09:59:43.447] [DEBUG] debug-file - File: '/Users/chenhan/Desktop/Git/RXSDK/RXSDK-Harmony-Native/HmsSdk/src/main/resources/base/profile/insight_intent.json' from 'insightIntentJsonPath' is not exists, just ignore.
[2026-08-17T09:59:43.446] [INFO] debug-file - Finished :hmssdk:default@HarCompileArkTS... after 5 s 739 ms 
[2026-08-17T09:59:43.448] [DEBUG] debug-file - File: '/Users/chenhan/Desktop/Git/RXSDK/RXSDK-Harmony-Native/HmsSdk/build/default/intermediates/preload/default/preload.json' from 'preloadSoFilePath' is not exists, just ignore.
[2026-08-17T09:59:43.448] [DEBUG] debug-file - Task 'hmssdk:default@ProcessHarArtifacts' cost while wrapping incremental declarations: 1 ms 
[2026-08-17T09:59:43.510] [DEBUG] debug-file - hmssdk : default@ProcessHarArtifacts cost memory 3.3328018188476562
[2026-08-17T09:59:43.511] [DEBUG] debug-file - runTaskFromQueue task cost before running: 7 s 16 ms 
[2026-08-17T09:59:43.511] [DEBUG] debug-file - Executing task :hmssdk:default@PackageHar
[2026-08-17T09:59:43.511] [INFO] debug-file - Finished :hmssdk:default@ProcessHarArtifacts... after 64 ms 
[2026-08-17T09:59:43.559] [DEBUG] debug-file - hmssdk : default@PackageHar cost memory -0.9215011596679688
[2026-08-17T09:59:43.559] [DEBUG] debug-file - runTaskFromQueue task cost before running: 7 s 65 ms 
[2026-08-17T09:59:43.560] [DEBUG] debug-file - Executing task :hmssdk:default@PackageSignHar
[2026-08-17T09:59:43.565] [DEBUG] debug-file - Executing task :hmssdk:default@CollectDebugSymbol
[2026-08-17T09:59:43.562] [DEBUG] debug-file - Executing task :hmssdk:default@PackingCheckHar
[2026-08-17T09:59:43.560] [INFO] debug-file - Finished :hmssdk:default@PackageHar... after 49 ms 
[2026-08-17T09:59:43.561] [DEBUG] debug-file - hmssdk : default@PackageSignHar cost memory 0.0685882568359375
[2026-08-17T09:59:43.568] [DEBUG] debug-file - There are no cpp libraries for module hmssdk
[2026-08-17T09:59:43.564] [DEBUG] debug-file - hmssdk : default@PackingCheckHar cost memory 0.503631591796875
[2026-08-17T09:59:43.561] [DEBUG] debug-file - runTaskFromQueue task cost before running: 7 s 67 ms 
[2026-08-17T09:59:43.569] [DEBUG] debug-file - hmssdk : default@CollectDebugSymbol cost memory 0.15290069580078125
[2026-08-17T09:59:43.564] [DEBUG] debug-file - runTaskFromQueue task cost before running: 7 s 70 ms 
[2026-08-17T09:59:43.561] [INFO] debug-file - Finished :hmssdk:default@PackageSignHar... after 1 ms 
[2026-08-17T09:59:43.569] [DEBUG] debug-file - runTaskFromQueue task cost before running: 7 s 74 ms 
[2026-08-17T09:59:43.564] [INFO] debug-file - Finished :hmssdk:default@PackingCheckHar... after 3 ms 
[2026-08-17T09:59:43.569] [INFO] debug-file - Finished :hmssdk:default@CollectDebugSymbol... after 4 ms 
[2026-08-17T09:59:43.569] [DEBUG] debug-file - Executing task :hmssdk:assembleHar
[2026-08-17T09:59:43.569] [DEBUG] debug-file - hmssdk : assembleHar cost memory 0.01410675048828125
[2026-08-17T09:59:43.569] [DEBUG] debug-file - runTaskFromQueue task cost before running: 7 s 75 ms 
[2026-08-17T09:59:43.569] [INFO] debug-file - Finished :hmssdk:assembleHar... after 1 ms 
[2026-08-17T09:59:43.570] [INFO] debug-file - BUILD SUCCESSFUL in 7 s 75 ms 
[2026-08-17T09:59:43.570] [DEBUG] debug-file - Update task hmssdk:default@PreBuild input file:/Users/chenhan/Desktop/Git/RXSDK/RXSDK-Harmony-Native/AppScope/app.json5 cache by regenerate.
[2026-08-17T09:59:43.570] [DEBUG] debug-file - Update task hmssdk:default@PreBuild input file:/Users/chenhan/Desktop/Git/RXSDK/RXSDK-Harmony-Native/HmsSdk/src/main/module.json5 cache by regenerate.
[2026-08-17T09:59:43.570] [DEBUG] debug-file - Update task hmssdk:default@PreBuild input file:/Users/chenhan/Desktop/Git/RXSDK/RXSDK-Harmony-Native/build-profile.json5 cache by regenerate.
[2026-08-17T09:59:43.570] [DEBUG] debug-file - Update task hmssdk:default@PreBuild input file:/Users/chenhan/Desktop/Git/RXSDK/RXSDK-Harmony-Native/HmsSdk/build-profile.json5 cache by regenerate.
[2026-08-17T09:59:43.570] [DEBUG] debug-file - Update task hmssdk:default@PreBuild input file:/Users/chenhan/Desktop/Git/RXSDK/RXSDK-Harmony-Native/hvigor/hvigor-config.json5 cache by regenerate.
[2026-08-17T09:59:43.571] [DEBUG] debug-file - Update task hmssdk:default@PreBuild input file:/Users/chenhan/Desktop/Git/RXSDK/RXSDK-Harmony-Native/HmsSdk/oh-package.json5 cache by regenerate.
[2026-08-17T09:59:43.571] [DEBUG] debug-file - Update task hmssdk:default@PreBuild input file:/Users/chenhan/Desktop/Git/RXSDK/RXSDK-Harmony-Native/oh-package.json5 cache by regenerate.
[2026-08-17T09:59:43.571] [DEBUG] debug-file - Incremental task hmssdk:default@PreBuild post-execution cost:1 ms .
[2026-08-17T09:59:43.571] [DEBUG] debug-file - Update task hmssdk:default@CreateHarBuildProfile input file:/Users/chenhan/Desktop/Git/RXSDK/RXSDK-Harmony-Native/AppScope/app.json5 cache by regenerate.
[2026-08-17T09:59:43.571] [DEBUG] debug-file - Update task hmssdk:default@CreateHarBuildProfile input file:/Users/chenhan/Desktop/Git/RXSDK/RXSDK-Harmony-Native/build-profile.json5 cache by regenerate.
[2026-08-17T09:59:43.571] [DEBUG] debug-file - Update task hmssdk:default@CreateHarBuildProfile output file:/Users/chenhan/Desktop/Git/RXSDK/RXSDK-Harmony-Native/HmsSdk/BuildProfile.ets cache.
[2026-08-17T09:59:43.571] [DEBUG] debug-file - Incremental task hmssdk:default@CreateHarBuildProfile post-execution cost:1 ms .
[2026-08-17T09:59:43.571] [DEBUG] debug-file - Update task hmssdk:default@CreateHarModuleInfo output file:/Users/chenhan/Desktop/Git/RXSDK/RXSDK-Harmony-Native/HmsSdk/build/default/generated/profile/default/ModuleInfo.ts cache.
[2026-08-17T09:59:43.571] [DEBUG] debug-file - Incremental task hmssdk:default@CreateHarModuleInfo post-execution cost:1 ms .
[2026-08-17T09:59:43.571] [DEBUG] debug-file - Update task hmssdk:default@MergeProfile input file:/Users/chenhan/Desktop/Git/RXSDK/RXSDK-Harmony-Native/AppScope/app.json5 cache by regenerate.
[2026-08-17T09:59:43.571] [DEBUG] debug-file - Update task hmssdk:default@MergeProfile input file:/Users/chenhan/Desktop/Git/RXSDK/RXSDK-Harmony-Native/build-profile.json5 cache by regenerate.
[2026-08-17T09:59:43.571] [DEBUG] debug-file - Update task hmssdk:default@MergeProfile input file:/Users/chenhan/Desktop/Git/RXSDK/RXSDK-Harmony-Native/HmsSdk/src/main/module.json5 cache by regenerate.
[2026-08-17T09:59:43.571] [DEBUG] debug-file - Update task hmssdk:default@MergeProfile input file:/Users/chenhan/Desktop/Git/RXSDK/RXSDK-Harmony-Native/oh_modules/.ohpm/@tencent+wechat_open_sdk@1.0.16/oh_modules/@tencent/wechat_open_sdk/src/main/module.json cache by regenerate.
[2026-08-17T09:59:43.571] [DEBUG] debug-file - Update task hmssdk:default@MergeProfile output file:/Users/chenhan/Desktop/Git/RXSDK/RXSDK-Harmony-Native/HmsSdk/build/default/intermediates/merge_profile/default/module.json cache.
[2026-08-17T09:59:43.571] [DEBUG] debug-file - Incremental task hmssdk:default@MergeProfile post-execution cost:1 ms .
[2026-08-17T09:59:43.571] [DEBUG] debug-file - Update task hmssdk:default@GeneratePkgContextInfo output file:/Users/chenhan/Desktop/Git/RXSDK/RXSDK-Harmony-Native/HmsSdk/build/default/intermediates/loader/default/pkgContextInfo.json cache.
[2026-08-17T09:59:43.571] [DEBUG] debug-file - Incremental task hmssdk:default@GeneratePkgContextInfo post-execution cost:1 ms .
[2026-08-17T09:59:43.571] [DEBUG] debug-file - Update task hmssdk:default@ProcessIntegratedHsp output file:/Users/chenhan/Desktop/Git/RXSDK/RXSDK-Harmony-Native/build/cache/default/integrated_hsp/integratedHspCache.json cache.
[2026-08-17T09:59:43.571] [DEBUG] debug-file - Incremental task hmssdk:default@ProcessIntegratedHsp post-execution cost:1 ms .
[2026-08-17T09:59:43.571] [DEBUG] debug-file - Update task hmssdk:default@ProcessModulePrivacyProfile output file:/Users/chenhan/Desktop/Git/RXSDK/RXSDK-Harmony-Native/HmsSdk/build/default/intermediates/privacy_profile/default/pac.json5 cache.
[2026-08-17T09:59:43.571] [DEBUG] debug-file - Incremental task hmssdk:default@ProcessModulePrivacyProfile post-execution cost:1 ms .
[2026-08-17T09:59:43.571] [DEBUG] debug-file - Update task hmssdk:default@ProcessProfile input file:/Users/chenhan/Desktop/Git/RXSDK/RXSDK-Harmony-Native/HmsSdk/build/default/intermediates/merge_profile/default/module.json cache by regenerate.
[2026-08-17T09:59:43.571] [DEBUG] debug-file - Update task hmssdk:default@ProcessProfile output file:/Users/chenhan/Desktop/Git/RXSDK/RXSDK-Harmony-Native/HmsSdk/build/default/intermediates/process_profile/default/module.json cache.
[2026-08-17T09:59:43.571] [DEBUG] debug-file - Incremental task hmssdk:default@ProcessProfile post-execution cost:1 ms .
[2026-08-17T09:59:43.572] [DEBUG] debug-file - Update task hmssdk:default@ProcessRouterMap input file:/Users/chenhan/Desktop/Git/RXSDK/RXSDK-Harmony-Native/HmsSdk/oh-package.json5 cache by regenerate.
[2026-08-17T09:59:43.572] [DEBUG] debug-file - Update task hmssdk:default@ProcessRouterMap input file:/Users/chenhan/Desktop/Git/RXSDK/RXSDK-Harmony-Native/oh-package.json5 cache by regenerate.
[2026-08-17T09:59:43.572] [DEBUG] debug-file - Update task hmssdk:default@ProcessRouterMap input file:/Users/chenhan/Desktop/Git/RXSDK/RXSDK-Harmony-Native/HmsSdk/src/main/module.json5 cache by regenerate.
[2026-08-17T09:59:43.572] [DEBUG] debug-file - Update task hmssdk:default@ProcessRouterMap input file:/Users/chenhan/Desktop/Git/RXSDK/RXSDK-Harmony-Native/HmsSdk/build/default/intermediates/loader/default/pkgContextInfo.json cache by regenerate.
[2026-08-17T09:59:43.572] [DEBUG] debug-file - Update task hmssdk:default@ProcessRouterMap output file:/Users/chenhan/Desktop/Git/RXSDK/RXSDK-Harmony-Native/HmsSdk/build/default/intermediates/router_map/default/temp-router-map.json cache.
[2026-08-17T09:59:43.572] [DEBUG] debug-file - Update task hmssdk:default@ProcessRouterMap output file:/Users/chenhan/Desktop/Git/RXSDK/RXSDK-Harmony-Native/HmsSdk/build/default/intermediates/router_map/default/loader-router-map.json cache.
[2026-08-17T09:59:43.572] [DEBUG] debug-file - Incremental task hmssdk:default@ProcessRouterMap post-execution cost:1 ms .
[2026-08-17T09:59:43.572] [DEBUG] debug-file - Update task hmssdk:default@ProcessShareConfig input file:/Users/chenhan/Desktop/Git/RXSDK/RXSDK-Harmony-Native/HmsSdk/oh-package.json5 cache by regenerate.
[2026-08-17T09:59:43.572] [DEBUG] debug-file - Update task hmssdk:default@ProcessShareConfig input file:/Users/chenhan/Desktop/Git/RXSDK/RXSDK-Harmony-Native/oh-package.json5 cache by regenerate.
[2026-08-17T09:59:43.572] [DEBUG] debug-file - Update task hmssdk:default@ProcessShareConfig input file:/Users/chenhan/Desktop/Git/RXSDK/RXSDK-Harmony-Native/HmsSdk/src/main/module.json5 cache by regenerate.
[2026-08-17T09:59:43.572] [DEBUG] debug-file - Update task hmssdk:default@ProcessShareConfig input file:/Users/chenhan/Desktop/Git/RXSDK/RXSDK-Harmony-Native/HmsSdk/build/default/intermediates/loader/default/pkgContextInfo.json cache by regenerate.
[2026-08-17T09:59:43.572] [DEBUG] debug-file - Update task hmssdk:default@ProcessShareConfig output file:/Users/chenhan/Desktop/Git/RXSDK/RXSDK-Harmony-Native/HmsSdk/build/default/intermediates/share_config/default/temp-share-config.json cache.
[2026-08-17T09:59:43.572] [DEBUG] debug-file - Incremental task hmssdk:default@ProcessShareConfig post-execution cost:1 ms .
[2026-08-17T09:59:43.572] [DEBUG] debug-file - Update task hmssdk:default@ProcessStartupConfig input file:/Users/chenhan/Desktop/Git/RXSDK/RXSDK-Harmony-Native/HmsSdk/build/default/intermediates/loader/default/pkgContextInfo.json cache by regenerate.
[2026-08-17T09:59:43.572] [DEBUG] debug-file - Update task hmssdk:default@ProcessStartupConfig output file:/Users/chenhan/Desktop/Git/RXSDK/RXSDK-Harmony-Native/HmsSdk/build/default/intermediates/startup/default/startup_config.json cache.
[2026-08-17T09:59:43.572] [DEBUG] debug-file - Incremental task hmssdk:default@ProcessStartupConfig post-execution cost:1 ms .
[2026-08-17T09:59:43.572] [DEBUG] debug-file - Update task hmssdk:default@ProcessResource output file:/Users/chenhan/Desktop/Git/RXSDK/RXSDK-Harmony-Native/HmsSdk/build/default/intermediates/res/default/resConfig.json cache.
[2026-08-17T09:59:43.572] [DEBUG] debug-file - Update task hmssdk:default@ProcessResource output file:/Users/chenhan/Desktop/Git/RXSDK/RXSDK-Harmony-Native/HmsSdk/build/default/intermediates/res/default/opt-compression.json cache.
[2026-08-17T09:59:43.573] [DEBUG] debug-file - Incremental task hmssdk:default@ProcessResource post-execution cost:1 ms .
[2026-08-17T09:59:43.573] [DEBUG] debug-file - Update task hmssdk:default@GenerateLoaderJson input file:/Users/chenhan/Desktop/Git/RXSDK/RXSDK-Harmony-Native/HmsSdk/build/default/intermediates/loader/default/pkgContextInfo.json cache by regenerate.
[2026-08-17T09:59:43.573] [DEBUG] debug-file - Update task hmssdk:default@GenerateLoaderJson input file:/Users/chenhan/Desktop/Git/RXSDK/RXSDK-Harmony-Native/HmsSdk/src/main/ets cache by regenerate.
[2026-08-17T09:59:43.576] [DEBUG] debug-file - Update task hmssdk:default@GenerateLoaderJson input file:/Users/chenhan/Desktop/Git/RXSDK/RXSDK-Harmony-Native/HmsSdk/build/default/generated/profile/default/ModuleInfo.ts cache by regenerate.
[2026-08-17T09:59:43.576] [DEBUG] debug-file - Update task hmssdk:default@GenerateLoaderJson output file:/Users/chenhan/Desktop/Git/RXSDK/RXSDK-Harmony-Native/HmsSdk/build/default/intermediates/loader/default/loader.json cache.
[2026-08-17T09:59:43.576] [DEBUG] debug-file - Incremental task hmssdk:default@GenerateLoaderJson post-execution cost:4 ms .
[2026-08-17T09:59:43.576] [DEBUG] debug-file - Update task hmssdk:default@ProcessLibs input file:/Users/chenhan/Desktop/Git/RXSDK/RXSDK-Harmony-Native/build-profile.json5 cache by regenerate.
[2026-08-17T09:59:43.576] [DEBUG] debug-file - Update task hmssdk:default@ProcessLibs input file:/Users/chenhan/Desktop/Git/RXSDK/RXSDK-Harmony-Native/HmsSdk/build-profile.json5 cache by regenerate.
[2026-08-17T09:59:43.576] [DEBUG] debug-file - Update task hmssdk:default@ProcessLibs output file:/Users/chenhan/Desktop/Git/RXSDK/RXSDK-Harmony-Native/HmsSdk/build/default/intermediates/libs/default cache.
[2026-08-17T09:59:43.576] [DEBUG] debug-file - Incremental task hmssdk:default@ProcessLibs post-execution cost:1 ms .
[2026-08-17T09:59:43.576] [DEBUG] debug-file - Update task hmssdk:default@CompileResource input file:/Users/chenhan/Desktop/Git/RXSDK/RXSDK-Harmony-Native/HmsSdk/src/main/resources cache by regenerate.
[2026-08-17T09:59:43.577] [DEBUG] debug-file - Update task hmssdk:default@CompileResource input file:/Users/chenhan/Desktop/Git/RXSDK/RXSDK-Harmony-Native/HmsSdk/build/default/intermediates/res/default/resource_str cache by regenerate.
[2026-08-17T09:59:43.577] [DEBUG] debug-file - Update task hmssdk:default@CompileResource input file:/Users/chenhan/Desktop/Git/RXSDK/RXSDK-Harmony-Native/HmsSdk/build/default/intermediates/process_profile/default/module.json cache by regenerate.
[2026-08-17T09:59:43.577] [DEBUG] debug-file - Update task hmssdk:default@CompileResource input file:/Users/chenhan/Desktop/Git/RXSDK/RXSDK-Harmony-Native/HmsSdk/build/default/intermediates/res/default/resConfig.json cache by regenerate.
[2026-08-17T09:59:43.577] [DEBUG] debug-file - Update task hmssdk:default@CompileResource output file:/Users/chenhan/Desktop/Git/RXSDK/RXSDK-Harmony-Native/HmsSdk/build/default/intermediates/res/default cache.
[2026-08-17T09:59:43.579] [DEBUG] debug-file - Update task hmssdk:default@CompileResource output file:/Users/chenhan/Desktop/Git/RXSDK/RXSDK-Harmony-Native/HmsSdk/build/default/generated/r/default/ResourceTable.h cache.
[2026-08-17T09:59:43.579] [DEBUG] debug-file - Update task hmssdk:default@CompileResource output file:/Users/chenhan/Desktop/Git/RXSDK/RXSDK-Harmony-Native/HmsSdk/build/default/generated/r/default cache.
[2026-08-17T09:59:43.579] [DEBUG] debug-file - Incremental task hmssdk:default@CompileResource post-execution cost:3 ms .
[2026-08-17T09:59:43.579] [DEBUG] debug-file - Update task hmssdk:default@DoNativeStrip input file:/Users/chenhan/Desktop/Git/RXSDK/RXSDK-Harmony-Native/HmsSdk/build/default/intermediates/libs/default cache by regenerate.
[2026-08-17T09:59:43.579] [DEBUG] debug-file - Update task hmssdk:default@DoNativeStrip output file:/Users/chenhan/Desktop/Git/RXSDK/RXSDK-Harmony-Native/HmsSdk/build/default/intermediates/stripped_native_libs/default cache.
[2026-08-17T09:59:43.579] [DEBUG] debug-file - Incremental task hmssdk:default@DoNativeStrip post-execution cost:1 ms .
[2026-08-17T09:59:43.579] [DEBUG] debug-file - Update task hmssdk:default@HarCompileArkTS input file:/Users/chenhan/Desktop/Git/RXSDK/RXSDK-Harmony-Native/HmsSdk/build/default/intermediates/loader/default cache by regenerate.
[2026-08-17T09:59:43.579] [DEBUG] debug-file - Update task hmssdk:default@HarCompileArkTS input file:/Users/chenhan/Desktop/Git/RXSDK/RXSDK-Harmony-Native/oh_modules/.ohpm/@tencent+wechat_open_sdk@1.0.16/oh_modules/@tencent/wechat_open_sdk/Index.js cache by regenerate.
[2026-08-17T09:59:43.579] [DEBUG] debug-file - Update task hmssdk:default@HarCompileArkTS input file:/Users/chenhan/Desktop/Git/RXSDK/RXSDK-Harmony-Native/oh_modules/.ohpm/@tencent+wechat_open_sdk@1.0.16/oh_modules/@tencent/wechat_open_sdk/src/main/ets cache by regenerate.
[2026-08-17T09:59:43.581] [DEBUG] debug-file - Update task hmssdk:default@HarCompileArkTS input file:/Users/chenhan/Desktop/Git/RXSDK/RXSDK-Harmony-Native/HmsSdk/build/default/intermediates/res/default/resources/rawfile cache by regenerate.
[2026-08-17T09:59:43.581] [DEBUG] debug-file - Update task hmssdk:default@HarCompileArkTS input file:/Users/chenhan/Desktop/Git/RXSDK/RXSDK-Harmony-Native/HmsSdk/build/default/intermediates/res/default/ResourceTable.txt cache by regenerate.
[2026-08-17T09:59:43.581] [DEBUG] debug-file - Update task hmssdk:default@HarCompileArkTS input file:/Users/chenhan/Desktop/Git/RXSDK/RXSDK-Harmony-Native/HmsSdk/build/default/intermediates/res/default/ark_module.json cache by regenerate.
[2026-08-17T09:59:43.581] [DEBUG] debug-file - Update task hmssdk:default@HarCompileArkTS input file:/Users/chenhan/Desktop/Git/RXSDK/RXSDK-Harmony-Native/HmsSdk/src/main/ets cache by regenerate.
[2026-08-17T09:59:43.584] [DEBUG] debug-file - Update task hmssdk:default@HarCompileArkTS input file:/Users/chenhan/Desktop/Git/RXSDK/RXSDK-Harmony-Native/HmsSdk/Index.ets cache by regenerate.
[2026-08-17T09:59:43.584] [DEBUG] debug-file - Update task hmssdk:default@HarCompileArkTS input file:/Users/chenhan/Desktop/Git/RXSDK/RXSDK-Harmony-Native/HmsSdk/build/default/intermediates/loader/default/pkgContextInfo.json cache by regenerate.
[2026-08-17T09:59:43.584] [DEBUG] debug-file - Update task hmssdk:default@HarCompileArkTS input file:/Users/chenhan/Desktop/Git/RXSDK/RXSDK-Harmony-Native/HmsSdk/BuildProfile.ets cache by regenerate.
[2026-08-17T09:59:43.584] [DEBUG] debug-file - Update task hmssdk:default@HarCompileArkTS output file:/Users/chenhan/Desktop/Git/RXSDK/RXSDK-Harmony-Native/HmsSdk/build/default/intermediates/loader_out/default/ets cache.
[2026-08-17T09:59:43.584] [DEBUG] debug-file - Update task hmssdk:default@HarCompileArkTS output file:/Users/chenhan/Desktop/Git/RXSDK/RXSDK-Harmony-Native/HmsSdk/build/default/outputs/default/mapping/sourceMaps.map cache.
[2026-08-17T09:59:43.584] [DEBUG] debug-file - Incremental task hmssdk:default@HarCompileArkTS post-execution cost:6 ms .
[2026-08-17T09:59:43.584] [DEBUG] debug-file - Update task hmssdk:default@CacheNativeLibs input file:/Users/chenhan/Desktop/Git/RXSDK/RXSDK-Harmony-Native/HmsSdk/build/default/intermediates/stripped_native_libs/default cache by regenerate.
[2026-08-17T09:59:43.584] [DEBUG] debug-file - Update task hmssdk:default@CacheNativeLibs input file:/Users/chenhan/Desktop/Git/RXSDK/RXSDK-Harmony-Native/HmsSdk/build/default/intermediates/libs/default cache by regenerate.
[2026-08-17T09:59:43.584] [DEBUG] debug-file - Update task hmssdk:default@CacheNativeLibs output file:/Users/chenhan/Desktop/Git/RXSDK/RXSDK-Harmony-Native/HmsSdk/build/default/intermediates/patch/default/base_native_libs.json cache.
[2026-08-17T09:59:43.584] [DEBUG] debug-file - Update task hmssdk:default@CacheNativeLibs output file:/Users/chenhan/Desktop/Git/RXSDK/RXSDK-Harmony-Native/HmsSdk/build/default/intermediates/patch/default/binxo_native_libs.json cache.
[2026-08-17T09:59:43.584] [DEBUG] debug-file - Incremental task hmssdk:default@CacheNativeLibs post-execution cost:1 ms .
[2026-08-17T09:59:43.585] [DEBUG] debug-file - Update task hmssdk:default@ProcessHarArtifacts input file:/Users/chenhan/Desktop/Git/RXSDK/RXSDK-Harmony-Native/HmsSdk/build/default/intermediates/process_profile/default cache by regenerate.
[2026-08-17T09:59:43.585] [DEBUG] debug-file - Update task hmssdk:default@ProcessHarArtifacts input file:/Users/chenhan/Desktop/Git/RXSDK/RXSDK-Harmony-Native/HmsSdk cache by regenerate.
[2026-08-17T09:59:43.590] [DEBUG] debug-file - Update task hmssdk:default@ProcessHarArtifacts input file:/Users/chenhan/Desktop/Git/RXSDK/RXSDK-Harmony-Native/HmsSdk/build/default/generated/pm/default cache by regenerate.
[2026-08-17T09:59:43.590] [DEBUG] debug-file - Update task hmssdk:default@ProcessHarArtifacts input file:/Users/chenhan/Desktop/Git/RXSDK/RXSDK-Harmony-Native/HmsSdk/build/default/intermediates/stripped_native_libs/default cache by regenerate.
[2026-08-17T09:59:43.590] [DEBUG] debug-file - Update task hmssdk:default@ProcessHarArtifacts input file:/Users/chenhan/Desktop/Git/RXSDK/RXSDK-Harmony-Native/HmsSdk/build/default/intermediates/res/default/ResourceTable.txt cache by regenerate.
[2026-08-17T09:59:43.590] [DEBUG] debug-file - Update task hmssdk:default@ProcessHarArtifacts input file:/Users/chenhan/Desktop/Git/RXSDK/RXSDK-Harmony-Native/HmsSdk/build/default/intermediates/loader/default/pkgContextInfo.json cache by regenerate.
[2026-08-17T09:59:43.590] [DEBUG] debug-file - Update task hmssdk:default@ProcessHarArtifacts output file:/Users/chenhan/Desktop/Git/RXSDK/RXSDK-Harmony-Native/HmsSdk/build/default/cache/default/default@PackageHar cache.
[2026-08-17T09:59:43.595] [DEBUG] debug-file - Update task hmssdk:default@ProcessHarArtifacts output file:/Users/chenhan/Desktop/Git/RXSDK/RXSDK-Harmony-Native/HmsSdk/build/default/outputs/default/mapping/sourceMaps.map cache.
[2026-08-17T09:59:43.595] [DEBUG] debug-file - Update task hmssdk:default@ProcessHarArtifacts output file:/Users/chenhan/Desktop/Git/RXSDK/RXSDK-Harmony-Native/HmsSdk/build/default/cache/default/default@PackageHar/pac.json5 cache.
[2026-08-17T09:59:43.595] [DEBUG] debug-file - Incremental task hmssdk:default@ProcessHarArtifacts post-execution cost:11 ms .
[2026-08-17T09:59:43.595] [DEBUG] debug-file - Update task hmssdk:default@PackageHar output file:/Users/chenhan/Desktop/Git/RXSDK/RXSDK-Harmony-Native/HmsSdk/build/default/cache/default/default@PackageHar cache.
[2026-08-17T09:59:43.598] [DEBUG] debug-file - Update task hmssdk:default@PackageHar output file:/Users/chenhan/Desktop/Git/RXSDK/RXSDK-Harmony-Native/HmsSdk/build/default/outputs/default cache.
[2026-08-17T09:59:43.598] [DEBUG] debug-file - Incremental task hmssdk:default@PackageHar post-execution cost:4 ms .
[2026-08-17T09:59:43.598] [DEBUG] debug-file - Update task hmssdk:default@PackageSignHar input file:/Users/chenhan/Desktop/Git/RXSDK/RXSDK-Harmony-Native/HmsSdk/build/default/cache/default/default@PackageHar cache by regenerate.
[2026-08-17T09:59:43.601] [DEBUG] debug-file - Update task hmssdk:default@PackageSignHar input file:/Users/chenhan/Desktop/Git/RXSDK/RXSDK-Harmony-Native/HmsSdk/build/default/cache/default/default@PackageSignHar cache by regenerate.
[2026-08-17T09:59:43.601] [DEBUG] debug-file - Update task hmssdk:default@PackageSignHar output file:/Users/chenhan/Desktop/Git/RXSDK/RXSDK-Harmony-Native/HmsSdk/build/default/outputs/default/hmssdk-signed.har cache.
[2026-08-17T09:59:43.601] [DEBUG] debug-file - Incremental task hmssdk:default@PackageSignHar post-execution cost:3 ms .
[2026-08-17T09:59:43.601] [DEBUG] debug-file - Update task hmssdk:default@CollectDebugSymbol input file:/Users/chenhan/Desktop/Git/RXSDK/RXSDK-Harmony-Native/HmsSdk/build/default/cache/default/default@HarCompileArkTS/esmodule/release/sourceMaps.map cache by regenerate.
[2026-08-17T09:59:43.601] [DEBUG] debug-file - Update task hmssdk:default@CollectDebugSymbol input file:/Users/chenhan/Desktop/Git/RXSDK/RXSDK-Harmony-Native/HmsSdk/build/default/cache/default/default@HarCompileArkTS/esmodule/release/obfuscation/nameCache.json cache by regenerate.
[2026-08-17T09:59:43.601] [DEBUG] debug-file - Update task hmssdk:default@CollectDebugSymbol input file:/Users/chenhan/Desktop/Git/RXSDK/RXSDK-Harmony-Native/HmsSdk/build/default/intermediates/libs/default cache by regenerate.
[2026-08-17T09:59:43.601] [DEBUG] debug-file - Update task hmssdk:default@CollectDebugSymbol output file:/Users/chenhan/Desktop/Git/RXSDK/RXSDK-Harmony-Native/HmsSdk/build/default/outputs/default/symbol cache.
[2026-08-17T09:59:43.601] [DEBUG] debug-file - Incremental task hmssdk:default@CollectDebugSymbol post-execution cost:1 ms .
[2026-08-17T09:59:43.607] [DEBUG] debug-file - Current worker pool is stopped or closed.
[2026-08-17T09:59:43.607] [DEBUG] debug-file - Clear worker 0.
[2026-08-17T09:59:43.607] [DEBUG] debug-file - Worker 0 has been cleared.
[2026-08-17T09:59:43.607] [DEBUG] debug-file - Current idle worker size: 4.
[2026-08-17T09:59:43.607] [DEBUG] debug-file - Current busy worker size: 0.
[2026-08-17T09:59:43.607] [DEBUG] debug-file - Clear worker 1.
[2026-08-17T09:59:43.607] [DEBUG] debug-file - Worker 1 has been cleared.
[2026-08-17T09:59:43.607] [DEBUG] debug-file - Current idle worker size: 3.
[2026-08-17T09:59:43.607] [DEBUG] debug-file - Current busy worker size: 0.
[2026-08-17T09:59:43.607] [DEBUG] debug-file - Clear worker 16.
[2026-08-17T09:59:43.608] [DEBUG] debug-file - Worker 16 has been cleared.
[2026-08-17T09:59:43.608] [DEBUG] debug-file - Current idle worker size: 2.
[2026-08-17T09:59:43.608] [DEBUG] debug-file - Current busy worker size: 0.
[2026-08-17T09:59:43.608] [DEBUG] debug-file - Clear worker 15.
[2026-08-17T09:59:43.608] [DEBUG] debug-file - Worker 15 has been cleared.
[2026-08-17T09:59:43.608] [DEBUG] debug-file - Current idle worker size: 1.
[2026-08-17T09:59:43.608] [DEBUG] debug-file - Current busy worker size: 0.
[2026-08-17T09:59:43.608] [DEBUG] debug-file - Clear worker 4.
[2026-08-17T09:59:43.608] [DEBUG] debug-file - Worker 4 has been cleared.
[2026-08-17T09:59:43.608] [DEBUG] debug-file - Current idle worker size: 0.
[2026-08-17T09:59:43.608] [DEBUG] debug-file - Current busy worker size: 0.
[2026-08-17T09:59:43.608] [DEBUG] debug-file - hvigor build process will be closed.
[2026-08-17T09:59:43.609] [DEBUG] debug-file - Current worker pool is terminated.
[2026-08-17T09:59:43.610] [DEBUG] debug-file - worker[0] exits with exit code 1.
[2026-08-17T09:59:43.610] [DEBUG] debug-file - worker[1] exits with exit code 1.
[2026-08-17T09:59:43.611] [DEBUG] debug-file - worker[16] exits with exit code 1.
[2026-08-17T09:59:43.611] [DEBUG] debug-file - worker[15] exits with exit code 1.
[2026-08-17T09:59:43.636] [DEBUG] debug-file - worker[4] exits with exit code 1.
[2026-08-17T11:20:35.226] [DEBUG] debug-file - env: nodejsVersion=v18.20.1
[2026-08-17T11:20:35.236] [DEBUG] debug-file - env: daemon=true
[2026-08-17T11:20:35.226] [DEBUG] debug-file - env: hvigor-config.json5 content = {
  modelVersion: '5.0.0',
  dependencies: {},
  execution: {},
  logging: {},
  debugging: {}
}
[2026-08-17T11:25:07.517] [DEBUG] debug-file - env: nodejsVersion=v18.20.1
[2026-08-17T11:25:07.628] [DEBUG] debug-file - Hvigor init with startParameters:{
  hvigorfileTypeCheck: false,
  parallelExecution: true,
  incrementalExecution: true,
  printStackTrace: true,
  daemon: false,
  analyze: 0,
  logLevel: Level { level: 20000, levelStr: 'INFO', colour: 'green' },
  optimizationStrategy: 'memory',
  hotCompile: undefined,
  hotReloadBuild: undefined,
  customizedParam: undefined
}
[2026-08-17T11:25:08.295] [DEBUG] debug-file - hvigorfile, require result:  { default: { system: [Function: appTasks], plugins: [] } }
[2026-08-17T11:25:08.296] [DEBUG] debug-file - Starting plugin build process
[2026-08-17T11:25:08.368] [DEBUG] debug-file - App plugin register hook start...
[2026-08-17T11:25:08.369] [DEBUG] debug-file - Start initialize project's product build option map with build mode release.
[2026-08-17T11:25:08.370] [DEBUG] debug-file - Obtain build option for product 'default'in this build.
[2026-08-17T11:25:08.379] [DEBUG] debug-file - Start recording SDK configuration permission data.
[2026-08-17T11:25:08.397] [DEBUG] debug-file - Project task initialization takes 2 ms 
[2026-08-17T11:25:08.415] [DEBUG] debug-file - failed to load cangjie to dynamically generate schemas: Error: Cannot find module '@ohos/cangjie-build-support/index'
Require stack:
- /Applications/DevEco-Studio.app/Contents/tools/hvigor/hvigor-ohos-plugin/src/plugin/hooks/cangjie-register.js
- /Applications/DevEco-Studio.app/Contents/tools/hvigor/hvigor-ohos-plugin/src/plugin/strategy/stage-init-strategy.js
- /Applications/DevEco-Studio.app/Contents/tools/hvigor/hvigor-ohos-plugin/src/plugin/builder/abstract-plugin-builder.js
- /Applications/DevEco-Studio.app/Contents/tools/hvigor/hvigor-ohos-plugin/src/plugin/builder/app-plugin-builder.js
- /Applications/DevEco-Studio.app/Contents/tools/hvigor/hvigor-ohos-plugin/src/plugin/factory/plugin-factory.js
- /Applications/DevEco-Studio.app/Contents/tools/hvigor/hvigor-ohos-plugin/index.js
- /Users/chenhan/Desktop/Git/RXSDK/RXSDK-Harmony-Native/hvigorfile.ts
- /Applications/DevEco-Studio.app/Contents/tools/hvigor/hvigor/src/base/internal/lifecycle/configuration.js
- /Applications/DevEco-Studio.app/Contents/tools/hvigor/hvigor/src/base/boot/index.js
- /Applications/DevEco-Studio.app/Contents/tools/hvigor/hvigor/src/cli/main/cli.js
- /Applications/DevEco-Studio.app/Contents/tools/hvigor/hvigor/bin/hvigor.js
[2026-08-17T11:25:08.420] [DEBUG] debug-file - Start initialize module-target build option map, moduleName=entry, buildMode=debug
[2026-08-17T11:25:08.455] [DEBUG] debug-file - hvigorfile, resolving /Users/chenhan/Desktop/Git/RXSDK/RXSDK-Harmony-Native/HmsSdk/hvigorfile.ts
[2026-08-17T11:25:08.479] [DEBUG] debug-file - start to load updatedOhPackageInfo to the disk
[2026-08-17T11:25:08.482] [DEBUG] debug-file - Start to initialize dependency information.
[2026-08-17T11:25:08.493] [DEBUG] debug-file - Executing task :hmssdk:default@PreBuild
[2026-08-17T11:25:07.517] [DEBUG] debug-file - env: hvigor-config.json5 content = {
  modelVersion: '5.0.0',
  dependencies: {},
  execution: {},
  logging: {},
  debugging: {}
}
[2026-08-17T11:25:07.635] [DEBUG] debug-file - Cache service initialization finished in 8 ms 
[2026-08-17T11:25:08.295] [DEBUG] debug-file - hvigorfile, binding system plugins [Function: appTasks]
[2026-08-17T11:25:08.296] [DEBUG] debug-file - App plugin prepare start...
[2026-08-17T11:25:08.369] [DEBUG] debug-file - Picking option from product 'default' with build mode 'release'.
[2026-08-17T11:25:08.368] [DEBUG] debug-file - App plugin register hook end...
[2026-08-17T11:25:08.375] [DEBUG] debug-file - /Users/chenhan/Desktop/Git/RXSDK/RXSDK-Harmony-Native/build/cache/default/remote_hsp/remoteHspCache.json not exists.
[2026-08-17T11:25:08.394] [DEBUG] debug-file - Sdk init in 19 ms 
[2026-08-17T11:25:08.397] [DEBUG] debug-file - hvigorfile, begin to bind custom plugins...
[2026-08-17T11:25:08.457] [DEBUG] debug-file - hvigorfile, require result:  { default: { system: [Function: harTasks], plugins: [] } }
[2026-08-17T11:25:08.480] [DEBUG] debug-file - load to the disk finished
[2026-08-17T11:25:08.488] [DEBUG] debug-file - Module entry Collected Dependency: /Users/chenhan/Desktop/Git/RXSDK/RXSDK-Harmony-Native/HmsSdk,/Users/chenhan/Desktop/Git/RXSDK/RXSDK-Harmony-Native/rxsdk_wechat,/Users/chenhan/Desktop/Git/RXSDK/RXSDK-Harmony-Native/rxsdk_openinstall,/Users/chenhan/Desktop/Git/RXSDK/RXSDK-Harmony-Native/oh_modules/.ohpm/pako@2.1.0/oh_modules/pako,/Users/chenhan/Desktop/Git/RXSDK/RXSDK-Harmony-Native/oh_modules/.ohpm/@tencent+wechat_open_sdk@1.0.16/oh_modules/@tencent/wechat_open_sdk,/Users/chenhan/Desktop/Git/RXSDK/RXSDK-Harmony-Native/oh_modules/.ohpm/@openinstall+sdk@2.2.1/oh_modules/@openinstall/sdk
[2026-08-17T11:25:08.420] [DEBUG] debug-file - Target 'default' config initialized
[2026-08-17T11:25:08.495] [DEBUG] debug-file - Task 'hmssdk:default@PreBuild' cost while wrapping incremental declarations: 1 ms 
[2026-08-17T11:25:07.518] [DEBUG] debug-file - env: daemon=false
[2026-08-17T11:25:07.635] [DEBUG] debug-file - hvigorfile, resolving /Users/chenhan/Desktop/Git/RXSDK/RXSDK-Harmony-Native/hvigorfile.ts
[2026-08-17T11:25:08.296] [DEBUG] debug-file - App plugin prepare end...
[2026-08-17T11:25:08.369] [DEBUG] debug-file - Product 'default' build option initialized
[2026-08-17T11:25:08.368] [DEBUG] debug-file - Plugin build process completed
[2026-08-17T11:25:08.375] [DEBUG] debug-file - Local scan or download HarmonyOS sdk components toolchains,ets,js,native,previewer
[2026-08-17T11:25:08.397] [DEBUG] debug-file - hvigorfile, no custom plugins were found in /Users/chenhan/Desktop/Git/RXSDK/RXSDK-Harmony-Native/hvigorfile.ts
[2026-08-17T11:25:08.457] [DEBUG] debug-file - hvigorfile, binding system plugins [Function: harTasks]
[2026-08-17T11:25:08.480] [DEBUG] debug-file - Start to initialize dependency information.
[2026-08-17T11:25:08.488] [DEBUG] debug-file - Module entry's total dependency: 6
[2026-08-17T11:25:08.420] [DEBUG] debug-file - Target 'ddz' config initialized
[2026-08-17T11:25:08.496] [DEBUG] debug-file - hmssdk:default@PreBuild is not up-to-date, since the input file '/Users/chenhan/Desktop/Git/RXSDK/RXSDK-Harmony-Native/build-profile.json5' has been changed.
[2026-08-17T11:25:07.518] [DEBUG] debug-file - no-daemon, use the parent process.execArgv --max-old-space-size=8192,--max-semi-space-size=16,--expose-gc,--enable-source-maps
[2026-08-17T11:25:08.296] [DEBUG] debug-file - App plugin creating...
[2026-08-17T11:25:08.369] [DEBUG] debug-file - Picking option from product 'ddz' with build mode 'release'.
[2026-08-17T11:25:08.378] [DEBUG] debug-file - Local scan or download hmscore sdk components toolchains,ets,native
[2026-08-17T11:25:08.397] [DEBUG] debug-file - hvigorfile, resolve finished /Users/chenhan/Desktop/Git/RXSDK/RXSDK-Harmony-Native/hvigorfile.ts
[2026-08-17T11:25:08.457] [DEBUG] debug-file - Starting plugin build process
[2026-08-17T11:25:08.481] [DEBUG] debug-file - Module RXSDK-Harmony-Native Collected Dependency: 
[2026-08-17T11:25:08.489] [DEBUG] debug-file - Start to initialize dependency information.
[2026-08-17T11:25:08.420] [DEBUG] debug-file - Does not get target 'ddz'corresponding build option.
[2026-08-17T11:25:08.496] [DEBUG] debug-file - Incremental task hmssdk:default@PreBuild pre-execution cost: 1 ms .
[2026-08-17T11:25:08.518] [DEBUG] debug-file - Executing task :hmssdk:default@ProcessOHPackageJson
[2026-08-17T11:25:08.525] [DEBUG] debug-file - Executing task :hmssdk:default@GeneratePkgContextInfo
[2026-08-17T11:25:08.519] [DEBUG] debug-file - Executing task :hmssdk:default@CreateHarBuildProfile
[2026-08-17T11:25:08.528] [DEBUG] debug-file - Executing task :hmssdk:default@BuildNativeWithCmake
[2026-08-17T11:25:08.529] [DEBUG] debug-file - Executing task :hmssdk:default@ProcessProfile
[2026-08-17T11:25:08.573] [DEBUG] debug-file - 13.0.1.0
[2026-08-17T11:25:08.528] [DEBUG] debug-file - Executing task :hmssdk:default@ProcessModulePrivacyProfile
[2026-08-17T11:25:08.575] [DEBUG] debug-file - Executing task :hmssdk:default@ProcessRouterMap
[2026-08-17T11:25:08.576] [DEBUG] debug-file - Executing task :hmssdk:default@ProcessShareConfig
[2026-08-17T11:25:08.577] [DEBUG] debug-file - Executing task :hmssdk:default@ProcessStartupConfig
[2026-08-17T11:25:08.578] [DEBUG] debug-file - Executing task :hmssdk:default@BuildNativeWithNinja
[2026-08-17T11:25:08.580] [DEBUG] debug-file - Executing task :hmssdk:default@ProcessResource
[2026-08-17T11:25:08.582] [DEBUG] debug-file - Executing task :hmssdk:default@GenerateLoaderJson
[2026-08-17T11:25:08.602] [DEBUG] debug-file - Executing task :hmssdk:default@ProcessLibs
[2026-08-17T11:25:08.605] [DEBUG] debug-file - Executing task :hmssdk:default@CompileResource
[2026-08-17T11:25:08.527] [DEBUG] debug-file - Executing task :hmssdk:default@ProcessIntegratedHsp
[2026-08-17T11:25:08.369] [DEBUG] debug-file - Product 'ddz' build option initialized
[2026-08-17T11:25:08.397] [DEBUG] debug-file - hvigorfile, resolving /Users/chenhan/Desktop/Git/RXSDK/RXSDK-Harmony-Native/entry/hvigorfile.ts
[2026-08-17T11:25:08.457] [DEBUG] debug-file - Har plugin creating...
[2026-08-17T11:25:08.481] [DEBUG] debug-file - Module RXSDK-Harmony-Native's total dependency: 0
[2026-08-17T11:25:08.489] [DEBUG] debug-file - Module hmssdk Collected Dependency: /Users/chenhan/Desktop/Git/RXSDK/RXSDK-Harmony-Native/oh_modules/.ohpm/pako@2.1.0/oh_modules/pako,/Users/chenhan/Desktop/Git/RXSDK/RXSDK-Harmony-Native/oh_modules/.ohpm/@tencent+wechat_open_sdk@1.0.16/oh_modules/@tencent/wechat_open_sdk
[2026-08-17T11:25:08.420] [DEBUG] debug-file - Using preset build option 'debug'.
[2026-08-17T11:25:08.512] [DEBUG] debug-file - current product is not Atomic service.
[2026-08-17T11:25:08.518] [DEBUG] debug-file - jsonObjWithoutAtModule {"name":"hmssdk","version":"4.0.0","description":"ruixue sdk for openharmony.","author":"roc lee","license":"Apache-2.0","dependencies":{"pako":"^2.1.0","@tencent/wechat_open_sdk":"^1.0.16"},"devDependencies":{"@types/pako":"^2.0.0"},"dynamicDependencies":{},"types":"Index.d.ets","artifactType":"obfuscation","metadata":{"byteCodeHar":true}}
[2026-08-17T11:25:08.526] [DEBUG] debug-file - Task 'hmssdk:default@GeneratePkgContextInfo' cost while wrapping incremental declarations: 1 ms 
[2026-08-17T11:25:08.519] [DEBUG] debug-file - Task 'hmssdk:default@CreateHarBuildProfile' cost while wrapping incremental declarations: 1 ms 
[2026-08-17T11:25:08.528] [DEBUG] debug-file - hmssdk : default@BuildNativeWithCmake cost memory 0.0140838623046875
[2026-08-17T11:25:08.574] [DEBUG] debug-file - No need to add fake ui ability because of in HAR module.
[2026-08-17T11:25:08.528] [DEBUG] debug-file - hmssdk:default@ProcessModulePrivacyProfile is not up-to-date, since the output file '/Users/chenhan/Desktop/Git/RXSDK/RXSDK-Harmony-Native/HmsSdk/build/default/intermediates/privacy_profile/default/pac.json5' does not exist.
[2026-08-17T11:25:08.529] [DEBUG] debug-file - Task 'hmssdk:default@ProcessProfile' cost while wrapping incremental declarations: 1 ms 
[2026-08-17T11:25:08.576] [DEBUG] debug-file - hmssdk:default@ProcessRouterMap is not up-to-date, since the output file '/Users/chenhan/Desktop/Git/RXSDK/RXSDK-Harmony-Native/HmsSdk/build/default/intermediates/router_map/default/temp-router-map.json' does not exist.
[2026-08-17T11:25:08.577] [DEBUG] debug-file - hmssdk:default@ProcessShareConfig is not up-to-date, since the output file '/Users/chenhan/Desktop/Git/RXSDK/RXSDK-Harmony-Native/HmsSdk/build/default/intermediates/share_config/default/temp-share-config.json' does not exist.
[2026-08-17T11:25:08.578] [DEBUG] debug-file - hmssdk : default@BuildNativeWithNinja cost memory 0.02053070068359375
[2026-08-17T11:25:08.580] [DEBUG] debug-file - Task 'hmssdk:default@ProcessResource' cost while wrapping incremental declarations: 1 ms 
[2026-08-17T11:25:08.582] [DEBUG] debug-file - Task 'hmssdk:default@GenerateLoaderJson' cost while wrapping incremental declarations: 1 ms 
[2026-08-17T11:25:08.602] [DEBUG] debug-file - hmssdk:default@ProcessLibs is not up-to-date, since the input file '/Users/chenhan/Desktop/Git/RXSDK/RXSDK-Harmony-Native/build-profile.json5' has been changed.
[2026-08-17T11:25:08.606] [DEBUG] debug-file - hmssdk:default@CompileResource is not up-to-date, since the input file '/Users/chenhan/Desktop/Git/RXSDK/RXSDK-Harmony-Native/HmsSdk/build/default/intermediates/res/default/resource_str' has been changed.
[2026-08-17T11:25:08.577] [DEBUG] debug-file - Task 'hmssdk:default@ProcessStartupConfig' cost while wrapping incremental declarations: 1 ms 
[2026-08-17T11:25:08.527] [DEBUG] debug-file - hmssdk:default@ProcessIntegratedHsp is not up-to-date, since the output file '/Users/chenhan/Desktop/Git/RXSDK/RXSDK-Harmony-Native/build/cache/default/integrated_hsp/integratedHspCache.json' does not exist.
[2026-08-17T11:25:08.369] [DEBUG] debug-file - Picking option from product 'wljxmj' with build mode 'release'.
[2026-08-17T11:25:08.414] [DEBUG] debug-file - hvigorfile, require result:  { default: { system: [Function: hapTasks], plugins: [] } }
[2026-08-17T11:25:08.457] [DEBUG] debug-file - failed to load cangjie to dynamically generate schemas: Error: Cannot find module '@ohos/cangjie-build-support/index'
Require stack:
- /Applications/DevEco-Studio.app/Contents/tools/hvigor/hvigor-ohos-plugin/src/plugin/hooks/cangjie-register.js
- /Applications/DevEco-Studio.app/Contents/tools/hvigor/hvigor-ohos-plugin/src/plugin/strategy/stage-init-strategy.js
- /Applications/DevEco-Studio.app/Contents/tools/hvigor/hvigor-ohos-plugin/src/plugin/builder/abstract-plugin-builder.js
- /Applications/DevEco-Studio.app/Contents/tools/hvigor/hvigor-ohos-plugin/src/plugin/builder/app-plugin-builder.js
- /Applications/DevEco-Studio.app/Contents/tools/hvigor/hvigor-ohos-plugin/src/plugin/factory/plugin-factory.js
- /Applications/DevEco-Studio.app/Contents/tools/hvigor/hvigor-ohos-plugin/index.js
- /Users/chenhan/Desktop/Git/RXSDK/RXSDK-Harmony-Native/hvigorfile.ts
- /Applications/DevEco-Studio.app/Contents/tools/hvigor/hvigor/src/base/internal/lifecycle/configuration.js
- /Applications/DevEco-Studio.app/Contents/tools/hvigor/hvigor/src/base/boot/index.js
- /Applications/DevEco-Studio.app/Contents/tools/hvigor/hvigor/src/cli/main/cli.js
- /Applications/DevEco-Studio.app/Contents/tools/hvigor/hvigor/bin/hvigor.js
[2026-08-17T11:25:08.489] [DEBUG] debug-file - Module hmssdk's total dependency: 2
[2026-08-17T11:25:08.420] [DEBUG] debug-file - Target 'wljxmj' config initialized
[2026-08-17T11:25:08.512] [DEBUG] debug-file - Use tool [darwin: JAVA_HOME, CLASSPATH]
 [
  { JAVA_HOME: '/opt/homebrew/opt/openjdk@21' },
  { CLASSPATH: undefined }
]
[2026-08-17T11:25:08.518] [DEBUG] debug-file - hmssdk : default@ProcessOHPackageJson cost memory 0.029052734375
[2026-08-17T11:25:08.526] [DEBUG] debug-file - Incremental task hmssdk:default@GeneratePkgContextInfo pre-execution cost: 1 ms .
[2026-08-17T11:25:08.607] [DEBUG] debug-file - current process  memoryUsage: {
  rss: 274792448,
  heapTotal: 180682752,
  heapUsed: 146396344,
  external: 3337944,
  arrayBuffers: 389741
} os memoryUsage :62.341064453125
[2026-08-17T11:25:08.519] [DEBUG] debug-file - hmssdk:default@CreateHarBuildProfile is not up-to-date, since the input file '/Users/chenhan/Desktop/Git/RXSDK/RXSDK-Harmony-Native/build-profile.json5' has been changed.
[2026-08-17T11:25:08.528] [DEBUG] debug-file - runTaskFromQueue task cost before running: 905 ms 
[2026-08-17T11:25:08.528] [DEBUG] debug-file - Incremental task hmssdk:default@ProcessModulePrivacyProfile pre-execution cost: 1 ms .
[2026-08-17T11:25:08.574] [DEBUG] debug-file - hmssdk : default@ProcessProfile cost memory 0.33209991455078125
[2026-08-17T11:25:08.576] [DEBUG] debug-file - Incremental task hmssdk:default@ProcessRouterMap pre-execution cost: 1 ms .
[2026-08-17T11:25:08.529] [DEBUG] debug-file - hmssdk:default@ProcessProfile is not up-to-date, since the input file '/Users/chenhan/Desktop/Git/RXSDK/RXSDK-Harmony-Native/HmsSdk/build/default/intermediates/merge_profile/default/module.json' has been changed.
[2026-08-17T11:25:08.577] [DEBUG] debug-file - Incremental task hmssdk:default@ProcessShareConfig pre-execution cost: 1 ms .
[2026-08-17T11:25:08.578] [DEBUG] debug-file - runTaskFromQueue task cost before running: 955 ms 
[2026-08-17T11:25:08.581] [DEBUG] debug-file - Incremental task hmssdk:default@ProcessResource pre-execution cost: 1 ms .
[2026-08-17T11:25:08.592] [DEBUG] debug-file - hmssdk:default@GenerateLoaderJson is not up-to-date, since the task snapshots are different.
[2026-08-17T11:25:08.602] [DEBUG] debug-file - Incremental task hmssdk:default@ProcessLibs pre-execution cost: 1 ms .
[2026-08-17T11:25:08.606] [DEBUG] debug-file - Incremental task hmssdk:default@CompileResource pre-execution cost: 1 ms .
[2026-08-17T11:25:08.577] [DEBUG] debug-file - hmssdk:default@ProcessStartupConfig is not up-to-date, since the output file '/Users/chenhan/Desktop/Git/RXSDK/RXSDK-Harmony-Native/HmsSdk/build/default/intermediates/startup/default/startup_config.json' does not exist.
[2026-08-17T11:25:08.527] [DEBUG] debug-file - Incremental task hmssdk:default@ProcessIntegratedHsp pre-execution cost: 1 ms .
[2026-08-17T11:25:08.369] [DEBUG] debug-file - Product 'wljxmj' build option initialized
[2026-08-17T11:25:08.414] [DEBUG] debug-file - hvigorfile, binding system plugins [Function: hapTasks]
[2026-08-17T11:25:08.469] [DEBUG] debug-file - Start initialize module-target build option map, moduleName=hmssdk, buildMode=debug
[2026-08-17T11:25:08.489] [DEBUG] debug-file - Start to initialize dependency information.
[2026-08-17T11:25:08.420] [DEBUG] debug-file - Does not get target 'wljxmj'corresponding build option.
[2026-08-17T11:25:08.512] [DEBUG] debug-file - Use tool [darwin: NODE_HOME]
 [ { NODE_HOME: undefined } ]
[2026-08-17T11:25:08.526] [DEBUG] debug-file - hmssdk : default@GeneratePkgContextInfo cost memory 0.3036956787109375
[2026-08-17T11:25:08.528] [DEBUG] debug-file - hmssdk : default@ProcessModulePrivacyProfile cost memory 0.037017822265625
[2026-08-17T11:25:08.528] [INFO] debug-file - Finished :hmssdk:default@BuildNativeWithCmake... after 1 ms 
[2026-08-17T11:25:08.576] [DEBUG] debug-file - hmssdk : default@ProcessRouterMap cost memory 0.13269805908203125
[2026-08-17T11:25:08.529] [DEBUG] debug-file - Incremental task hmssdk:default@ProcessProfile pre-execution cost: 1 ms .
[2026-08-17T11:25:08.577] [DEBUG] debug-file - hmssdk : default@ProcessShareConfig cost memory 0.12445831298828125
[2026-08-17T11:25:08.579] [INFO] debug-file - Finished :hmssdk:default@BuildNativeWithNinja... after 1 ms 
[2026-08-17T11:25:08.581] [DEBUG] debug-file - hmssdk : default@ProcessResource cost memory 0.1092681884765625
[2026-08-17T11:25:08.574] [DEBUG] debug-file - runTaskFromQueue task cost before running: 950 ms 
[2026-08-17T11:25:08.603] [DEBUG] debug-file - Worker dispatch failed, running processLibs on main thread.
[2026-08-17T11:25:08.607] [DEBUG] debug-file - Use tool [/Applications/DevEco-Studio.app/Contents/sdk/default/openharmony/toolchains/restool]
 [
  '/Applications/DevEco-Studio.app/Contents/sdk/default/openharmony/toolchains/restool',
  '-l',
  '/Users/chenhan/Desktop/Git/RXSDK/RXSDK-Harmony-Native/HmsSdk/build/default/intermediates/res/default/resConfig.json'
]
[2026-08-17T11:25:08.519] [DEBUG] debug-file - Incremental task hmssdk:default@CreateHarBuildProfile pre-execution cost: 1 ms .
[2026-08-17T11:25:08.592] [DEBUG] debug-file - Incremental task hmssdk:default@GenerateLoaderJson pre-execution cost: 10 ms .
[2026-08-17T11:25:08.369] [DEBUG] debug-file - Picking option from product 'fish' with build mode 'release'.
[2026-08-17T11:25:08.414] [DEBUG] debug-file - Starting plugin build process
[2026-08-17T11:25:08.469] [DEBUG] debug-file - Target 'default' config initialized
[2026-08-17T11:25:08.577] [DEBUG] debug-file - Incremental task hmssdk:default@ProcessStartupConfig pre-execution cost: 1 ms .
[2026-08-17T11:25:08.420] [DEBUG] debug-file - Using preset build option 'debug'.
[2026-08-17T11:25:08.517] [DEBUG] debug-file - hmssdk : default@PreBuild cost memory 5.948402404785156
[2026-08-17T11:25:08.527] [DEBUG] debug-file - hmssdk : default@ProcessIntegratedHsp cost memory 0.04859161376953125
[2026-08-17T11:25:08.490] [DEBUG] debug-file - Module rxsdk_wechat Collected Dependency: /Users/chenhan/Desktop/Git/RXSDK/RXSDK-Harmony-Native/HmsSdk,/Users/chenhan/Desktop/Git/RXSDK/RXSDK-Harmony-Native/oh_modules/.ohpm/@tencent+wechat_open_sdk@1.0.16/oh_modules/@tencent/wechat_open_sdk,/Users/chenhan/Desktop/Git/RXSDK/RXSDK-Harmony-Native/oh_modules/.ohpm/pako@2.1.0/oh_modules/pako
[2026-08-17T11:25:08.528] [DEBUG] debug-file - runTaskFromQueue task cost before running: 904 ms 
[2026-08-17T11:25:08.576] [DEBUG] debug-file - runTaskFromQueue task cost before running: 952 ms 
[2026-08-17T11:25:08.530] [DEBUG] debug-file - [
  '/Applications/DevEco-Studio.app/Contents/tools/node/bin/node',
  '/Applications/DevEco-Studio.app/Contents/sdk/default/openharmony/ets/build-tools/ets-loader/bin/ark/ts2abc.js',
  '--target-api-version',
  '18'
]
[2026-08-17T11:25:08.579] [DEBUG] debug-file - restool module names: hmssdk,entry,rxsdk_wechat,rxsdk_openinstall; moduleName=hmssdk, taskName=default@ProcessResource
[2026-08-17T11:25:08.581] [INFO] debug-file - UP-TO-DATE :hmssdk:default@ProcessResource...  
[2026-08-17T11:25:08.574] [INFO] debug-file - Finished :hmssdk:default@ProcessProfile... after 45 ms 
[2026-08-17T11:25:08.518] [DEBUG] debug-file - runTaskFromQueue task cost before running: 895 ms 
[2026-08-17T11:25:08.577] [DEBUG] debug-file - runTaskFromQueue task cost before running: 953 ms 
[2026-08-17T11:25:08.600] [DEBUG] debug-file - hmssdk : default@GenerateLoaderJson cost memory 2.7719497680664062
[2026-08-17T11:25:08.527] [INFO] debug-file - UP-TO-DATE :hmssdk:default@GeneratePkgContextInfo...  
[2026-08-17T11:25:08.414] [DEBUG] debug-file - Hap plugin creating...
[2026-08-17T11:25:08.519] [DEBUG] debug-file - hmssdk : default@CreateHarBuildProfile cost memory 0.06841278076171875
[2026-08-17T11:25:08.578] [DEBUG] debug-file - hmssdk : default@ProcessStartupConfig cost memory 0.13669586181640625
[2026-08-17T11:25:08.420] [DEBUG] debug-file - Target 'fish' config initialized
[2026-08-17T11:25:08.517] [DEBUG] debug-file - runTaskFromQueue task cost before running: 893 ms 
[2026-08-17T11:25:08.527] [DEBUG] debug-file - runTaskFromQueue task cost before running: 904 ms 
[2026-08-17T11:25:08.603] [DEBUG] debug-file - hmssdk : default@ProcessLibs cost memory 0.2830047607421875
[2026-08-17T11:25:08.469] [DEBUG] debug-file - Module 'hmssdk' target 'default' build option initialized
[2026-08-17T11:25:08.576] [INFO] debug-file - Finished :hmssdk:default@ProcessRouterMap... after 1 ms 
[2026-08-17T11:25:08.490] [DEBUG] debug-file - Module rxsdk_wechat's total dependency: 3
[2026-08-17T11:25:08.528] [INFO] debug-file - Finished :hmssdk:default@ProcessModulePrivacyProfile... after 1 ms 
[2026-08-17T11:25:08.518] [INFO] debug-file - Finished :hmssdk:default@ProcessOHPackageJson... after 1 ms 
[2026-08-17T11:25:08.369] [DEBUG] debug-file - Product 'fish' build option initialized
[2026-08-17T11:25:08.577] [INFO] debug-file - Finished :hmssdk:default@ProcessShareConfig... after 1 ms 
[2026-08-17T11:25:08.600] [DEBUG] debug-file - runTaskFromQueue task cost before running: 976 ms 
[2026-08-17T11:25:08.519] [DEBUG] debug-file - runTaskFromQueue task cost before running: 895 ms 
[2026-08-17T11:25:08.420] [DEBUG] debug-file - Does not get target 'fish'corresponding build option.
[2026-08-17T11:25:08.527] [INFO] debug-file - Finished :hmssdk:default@ProcessIntegratedHsp... after 1 ms 
[2026-08-17T11:25:08.578] [DEBUG] debug-file - runTaskFromQueue task cost before running: 954 ms 
[2026-08-17T11:25:08.603] [DEBUG] debug-file - runTaskFromQueue task cost before running: 980 ms 
[2026-08-17T11:25:08.469] [DEBUG] debug-file - End initialize module-target build option map, moduleName=hmssdk
[2026-08-17T11:25:08.490] [DEBUG] debug-file - Start to initialize dependency information.
[2026-08-17T11:25:08.517] [INFO] debug-file - Finished :hmssdk:default@PreBuild... after 24 ms 
[2026-08-17T11:25:08.519] [INFO] debug-file - Finished :hmssdk:default@CreateHarBuildProfile... after 1 ms 
[2026-08-17T11:25:08.420] [DEBUG] debug-file - Using preset build option 'debug'.
[2026-08-17T11:25:08.578] [INFO] debug-file - Finished :hmssdk:default@ProcessStartupConfig... after 1 ms 
[2026-08-17T11:25:08.604] [INFO] debug-file - Finished :hmssdk:default@ProcessLibs... after 2 ms 
[2026-08-17T11:25:08.600] [INFO] debug-file - Finished :hmssdk:default@GenerateLoaderJson... after 19 ms 
[2026-08-17T11:25:08.469] [DEBUG] debug-file - Start initialize module-target build option map, moduleName=hmssdk, buildMode=release
[2026-08-17T11:25:08.490] [DEBUG] debug-file - Module rxsdk_openinstall Collected Dependency: /Users/chenhan/Desktop/Git/RXSDK/RXSDK-Harmony-Native/HmsSdk,/Users/chenhan/Desktop/Git/RXSDK/RXSDK-Harmony-Native/oh_modules/.ohpm/@openinstall+sdk@2.2.1/oh_modules/@openinstall/sdk,/Users/chenhan/Desktop/Git/RXSDK/RXSDK-Harmony-Native/oh_modules/.ohpm/pako@2.1.0/oh_modules/pako,/Users/chenhan/Desktop/Git/RXSDK/RXSDK-Harmony-Native/oh_modules/.ohpm/@tencent+wechat_open_sdk@1.0.16/oh_modules/@tencent/wechat_open_sdk
[2026-08-17T11:25:08.519] [DEBUG] debug-file - Executing task :hmssdk:default@CreateHarModuleInfo
[2026-08-17T11:25:08.420] [DEBUG] debug-file - Target 'jymxpd' config initialized
[2026-08-17T11:25:08.369] [DEBUG] debug-file - Picking option from product 'jymxpd' with build mode 'release'.
[2026-08-17T11:25:08.604] [DEBUG] debug-file - restool module names: hmssdk,entry,rxsdk_wechat,rxsdk_openinstall; moduleName=hmssdk, taskName=default@CompileResource
[2026-08-17T11:25:08.469] [DEBUG] debug-file - Target 'default' config initialized
[2026-08-17T11:25:08.519] [DEBUG] debug-file - Task 'hmssdk:default@CreateHarModuleInfo' cost while wrapping incremental declarations: 1 ms 
[2026-08-17T11:25:08.490] [DEBUG] debug-file - Module rxsdk_openinstall's total dependency: 4
[2026-08-17T11:25:08.369] [DEBUG] debug-file - Product 'jymxpd' build option initialized
[2026-08-17T11:25:08.420] [DEBUG] debug-file - Does not get target 'jymxpd'corresponding build option.
[2026-08-17T11:25:08.469] [DEBUG] debug-file - Module 'hmssdk' target 'default' build option initialized
[2026-08-17T11:25:08.520] [DEBUG] debug-file - Incremental task hmssdk:default@CreateHarModuleInfo pre-execution cost: 1 ms .
[2026-08-17T11:25:08.490] [DEBUG] debug-file - Configuration phase cost:856 ms 
[2026-08-17T11:25:08.369] [DEBUG] debug-file - End initialize project's product build option map with build mode 'release'.
[2026-08-17T11:25:08.420] [DEBUG] debug-file - Using preset build option 'debug'.
[2026-08-17T11:25:08.520] [DEBUG] debug-file - hmssdk : default@CreateHarModuleInfo cost memory 0.0514984130859375
[2026-08-17T11:25:08.420] [DEBUG] debug-file - Target 'ohosTest' config initialized
[2026-08-17T11:25:08.520] [INFO] debug-file - UP-TO-DATE :hmssdk:default@CreateHarModuleInfo...  
[2026-08-17T11:25:08.492] [DEBUG] debug-file - Configuration task cost before running: 868 ms 
[2026-08-17T11:25:08.420] [DEBUG] debug-file - Module 'entry' target 'default' build option initialized
[2026-08-17T11:25:08.469] [DEBUG] debug-file - End initialize module-target build option map, moduleName=hmssdk
[2026-08-17T11:25:08.520] [DEBUG] debug-file - Executing task :hmssdk:default@ConfigureCmake
[2026-08-17T11:25:08.420] [DEBUG] debug-file - Module 'entry' target 'ddz' build option initialized
[2026-08-17T11:25:08.469] [DEBUG] debug-file - Start initialize module-target build option map, moduleName=hmssdk, buildMode=debug
[2026-08-17T11:25:08.520] [DEBUG] debug-file - hmssdk : default@ConfigureCmake cost memory 0.01242828369140625
[2026-08-17T11:25:08.420] [DEBUG] debug-file - Module 'entry' target 'wljxmj' build option initialized
[2026-08-17T11:25:08.520] [DEBUG] debug-file - runTaskFromQueue task cost before running: 897 ms 
[2026-08-17T11:25:08.469] [DEBUG] debug-file - Target 'default' config initialized
[2026-08-17T11:25:08.420] [DEBUG] debug-file - Module 'entry' target 'fish' build option initialized
[2026-08-17T11:25:08.521] [INFO] debug-file - Finished :hmssdk:default@ConfigureCmake... after 1 ms 
[2026-08-17T11:25:08.469] [DEBUG] debug-file - Module 'hmssdk' target 'default' build option initialized
[2026-08-17T11:25:08.420] [DEBUG] debug-file - Module 'entry' target 'jymxpd' build option initialized
[2026-08-17T11:25:08.521] [DEBUG] debug-file - Executing task :hmssdk:default@MergeProfile
[2026-08-17T11:25:08.469] [DEBUG] debug-file - End initialize module-target build option map, moduleName=hmssdk
[2026-08-17T11:25:08.521] [DEBUG] debug-file - Task 'hmssdk:default@MergeProfile' cost while wrapping incremental declarations: 1 ms 
[2026-08-17T11:25:08.420] [DEBUG] debug-file - Module 'entry' target 'ohosTest' build option initialized
[2026-08-17T11:25:08.521] [DEBUG] debug-file - hmssdk:default@MergeProfile is not up-to-date, since the input file '/Users/chenhan/Desktop/Git/RXSDK/RXSDK-Harmony-Native/build-profile.json5' has been changed.
[2026-08-17T11:25:08.469] [DEBUG] debug-file - Start initialize module-target build option map, moduleName=hmssdk, buildMode=release
[2026-08-17T11:25:08.521] [DEBUG] debug-file - Incremental task hmssdk:default@MergeProfile pre-execution cost: 1 ms .
[2026-08-17T11:25:08.420] [DEBUG] debug-file - End initialize module-target build option map, moduleName=entry
[2026-08-17T11:25:08.469] [DEBUG] debug-file - Target 'default' config initialized
[2026-08-17T11:25:08.521] [DEBUG] debug-file - Change app bundleName with 'c***k'.
[2026-08-17T11:25:08.420] [DEBUG] debug-file - Start initialize module-target build option map, moduleName=entry, buildMode=release
[2026-08-17T11:25:08.521] [DEBUG] debug-file - Change app api release type with 'Release'
[2026-08-17T11:25:08.420] [DEBUG] debug-file - Target 'default' config initialized
[2026-08-17T11:25:08.470] [DEBUG] debug-file - Module 'hmssdk' target 'default' build option initialized
[2026-08-17T11:25:08.521] [DEBUG] debug-file - Change app compile API version with '6.1.1.125'
[2026-08-17T11:25:08.420] [DEBUG] debug-file - Target 'ddz' config initialized
[2026-08-17T11:25:08.470] [DEBUG] debug-file - End initialize module-target build option map, moduleName=hmssdk
[2026-08-17T11:25:08.521] [DEBUG] debug-file - Change app target API version with '60101024'
[2026-08-17T11:25:08.420] [DEBUG] debug-file - Does not get target 'ddz'corresponding build option.
[2026-08-17T11:25:08.470] [DEBUG] debug-file - Start initialize module-target build option map, moduleName=hmssdk, buildMode=debug
[2026-08-17T11:25:08.521] [DEBUG] debug-file - Change app minimum API version with '50100018'
[2026-08-17T11:25:08.420] [DEBUG] debug-file - Using preset build option 'release'.
[2026-08-17T11:25:08.470] [DEBUG] debug-file - Target 'default' config initialized
[2026-08-17T11:25:08.522] [DEBUG] debug-file - Use cli appEnvironment
[2026-08-17T11:25:08.421] [DEBUG] debug-file - Target 'wljxmj' config initialized
[2026-08-17T11:25:08.470] [DEBUG] debug-file - Module 'hmssdk' target 'default' build option initialized
[2026-08-17T11:25:08.421] [DEBUG] debug-file - Does not get target 'wljxmj'corresponding build option.
[2026-08-17T11:25:08.524] [DEBUG] debug-file - hmssdk : default@MergeProfile cost memory 0.7635345458984375
[2026-08-17T11:25:08.470] [DEBUG] debug-file - End initialize module-target build option map, moduleName=hmssdk
[2026-08-17T11:25:08.421] [DEBUG] debug-file - Using preset build option 'release'.
[2026-08-17T11:25:08.524] [DEBUG] debug-file - runTaskFromQueue task cost before running: 901 ms 
[2026-08-17T11:25:08.470] [DEBUG] debug-file - Start initialize module-target build option map, moduleName=hmssdk, buildMode=release
[2026-08-17T11:25:08.421] [DEBUG] debug-file - Target 'fish' config initialized
[2026-08-17T11:25:08.470] [DEBUG] debug-file - Target 'default' config initialized
[2026-08-17T11:25:08.524] [INFO] debug-file - Finished :hmssdk:default@MergeProfile... after 4 ms 
[2026-08-17T11:25:08.421] [DEBUG] debug-file - Does not get target 'fish'corresponding build option.
[2026-08-17T11:25:08.470] [DEBUG] debug-file - Module 'hmssdk' target 'default' build option initialized
[2026-08-17T11:25:08.421] [DEBUG] debug-file - Using preset build option 'release'.
[2026-08-17T11:25:08.470] [DEBUG] debug-file - End initialize module-target build option map, moduleName=hmssdk
[2026-08-17T11:25:08.421] [DEBUG] debug-file - Target 'jymxpd' config initialized
[2026-08-17T11:25:08.470] [DEBUG] debug-file - Start initialize module-target build option map, moduleName=hmssdk, buildMode=debug
[2026-08-17T11:25:08.421] [DEBUG] debug-file - Does not get target 'jymxpd'corresponding build option.
[2026-08-17T11:25:08.470] [DEBUG] debug-file - Target 'default' config initialized
[2026-08-17T11:25:08.421] [DEBUG] debug-file - Using preset build option 'release'.
[2026-08-17T11:25:08.470] [DEBUG] debug-file - Module 'hmssdk' target 'default' build option initialized
[2026-08-17T11:25:08.421] [DEBUG] debug-file - Target 'ohosTest' config initialized
[2026-08-17T11:25:08.470] [DEBUG] debug-file - End initialize module-target build option map, moduleName=hmssdk
[2026-08-17T11:25:08.421] [DEBUG] debug-file - Module 'entry' target 'default' build option initialized
[2026-08-17T11:25:08.470] [DEBUG] debug-file - Start initialize module-target build option map, moduleName=hmssdk, buildMode=release
[2026-08-17T11:25:08.421] [DEBUG] debug-file - Module 'entry' target 'ddz' build option initialized
[2026-08-17T11:25:08.470] [DEBUG] debug-file - Target 'default' config initialized
[2026-08-17T11:25:08.421] [DEBUG] debug-file - Module 'entry' target 'wljxmj' build option initialized
[2026-08-17T11:25:08.470] [DEBUG] debug-file - Module 'hmssdk' target 'default' build option initialized
[2026-08-17T11:25:08.421] [DEBUG] debug-file - Module 'entry' target 'fish' build option initialized
[2026-08-17T11:25:08.470] [DEBUG] debug-file - End initialize module-target build option map, moduleName=hmssdk
[2026-08-17T11:25:08.421] [DEBUG] debug-file - Module 'entry' target 'jymxpd' build option initialized
[2026-08-17T11:25:08.470] [DEBUG] debug-file - Start initialize module-target build option map, moduleName=hmssdk, buildMode=debug
[2026-08-17T11:25:08.421] [DEBUG] debug-file - Module 'entry' target 'ohosTest' build option initialized
[2026-08-17T11:25:08.470] [DEBUG] debug-file - Target 'default' config initialized
[2026-08-17T11:25:08.421] [DEBUG] debug-file - End initialize module-target build option map, moduleName=entry
[2026-08-17T11:25:08.470] [DEBUG] debug-file - Module 'hmssdk' target 'default' build option initialized
[2026-08-17T11:25:08.421] [DEBUG] debug-file - Start initialize module-target build option map, moduleName=entry, buildMode=debug
[2026-08-17T11:25:08.470] [DEBUG] debug-file - End initialize module-target build option map, moduleName=hmssdk
[2026-08-17T11:25:08.421] [DEBUG] debug-file - Target 'default' config initialized
[2026-08-17T11:25:08.470] [DEBUG] debug-file - Start initialize module-target build option map, moduleName=hmssdk, buildMode=release
[2026-08-17T11:25:08.421] [DEBUG] debug-file - Target 'ddz' config initialized
[2026-08-17T11:25:08.470] [DEBUG] debug-file - Target 'default' config initialized
[2026-08-17T11:25:08.421] [DEBUG] debug-file - Does not get target 'ddz'corresponding build option.
[2026-08-17T11:25:08.470] [DEBUG] debug-file - Module 'hmssdk' target 'default' build option initialized
[2026-08-17T11:25:08.421] [DEBUG] debug-file - Using preset build option 'debug'.
[2026-08-17T11:25:08.470] [DEBUG] debug-file - End initialize module-target build option map, moduleName=hmssdk
[2026-08-17T11:25:08.421] [DEBUG] debug-file - Target 'wljxmj' config initialized
[2026-08-17T11:25:08.470] [DEBUG] debug-file - Start initialize module-target build option map, moduleName=hmssdk, buildMode=release
[2026-08-17T11:25:08.421] [DEBUG] debug-file - Does not get target 'wljxmj'corresponding build option.
[2026-08-17T11:25:08.470] [DEBUG] debug-file - Target 'default' config initialized
[2026-08-17T11:25:08.421] [DEBUG] debug-file - Using preset build option 'debug'.
[2026-08-17T11:25:08.470] [DEBUG] debug-file - Module 'hmssdk' target 'default' build option initialized
[2026-08-17T11:25:08.421] [DEBUG] debug-file - Target 'fish' config initialized
[2026-08-17T11:25:08.470] [DEBUG] debug-file - End initialize module-target build option map, moduleName=hmssdk
[2026-08-17T11:25:08.421] [DEBUG] debug-file - Does not get target 'fish'corresponding build option.
[2026-08-17T11:25:08.470] [DEBUG] debug-file - Obtain build option for module 'hmssdk' target 'default'in this build.
[2026-08-17T11:25:08.421] [DEBUG] debug-file - Using preset build option 'debug'.
[2026-08-17T11:25:08.471] [DEBUG] debug-file - Module hmssdk task initialization takes 1 ms 
[2026-08-17T11:25:08.421] [DEBUG] debug-file - Target 'jymxpd' config initialized
[2026-08-17T11:25:08.471] [DEBUG] debug-file - Har plugin register hook start...
[2026-08-17T11:25:08.421] [DEBUG] debug-file - Does not get target 'jymxpd'corresponding build option.
[2026-08-17T11:25:08.471] [DEBUG] debug-file - Har plugin register hook end...
[2026-08-17T11:25:08.421] [DEBUG] debug-file - Using preset build option 'debug'.
[2026-08-17T11:25:08.471] [DEBUG] debug-file - Plugin build process completed
[2026-08-17T11:25:08.421] [DEBUG] debug-file - Target 'ohosTest' config initialized
[2026-08-17T11:25:08.471] [DEBUG] debug-file - hvigorfile, begin to bind custom plugins...
[2026-08-17T11:25:08.421] [DEBUG] debug-file - Module 'entry' target 'default' build option initialized
[2026-08-17T11:25:08.471] [DEBUG] debug-file - hvigorfile, no custom plugins were found in /Users/chenhan/Desktop/Git/RXSDK/RXSDK-Harmony-Native/HmsSdk/hvigorfile.ts
[2026-08-17T11:25:08.421] [DEBUG] debug-file - Module 'entry' target 'ddz' build option initialized
[2026-08-17T11:25:08.471] [DEBUG] debug-file - hvigorfile, resolve finished /Users/chenhan/Desktop/Git/RXSDK/RXSDK-Harmony-Native/HmsSdk/hvigorfile.ts
[2026-08-17T11:25:08.421] [DEBUG] debug-file - Module 'entry' target 'wljxmj' build option initialized
[2026-08-17T11:25:08.471] [DEBUG] debug-file - hvigorfile, resolving /Users/chenhan/Desktop/Git/RXSDK/RXSDK-Harmony-Native/rxsdk_wechat/hvigorfile.ts
[2026-08-17T11:25:08.421] [DEBUG] debug-file - Module 'entry' target 'fish' build option initialized
[2026-08-17T11:25:08.473] [DEBUG] debug-file - hvigorfile, require result:  { default: { system: [Function: harTasks], plugins: [] } }
[2026-08-17T11:25:08.421] [DEBUG] debug-file - Module 'entry' target 'jymxpd' build option initialized
[2026-08-17T11:25:08.473] [DEBUG] debug-file - hvigorfile, binding system plugins [Function: harTasks]
[2026-08-17T11:25:08.421] [DEBUG] debug-file - Module 'entry' target 'ohosTest' build option initialized
[2026-08-17T11:25:08.473] [DEBUG] debug-file - Starting plugin build process
[2026-08-17T11:25:08.421] [DEBUG] debug-file - End initialize module-target build option map, moduleName=entry
[2026-08-17T11:25:08.473] [DEBUG] debug-file - Har plugin creating...
[2026-08-17T11:25:08.421] [DEBUG] debug-file - Start initialize module-target build option map, moduleName=entry, buildMode=release
[2026-08-17T11:25:08.473] [DEBUG] debug-file - failed to load cangjie to dynamically generate schemas: Error: Cannot find module '@ohos/cangjie-build-support/index'
Require stack:
- /Applications/DevEco-Studio.app/Contents/tools/hvigor/hvigor-ohos-plugin/src/plugin/hooks/cangjie-register.js
- /Applications/DevEco-Studio.app/Contents/tools/hvigor/hvigor-ohos-plugin/src/plugin/strategy/stage-init-strategy.js
- /Applications/DevEco-Studio.app/Contents/tools/hvigor/hvigor-ohos-plugin/src/plugin/builder/abstract-plugin-builder.js
- /Applications/DevEco-Studio.app/Contents/tools/hvigor/hvigor-ohos-plugin/src/plugin/builder/app-plugin-builder.js
- /Applications/DevEco-Studio.app/Contents/tools/hvigor/hvigor-ohos-plugin/src/plugin/factory/plugin-factory.js
- /Applications/DevEco-Studio.app/Contents/tools/hvigor/hvigor-ohos-plugin/index.js
- /Users/chenhan/Desktop/Git/RXSDK/RXSDK-Harmony-Native/hvigorfile.ts
- /Applications/DevEco-Studio.app/Contents/tools/hvigor/hvigor/src/base/internal/lifecycle/configuration.js
- /Applications/DevEco-Studio.app/Contents/tools/hvigor/hvigor/src/base/boot/index.js
- /Applications/DevEco-Studio.app/Contents/tools/hvigor/hvigor/src/cli/main/cli.js
- /Applications/DevEco-Studio.app/Contents/tools/hvigor/hvigor/bin/hvigor.js
[2026-08-17T11:25:08.421] [DEBUG] debug-file - Target 'default' config initialized
[2026-08-17T11:25:08.473] [DEBUG] debug-file - Start initialize module-target build option map, moduleName=rxsdk_wechat, buildMode=debug
[2026-08-17T11:25:08.421] [DEBUG] debug-file - Target 'ddz' config initialized
[2026-08-17T11:25:08.473] [DEBUG] debug-file - Target 'default' config initialized
[2026-08-17T11:25:08.421] [DEBUG] debug-file - Does not get target 'ddz'corresponding build option.
[2026-08-17T11:25:08.473] [DEBUG] debug-file - Target 'ohosTest' config initialized
[2026-08-17T11:25:08.421] [DEBUG] debug-file - Using preset build option 'release'.
[2026-08-17T11:25:08.473] [DEBUG] debug-file - Module 'rxsdk_wechat' target 'default' build option initialized
[2026-08-17T11:25:08.422] [DEBUG] debug-file - Target 'wljxmj' config initialized
[2026-08-17T11:25:08.473] [DEBUG] debug-file - Module 'rxsdk_wechat' target 'ohosTest' build option initialized
[2026-08-17T11:25:08.422] [DEBUG] debug-file - Does not get target 'wljxmj'corresponding build option.
[2026-08-17T11:25:08.473] [DEBUG] debug-file - End initialize module-target build option map, moduleName=rxsdk_wechat
[2026-08-17T11:25:08.422] [DEBUG] debug-file - Using preset build option 'release'.
[2026-08-17T11:25:08.473] [DEBUG] debug-file - Start initialize module-target build option map, moduleName=rxsdk_wechat, buildMode=release
[2026-08-17T11:25:08.422] [DEBUG] debug-file - Target 'fish' config initialized
[2026-08-17T11:25:08.473] [DEBUG] debug-file - Target 'default' config initialized
[2026-08-17T11:25:08.422] [DEBUG] debug-file - Does not get target 'fish'corresponding build option.
[2026-08-17T11:25:08.473] [DEBUG] debug-file - Target 'ohosTest' config initialized
[2026-08-17T11:25:08.422] [DEBUG] debug-file - Using preset build option 'release'.
[2026-08-17T11:25:08.473] [DEBUG] debug-file - Module 'rxsdk_wechat' target 'default' build option initialized
[2026-08-17T11:25:08.422] [DEBUG] debug-file - Target 'jymxpd' config initialized
[2026-08-17T11:25:08.473] [DEBUG] debug-file - Module 'rxsdk_wechat' target 'ohosTest' build option initialized
[2026-08-17T11:25:08.422] [DEBUG] debug-file - Does not get target 'jymxpd'corresponding build option.
[2026-08-17T11:25:08.473] [DEBUG] debug-file - End initialize module-target build option map, moduleName=rxsdk_wechat
[2026-08-17T11:25:08.422] [DEBUG] debug-file - Using preset build option 'release'.
[2026-08-17T11:25:08.473] [DEBUG] debug-file - Start initialize module-target build option map, moduleName=rxsdk_wechat, buildMode=debug
[2026-08-17T11:25:08.422] [DEBUG] debug-file - Target 'ohosTest' config initialized
[2026-08-17T11:25:08.473] [DEBUG] debug-file - Target 'default' config initialized
[2026-08-17T11:25:08.422] [DEBUG] debug-file - Module 'entry' target 'default' build option initialized
[2026-08-17T11:25:08.473] [DEBUG] debug-file - Target 'ohosTest' config initialized
[2026-08-17T11:25:08.422] [DEBUG] debug-file - Module 'entry' target 'ddz' build option initialized
[2026-08-17T11:25:08.473] [DEBUG] debug-file - Module 'rxsdk_wechat' target 'default' build option initialized
[2026-08-17T11:25:08.422] [DEBUG] debug-file - Module 'entry' target 'wljxmj' build option initialized
[2026-08-17T11:25:08.473] [DEBUG] debug-file - Module 'rxsdk_wechat' target 'ohosTest' build option initialized
[2026-08-17T11:25:08.422] [DEBUG] debug-file - Module 'entry' target 'fish' build option initialized
[2026-08-17T11:25:08.473] [DEBUG] debug-file - End initialize module-target build option map, moduleName=rxsdk_wechat
[2026-08-17T11:25:08.422] [DEBUG] debug-file - Module 'entry' target 'jymxpd' build option initialized
[2026-08-17T11:25:08.473] [DEBUG] debug-file - Start initialize module-target build option map, moduleName=rxsdk_wechat, buildMode=release
[2026-08-17T11:25:08.422] [DEBUG] debug-file - Module 'entry' target 'ohosTest' build option initialized
[2026-08-17T11:25:08.473] [DEBUG] debug-file - Target 'default' config initialized
[2026-08-17T11:25:08.422] [DEBUG] debug-file - End initialize module-target build option map, moduleName=entry
[2026-08-17T11:25:08.473] [DEBUG] debug-file - Target 'ohosTest' config initialized
[2026-08-17T11:25:08.422] [DEBUG] debug-file - Start initialize module-target build option map, moduleName=entry, buildMode=debug
[2026-08-17T11:25:08.473] [DEBUG] debug-file - Module 'rxsdk_wechat' target 'default' build option initialized
[2026-08-17T11:25:08.422] [DEBUG] debug-file - Target 'default' config initialized
[2026-08-17T11:25:08.473] [DEBUG] debug-file - Module 'rxsdk_wechat' target 'ohosTest' build option initialized
[2026-08-17T11:25:08.422] [DEBUG] debug-file - Target 'ddz' config initialized
[2026-08-17T11:25:08.473] [DEBUG] debug-file - End initialize module-target build option map, moduleName=rxsdk_wechat
[2026-08-17T11:25:08.422] [DEBUG] debug-file - Does not get target 'ddz'corresponding build option.
[2026-08-17T11:25:08.473] [DEBUG] debug-file - Start initialize module-target build option map, moduleName=rxsdk_wechat, buildMode=debug
[2026-08-17T11:25:08.422] [DEBUG] debug-file - Using preset build option 'debug'.
[2026-08-17T11:25:08.473] [DEBUG] debug-file - Target 'default' config initialized
[2026-08-17T11:25:08.422] [DEBUG] debug-file - Target 'wljxmj' config initialized
[2026-08-17T11:25:08.473] [DEBUG] debug-file - Target 'ohosTest' config initialized
[2026-08-17T11:25:08.422] [DEBUG] debug-file - Does not get target 'wljxmj'corresponding build option.
[2026-08-17T11:25:08.473] [DEBUG] debug-file - Module 'rxsdk_wechat' target 'default' build option initialized
[2026-08-17T11:25:08.422] [DEBUG] debug-file - Using preset build option 'debug'.
[2026-08-17T11:25:08.473] [DEBUG] debug-file - Module 'rxsdk_wechat' target 'ohosTest' build option initialized
[2026-08-17T11:25:08.422] [DEBUG] debug-file - Target 'fish' config initialized
[2026-08-17T11:25:08.422] [DEBUG] debug-file - Does not get target 'fish'corresponding build option.
[2026-08-17T11:25:08.473] [DEBUG] debug-file - End initialize module-target build option map, moduleName=rxsdk_wechat
[2026-08-17T11:25:08.422] [DEBUG] debug-file - Using preset build option 'debug'.
[2026-08-17T11:25:08.473] [DEBUG] debug-file - Start initialize module-target build option map, moduleName=rxsdk_wechat, buildMode=release
[2026-08-17T11:25:08.422] [DEBUG] debug-file - Target 'jymxpd' config initialized
[2026-08-17T11:25:08.473] [DEBUG] debug-file - Target 'default' config initialized
[2026-08-17T11:25:08.422] [DEBUG] debug-file - Does not get target 'jymxpd'corresponding build option.
[2026-08-17T11:25:08.473] [DEBUG] debug-file - Target 'ohosTest' config initialized
[2026-08-17T11:25:08.422] [DEBUG] debug-file - Using preset build option 'debug'.
[2026-08-17T11:25:08.473] [DEBUG] debug-file - Module 'rxsdk_wechat' target 'default' build option initialized
[2026-08-17T11:25:08.422] [DEBUG] debug-file - Target 'ohosTest' config initialized
[2026-08-17T11:25:08.473] [DEBUG] debug-file - Module 'rxsdk_wechat' target 'ohosTest' build option initialized
[2026-08-17T11:25:08.422] [DEBUG] debug-file - Module 'entry' target 'default' build option initialized
[2026-08-17T11:25:08.473] [DEBUG] debug-file - End initialize module-target build option map, moduleName=rxsdk_wechat
[2026-08-17T11:25:08.422] [DEBUG] debug-file - Module 'entry' target 'ddz' build option initialized
[2026-08-17T11:25:08.473] [DEBUG] debug-file - Start initialize module-target build option map, moduleName=rxsdk_wechat, buildMode=debug
[2026-08-17T11:25:08.422] [DEBUG] debug-file - Module 'entry' target 'wljxmj' build option initialized
[2026-08-17T11:25:08.473] [DEBUG] debug-file - Target 'default' config initialized
[2026-08-17T11:25:08.422] [DEBUG] debug-file - Module 'entry' target 'fish' build option initialized
[2026-08-17T11:25:08.473] [DEBUG] debug-file - Target 'ohosTest' config initialized
[2026-08-17T11:25:08.422] [DEBUG] debug-file - Module 'entry' target 'jymxpd' build option initialized
[2026-08-17T11:25:08.473] [DEBUG] debug-file - Module 'rxsdk_wechat' target 'default' build option initialized
[2026-08-17T11:25:08.422] [DEBUG] debug-file - Module 'entry' target 'ohosTest' build option initialized
[2026-08-17T11:25:08.473] [DEBUG] debug-file - Module 'rxsdk_wechat' target 'ohosTest' build option initialized
[2026-08-17T11:25:08.422] [DEBUG] debug-file - End initialize module-target build option map, moduleName=entry
[2026-08-17T11:25:08.473] [DEBUG] debug-file - End initialize module-target build option map, moduleName=rxsdk_wechat
[2026-08-17T11:25:08.422] [DEBUG] debug-file - Start initialize module-target build option map, moduleName=entry, buildMode=release
[2026-08-17T11:25:08.473] [DEBUG] debug-file - Start initialize module-target build option map, moduleName=rxsdk_wechat, buildMode=release
[2026-08-17T11:25:08.422] [DEBUG] debug-file - Target 'default' config initialized
[2026-08-17T11:25:08.473] [DEBUG] debug-file - Target 'default' config initialized
[2026-08-17T11:25:08.422] [DEBUG] debug-file - Target 'ddz' config initialized
[2026-08-17T11:25:08.474] [DEBUG] debug-file - Target 'ohosTest' config initialized
[2026-08-17T11:25:08.422] [DEBUG] debug-file - Does not get target 'ddz'corresponding build option.
[2026-08-17T11:25:08.474] [DEBUG] debug-file - Module 'rxsdk_wechat' target 'default' build option initialized
[2026-08-17T11:25:08.422] [DEBUG] debug-file - Using preset build option 'release'.
[2026-08-17T11:25:08.422] [DEBUG] debug-file - Target 'wljxmj' config initialized
[2026-08-17T11:25:08.474] [DEBUG] debug-file - Module 'rxsdk_wechat' target 'ohosTest' build option initialized
[2026-08-17T11:25:08.422] [DEBUG] debug-file - Does not get target 'wljxmj'corresponding build option.
[2026-08-17T11:25:08.474] [DEBUG] debug-file - End initialize module-target build option map, moduleName=rxsdk_wechat
[2026-08-17T11:25:08.422] [DEBUG] debug-file - Using preset build option 'release'.
[2026-08-17T11:25:08.474] [DEBUG] debug-file - Start initialize module-target build option map, moduleName=rxsdk_wechat, buildMode=debug
[2026-08-17T11:25:08.422] [DEBUG] debug-file - Target 'fish' config initialized
[2026-08-17T11:25:08.474] [DEBUG] debug-file - Target 'default' config initialized
[2026-08-17T11:25:08.422] [DEBUG] debug-file - Does not get target 'fish'corresponding build option.
[2026-08-17T11:25:08.474] [DEBUG] debug-file - Target 'ohosTest' config initialized
[2026-08-17T11:25:08.422] [DEBUG] debug-file - Using preset build option 'release'.
[2026-08-17T11:25:08.474] [DEBUG] debug-file - Module 'rxsdk_wechat' target 'default' build option initialized
[2026-08-17T11:25:08.422] [DEBUG] debug-file - Target 'jymxpd' config initialized
[2026-08-17T11:25:08.474] [DEBUG] debug-file - Module 'rxsdk_wechat' target 'ohosTest' build option initialized
[2026-08-17T11:25:08.422] [DEBUG] debug-file - Does not get target 'jymxpd'corresponding build option.
[2026-08-17T11:25:08.474] [DEBUG] debug-file - End initialize module-target build option map, moduleName=rxsdk_wechat
[2026-08-17T11:25:08.422] [DEBUG] debug-file - Using preset build option 'release'.
[2026-08-17T11:25:08.474] [DEBUG] debug-file - Start initialize module-target build option map, moduleName=rxsdk_wechat, buildMode=release
[2026-08-17T11:25:08.423] [DEBUG] debug-file - Target 'ohosTest' config initialized
[2026-08-17T11:25:08.474] [DEBUG] debug-file - Target 'default' config initialized
[2026-08-17T11:25:08.423] [DEBUG] debug-file - Module 'entry' target 'default' build option initialized
[2026-08-17T11:25:08.474] [DEBUG] debug-file - Target 'ohosTest' config initialized
[2026-08-17T11:25:08.423] [DEBUG] debug-file - Module 'entry' target 'ddz' build option initialized
[2026-08-17T11:25:08.474] [DEBUG] debug-file - Module 'rxsdk_wechat' target 'default' build option initialized
[2026-08-17T11:25:08.423] [DEBUG] debug-file - Module 'entry' target 'wljxmj' build option initialized
[2026-08-17T11:25:08.474] [DEBUG] debug-file - Module 'rxsdk_wechat' target 'ohosTest' build option initialized
[2026-08-17T11:25:08.423] [DEBUG] debug-file - Module 'entry' target 'fish' build option initialized
[2026-08-17T11:25:08.474] [DEBUG] debug-file - End initialize module-target build option map, moduleName=rxsdk_wechat
[2026-08-17T11:25:08.423] [DEBUG] debug-file - Module 'entry' target 'jymxpd' build option initialized
[2026-08-17T11:25:08.474] [DEBUG] debug-file - Start initialize module-target build option map, moduleName=rxsdk_wechat, buildMode=release
[2026-08-17T11:25:08.423] [DEBUG] debug-file - Module 'entry' target 'ohosTest' build option initialized
[2026-08-17T11:25:08.474] [DEBUG] debug-file - Target 'default' config initialized
[2026-08-17T11:25:08.423] [DEBUG] debug-file - End initialize module-target build option map, moduleName=entry
[2026-08-17T11:25:08.474] [DEBUG] debug-file - Target 'ohosTest' config initialized
[2026-08-17T11:25:08.423] [DEBUG] debug-file - Start initialize module-target build option map, moduleName=entry, buildMode=debug
[2026-08-17T11:25:08.474] [DEBUG] debug-file - Module 'rxsdk_wechat' target 'default' build option initialized
[2026-08-17T11:25:08.423] [DEBUG] debug-file - Target 'default' config initialized
[2026-08-17T11:25:08.474] [DEBUG] debug-file - Module 'rxsdk_wechat' target 'ohosTest' build option initialized
[2026-08-17T11:25:08.423] [DEBUG] debug-file - Target 'ddz' config initialized
[2026-08-17T11:25:08.474] [DEBUG] debug-file - End initialize module-target build option map, moduleName=rxsdk_wechat
[2026-08-17T11:25:08.423] [DEBUG] debug-file - Does not get target 'ddz'corresponding build option.
[2026-08-17T11:25:08.474] [DEBUG] debug-file - Obtain build option for module 'rxsdk_wechat' target 'default'in this build.
[2026-08-17T11:25:08.423] [DEBUG] debug-file - Using preset build option 'debug'.
[2026-08-17T11:25:08.474] [DEBUG] debug-file - Module rxsdk_wechat task initialization takes 1 ms 
[2026-08-17T11:25:08.423] [DEBUG] debug-file - Target 'wljxmj' config initialized
[2026-08-17T11:25:08.474] [DEBUG] debug-file - Har plugin register hook start...
[2026-08-17T11:25:08.423] [DEBUG] debug-file - Does not get target 'wljxmj'corresponding build option.
[2026-08-17T11:25:08.474] [DEBUG] debug-file - Har plugin register hook end...
[2026-08-17T11:25:08.423] [DEBUG] debug-file - Using preset build option 'debug'.
[2026-08-17T11:25:08.474] [DEBUG] debug-file - Plugin build process completed
[2026-08-17T11:25:08.423] [DEBUG] debug-file - Target 'fish' config initialized
[2026-08-17T11:25:08.474] [DEBUG] debug-file - hvigorfile, begin to bind custom plugins...
[2026-08-17T11:25:08.423] [DEBUG] debug-file - Does not get target 'fish'corresponding build option.
[2026-08-17T11:25:08.474] [DEBUG] debug-file - hvigorfile, no custom plugins were found in /Users/chenhan/Desktop/Git/RXSDK/RXSDK-Harmony-Native/rxsdk_wechat/hvigorfile.ts
[2026-08-17T11:25:08.423] [DEBUG] debug-file - Using preset build option 'debug'.
[2026-08-17T11:25:08.474] [DEBUG] debug-file - hvigorfile, resolve finished /Users/chenhan/Desktop/Git/RXSDK/RXSDK-Harmony-Native/rxsdk_wechat/hvigorfile.ts
[2026-08-17T11:25:08.423] [DEBUG] debug-file - Target 'jymxpd' config initialized
[2026-08-17T11:25:08.474] [DEBUG] debug-file - hvigorfile, resolving /Users/chenhan/Desktop/Git/RXSDK/RXSDK-Harmony-Native/rxsdk_openinstall/hvigorfile.ts
[2026-08-17T11:25:08.423] [DEBUG] debug-file - Does not get target 'jymxpd'corresponding build option.
[2026-08-17T11:25:08.475] [DEBUG] debug-file - hvigorfile, require result:  { default: { system: [Function: harTasks], plugins: [] } }
[2026-08-17T11:25:08.423] [DEBUG] debug-file - Using preset build option 'debug'.
[2026-08-17T11:25:08.476] [DEBUG] debug-file - hvigorfile, binding system plugins [Function: harTasks]
[2026-08-17T11:25:08.423] [DEBUG] debug-file - Target 'ohosTest' config initialized
[2026-08-17T11:25:08.476] [DEBUG] debug-file - Starting plugin build process
[2026-08-17T11:25:08.423] [DEBUG] debug-file - Module 'entry' target 'default' build option initialized
[2026-08-17T11:25:08.476] [DEBUG] debug-file - Har plugin creating...
[2026-08-17T11:25:08.423] [DEBUG] debug-file - Module 'entry' target 'ddz' build option initialized
[2026-08-17T11:25:08.476] [DEBUG] debug-file - failed to load cangjie to dynamically generate schemas: Error: Cannot find module '@ohos/cangjie-build-support/index'
Require stack:
- /Applications/DevEco-Studio.app/Contents/tools/hvigor/hvigor-ohos-plugin/src/plugin/hooks/cangjie-register.js
- /Applications/DevEco-Studio.app/Contents/tools/hvigor/hvigor-ohos-plugin/src/plugin/strategy/stage-init-strategy.js
- /Applications/DevEco-Studio.app/Contents/tools/hvigor/hvigor-ohos-plugin/src/plugin/builder/abstract-plugin-builder.js
- /Applications/DevEco-Studio.app/Contents/tools/hvigor/hvigor-ohos-plugin/src/plugin/builder/app-plugin-builder.js
- /Applications/DevEco-Studio.app/Contents/tools/hvigor/hvigor-ohos-plugin/src/plugin/factory/plugin-factory.js
- /Applications/DevEco-Studio.app/Contents/tools/hvigor/hvigor-ohos-plugin/index.js
- /Users/chenhan/Desktop/Git/RXSDK/RXSDK-Harmony-Native/hvigorfile.ts
- /Applications/DevEco-Studio.app/Contents/tools/hvigor/hvigor/src/base/internal/lifecycle/configuration.js
- /Applications/DevEco-Studio.app/Contents/tools/hvigor/hvigor/src/base/boot/index.js
- /Applications/DevEco-Studio.app/Contents/tools/hvigor/hvigor/src/cli/main/cli.js
- /Applications/DevEco-Studio.app/Contents/tools/hvigor/hvigor/bin/hvigor.js
[2026-08-17T11:25:08.423] [DEBUG] debug-file - Module 'entry' target 'wljxmj' build option initialized
[2026-08-17T11:25:08.476] [DEBUG] debug-file - Start initialize module-target build option map, moduleName=rxsdk_openinstall, buildMode=debug
[2026-08-17T11:25:08.423] [DEBUG] debug-file - Module 'entry' target 'fish' build option initialized
[2026-08-17T11:25:08.476] [DEBUG] debug-file - Target 'default' config initialized
[2026-08-17T11:25:08.423] [DEBUG] debug-file - Module 'entry' target 'jymxpd' build option initialized
[2026-08-17T11:25:08.476] [DEBUG] debug-file - Target 'ohosTest' config initialized
[2026-08-17T11:25:08.423] [DEBUG] debug-file - Module 'entry' target 'ohosTest' build option initialized
[2026-08-17T11:25:08.476] [DEBUG] debug-file - Module 'rxsdk_openinstall' target 'default' build option initialized
[2026-08-17T11:25:08.423] [DEBUG] debug-file - End initialize module-target build option map, moduleName=entry
[2026-08-17T11:25:08.476] [DEBUG] debug-file - Module 'rxsdk_openinstall' target 'ohosTest' build option initialized
[2026-08-17T11:25:08.423] [DEBUG] debug-file - Start initialize module-target build option map, moduleName=entry, buildMode=release
[2026-08-17T11:25:08.476] [DEBUG] debug-file - End initialize module-target build option map, moduleName=rxsdk_openinstall
[2026-08-17T11:25:08.423] [DEBUG] debug-file - Target 'default' config initialized
[2026-08-17T11:25:08.476] [DEBUG] debug-file - Start initialize module-target build option map, moduleName=rxsdk_openinstall, buildMode=release
[2026-08-17T11:25:08.423] [DEBUG] debug-file - Target 'ddz' config initialized
[2026-08-17T11:25:08.476] [DEBUG] debug-file - Target 'default' config initialized
[2026-08-17T11:25:08.423] [DEBUG] debug-file - Does not get target 'ddz'corresponding build option.
[2026-08-17T11:25:08.476] [DEBUG] debug-file - Target 'ohosTest' config initialized
[2026-08-17T11:25:08.423] [DEBUG] debug-file - Using preset build option 'release'.
[2026-08-17T11:25:08.476] [DEBUG] debug-file - Module 'rxsdk_openinstall' target 'default' build option initialized
[2026-08-17T11:25:08.423] [DEBUG] debug-file - Target 'wljxmj' config initialized
[2026-08-17T11:25:08.476] [DEBUG] debug-file - Module 'rxsdk_openinstall' target 'ohosTest' build option initialized
[2026-08-17T11:25:08.423] [DEBUG] debug-file - Does not get target 'wljxmj'corresponding build option.
[2026-08-17T11:25:08.476] [DEBUG] debug-file - End initialize module-target build option map, moduleName=rxsdk_openinstall
[2026-08-17T11:25:08.423] [DEBUG] debug-file - Using preset build option 'release'.
[2026-08-17T11:25:08.476] [DEBUG] debug-file - Start initialize module-target build option map, moduleName=rxsdk_openinstall, buildMode=debug
[2026-08-17T11:25:08.423] [DEBUG] debug-file - Target 'fish' config initialized
[2026-08-17T11:25:08.476] [DEBUG] debug-file - Target 'default' config initialized
[2026-08-17T11:25:08.423] [DEBUG] debug-file - Does not get target 'fish'corresponding build option.
[2026-08-17T11:25:08.476] [DEBUG] debug-file - Target 'ohosTest' config initialized
[2026-08-17T11:25:08.423] [DEBUG] debug-file - Using preset build option 'release'.
[2026-08-17T11:25:08.476] [DEBUG] debug-file - Module 'rxsdk_openinstall' target 'default' build option initialized
[2026-08-17T11:25:08.423] [DEBUG] debug-file - Target 'jymxpd' config initialized
[2026-08-17T11:25:08.476] [DEBUG] debug-file - Module 'rxsdk_openinstall' target 'ohosTest' build option initialized
[2026-08-17T11:25:08.423] [DEBUG] debug-file - Does not get target 'jymxpd'corresponding build option.
[2026-08-17T11:25:08.476] [DEBUG] debug-file - End initialize module-target build option map, moduleName=rxsdk_openinstall
[2026-08-17T11:25:08.423] [DEBUG] debug-file - Using preset build option 'release'.
[2026-08-17T11:25:08.476] [DEBUG] debug-file - Start initialize module-target build option map, moduleName=rxsdk_openinstall, buildMode=release
[2026-08-17T11:25:08.423] [DEBUG] debug-file - Target 'ohosTest' config initialized
[2026-08-17T11:25:08.476] [DEBUG] debug-file - Target 'default' config initialized
[2026-08-17T11:25:08.423] [DEBUG] debug-file - Module 'entry' target 'default' build option initialized
[2026-08-17T11:25:08.476] [DEBUG] debug-file - Target 'ohosTest' config initialized
[2026-08-17T11:25:08.423] [DEBUG] debug-file - Module 'entry' target 'ddz' build option initialized
[2026-08-17T11:25:08.476] [DEBUG] debug-file - Module 'rxsdk_openinstall' target 'default' build option initialized
[2026-08-17T11:25:08.423] [DEBUG] debug-file - Module 'entry' target 'wljxmj' build option initialized
[2026-08-17T11:25:08.476] [DEBUG] debug-file - Module 'rxsdk_openinstall' target 'ohosTest' build option initialized
[2026-08-17T11:25:08.423] [DEBUG] debug-file - Module 'entry' target 'fish' build option initialized
[2026-08-17T11:25:08.476] [DEBUG] debug-file - End initialize module-target build option map, moduleName=rxsdk_openinstall
[2026-08-17T11:25:08.423] [DEBUG] debug-file - Module 'entry' target 'jymxpd' build option initialized
[2026-08-17T11:25:08.476] [DEBUG] debug-file - Start initialize module-target build option map, moduleName=rxsdk_openinstall, buildMode=debug
[2026-08-17T11:25:08.423] [DEBUG] debug-file - Module 'entry' target 'ohosTest' build option initialized
[2026-08-17T11:25:08.476] [DEBUG] debug-file - Target 'default' config initialized
[2026-08-17T11:25:08.423] [DEBUG] debug-file - End initialize module-target build option map, moduleName=entry
[2026-08-17T11:25:08.476] [DEBUG] debug-file - Target 'ohosTest' config initialized
[2026-08-17T11:25:08.423] [DEBUG] debug-file - Start initialize module-target build option map, moduleName=entry, buildMode=debug
[2026-08-17T11:25:08.476] [DEBUG] debug-file - Module 'rxsdk_openinstall' target 'default' build option initialized
[2026-08-17T11:25:08.423] [DEBUG] debug-file - Target 'default' config initialized
[2026-08-17T11:25:08.476] [DEBUG] debug-file - Module 'rxsdk_openinstall' target 'ohosTest' build option initialized
[2026-08-17T11:25:08.423] [DEBUG] debug-file - Target 'ddz' config initialized
[2026-08-17T11:25:08.476] [DEBUG] debug-file - End initialize module-target build option map, moduleName=rxsdk_openinstall
[2026-08-17T11:25:08.423] [DEBUG] debug-file - Does not get target 'ddz'corresponding build option.
[2026-08-17T11:25:08.476] [DEBUG] debug-file - Start initialize module-target build option map, moduleName=rxsdk_openinstall, buildMode=release
[2026-08-17T11:25:08.423] [DEBUG] debug-file - Using preset build option 'debug'.
[2026-08-17T11:25:08.476] [DEBUG] debug-file - Target 'default' config initialized
[2026-08-17T11:25:08.423] [DEBUG] debug-file - Target 'wljxmj' config initialized
[2026-08-17T11:25:08.476] [DEBUG] debug-file - Target 'ohosTest' config initialized
[2026-08-17T11:25:08.423] [DEBUG] debug-file - Does not get target 'wljxmj'corresponding build option.
[2026-08-17T11:25:08.476] [DEBUG] debug-file - Module 'rxsdk_openinstall' target 'default' build option initialized
[2026-08-17T11:25:08.423] [DEBUG] debug-file - Using preset build option 'debug'.
[2026-08-17T11:25:08.476] [DEBUG] debug-file - Module 'rxsdk_openinstall' target 'ohosTest' build option initialized
[2026-08-17T11:25:08.423] [DEBUG] debug-file - Target 'fish' config initialized
[2026-08-17T11:25:08.476] [DEBUG] debug-file - End initialize module-target build option map, moduleName=rxsdk_openinstall
[2026-08-17T11:25:08.423] [DEBUG] debug-file - Does not get target 'fish'corresponding build option.
[2026-08-17T11:25:08.476] [DEBUG] debug-file - Start initialize module-target build option map, moduleName=rxsdk_openinstall, buildMode=debug
[2026-08-17T11:25:08.423] [DEBUG] debug-file - Using preset build option 'debug'.
[2026-08-17T11:25:08.476] [DEBUG] debug-file - Target 'default' config initialized
[2026-08-17T11:25:08.423] [DEBUG] debug-file - Target 'jymxpd' config initialized
[2026-08-17T11:25:08.476] [DEBUG] debug-file - Target 'ohosTest' config initialized
[2026-08-17T11:25:08.423] [DEBUG] debug-file - Does not get target 'jymxpd'corresponding build option.
[2026-08-17T11:25:08.476] [DEBUG] debug-file - Module 'rxsdk_openinstall' target 'default' build option initialized
[2026-08-17T11:25:08.423] [DEBUG] debug-file - Using preset build option 'debug'.
[2026-08-17T11:25:08.476] [DEBUG] debug-file - Module 'rxsdk_openinstall' target 'ohosTest' build option initialized
[2026-08-17T11:25:08.423] [DEBUG] debug-file - Target 'ohosTest' config initialized
[2026-08-17T11:25:08.476] [DEBUG] debug-file - End initialize module-target build option map, moduleName=rxsdk_openinstall
[2026-08-17T11:25:08.423] [DEBUG] debug-file - Module 'entry' target 'default' build option initialized
[2026-08-17T11:25:08.476] [DEBUG] debug-file - Start initialize module-target build option map, moduleName=rxsdk_openinstall, buildMode=release
[2026-08-17T11:25:08.423] [DEBUG] debug-file - Module 'entry' target 'ddz' build option initialized
[2026-08-17T11:25:08.476] [DEBUG] debug-file - Target 'default' config initialized
[2026-08-17T11:25:08.423] [DEBUG] debug-file - Module 'entry' target 'wljxmj' build option initialized
[2026-08-17T11:25:08.476] [DEBUG] debug-file - Target 'ohosTest' config initialized
[2026-08-17T11:25:08.423] [DEBUG] debug-file - Module 'entry' target 'fish' build option initialized
[2026-08-17T11:25:08.476] [DEBUG] debug-file - Module 'rxsdk_openinstall' target 'default' build option initialized
[2026-08-17T11:25:08.423] [DEBUG] debug-file - Module 'entry' target 'jymxpd' build option initialized
[2026-08-17T11:25:08.476] [DEBUG] debug-file - Module 'rxsdk_openinstall' target 'ohosTest' build option initialized
[2026-08-17T11:25:08.423] [DEBUG] debug-file - Module 'entry' target 'ohosTest' build option initialized
[2026-08-17T11:25:08.476] [DEBUG] debug-file - End initialize module-target build option map, moduleName=rxsdk_openinstall
[2026-08-17T11:25:08.423] [DEBUG] debug-file - End initialize module-target build option map, moduleName=entry
[2026-08-17T11:25:08.476] [DEBUG] debug-file - Start initialize module-target build option map, moduleName=rxsdk_openinstall, buildMode=debug
[2026-08-17T11:25:08.423] [DEBUG] debug-file - Start initialize module-target build option map, moduleName=entry, buildMode=release
[2026-08-17T11:25:08.476] [DEBUG] debug-file - Target 'default' config initialized
[2026-08-17T11:25:08.423] [DEBUG] debug-file - Target 'default' config initialized
[2026-08-17T11:25:08.476] [DEBUG] debug-file - Target 'ohosTest' config initialized
[2026-08-17T11:25:08.424] [DEBUG] debug-file - Target 'ddz' config initialized
[2026-08-17T11:25:08.476] [DEBUG] debug-file - Module 'rxsdk_openinstall' target 'default' build option initialized
[2026-08-17T11:25:08.424] [DEBUG] debug-file - Does not get target 'ddz'corresponding build option.
[2026-08-17T11:25:08.476] [DEBUG] debug-file - Module 'rxsdk_openinstall' target 'ohosTest' build option initialized
[2026-08-17T11:25:08.424] [DEBUG] debug-file - Using preset build option 'release'.
[2026-08-17T11:25:08.476] [DEBUG] debug-file - End initialize module-target build option map, moduleName=rxsdk_openinstall
[2026-08-17T11:25:08.424] [DEBUG] debug-file - Target 'wljxmj' config initialized
[2026-08-17T11:25:08.476] [DEBUG] debug-file - Start initialize module-target build option map, moduleName=rxsdk_openinstall, buildMode=release
[2026-08-17T11:25:08.424] [DEBUG] debug-file - Does not get target 'wljxmj'corresponding build option.
[2026-08-17T11:25:08.476] [DEBUG] debug-file - Target 'default' config initialized
[2026-08-17T11:25:08.424] [DEBUG] debug-file - Using preset build option 'release'.
[2026-08-17T11:25:08.476] [DEBUG] debug-file - Target 'ohosTest' config initialized
[2026-08-17T11:25:08.424] [DEBUG] debug-file - Target 'fish' config initialized
[2026-08-17T11:25:08.476] [DEBUG] debug-file - Module 'rxsdk_openinstall' target 'default' build option initialized
[2026-08-17T11:25:08.424] [DEBUG] debug-file - Does not get target 'fish'corresponding build option.
[2026-08-17T11:25:08.476] [DEBUG] debug-file - Module 'rxsdk_openinstall' target 'ohosTest' build option initialized
[2026-08-17T11:25:08.424] [DEBUG] debug-file - Using preset build option 'release'.
[2026-08-17T11:25:08.476] [DEBUG] debug-file - End initialize module-target build option map, moduleName=rxsdk_openinstall
[2026-08-17T11:25:08.424] [DEBUG] debug-file - Target 'jymxpd' config initialized
[2026-08-17T11:25:08.476] [DEBUG] debug-file - Start initialize module-target build option map, moduleName=rxsdk_openinstall, buildMode=release
[2026-08-17T11:25:08.424] [DEBUG] debug-file - Does not get target 'jymxpd'corresponding build option.
[2026-08-17T11:25:08.476] [DEBUG] debug-file - Target 'default' config initialized
[2026-08-17T11:25:08.424] [DEBUG] debug-file - Using preset build option 'release'.
[2026-08-17T11:25:08.476] [DEBUG] debug-file - Target 'ohosTest' config initialized
[2026-08-17T11:25:08.424] [DEBUG] debug-file - Target 'ohosTest' config initialized
[2026-08-17T11:25:08.476] [DEBUG] debug-file - Module 'rxsdk_openinstall' target 'default' build option initialized
[2026-08-17T11:25:08.424] [DEBUG] debug-file - Module 'entry' target 'default' build option initialized
[2026-08-17T11:25:08.476] [DEBUG] debug-file - Module 'rxsdk_openinstall' target 'ohosTest' build option initialized
[2026-08-17T11:25:08.424] [DEBUG] debug-file - Module 'entry' target 'ddz' build option initialized
[2026-08-17T11:25:08.477] [DEBUG] debug-file - End initialize module-target build option map, moduleName=rxsdk_openinstall
[2026-08-17T11:25:08.424] [DEBUG] debug-file - Module 'entry' target 'wljxmj' build option initialized
[2026-08-17T11:25:08.477] [DEBUG] debug-file - Obtain build option for module 'rxsdk_openinstall' target 'default'in this build.
[2026-08-17T11:25:08.424] [DEBUG] debug-file - Module 'entry' target 'fish' build option initialized
[2026-08-17T11:25:08.478] [DEBUG] debug-file - Module rxsdk_openinstall task initialization takes 1 ms 
[2026-08-17T11:25:08.424] [DEBUG] debug-file - Module 'entry' target 'jymxpd' build option initialized
[2026-08-17T11:25:08.478] [DEBUG] debug-file - Har plugin register hook start...
[2026-08-17T11:25:08.424] [DEBUG] debug-file - Module 'entry' target 'ohosTest' build option initialized
[2026-08-17T11:25:08.478] [DEBUG] debug-file - Har plugin register hook end...
[2026-08-17T11:25:08.424] [DEBUG] debug-file - End initialize module-target build option map, moduleName=entry
[2026-08-17T11:25:08.478] [DEBUG] debug-file - Plugin build process completed
[2026-08-17T11:25:08.424] [DEBUG] debug-file - Start initialize module-target build option map, moduleName=entry, buildMode=release
[2026-08-17T11:25:08.478] [DEBUG] debug-file - hvigorfile, begin to bind custom plugins...
[2026-08-17T11:25:08.424] [DEBUG] debug-file - Target 'default' config initialized
[2026-08-17T11:25:08.478] [DEBUG] debug-file - hvigorfile, no custom plugins were found in /Users/chenhan/Desktop/Git/RXSDK/RXSDK-Harmony-Native/rxsdk_openinstall/hvigorfile.ts
[2026-08-17T11:25:08.424] [DEBUG] debug-file - Target 'ddz' config initialized
[2026-08-17T11:25:08.478] [DEBUG] debug-file - hvigorfile, resolve finished /Users/chenhan/Desktop/Git/RXSDK/RXSDK-Harmony-Native/rxsdk_openinstall/hvigorfile.ts
[2026-08-17T11:25:08.424] [DEBUG] debug-file - Does not get target 'ddz'corresponding build option.
[2026-08-17T11:25:08.478] [DEBUG] debug-file - project has submodules:entry,hmssdk,rxsdk_wechat,rxsdk_openinstall
[2026-08-17T11:25:08.424] [DEBUG] debug-file - Using preset build option 'release'.
[2026-08-17T11:25:08.478] [DEBUG] debug-file - module:hmssdk no need to execute packageHap
[2026-08-17T11:25:08.424] [DEBUG] debug-file - Target 'wljxmj' config initialized
[2026-08-17T11:25:08.478] [DEBUG] debug-file - module:rxsdk_wechat no need to execute packageHap
[2026-08-17T11:25:08.424] [DEBUG] debug-file - Does not get target 'wljxmj'corresponding build option.
[2026-08-17T11:25:08.478] [DEBUG] debug-file - module:rxsdk_openinstall no need to execute packageHap
[2026-08-17T11:25:08.424] [DEBUG] debug-file - Using preset build option 'release'.
[2026-08-17T11:25:08.424] [DEBUG] debug-file - Target 'fish' config initialized
[2026-08-17T11:25:08.424] [DEBUG] debug-file - Does not get target 'fish'corresponding build option.
[2026-08-17T11:25:08.424] [DEBUG] debug-file - Using preset build option 'release'.
[2026-08-17T11:25:08.424] [DEBUG] debug-file - Target 'jymxpd' config initialized
[2026-08-17T11:25:08.424] [DEBUG] debug-file - Does not get target 'jymxpd'corresponding build option.
[2026-08-17T11:25:08.424] [DEBUG] debug-file - Using preset build option 'release'.
[2026-08-17T11:25:08.424] [DEBUG] debug-file - Target 'ohosTest' config initialized
[2026-08-17T11:25:08.424] [DEBUG] debug-file - Module 'entry' target 'default' build option initialized
[2026-08-17T11:25:08.424] [DEBUG] debug-file - Module 'entry' target 'ddz' build option initialized
[2026-08-17T11:25:08.424] [DEBUG] debug-file - Module 'entry' target 'wljxmj' build option initialized
[2026-08-17T11:25:08.424] [DEBUG] debug-file - Module 'entry' target 'fish' build option initialized
[2026-08-17T11:25:08.424] [DEBUG] debug-file - Module 'entry' target 'jymxpd' build option initialized
[2026-08-17T11:25:08.424] [DEBUG] debug-file - Module 'entry' target 'ohosTest' build option initialized
[2026-08-17T11:25:08.424] [DEBUG] debug-file - End initialize module-target build option map, moduleName=entry
[2026-08-17T11:25:08.424] [DEBUG] debug-file - Obtain build option for module 'entry' target 'default'in this build.
[2026-08-17T11:25:08.426] [DEBUG] debug-file - Module entry task initialization takes 2 ms 
[2026-08-17T11:25:08.426] [DEBUG] debug-file - Hap plugin register hook start...
[2026-08-17T11:25:08.426] [DEBUG] debug-file - Hap plugin register hook end...
[2026-08-17T11:25:08.426] [DEBUG] debug-file - Plugin build process completed
[2026-08-17T11:25:08.426] [DEBUG] debug-file - hvigorfile, begin to bind custom plugins...
[2026-08-17T11:25:08.426] [DEBUG] debug-file - hvigorfile, no custom plugins were found in /Users/chenhan/Desktop/Git/RXSDK/RXSDK-Harmony-Native/entry/hvigorfile.ts
[2026-08-17T11:25:08.426] [DEBUG] debug-file - hvigorfile, resolve finished /Users/chenhan/Desktop/Git/RXSDK/RXSDK-Harmony-Native/entry/hvigorfile.ts
[2026-08-17T11:25:08.640] [DEBUG] debug-file - Info: Pack: normal pack mode

[2026-08-17T11:25:08.712] [DEBUG] debug-file - Info: hardware concurrency count is : 18
Info: thread count is : 18

[2026-08-17T11:25:08.712] [DEBUG] debug-file - Info: thread pool is started

[2026-08-17T11:25:08.713] [DEBUG] debug-file - Info: GenericCompiler::CompileFiles

[2026-08-17T11:25:08.719] [DEBUG] debug-file - Info: no icons need to scale, icon ids size is 0.

[2026-08-17T11:25:08.719] [DEBUG] debug-file - Info: restool resources compile success.

[2026-08-17T11:25:08.719] [DEBUG] debug-file - Info: thread pool is stopped

[2026-08-17T11:25:08.721] [WARN] debug-file - 2026-08-17 11:25:08.639 defaults[81305:51278924] 
The domain/default pair of (kCFPreferencesAnyApplication, AppleLocale) does not exist
Warning: 'read_tracking_reason' conflict, first declared.
at /Users/chenhan/Desktop/Git/RXSDK/RXSDK-Harmony-Native/HmsSdk/src/main/resources/base/element/string.json
but declared again.
at /Users/chenhan/Desktop/Git/RXSDK/RXSDK-Harmony-Native/HmsSdk/build/default/intermediates/res/default/resource_str/base/element/string.json

[2026-08-17T11:25:08.721] [DEBUG] debug-file - hmssdk : default@CompileResource cost memory 2.3799591064453125
[2026-08-17T11:25:08.722] [DEBUG] debug-file - Executing task :hmssdk:default@DoNativeStrip
[2026-08-17T11:25:08.722] [DEBUG] debug-file - runTaskFromQueue task cost before running: 1 s 98 ms 
[2026-08-17T11:25:08.722] [DEBUG] debug-file - File: '/Users/chenhan/Desktop/Git/RXSDK/RXSDK-Harmony-Native/HmsSdk/build/default/intermediates/binxo/default' from 'doBinxoNativeLibs' is not exists, just ignore.
[2026-08-17T11:25:08.723] [DEBUG] debug-file - Executing task :hmssdk:default@ProcessObfuscationFiles
[2026-08-17T11:25:08.724] [DEBUG] debug-file - Executing task :hmssdk:default@HarCompileArkTS
[2026-08-17T11:25:08.722] [INFO] debug-file - Finished :hmssdk:default@CompileResource... after 117 ms 
[2026-08-17T11:25:08.722] [DEBUG] debug-file - Task 'hmssdk:default@DoNativeStrip' cost while wrapping incremental declarations: 1 ms 
[2026-08-17T11:25:08.723] [DEBUG] debug-file - hmssdk : default@ProcessObfuscationFiles cost memory 0.0135955810546875
[2026-08-17T11:25:08.723] [DEBUG] debug-file - Incremental task hmssdk:default@DoNativeStrip pre-execution cost: 1 ms .
[2026-08-17T11:25:08.723] [DEBUG] debug-file - runTaskFromQueue task cost before running: 1 s 100 ms 
[2026-08-17T11:25:08.723] [DEBUG] debug-file - hmssdk : default@DoNativeStrip cost memory 0.06917572021484375
[2026-08-17T11:25:08.723] [INFO] debug-file - Finished :hmssdk:default@ProcessObfuscationFiles... after 1 ms 
[2026-08-17T11:25:08.723] [INFO] debug-file - UP-TO-DATE :hmssdk:default@DoNativeStrip...  
[2026-08-17T11:25:08.725] [DEBUG] debug-file - Collect obfuscation config from dependency @tencent/wechat_open_sdk.
[2026-08-17T11:25:08.726] [DEBUG] debug-file - obfuscationOptions: {"selfConfig":{"ruleOptions":{"enable":true,"rules":["/Users/chenhan/Desktop/Git/RXSDK/RXSDK-Harmony-Native/HmsSdk/obfuscation-rules.txt","/Users/chenhan/Desktop/Git/RXSDK/RXSDK-Harmony-Native/HmsSdk/Hm-recommend-keep-list.txt"]},"consumerFiles":["./consumer-rules.txt"],"consumerRules":["/Users/chenhan/Desktop/Git/RXSDK/RXSDK-Harmony-Native/HmsSdk/consumer-rules.txt"]},"sdkApis":[],"obfuscationCacheDir":"/Users/chenhan/Desktop/Git/RXSDK/RXSDK-Harmony-Native/HmsSdk/build/default/cache/default/default@HarCompileArkTS/esmodule/release/obfuscation","exportRulePath":"/Users/chenhan/Desktop/Git/RXSDK/RXSDK-Harmony-Native/HmsSdk/build/default/intermediates/obfuscation/default/obfuscation.txt","dependencies":{"libraries":[],"hspLibraries":[],"hars":["/Users/chenhan/Desktop/Git/RXSDK/RXSDK-Harmony-Native/oh_modules/.ohpm/@tencent+wechat_open_sdk@1.0.16/oh_modules/@tencent/wechat_open_sdk/obfuscation.txt"],"hsps":[]}}
[2026-08-17T11:25:08.727] [DEBUG] debug-file - Task 'hmssdk:default@HarCompileArkTS' cost while wrapping incremental declarations: 1 ms 
[2026-08-17T11:25:08.729] [DEBUG] debug-file - hmssdk:default@HarCompileArkTS is not up-to-date, since the input file '/Users/chenhan/Desktop/Git/RXSDK/RXSDK-Harmony-Native/HmsSdk/build/default/intermediates/loader/default' has been changed.
[2026-08-17T11:25:08.729] [DEBUG] debug-file - Incremental task hmssdk:default@HarCompileArkTS pre-execution cost: 1 ms .
[2026-08-17T11:25:08.733] [DEBUG] debug-file - build config:
[2026-08-17T11:25:08.736] [DEBUG] debug-file - Current worker pool is stopped or closed.
[2026-08-17T11:25:08.734] [DEBUG] debug-file - {
  moduleType: 'har',
  perf: 0,
  targetName: '.default',
  packageManagerType: 'ohpm',
  localPropertiesPath: '/Users/chenhan/Desktop/Git/RXSDK/RXSDK-Harmony-Native/local.properties',
  isPreview: false,
  isOhosTest: false,
  isLocalTest: false,
  buildMode: 'Release',
  hotReloadBuild: undefined,
  watchMode: 'false',
  aceProfilePath: '/Users/chenhan/Desktop/Git/RXSDK/RXSDK-Harmony-Native/HmsSdk/build/default/intermediates/res/default/resources/base/profile',
  etsLoaderPath: '/Applications/DevEco-Studio.app/Contents/sdk/default/openharmony/ets/build-tools/ets-loader',
  modulePath: '/Users/chenhan/Desktop/Git/RXSDK/RXSDK-Harmony-Native/HmsSdk',
  testFrameworkPar: {
    testMode: undefined,
    coveragePathFilter: undefined,
    coverageMode: undefined
  },
  needCoverageInsert: false,
  debugLine: false,
  projectTopDir: '/Users/chenhan/Desktop/Git/RXSDK/RXSDK-Harmony-Native',
  compileSdkVersion: 24,
  compatibleSdkVersion: 18,
  originCompatibleSdkVersion: '5.1.0(18)',
  compatibleSdkVersionStage: undefined,
  bundleName: 'c***k',
  etsLoaderVersion: '6.1.1.125',
  etsLoaderReleaseType: 'Release',
  aotCompileMode: 'type',
  apPath: '/Users/chenhan/Desktop/Git/RXSDK/RXSDK-Harmony-Native/HmsSdk/modules.ap',
  entryModuleName: 'hmssdk',
  entryModuleVersion: '4.0.0',
  entryPackageName: 'hmssdk',
  allModuleNameHash: 'eeff7930c41001b281124e3558918a9ac2550bb2bd97e23388241a7074792753',
  externalApiPaths: [ '/Applications/DevEco-Studio.app/Contents/sdk/default/hms/ets' ],
  compilerTypes: [],
  isCrossplatform: false,
  hvigorPluginFile: undefined,
  compilePluginPath: undefined,
  buildGeneratedProfilePath: '/Users/chenhan/Desktop/Git/RXSDK/RXSDK-Harmony-Native/HmsSdk/build/default/generated/profile/default',
  bundleType: 'app',
  arkTSVersion: undefined,
  apiVersion: 24,
  needCompleteSourcesMap: true,
  isFaMode: false,
  buildDir: '/Users/chenhan/Desktop/Git/RXSDK/RXSDK-Harmony-Native/HmsSdk/build',
  deviceTypes: [ 'default', 'phone', 'tablet', '2in1' ],
  pkgContextInfo: {
    pako: {
      packageName: 'pako',
      bundleName: '*****',
      moduleName: '',
      version: '2.1.0',
      entryPath: 'dist/pako.esm.mjs',
      isSO: false,
      dependencyAlias: ''
    },
    '@tencent/wechat_open_sdk': {
      packageName: '@tencent/wechat_open_sdk',
      bundleName: '*****',
      moduleName: '',
      version: '1.0.16',
      entryPath: 'Index.js',
      isSO: false,
      dependencyAlias: ''
    },
    '@types/pako': {
      packageName: '@types/pako',
      bundleName: '*****',
      moduleName: '',
      version: '2.0.0',
      entryPath: 'index',
      isSO: false,
      dependencyAlias: ''
    },
    '@ohos/hypium': {
      packageName: '@ohos/hypium',
      bundleName: '*****',
      moduleName: '',
      version: '1.0.11',
      entryPath: 'index.js',
      isSO: false,
      dependencyAlias: ''
    },
    hmssdk: {
      packageName: 'hmssdk',
      bundleName: '*****',
      moduleName: '',
      version: '4.0.0',
      entryPath: 'Index.ets',
      isSO: false,
      dependencyAlias: ''
    }
  },
  ohPackagePathMap: {},
  dependencyAliasMap: {},
  permission: {
    requestPermissions: [ [Object], [Object], [Object] ],
    definePermissions: undefined
  },
  useGetCurrentBundleName: false,
  projectArkOption: {
    obfuscation: {
      ruleOptions: [Object],
      consumerFiles: [Array],
      consumerRules: [Array]
    }
  },
  sourceMapDir: undefined,
  branchElimination: false,
  transformLib: undefined,
  tsImportSendable: false,
  resolveConflictMode: true,
  depName2RootPath: {},
  depName2DepInfo: {},
  depName2OhExports: {},
  rootPathSet: [ '/Users/chenhan/Desktop/Git/RXSDK/RXSDK-Harmony-Native' ],
  useNativeResolver: true,
  shouldEmitJs: true,
  useTscResolve: false,
  singleFileEmit: false,
  userProjectConfig: {
    autoLazyImport: false,
    allowEmptyBundleName: false,
    reExportCheckMode: 'noCheck',
    executionMode: 'memory',
    usePathPlaceholder: false,
    writeRollupCache: true,
    isExpandImportEnabled: false,
    expandImportExclude: '',
    lazyImportExclude: '',
    lazyImportInclude: '',
    ignoreCrossplatformCheck: false,
    isHarDeduplicateEnabled: false,
    skipOhModulesLint: false,
    enableStrictCheckOHModule: false,
    disableSendableCheckRules: [],
    useDeclarationFileSignature: false,
    customizedOptions: undefined,
    integratedHsp: false,
    isPreloadSoEnabled: false
  },
  executionMode: 'memory',
  arkCompileCachePath: '/Users/chenhan/Desktop/Git/RXSDK/RXSDK-Harmony-Native/HmsSdk/build/default/cache/default/default@HarCompileArkTS/esmodule',
  autoLazyFilter: undefined,
  isHarDeduplicateEnabled: false,
  intermediateHarDuplicateDirPath: '/Users/chenhan/Desktop/Git/RXSDK/RXSDK-Harmony-Native/HmsSdk/build/default/intermediates/har_duplicate/default',
  autoLazyImport: false,
  allowEmptyBundleName: false,
  reExportCheckMode: 'noCheck',
  usePathPlaceholder: false,
  writeRollupCache: true,
  isExpandImportEnabled: false,
  expandImportExclude: '',
  lazyImportExclude: '',
  lazyImportInclude: '',
  ignoreCrossplatformCheck: false,
  skipOhModulesLint: false,
  enableStrictCheckOHModule: false,
  disableSendableCheckRules: [],
  useDeclarationFileSignature: false,
  customizedOptions: undefined,
  integratedHsp: false,
  isPreloadSoEnabled: false,
  strictMode: { useNormalizedOHMUrl: true, noExternalImportByPath: true },
  useNormalizedOHMUrl: true,
  caseSensitiveCheck: false,
  strictCheckerOnly: false,
  aceModuleJsonPath: '/Users/chenhan/Desktop/Git/RXSDK/RXSDK-Harmony-Native/HmsSdk/build/default/intermediates/res/default/ark_module.json',
  appResource: '/Users/chenhan/Desktop/Git/RXSDK/RXSDK-Harmony-Native/HmsSdk/build/default/intermediates/res/default/ResourceTable.txt',
  rawFileResource: '/Users/chenhan/Desktop/Git/RXSDK/RXSDK-Harmony-Native/HmsSdk/build/default/intermediates/res/default/resources/rawfile',
  resourceTableHash: '25c776e387559e0597942719cfb39975467ed8e18dc8bf48f27710c79e3d5607',
  runtimeOS: 'HarmonyOS',
  sdkInfo: 'false:24:6.1.1.125:Release',
  aceModuleRoot: '/Users/chenhan/Desktop/Git/RXSDK/RXSDK-Harmony-Native/HmsSdk/src/main/ets',
  compileMode: 'esmodule',
  aceSuperVisualPath: '/Users/chenhan/Desktop/Git/RXSDK/RXSDK-Harmony-Native/HmsSdk/src/main/supervisual',
  aceBuildJson: '/Users/chenhan/Desktop/Git/RXSDK/RXSDK-Harmony-Native/HmsSdk/build/default/intermediates/loader/default/loader.json',
  cachePath: '/Users/chenhan/Desktop/Git/RXSDK/RXSDK-Harmony-Native/HmsSdk/build/default/cache/default/default@HarCompileArkTS/esmodule/release',
  aceModuleBuild: '/Users/chenhan/Desktop/Git/RXSDK/RXSDK-Harmony-Native/HmsSdk/build/default/intermediates/loader_out/default/ets',
  supportChunks: true,
  declaredFilesPath: '/Users/chenhan/Desktop/Git/RXSDK/RXSDK-Harmony-Native/HmsSdk/build/default/intermediates/loader_out/default/etsFortgz/hmssdk',
  shouldCollectDirectImportees: false,
  isByteCodeHarOptimize: false,
  expandImportPath: undefined,
  resourceTableTs: undefined,
  moduleMetaInfoFiles: undefined,
  pkgNameToPkgBriefInfo: {
    '@tencent/wechat_open_sdk': {
      pkgRoot: '/Users/chenhan/Desktop/Git/RXSDK/RXSDK-Harmony-Native/oh_modules/.ohpm/@tencent+wechat_open_sdk@1.0.16/oh_modules/@tencent/wechat_open_sdk',
      pkgName: '@tencent/wechat_open_sdk',
      sourceRoots: [Array]
    },
    hmssdk: {
      pkgRoot: '/Users/chenhan/Desktop/Git/RXSDK/RXSDK-Harmony-Native/HmsSdk',
      originalSourceRoots: undefined,
      sourceRoots: [Array],
      pkgName: 'hmssdk'
    }
  },
  projectModel: {
    '/Users/chenhan/Desktop/Git/RXSDK/RXSDK-Harmony-Native/entry/src/main': {
      moduleName: 'entry',
      modulePkgPath: '/Users/chenhan/Desktop/Git/RXSDK/RXSDK-Harmony-Native/entry',
      belongProjectPath: '/Users/chenhan/Desktop/Git/RXSDK/RXSDK-Harmony-Native'
    },
    '/Users/chenhan/Desktop/Git/RXSDK/RXSDK-Harmony-Native/entry/src/ohosTest': {
      moduleName: 'entry_test',
      modulePkgPath: '/Users/chenhan/Desktop/Git/RXSDK/RXSDK-Harmony-Native/entry',
      belongProjectPath: '/Users/chenhan/Desktop/Git/RXSDK/RXSDK-Harmony-Native'
    },
    '/Users/chenhan/Desktop/Git/RXSDK/RXSDK-Harmony-Native/entry': {
      moduleName: 'entry',
      modulePkgPath: '/Users/chenhan/Desktop/Git/RXSDK/RXSDK-Harmony-Native/entry',
      belongProjectPath: '/Users/chenhan/Desktop/Git/RXSDK/RXSDK-Harmony-Native'
    },
    '/Users/chenhan/Desktop/Git/RXSDK/RXSDK-Harmony-Native/HmsSdk/src/main': {
      moduleName: 'hmssdk',
      modulePkgPath: '/Users/chenhan/Desktop/Git/RXSDK/RXSDK-Harmony-Native/HmsSdk',
      belongProjectPath: '/Users/chenhan/Desktop/Git/RXSDK/RXSDK-Harmony-Native'
    },
    '/Users/chenhan/Desktop/Git/RXSDK/RXSDK-Harmony-Native/HmsSdk': {
      moduleName: 'hmssdk',
      modulePkgPath: '/Users/chenhan/Desktop/Git/RXSDK/RXSDK-Harmony-Native/HmsSdk',
      belongProjectPath: '/Users/chenhan/Desktop/Git/RXSDK/RXSDK-Harmony-Native'
    },
    '/Users/chenhan/Desktop/Git/RXSDK/RXSDK-Harmony-Native/rxsdk_wechat/src/main': {
      moduleName: 'rxsdk_wechat',
      modulePkgPath: '/Users/chenhan/Desktop/Git/RXSDK/RXSDK-Harmony-Native/rxsdk_wechat',
      belongProjectPath: '/Users/chenhan/Desktop/Git/RXSDK/RXSDK-Harmony-Native'
    },
    '/Users/chenhan/Desktop/Git/RXSDK/RXSDK-Harmony-Native/rxsdk_wechat/.test/default/intermediates/src/ohosTest/ets': {
      moduleName: 'rxsdk_wechat_test',
      modulePkgPath: '/Users/chenhan/Desktop/Git/RXSDK/RXSDK-Harmony-Native/rxsdk_wechat',
      belongProjectPath: '/Users/chenhan/Desktop/Git/RXSDK/RXSDK-Harmony-Native'
    },
    '/Users/chenhan/Desktop/Git/RXSDK/RXSDK-Harmony-Native/rxsdk_wechat/src/ohosTest': {
      moduleName: 'rxsdk_wechat_test',
      modulePkgPath: '/Users/chenhan/Desktop/Git/RXSDK/RXSDK-Harmony-Native/rxsdk_wechat',
      belongProjectPath: '/Users/chenhan/Desktop/Git/RXSDK/RXSDK-Harmony-Native'
    },
    '/Users/chenhan/Desktop/Git/RXSDK/RXSDK-Harmony-Native/rxsdk_wechat': {
      moduleName: 'rxsdk_wechat',
      modulePkgPath: '/Users/chenhan/Desktop/Git/RXSDK/RXSDK-Harmony-Native/rxsdk_wechat',
      belongProjectPath: '/Users/chenhan/Desktop/Git/RXSDK/RXSDK-Harmony-Native'
    },
    '/Users/chenhan/Desktop/Git/RXSDK/RXSDK-Harmony-Native/rxsdk_openinstall/src/main': {
      moduleName: 'rxsdk_openinstall',
      modulePkgPath: '/Users/chenhan/Desktop/Git/RXSDK/RXSDK-Harmony-Native/rxsdk_openinstall',
      belongProjectPath: '/Users/chenhan/Desktop/Git/RXSDK/RXSDK-Harmony-Native'
    },
    '/Users/chenhan/Desktop/Git/RXSDK/RXSDK-Harmony-Native/rxsdk_openinstall/.test/default/intermediates/src/ohosTest/ets': {
      moduleName: 'rxsdk_wechat_test',
      modulePkgPath: '/Users/chenhan/Desktop/Git/RXSDK/RXSDK-Harmony-Native/rxsdk_openinstall',
      belongProjectPath: '/Users/chenhan/Desktop/Git/RXSDK/RXSDK-Harmony-Native'
    },
    '/Users/chenhan/Desktop/Git/RXSDK/RXSDK-Harmony-Native/rxsdk_openinstall/src/ohosTest': {
      moduleName: 'rxsdk_wechat_test',
      modulePkgPath: '/Users/chenhan/Desktop/Git/RXSDK/RXSDK-Harmony-Native/rxsdk_openinstall',
      belongProjectPath: '/Users/chenhan/Desktop/Git/RXSDK/RXSDK-Harmony-Native'
    },
    '/Users/chenhan/Desktop/Git/RXSDK/RXSDK-Harmony-Native/rxsdk_openinstall': {
      moduleName: 'rxsdk_openinstall',
      modulePkgPath: '/Users/chenhan/Desktop/Git/RXSDK/RXSDK-Harmony-Native/rxsdk_openinstall',
      belongProjectPath: '/Users/chenhan/Desktop/Git/RXSDK/RXSDK-Harmony-Native'
    },
    '/Users/chenhan/Desktop/Git/RXSDK/RXSDK-Harmony-Native': {
      moduleName: 'RXSDK-Harmony-Native',
      modulePkgPath: '/Users/chenhan/Desktop/Git/RXSDK/RXSDK-Harmony-Native',
      belongProjectPath: '/Users/chenhan/Desktop/Git/RXSDK/RXSDK-Harmony-Native'
    }
  },
  pkgJsonFileHash: '330b5fde145b552f704c32ef6b818dd66d7e6a1afced14fdd0b518779289f87a',
  allModulePaths: [
    '/Users/chenhan/Desktop/Git/RXSDK/RXSDK-Harmony-Native/entry',
    '/Users/chenhan/Desktop/Git/RXSDK/RXSDK-Harmony-Native/HmsSdk',
    '/Users/chenhan/Desktop/Git/RXSDK/RXSDK-Harmony-Native/rxsdk_wechat',
    '/Users/chenhan/Desktop/Git/RXSDK/RXSDK-Harmony-Native/rxsdk_openinstall'
  ],
  routerMap: {},
  obfuscationOptions: {
    selfConfig: {
      ruleOptions: [Object],
      consumerFiles: [Array],
      consumerRules: [Array]
    },
    sdkApis: [],
    obfuscationCacheDir: '/Users/chenhan/Desktop/Git/RXSDK/RXSDK-Harmony-Native/HmsSdk/build/default/cache/default/default@HarCompileArkTS/esmodule/release/obfuscation',
    exportRulePath: '/Users/chenhan/Desktop/Git/RXSDK/RXSDK-Harmony-Native/HmsSdk/build/default/intermediates/obfuscation/default/obfuscation.txt',
    dependencies: { libraries: [], hspLibraries: [], hars: [Array], hsps: [] }
  },
  byteCodeHarToDependencyKeys: undefined,
  compileBlockPkg: [ '@ohos/hypium', 'pako', '@tencent/wechat_open_sdk', '@types/pako' ],
  mockParams: {
    decorator: '@MockSetup',
    packageName: '@ohos/hamock',
    etsSourceRootPath: 'src/main/ets',
    mockConfigPath: undefined,
    mockConfigKey2ModuleInfo: {},
    source2ModuleIdMap: {}
  },
  copyCodeResourceEnable: true,
  copyCodeResourceExcludes: [],
  copyCodeResourceIncludes: undefined,
  uiTransformOptimization: true,
  sdkPath: '/Applications/DevEco-Studio.app/Contents/sdk',
  needPreloadSoFileSet: {},
  preloadSoFilePath: '/Users/chenhan/Desktop/Git/RXSDK/RXSDK-Harmony-Native/HmsSdk/build/default/intermediates/preload/default/preload.json',
  useSourceHash: false,
  localModuleParamMap: {},
  otherPaths: {
    '@tencent/wechat_open_sdk/*': [
      '../../../../oh_modules/.ohpm/@tencent+wechat_open_sdk@1.0.16/oh_modules/@tencent/wechat_open_sdk/src/main/*'
    ],
    'hmssdk/*': [ '../*', '../../../build/default/generated/profile/default/*' ]
  },
  collectImportersConfig: undefined,
  byteCodeHar: true,
  obfuscate: 'uglify',
  skipBuildEnd: false
}
[2026-08-17T11:25:08.736] [DEBUG] debug-file - There's no busy workers and idle workers need to be cleared.
[2026-08-17T11:25:08.734] [DEBUG] debug-file - Compile arkts with external api path: /Applications/DevEco-Studio.app/Contents/sdk/default/hms/ets
[2026-08-17T11:25:08.736] [DEBUG] debug-file - Task hmssdk:default@HarCompileArkTS's work:0 will not be executed in worker pool.
[2026-08-17T11:25:08.734] [DEBUG] debug-file - Since there is no instance or instance is terminated, create a new worker pool.
[2026-08-17T11:25:08.736] [DEBUG] debug-file - Worker dispatch failed, running ark compile on main thread.
[2026-08-17T11:25:08.734] [DEBUG] debug-file - Worker pool is initialized with config:  {
  minPoolNum: 2,
  maxPoolNum: undefined,
  maxCoreSize: undefined,
  cacheCapacity: undefined,
  cacheTtl: undefined
}
[2026-08-17T11:25:09.154] [DEBUG] debug-file - Current worker pool is terminated.
[2026-08-17T11:25:16.003] [WARN] debug-file - [33mWARN: [33m[33mArkTS:WARN File: /Users/chenhan/Desktop/Git/RXSDK/RXSDK-Harmony-Native/HmsSdk/src/main/ets/wx/WXApi.ets:58:61
 Argument of type 'string | undefined' is not assignable to parameter of type 'string'.
  Type 'undefined' is not assignable to type 'string'.
[39m[39m
[33mWARN: [33m[33mArkTS:WARN File: /Users/chenhan/Desktop/Git/RXSDK/RXSDK-Harmony-Native/HmsSdk/src/main/ets/wx/WXApi.ets:65:15
 Classes cannot be used as objects (arkts-no-classes-as-obj)
[39m[39m
[33mWARN: [33m[33mArkTS:WARN File: /Users/chenhan/Desktop/Git/RXSDK/RXSDK-Harmony-Native/HmsSdk/src/main/ets/nearby/common/FileUtils.ets:23:34
 "globalThis" is not supported (arkts-no-globalthis)
[39m[39m
[33mWARN: [33m[33mArkTS:WARN File: /Users/chenhan/Desktop/Git/RXSDK/RXSDK-Harmony-Native/HmsSdk/src/main/ets/nearby/common/FileUtils.ets:64:34
 "globalThis" is not supported (arkts-no-globalthis)
[39m[39m
[33mWARN: [33m[33mArkTS:WARN File: /Users/chenhan/Desktop/Git/RXSDK/RXSDK-Harmony-Native/HmsSdk/src/main/ets/nearby/common/FileUtils.ets:162:34
 "globalThis" is not supported (arkts-no-globalthis)
[39m[39m
[33mWARN: [33m[33mArkTS:WARN File: /Users/chenhan/Desktop/Git/RXSDK/RXSDK-Harmony-Native/HmsSdk/src/main/ets/sdk/RXApi.ets:339:21
 "globalThis" is not supported (arkts-no-globalthis)
[39m[39m
[33mWARN: [33m[33mArkTS:WARN File: /Users/chenhan/Desktop/Git/RXSDK/RXSDK-Harmony-Native/HmsSdk/src/main/ets/sdk/SDKManager.ets:40:7
 "globalThis" is not supported (arkts-no-globalthis)
[39m[39m
[33mWARN: [33m[33mArkTS:WARN File: /Users/chenhan/Desktop/Git/RXSDK/RXSDK-Harmony-Native/HmsSdk/src/main/ets/sdk/SDKManager.ets:55:5
 "globalThis" is not supported (arkts-no-globalthis)
[39m[39m
[33mWARN: [33m[33mArkTS:WARN File: /Users/chenhan/Desktop/Git/RXSDK/RXSDK-Harmony-Native/HmsSdk/src/main/ets/sdk/SDKManager.ets:64:5
 "globalThis" is not supported (arkts-no-globalthis)
[39m[39m
[33mWARN: [33m[33mArkTS:WARN File: /Users/chenhan/Desktop/Git/RXSDK/RXSDK-Harmony-Native/HmsSdk/src/main/ets/sdk/SDKManager.ets:74:12
 "globalThis" is not supported (arkts-no-globalthis)
[39m[39m
[33mWARN: [33m[33mArkTS:WARN File: /Users/chenhan/Desktop/Git/RXSDK/RXSDK-Harmony-Native/HmsSdk/src/main/ets/sdk/SDKManager.ets:131:36
 "globalThis" is not supported (arkts-no-globalthis)
[39m[39m
[33mWARN: [33m[33mArkTS:WARN File: /Users/chenhan/Desktop/Git/RXSDK/RXSDK-Harmony-Native/HmsSdk/src/main/ets/sdk/SDKManager.ets:191:57
 "globalThis" is not supported (arkts-no-globalthis)
[39m[39m
[33mWARN: [33m[33mArkTS:WARN File: /Users/chenhan/Desktop/Git/RXSDK/RXSDK-Harmony-Native/HmsSdk/src/main/ets/components/TestKeyboardView.ets:121:45
 'Function.bind' is not supported (arkts-no-func-bind)
[39m[39m
[33mWARN: [33m[33mArkTS:WARN File: /Users/chenhan/Desktop/Git/RXSDK/RXSDK-Harmony-Native/HmsSdk/src/main/ets/sdk/TuanjieBridge.ets:33:34
 "globalThis" is not supported (arkts-no-globalthis)
[39m[39m
[33mWARN: [33m[33mArkTS:WARN File: /Users/chenhan/Desktop/Git/RXSDK/RXSDK-Harmony-Native/HmsSdk/src/main/ets/workers/MessageHandler.ets:10:13
 Usage of 'ESObject' type is restricted (arkts-limited-esobj)
[39m[39m
[33mWARN: [33m[33mArkTS:WARN File: /Users/chenhan/Desktop/Git/RXSDK/RXSDK-Harmony-Native/HmsSdk/src/main/ets/workers/MessageHandler.ets:12:13
 Usage of 'ESObject' type is restricted (arkts-limited-esobj)
[39m[39m
[33mWARN: [33m[33mArkTS:WARN: For details about ArkTS syntax errors, see FAQs[39m[39m
[33mWARN: [33m[33mArkTS:WARN File: /Users/chenhan/Desktop/Git/RXSDK/RXSDK-Harmony-Native/HmsSdk/src/main/ets/utils/BufferUtil.ts:153:12
 Function may throw exceptions. Special handling is required.
[39m[39m
[33mWARN: [33m[33mArkTS:WARN File: /Users/chenhan/Desktop/Git/RXSDK/RXSDK-Harmony-Native/HmsSdk/src/main/ets/utils/CryptoUtil.ts:43:24
 Function may throw exceptions. Special handling is required.
[39m[39m
[33mWARN: [33m[33mArkTS:WARN File: /Users/chenhan/Desktop/Git/RXSDK/RXSDK-Harmony-Native/HmsSdk/src/main/ets/utils/CryptoUtil.ts:46:5
 Function may throw exceptions. Special handling is required.
[39m[39m
[33mWARN: [33m[33mArkTS:WARN File: /Users/chenhan/Desktop/Git/RXSDK/RXSDK-Harmony-Native/HmsSdk/src/main/ets/utils/CryptoUtil.ts:47:15
 Function may throw exceptions. Special handling is required.
[39m[39m
[33mWARN: [33m[33mArkTS:WARN File: /Users/chenhan/Desktop/Git/RXSDK/RXSDK-Harmony-Native/HmsSdk/src/main/ets/utils/CryptoUtil.ts:59:24
 Function may throw exceptions. Special handling is required.
[39m[39m
[33mWARN: [33m[33mArkTS:WARN File: /Users/chenhan/Desktop/Git/RXSDK/RXSDK-Harmony-Native/HmsSdk/src/main/ets/utils/CryptoUtil.ts:61:5
 Function may throw exceptions. Special handling is required.
[39m[39m
[33mWARN: [33m[33mArkTS:WARN File: /Users/chenhan/Desktop/Git/RXSDK/RXSDK-Harmony-Native/HmsSdk/src/main/ets/utils/CryptoUtil.ts:63:15
 Function may throw exceptions. Special handling is required.
[39m[39m
[33mWARN: [33m[33mArkTS:WARN File: /Users/chenhan/Desktop/Git/RXSDK/RXSDK-Harmony-Native/HmsSdk/src/main/ets/utils/CryptoUtil.ts:96:16
 Function may throw exceptions. Special handling is required.
[39m[39m
[33mWARN: [33m[33mArkTS:WARN File: /Users/chenhan/Desktop/Git/RXSDK/RXSDK-Harmony-Native/HmsSdk/src/main/ets/utils/CryptoUtil.ts:97:28
 Function may throw exceptions. Special handling is required.
[39m[39m
[33mWARN: [33m[33mArkTS:WARN File: /Users/chenhan/Desktop/Git/RXSDK/RXSDK-Harmony-Native/HmsSdk/src/main/ets/utils/CryptoUtil.ts:131:40
 Function may throw exceptions. Special handling is required.
[39m[39m
[33mWARN: [33m[33mArkTS:WARN File: /Users/chenhan/Desktop/Git/RXSDK/RXSDK-Harmony-Native/HmsSdk/src/main/ets/utils/CryptoUtil.ts:132:44
 Function may throw exceptions. Special handling is required.
[39m[39m
[33mWARN: [33m[33mArkTS:WARN File: /Users/chenhan/Desktop/Git/RXSDK/RXSDK-Harmony-Native/HmsSdk/src/main/ets/utils/CryptoUtil.ts:133:45
 Function may throw exceptions. Special handling is required.
[39m[39m
[33mWARN: [33m[33mArkTS:WARN File: /Users/chenhan/Desktop/Git/RXSDK/RXSDK-Harmony-Native/HmsSdk/src/main/ets/utils/CryptoUtil.ts:163:16
 Function may throw exceptions. Special handling is required.
[39m[39m
[33mWARN: [33m[33mArkTS:WARN File: /Users/chenhan/Desktop/Git/RXSDK/RXSDK-Harmony-Native/HmsSdk/src/main/ets/utils/CryptoUtil.ts:252:24
 Function may throw exceptions. Special handling is required.
[39m[39m
[33mWARN: [33m[33mArkTS:WARN File: /Users/chenhan/Desktop/Git/RXSDK/RXSDK-Harmony-Native/HmsSdk/src/main/ets/utils/CryptoUtil.ts:253:18
 Function may throw exceptions. Special handling is required.
[39m[39m
[33mWARN: [33m[33mArkTS:WARN File: /Users/chenhan/Desktop/Git/RXSDK/RXSDK-Harmony-Native/HmsSdk/src/main/ets/utils/CryptoUtil.ts:261:15
 Function may throw exceptions. Special handling is required.
[39m[39m
[33mWARN: [33m[33mArkTS:WARN File: /Users/chenhan/Desktop/Git/RXSDK/RXSDK-Harmony-Native/HmsSdk/src/main/ets/utils/CryptoUtil.ts:262:5
 Function may throw exceptions. Special handling is required.
[39m[39m
[33mWARN: [33m[33mArkTS:WARN File: /Users/chenhan/Desktop/Git/RXSDK/RXSDK-Harmony-Native/HmsSdk/src/main/ets/utils/CryptoUtil.ts:263:5
 Function may throw exceptions. Special handling is required.
[39m[39m
[33mWARN: [33m[33mArkTS:WARN File: /Users/chenhan/Desktop/Git/RXSDK/RXSDK-Harmony-Native/HmsSdk/src/main/ets/utils/CryptoUtil.ts:264:21
 Function may throw exceptions. Special handling is required.
[39m[39m
[33mWARN: [33m[33mArkTS:WARN File: /Users/chenhan/Desktop/Git/RXSDK/RXSDK-Harmony-Native/HmsSdk/src/main/ets/utils/CryptoUtil.ts:289:16
 Function may throw exceptions. Special handling is required.
[39m[39m
[33mWARN: [33m[33mArkTS:WARN File: /Users/chenhan/Desktop/Git/RXSDK/RXSDK-Harmony-Native/HmsSdk/src/main/ets/utils/Devices.ts:133:5
 Function may throw exceptions. Special handling is required.
[39m[39m
[33mWARN: [33m[33mArkTS:WARN File: /Users/chenhan/Desktop/Git/RXSDK/RXSDK-Harmony-Native/HmsSdk/src/main/ets/utils/Devices.ts:134:5
 Function may throw exceptions. Special handling is required.
[39m[39m
[33mWARN: [33m[33mArkTS:WARN File: /Users/chenhan/Desktop/Git/RXSDK/RXSDK-Harmony-Native/HmsSdk/src/main/ets/utils/Devices.ts:178:79
 To use this API, you need to apply for the permissions: ohos.permission.READ_PASTEBOARD
[39m[39m
[33mWARN: [33m[33mArkTS:WARN File: /Users/chenhan/Desktop/Git/RXSDK/RXSDK-Harmony-Native/HmsSdk/src/main/ets/utils/Devices.ts:191:5
 Function may throw exceptions. Special handling is required.
[39m[39m
[33mWARN: [33m[33mArkTS:WARN File: /Users/chenhan/Desktop/Git/RXSDK/RXSDK-Harmony-Native/HmsSdk/src/main/ets/utils/Devices.ts:197:26
 Function may throw exceptions. Special handling is required.
[39m[39m
[33mWARN: [33m[33mArkTS:WARN File: /Users/chenhan/Desktop/Git/RXSDK/RXSDK-Harmony-Native/HmsSdk/src/main/ets/utils/Devices.ts:205:5
 Function may throw exceptions. Special handling is required.
[39m[39m
[33mWARN: [33m[33mArkTS:WARN File: /Users/chenhan/Desktop/Git/RXSDK/RXSDK-Harmony-Native/HmsSdk/src/main/ets/utils/Devices.ts:206:5
 Function may throw exceptions. Special handling is required.
[39m[39m
[33mWARN: [33m[33mArkTS:WARN File: /Users/chenhan/Desktop/Git/RXSDK/RXSDK-Harmony-Native/HmsSdk/src/main/ets/utils/Devices.ts:211:27
 Function may throw exceptions. Special handling is required.
[39m[39m
[33mWARN: [33m[33mArkTS:WARN File: /Users/chenhan/Desktop/Git/RXSDK/RXSDK-Harmony-Native/HmsSdk/src/main/ets/utils/Devices.ts:214:5
 Function may throw exceptions. Special handling is required.
[39m[39m
[33mWARN: [33m[33mArkTS:WARN File: /Users/chenhan/Desktop/Git/RXSDK/RXSDK-Harmony-Native/HmsSdk/src/main/ets/utils/Devices.ts:215:5
 Function may throw exceptions. Special handling is required.
[39m[39m
[33mWARN: [33m[33mArkTS:WARN File: /Users/chenhan/Desktop/Git/RXSDK/RXSDK-Harmony-Native/HmsSdk/src/main/ets/utils/Devices.ts:221:29
 Function may throw exceptions. Special handling is required.
[39m[39m
[33mWARN: [33m[33mArkTS:WARN File: /Users/chenhan/Desktop/Git/RXSDK/RXSDK-Harmony-Native/HmsSdk/src/main/ets/utils/Devices.ts:223:17
 Function may throw exceptions. Special handling is required.
[39m[39m
[33mWARN: [33m[33mArkTS:WARN File: /Users/chenhan/Desktop/Git/RXSDK/RXSDK-Harmony-Native/HmsSdk/src/main/ets/utils/Devices.ts:238:58
 'getSystemLocale' has been deprecated.
[39m[39m
[33mWARN: [33m[33mArkTS:WARN File: /Users/chenhan/Desktop/Git/RXSDK/RXSDK-Harmony-Native/HmsSdk/src/main/ets/utils/Devices.ts:246:24
 'getSystemLocale' has been deprecated.
[39m[39m
[33mWARN: [33m[33mArkTS:WARN File: /Users/chenhan/Desktop/Git/RXSDK/RXSDK-Harmony-Native/HmsSdk/src/main/ets/utils/Devices.ts:392:14
 Function may throw exceptions. Special handling is required.
[39m[39m
[33mWARN: [33m[33mArkTS:WARN File: /Users/chenhan/Desktop/Git/RXSDK/RXSDK-Harmony-Native/HmsSdk/src/main/ets/utils/Devices.ts:405:5
 Function may throw exceptions. Special handling is required.
[39m[39m
[33mWARN: [33m[33mArkTS:WARN File: /Users/chenhan/Desktop/Git/RXSDK/RXSDK-Harmony-Native/HmsSdk/src/main/ets/utils/Devices.ts:406:5
 Function may throw exceptions. Special handling is required.
[39m[39m
[33mWARN: [33m[33mArkTS:WARN File: /Users/chenhan/Desktop/Git/RXSDK/RXSDK-Harmony-Native/HmsSdk/src/main/ets/utils/Devices.ts:415:7
 Function may throw exceptions. Special handling is required.
[39m[39m
[33mWARN: [33m[33mArkTS:WARN File: /Users/chenhan/Desktop/Git/RXSDK/RXSDK-Harmony-Native/HmsSdk/src/main/ets/utils/Devices.ts:416:7
 Function may throw exceptions. Special handling is required.
[39m[39m
[33mWARN: [33m[33mArkTS:WARN File: /Users/chenhan/Desktop/Git/RXSDK/RXSDK-Harmony-Native/HmsSdk/src/main/ets/utils/RXUtil.ts:7:4
 The system capacity of this api 'gamePlayer' is not supported on all devices
[39m[39m
[33mWARN: [33m[33mArkTS:WARN File: /Users/chenhan/Desktop/Git/RXSDK/RXSDK-Harmony-Native/HmsSdk/src/main/ets/utils/RXUtil.ts:7:15
 The system capacity of this api 'GameErrorCode' is not supported on all devices
[39m[39m
[33mWARN: [33m[33mArkTS:WARN File: /Users/chenhan/Desktop/Git/RXSDK/RXSDK-Harmony-Native/HmsSdk/src/main/ets/utils/RXUtil.ts:7:29
 The system capacity of this api 'UNION_LOGIN_CANCELED' is not supported on all devices
[39m[39m
[33mWARN: [33m[33mArkTS:WARN File: /Users/chenhan/Desktop/Git/RXSDK/RXSDK-Harmony-Native/HmsSdk/src/main/ets/utils/JWTUtil.ts:18:24
 'decodeWithStream' has been deprecated.
[39m[39m
[33mWARN: [33m[33mArkTS:WARN File: /Users/chenhan/Desktop/Git/RXSDK/RXSDK-Harmony-Native/HmsSdk/src/main/ets/sdk/SDKHandler.ts:74:30
 The API is not supported on all devices. Use the canIUse condition to determine whether the API is supported.
[39m[39m
[33mWARN: [33m[33mArkTS:WARN File: /Users/chenhan/Desktop/Git/RXSDK/RXSDK-Harmony-Native/HmsSdk/src/main/ets/sdk/SDKHandler.ts:74:45
 The API is not supported on all devices. Use the canIUse condition to determine whether the API is supported.
[39m[39m
[33mWARN: [33m[33mArkTS:WARN File: /Users/chenhan/Desktop/Git/RXSDK/RXSDK-Harmony-Native/HmsSdk/src/main/ets/sdk/SDKHandler.ts:74:64
 The API is not supported on all devices. Use the canIUse condition to determine whether the API is supported.
[39m[39m
[33mWARN: [33m[33mArkTS:WARN File: /Users/chenhan/Desktop/Git/RXSDK/RXSDK-Harmony-Native/HmsSdk/src/main/ets/sdk/SDKHandler.ts:76:20
 The API is not supported on all devices. Use the canIUse condition to determine whether the API is supported.
[39m[39m
[33mWARN: [33m[33mArkTS:WARN File: /Users/chenhan/Desktop/Git/RXSDK/RXSDK-Harmony-Native/HmsSdk/src/main/ets/sdk/SDKHandler.ts:77:20
 The API is not supported on all devices. Use the canIUse condition to determine whether the API is supported.
[39m[39m
[33mWARN: [33m[33mArkTS:WARN File: /Users/chenhan/Desktop/Git/RXSDK/RXSDK-Harmony-Native/HmsSdk/src/main/ets/sdk/SDKHandler.ts:78:20
 The API is not supported on all devices. Use the canIUse condition to determine whether the API is supported.
[39m[39m
[33mWARN: [33m[33mArkTS:WARN File: /Users/chenhan/Desktop/Git/RXSDK/RXSDK-Harmony-Native/HmsSdk/src/main/ets/sdk/SDKHandler.ts:78:43
 The API is not supported on all devices. Use the canIUse condition to determine whether the API is supported.
[39m[39m
[33mWARN: [33m[33mArkTS:WARN File: /Users/chenhan/Desktop/Git/RXSDK/RXSDK-Harmony-Native/HmsSdk/src/main/ets/sdk/SDKHandler.ts:78:58
 The API is not supported on all devices. Use the canIUse condition to determine whether the API is supported.
[39m[39m
[33mWARN: [33m[33mArkTS:WARN File: /Users/chenhan/Desktop/Git/RXSDK/RXSDK-Harmony-Native/HmsSdk/src/main/ets/sdk/SDKHandler.ts:78:79
 The API is not supported on all devices. Use the canIUse condition to determine whether the API is supported.
[39m[39m
[33mWARN: [33m[33mArkTS:WARN File: /Users/chenhan/Desktop/Git/RXSDK/RXSDK-Harmony-Native/HmsSdk/src/main/ets/sdk/SDKHandler.ts:79:28
 The API is not supported on all devices. Use the canIUse condition to determine whether the API is supported.
[39m[39m
[33mWARN: [33m[33mArkTS:WARN File: /Users/chenhan/Desktop/Git/RXSDK/RXSDK-Harmony-Native/HmsSdk/src/main/ets/sdk/SDKHandler.ts:79:43
 The API is not supported on all devices. Use the canIUse condition to determine whether the API is supported.
[39m[39m
[33mWARN: [33m[33mArkTS:WARN File: /Users/chenhan/Desktop/Git/RXSDK/RXSDK-Harmony-Native/HmsSdk/src/main/ets/sdk/SDKHandler.ts:80:98
 The API is not supported on all devices. Use the canIUse condition to determine whether the API is supported.
[39m[39m
[33mWARN: [33m[33mArkTS:WARN File: /Users/chenhan/Desktop/Git/RXSDK/RXSDK-Harmony-Native/HmsSdk/src/main/ets/sdk/SDKHandler.ts:81:45
 The API is not supported on all devices. Use the canIUse condition to determine whether the API is supported.
[39m[39m
[33mWARN: [33m[33mArkTS:WARN File: /Users/chenhan/Desktop/Git/RXSDK/RXSDK-Harmony-Native/HmsSdk/src/main/ets/sdk/SDKHandler.ts:82:24
 The API is not supported on all devices. Use the canIUse condition to determine whether the API is supported.
[39m[39m
[33mWARN: [33m[33mArkTS:WARN File: /Users/chenhan/Desktop/Git/RXSDK/RXSDK-Harmony-Native/HmsSdk/src/main/ets/sdk/SDKHandler.ts:87:58
 The API is not supported on all devices. Use the canIUse condition to determine whether the API is supported.
[39m[39m
[33mWARN: [33m[33mArkTS:WARN File: /Users/chenhan/Desktop/Git/RXSDK/RXSDK-Harmony-Native/HmsSdk/src/main/ets/sdk/SDKHandler.ts:106:29
 The API is not supported on all devices. Use the canIUse condition to determine whether the API is supported.
[39m[39m
[33mWARN: [33m[33mArkTS:WARN File: /Users/chenhan/Desktop/Git/RXSDK/RXSDK-Harmony-Native/HmsSdk/src/main/ets/sdk/SDKHandler.ts:106:44
 The API is not supported on all devices. Use the canIUse condition to determine whether the API is supported.
[39m[39m
[33mWARN: [33m[33mArkTS:WARN File: /Users/chenhan/Desktop/Git/RXSDK/RXSDK-Harmony-Native/HmsSdk/src/main/ets/sdk/SDKHandler.ts:106:63
 The API is not supported on all devices. Use the canIUse condition to determine whether the API is supported.
[39m[39m
[33mWARN: [33m[33mArkTS:WARN File: /Users/chenhan/Desktop/Git/RXSDK/RXSDK-Harmony-Native/HmsSdk/src/main/ets/sdk/SDKHandler.ts:107:19
 The API is not supported on all devices. Use the canIUse condition to determine whether the API is supported.
[39m[39m
[33mWARN: [33m[33mArkTS:WARN File: /Users/chenhan/Desktop/Git/RXSDK/RXSDK-Harmony-Native/HmsSdk/src/main/ets/sdk/SDKHandler.ts:108:19
 The API is not supported on all devices. Use the canIUse condition to determine whether the API is supported.
[39m[39m
[33mWARN: [33m[33mArkTS:WARN File: /Users/chenhan/Desktop/Git/RXSDK/RXSDK-Harmony-Native/HmsSdk/src/main/ets/sdk/SDKHandler.ts:109:19
 The API is not supported on all devices. Use the canIUse condition to determine whether the API is supported.
[39m[39m
[33mWARN: [33m[33mArkTS:WARN File: /Users/chenhan/Desktop/Git/RXSDK/RXSDK-Harmony-Native/HmsSdk/src/main/ets/sdk/SDKHandler.ts:110:19
 The API is not supported on all devices. Use the canIUse condition to determine whether the API is supported.
[39m[39m
[33mWARN: [33m[33mArkTS:WARN File: /Users/chenhan/Desktop/Git/RXSDK/RXSDK-Harmony-Native/HmsSdk/src/main/ets/sdk/SDKHandler.ts:111:28
 The API is not supported on all devices. Use the canIUse condition to determine whether the API is supported.
[39m[39m
[33mWARN: [33m[33mArkTS:WARN File: /Users/chenhan/Desktop/Git/RXSDK/RXSDK-Harmony-Native/HmsSdk/src/main/ets/sdk/SDKHandler.ts:111:43
 The API is not supported on all devices. Use the canIUse condition to determine whether the API is supported.
[39m[39m
[33mWARN: [33m[33mArkTS:WARN File: /Users/chenhan/Desktop/Git/RXSDK/RXSDK-Harmony-Native/HmsSdk/src/main/ets/sdk/SDKHandler.ts:112:114
 The API is not supported on all devices. Use the canIUse condition to determine whether the API is supported.
[39m[39m
[33mWARN: [33m[33mArkTS:WARN File: /Users/chenhan/Desktop/Git/RXSDK/RXSDK-Harmony-Native/HmsSdk/src/main/ets/sdk/SDKHandler.ts:113:45
 The API is not supported on all devices. Use the canIUse condition to determine whether the API is supported.
[39m[39m
[33mWARN: [33m[33mArkTS:WARN File: /Users/chenhan/Desktop/Git/RXSDK/RXSDK-Harmony-Native/HmsSdk/src/main/ets/sdk/SDKHandler.ts:113:67
 The API is not supported on all devices. Use the canIUse condition to determine whether the API is supported.
[39m[39m
[33mWARN: [33m[33mArkTS:WARN File: /Users/chenhan/Desktop/Git/RXSDK/RXSDK-Harmony-Native/HmsSdk/src/main/ets/sdk/SDKHandler.ts:116:57
 The API is not supported on all devices. Use the canIUse condition to determine whether the API is supported.
[39m[39m
[33mWARN: [33m[33mArkTS:WARN File: /Users/chenhan/Desktop/Git/RXSDK/RXSDK-Harmony-Native/HmsSdk/src/main/ets/sdk/SDKHandler.ts:133:31
 The API is not supported on all devices. Use the canIUse condition to determine whether the API is supported.
[39m[39m
[33mWARN: [33m[33mArkTS:WARN File: /Users/chenhan/Desktop/Git/RXSDK/RXSDK-Harmony-Native/HmsSdk/src/main/ets/sdk/SDKHandler.ts:133:46
 The API is not supported on all devices. Use the canIUse condition to determine whether the API is supported.
[39m[39m
[33mWARN: [33m[33mArkTS:WARN File: /Users/chenhan/Desktop/Git/RXSDK/RXSDK-Harmony-Native/HmsSdk/src/main/ets/sdk/SDKHandler.ts:133:65
 The API is not supported on all devices. Use the canIUse condition to determine whether the API is supported.
[39m[39m
[33mWARN: [33m[33mArkTS:WARN File: /Users/chenhan/Desktop/Git/RXSDK/RXSDK-Harmony-Native/HmsSdk/src/main/ets/sdk/SDKHandler.ts:134:21
 The API is not supported on all devices. Use the canIUse condition to determine whether the API is supported.
[39m[39m
[33mWARN: [33m[33mArkTS:WARN File: /Users/chenhan/Desktop/Git/RXSDK/RXSDK-Harmony-Native/HmsSdk/src/main/ets/sdk/SDKHandler.ts:135:28
 The API is not supported on all devices. Use the canIUse condition to determine whether the API is supported.
[39m[39m
[33mWARN: [33m[33mArkTS:WARN File: /Users/chenhan/Desktop/Git/RXSDK/RXSDK-Harmony-Native/HmsSdk/src/main/ets/sdk/SDKHandler.ts:135:43
 The API is not supported on all devices. Use the canIUse condition to determine whether the API is supported.
[39m[39m
[33mWARN: [33m[33mArkTS:WARN File: /Users/chenhan/Desktop/Git/RXSDK/RXSDK-Harmony-Native/HmsSdk/src/main/ets/sdk/SDKHandler.ts:136:35
 The API is not supported on all devices. Use the canIUse condition to determine whether the API is supported.
[39m[39m
[33mWARN: [33m[33mArkTS:WARN File: /Users/chenhan/Desktop/Git/RXSDK/RXSDK-Harmony-Native/HmsSdk/src/main/ets/sdk/SDKHandler.ts:138:47
 The API is not supported on all devices. Use the canIUse condition to determine whether the API is supported.
[39m[39m
[33mWARN: [33m[33mArkTS:WARN File: /Users/chenhan/Desktop/Git/RXSDK/RXSDK-Harmony-Native/HmsSdk/src/main/ets/sdk/SDKHandler.ts:139:47
 The API is not supported on all devices. Use the canIUse condition to determine whether the API is supported.
[39m[39m
[33mWARN: [33m[33mArkTS:WARN File: /Users/chenhan/Desktop/Git/RXSDK/RXSDK-Harmony-Native/HmsSdk/src/main/ets/sdk/SDKHandler.ts:231:55
 The API is not supported on all devices. Use the canIUse condition to determine whether the API is supported.
[39m[39m
[33mWARN: [33m[33mArkTS:WARN File: /Users/chenhan/Desktop/Git/RXSDK/RXSDK-Harmony-Native/HmsSdk/src/main/ets/sdk/SDKHandler.ts:231:66
 The API is not supported on all devices. Use the canIUse condition to determine whether the API is supported.
[39m[39m
[33mWARN: [33m[33mArkTS:WARN File: /Users/chenhan/Desktop/Git/RXSDK/RXSDK-Harmony-Native/HmsSdk/src/main/ets/sdk/SDKHandler.ts:232:32
 The API is not supported on all devices. Use the canIUse condition to determine whether the API is supported.
[39m[39m
[33mWARN: [33m[33mArkTS:WARN File: /Users/chenhan/Desktop/Git/RXSDK/RXSDK-Harmony-Native/HmsSdk/src/main/ets/sdk/SDKHandler.ts:233:41
 The API is not supported on all devices. Use the canIUse condition to determine whether the API is supported.
[39m[39m
[33mWARN: [33m[33mArkTS:WARN File: /Users/chenhan/Desktop/Git/RXSDK/RXSDK-Harmony-Native/HmsSdk/src/main/ets/sdk/SDKHandler.ts:234:59
 The API is not supported on all devices. Use the canIUse condition to determine whether the API is supported.
[39m[39m
[33mWARN: [33m[33mArkTS:WARN File: /Users/chenhan/Desktop/Git/RXSDK/RXSDK-Harmony-Native/HmsSdk/src/main/ets/sdk/SDKHandler.ts:240:21
 The API is not supported on all devices. Use the canIUse condition to determine whether the API is supported.
[39m[39m
[33mWARN: [33m[33mArkTS:WARN File: /Users/chenhan/Desktop/Git/RXSDK/RXSDK-Harmony-Native/HmsSdk/src/main/ets/sdk/SDKHandler.ts:240:38
 The API is not supported on all devices. Use the canIUse condition to determine whether the API is supported.
[39m[39m
[33mWARN: [33m[33mArkTS:WARN File: /Users/chenhan/Desktop/Git/RXSDK/RXSDK-Harmony-Native/HmsSdk/src/main/ets/sdk/SDKHandler.ts:240:61
 The API is not supported on all devices. Use the canIUse condition to determine whether the API is supported.
[39m[39m
[33mWARN: [33m[33mArkTS:WARN File: /Users/chenhan/Desktop/Git/RXSDK/RXSDK-Harmony-Native/HmsSdk/src/main/ets/sdk/SDKHandler.ts:240:78
 The API is not supported on all devices. Use the canIUse condition to determine whether the API is supported.
[39m[39m
[33mWARN: [33m[33mArkTS:WARN File: /Users/chenhan/Desktop/Git/RXSDK/RXSDK-Harmony-Native/HmsSdk/src/main/ets/sdk/SDKHandler.ts:261:60
 The API is not supported on all devices. Use the canIUse condition to determine whether the API is supported.
[39m[39m
[33mWARN: [33m[33mArkTS:WARN File: /Users/chenhan/Desktop/Git/RXSDK/RXSDK-Harmony-Native/HmsSdk/src/main/ets/sdk/SDKHandler.ts:261:77
 The API is not supported on all devices. Use the canIUse condition to determine whether the API is supported.
[39m[39m
[33mWARN: [33m[33mArkTS:WARN File: /Users/chenhan/Desktop/Git/RXSDK/RXSDK-Harmony-Native/HmsSdk/src/main/ets/sdk/SDKHandler.ts:261:140
 The API is not supported on all devices. Use the canIUse condition to determine whether the API is supported.
[39m[39m
[33mWARN: [33m[33mArkTS:WARN File: /Users/chenhan/Desktop/Git/RXSDK/RXSDK-Harmony-Native/HmsSdk/src/main/ets/sdk/SDKHandler.ts:261:152
 The API is not supported on all devices. Use the canIUse condition to determine whether the API is supported.
[39m[39m
[33mWARN: [33m[33mArkTS:WARN File: /Users/chenhan/Desktop/Git/RXSDK/RXSDK-Harmony-Native/HmsSdk/src/main/ets/sdk/SDKHandler.ts:286:13
 The API is not supported on all devices. Use the canIUse condition to determine whether the API is supported.
[39m[39m
[33mWARN: [33m[33mArkTS:WARN File: /Users/chenhan/Desktop/Git/RXSDK/RXSDK-Harmony-Native/HmsSdk/src/main/ets/sdk/SDKHandler.ts:286:17
 The API is not supported on all devices. Use the canIUse condition to determine whether the API is supported.
[39m[39m
[33mWARN: [33m[33mArkTS:WARN File: /Users/chenhan/Desktop/Git/RXSDK/RXSDK-Harmony-Native/HmsSdk/src/main/ets/sdk/SDKHandler.ts:308:7
 The API is not supported on all devices. Use the canIUse condition to determine whether the API is supported.
[39m[39m
[33mWARN: [33m[33mArkTS:WARN File: /Users/chenhan/Desktop/Git/RXSDK/RXSDK-Harmony-Native/HmsSdk/src/main/ets/sdk/SDKHandler.ts:308:11
 The API is not supported on all devices. Use the canIUse condition to determine whether the API is supported.
[39m[39m
[33mWARN: [33m[33mArkTS:WARN File: /Users/chenhan/Desktop/Git/RXSDK/RXSDK-Harmony-Native/HmsSdk/src/main/ets/sdk/SDKHandler.ts:320:62
 The API is not supported on all devices. Use the canIUse condition to determine whether the API is supported.
[39m[39m
[33mWARN: [33m[33mArkTS:WARN File: /Users/chenhan/Desktop/Git/RXSDK/RXSDK-Harmony-Native/HmsSdk/src/main/ets/sdk/SDKHandler.ts:320:66
 The API is not supported on all devices. Use the canIUse condition to determine whether the API is supported.
[39m[39m
[33mWARN: [33m[33mArkTS:WARN File: /Users/chenhan/Desktop/Git/RXSDK/RXSDK-Harmony-Native/HmsSdk/src/main/ets/sdk/SDKHandler.ts:321:54
 The API is not supported on all devices. Use the canIUse condition to determine whether the API is supported.
[39m[39m
[33mWARN: [33m[33mArkTS:WARN File: /Users/chenhan/Desktop/Git/RXSDK/RXSDK-Harmony-Native/HmsSdk/src/main/ets/sdk/SDKHandler.ts:335:24
 The API is not supported on all devices. Use the canIUse condition to determine whether the API is supported.
[39m[39m
[33mWARN: [33m[33mArkTS:WARN File: /Users/chenhan/Desktop/Git/RXSDK/RXSDK-Harmony-Native/HmsSdk/src/main/ets/sdk/SDKHandler.ts:335:28
 The API is not supported on all devices. Use the canIUse condition to determine whether the API is supported.
[39m[39m
[33mWARN: [33m[33mArkTS:WARN File: /Users/chenhan/Desktop/Git/RXSDK/RXSDK-Harmony-Native/HmsSdk/src/main/ets/sdk/SDKHandler.ts:335:41
 The API is not supported on all devices. Use the canIUse condition to determine whether the API is supported.
[39m[39m
[33mWARN: [33m[33mArkTS:WARN File: /Users/chenhan/Desktop/Git/RXSDK/RXSDK-Harmony-Native/HmsSdk/src/main/ets/sdk/SDKHandler.ts:335:71
 The API is not supported on all devices. Use the canIUse condition to determine whether the API is supported.
[39m[39m
[33mWARN: [33m[33mArkTS:WARN File: /Users/chenhan/Desktop/Git/RXSDK/RXSDK-Harmony-Native/HmsSdk/src/main/ets/sdk/SDKHandler.ts:335:75
 The API is not supported on all devices. Use the canIUse condition to determine whether the API is supported.
[39m[39m
[33mWARN: [33m[33mArkTS:WARN File: /Users/chenhan/Desktop/Git/RXSDK/RXSDK-Harmony-Native/HmsSdk/src/main/ets/sdk/SDKHandler.ts:335:88
 The API is not supported on all devices. Use the canIUse condition to determine whether the API is supported.
[39m[39m
[33mWARN: [33m[33mArkTS:WARN File: /Users/chenhan/Desktop/Git/RXSDK/RXSDK-Harmony-Native/HmsSdk/src/main/ets/sdk/SDKHandler.ts:370:7
 The API is not supported on all devices. Use the canIUse condition to determine whether the API is supported.
[39m[39m
[33mWARN: [33m[33mArkTS:WARN File: /Users/chenhan/Desktop/Git/RXSDK/RXSDK-Harmony-Native/HmsSdk/src/main/ets/sdk/SDKHandler.ts:370:11
 The API is not supported on all devices. Use the canIUse condition to determine whether the API is supported.
[39m[39m
[33mWARN: [33m[33mArkTS:WARN File: /Users/chenhan/Desktop/Git/RXSDK/RXSDK-Harmony-Native/HmsSdk/src/main/ets/sdk/SDKHandler.ts:394:13
 The API is not supported on all devices. Use the canIUse condition to determine whether the API is supported.
[39m[39m
[33mWARN: [33m[33mArkTS:WARN File: /Users/chenhan/Desktop/Git/RXSDK/RXSDK-Harmony-Native/HmsSdk/src/main/ets/sdk/SDKHandler.ts:394:17
 The API is not supported on all devices. Use the canIUse condition to determine whether the API is supported.
[39m[39m
[33mWARN: [33m[33mArkTS:WARN File: /Users/chenhan/Desktop/Git/RXSDK/RXSDK-Harmony-Native/HmsSdk/src/main/ets/sdk/SDKHandler.ts:395:50
 The API is not supported on all devices. Use the canIUse condition to determine whether the API is supported.
[39m[39m
[33mWARN: [33m[33mArkTS:WARN File: /Users/chenhan/Desktop/Git/RXSDK/RXSDK-Harmony-Native/HmsSdk/src/main/ets/sdk/SDKHandler.ts:395:54
 The API is not supported on all devices. Use the canIUse condition to determine whether the API is supported.
[39m[39m
[33mWARN: [33m[33mArkTS:WARN File: /Users/chenhan/Desktop/Git/RXSDK/RXSDK-Harmony-Native/HmsSdk/src/main/ets/sdk/SDKHandler.ts:396:36
 The API is not supported on all devices. Use the canIUse condition to determine whether the API is supported.
[39m[39m
[33mWARN: [33m[33mArkTS:WARN File: /Users/chenhan/Desktop/Git/RXSDK/RXSDK-Harmony-Native/HmsSdk/src/main/ets/sdk/SDKHandler.ts:450:13
 The API is not supported on all devices. Use the canIUse condition to determine whether the API is supported.
[39m[39m
[33mWARN: [33m[33mArkTS:WARN File: /Users/chenhan/Desktop/Git/RXSDK/RXSDK-Harmony-Native/HmsSdk/src/main/ets/sdk/SDKHandler.ts:450:24
 The API is not supported on all devices. Use the canIUse condition to determine whether the API is supported.
[39m[39m
[33mWARN: [33m[33mArkTS:WARN File: /Users/chenhan/Desktop/Git/RXSDK/RXSDK-Harmony-Native/HmsSdk/src/main/ets/sdk/SDKHandler.ts:452:7
 The API is not supported on all devices. Use the canIUse condition to determine whether the API is supported.
[39m[39m
[33mWARN: [33m[33mArkTS:WARN File: /Users/chenhan/Desktop/Git/RXSDK/RXSDK-Harmony-Native/HmsSdk/src/main/ets/sdk/SDKHandler.ts:452:18
 The API is not supported on all devices. Use the canIUse condition to determine whether the API is supported.
[39m[39m
[33mWARN: [33m[33mArkTS:WARN File: /Users/chenhan/Desktop/Git/RXSDK/RXSDK-Harmony-Native/HmsSdk/src/main/ets/sdk/SDKHandler.ts:464:16
 The API is not supported on all devices. Use the canIUse condition to determine whether the API is supported.
[39m[39m
[33mWARN: [33m[33mArkTS:WARN File: /Users/chenhan/Desktop/Git/RXSDK/RXSDK-Harmony-Native/HmsSdk/src/main/ets/sdk/SDKHandler.ts:464:26
 The API is not supported on all devices. Use the canIUse condition to determine whether the API is supported.
[39m[39m
[33mWARN: [33m[33mArkTS:WARN File: /Users/chenhan/Desktop/Git/RXSDK/RXSDK-Harmony-Native/HmsSdk/src/main/ets/sdk/SDKHandler.ts:464:37
 The API is not supported on all devices. Use the canIUse condition to determine whether the API is supported.
[39m[39m
[33mWARN: [33m[33mArkTS:WARN File: /Users/chenhan/Desktop/Git/RXSDK/RXSDK-Harmony-Native/HmsSdk/src/main/ets/sdk/SDKHandler.ts:464:56
 The API is not supported on all devices. Use the canIUse condition to determine whether the API is supported.
[39m[39m
[33mWARN: [33m[33mArkTS:WARN File: /Users/chenhan/Desktop/Git/RXSDK/RXSDK-Harmony-Native/HmsSdk/src/main/ets/sdk/SDKHandler.ts:466:60
 The API is not supported on all devices. Use the canIUse condition to determine whether the API is supported.
[39m[39m
[33mWARN: [33m[33mArkTS:WARN File: /Users/chenhan/Desktop/Git/RXSDK/RXSDK-Harmony-Native/HmsSdk/src/main/ets/sdk/SDKHandler.ts:477:13
 The API is not supported on all devices. Use the canIUse condition to determine whether the API is supported.
[39m[39m
[33mWARN: [33m[33mArkTS:WARN File: /Users/chenhan/Desktop/Git/RXSDK/RXSDK-Harmony-Native/HmsSdk/src/main/ets/sdk/SDKHandler.ts:477:24
 The API is not supported on all devices. Use the canIUse condition to determine whether the API is supported.
[39m[39m
[33mWARN: [33m[33mArkTS:WARN File: /Users/chenhan/Desktop/Git/RXSDK/RXSDK-Harmony-Native/HmsSdk/src/main/ets/sdk/SDKHandler.ts:480:17
 The API is not supported on all devices. Use the canIUse condition to determine whether the API is supported.
[39m[39m
[33mWARN: [33m[33mArkTS:WARN File: /Users/chenhan/Desktop/Git/RXSDK/RXSDK-Harmony-Native/HmsSdk/src/main/ets/sdk/SDKHandler.ts:481:17
 The API is not supported on all devices. Use the canIUse condition to determine whether the API is supported.
[39m[39m
[33mWARN: [33m[33mArkTS:WARN File: /Users/chenhan/Desktop/Git/RXSDK/RXSDK-Harmony-Native/HmsSdk/src/main/ets/sdk/SDKHandler.ts:482:15
 The API is not supported on all devices. Use the canIUse condition to determine whether the API is supported.
[39m[39m
[33mWARN: [33m[33mArkTS:WARN File: /Users/chenhan/Desktop/Git/RXSDK/RXSDK-Harmony-Native/HmsSdk/src/main/ets/sdk/SDKHandler.ts:482:26
 The API is not supported on all devices. Use the canIUse condition to determine whether the API is supported.
[39m[39m
[33mWARN: [33m[33mArkTS:WARN File: /Users/chenhan/Desktop/Git/RXSDK/RXSDK-Harmony-Native/HmsSdk/src/main/ets/sdk/SDKHandler.ts:498:13
 The API is not supported on all devices. Use the canIUse condition to determine whether the API is supported.
[39m[39m
[33mWARN: [33m[33mArkTS:WARN File: /Users/chenhan/Desktop/Git/RXSDK/RXSDK-Harmony-Native/HmsSdk/src/main/ets/sdk/SDKHandler.ts:498:24
 The API is not supported on all devices. Use the canIUse condition to determine whether the API is supported.
[39m[39m
[33mWARN: [33m[33mArkTS:WARN File: /Users/chenhan/Desktop/Git/RXSDK/RXSDK-Harmony-Native/HmsSdk/src/main/ets/sdk/SDKHandler.ts:516:13
 The API is not supported on all devices. Use the canIUse condition to determine whether the API is supported.
[39m[39m
[33mWARN: [33m[33mArkTS:WARN File: /Users/chenhan/Desktop/Git/RXSDK/RXSDK-Harmony-Native/HmsSdk/src/main/ets/sdk/SDKHandler.ts:516:24
 The API is not supported on all devices. Use the canIUse condition to determine whether the API is supported.
[39m[39m
[33mWARN: [33m[33mArkTS:WARN File: /Users/chenhan/Desktop/Git/RXSDK/RXSDK-Harmony-Native/HmsSdk/src/main/ets/sdk/SDKHandler.ts:534:29
 The API is not supported on all devices. Use the canIUse condition to determine whether the API is supported.
[39m[39m
[33mWARN: [33m[33mArkTS:WARN File: /Users/chenhan/Desktop/Git/RXSDK/RXSDK-Harmony-Native/HmsSdk/src/main/ets/sdk/SDKHandler.ts:534:44
 The API is not supported on all devices. Use the canIUse condition to determine whether the API is supported.
[39m[39m
[33mWARN: [33m[33mArkTS:WARN File: /Users/chenhan/Desktop/Git/RXSDK/RXSDK-Harmony-Native/HmsSdk/src/main/ets/sdk/SDKHandler.ts:534:63
 The API is not supported on all devices. Use the canIUse condition to determine whether the API is supported.
[39m[39m
[33mWARN: [33m[33mArkTS:WARN File: /Users/chenhan/Desktop/Git/RXSDK/RXSDK-Harmony-Native/HmsSdk/src/main/ets/sdk/SDKHandler.ts:535:19
 The API is not supported on all devices. Use the canIUse condition to determine whether the API is supported.
[39m[39m
[33mWARN: [33m[33mArkTS:WARN File: /Users/chenhan/Desktop/Git/RXSDK/RXSDK-Harmony-Native/HmsSdk/src/main/ets/sdk/SDKHandler.ts:539:30
 The API is not supported on all devices. Use the canIUse condition to determine whether the API is supported.
[39m[39m
[33mWARN: [33m[33mArkTS:WARN File: /Users/chenhan/Desktop/Git/RXSDK/RXSDK-Harmony-Native/HmsSdk/src/main/ets/sdk/SDKHandler.ts:539:45
 The API is not supported on all devices. Use the canIUse condition to determine whether the API is supported.
[39m[39m
[33mWARN: [33m[33mArkTS:WARN File: /Users/chenhan/Desktop/Git/RXSDK/RXSDK-Harmony-Native/HmsSdk/src/main/ets/sdk/SDKHandler.ts:540:20
 The API is not supported on all devices. Use the canIUse condition to determine whether the API is supported.
[39m[39m
[33mWARN: [33m[33mArkTS:WARN File: /Users/chenhan/Desktop/Git/RXSDK/RXSDK-Harmony-Native/HmsSdk/src/main/ets/sdk/SDKHandler.ts:547:51
 The API is not supported on all devices. Use the canIUse condition to determine whether the API is supported.
[39m[39m
[33mWARN: [33m[33mArkTS:WARN File: /Users/chenhan/Desktop/Git/RXSDK/RXSDK-Harmony-Native/HmsSdk/src/main/ets/sdk/SDKHandler.ts:548:51
 The API is not supported on all devices. Use the canIUse condition to determine whether the API is supported.
[39m[39m
[33mWARN: [33m[33mArkTS:WARN File: /Users/chenhan/Desktop/Git/RXSDK/RXSDK-Harmony-Native/HmsSdk/src/main/ets/sdk/SDKHandler.ts:572:9
 The API is not supported on all devices. Use the canIUse condition to determine whether the API is supported.
[39m[39m
[33mWARN: [33m[33mArkTS:WARN File: /Users/chenhan/Desktop/Git/RXSDK/RXSDK-Harmony-Native/HmsSdk/src/main/ets/sdk/SDKHandler.ts:572:20
 The API is not supported on all devices. Use the canIUse condition to determine whether the API is supported.
[39m[39m
[33mWARN: [33m[33mArkTS:WARN File: /Users/chenhan/Desktop/Git/RXSDK/RXSDK-Harmony-Native/HmsSdk/src/main/ets/sdk/SDKHandler.ts:596:15
 The API is not supported on all devices. Use the canIUse condition to determine whether the API is supported.
[39m[39m
[33mWARN: [33m[33mArkTS:WARN File: /Users/chenhan/Desktop/Git/RXSDK/RXSDK-Harmony-Native/HmsSdk/src/main/ets/sdk/SDKHandler.ts:597:15
 The API is not supported on all devices. Use the canIUse condition to determine whether the API is supported.
[39m[39m
[33mWARN: [33m[33mArkTS:WARN File: /Users/chenhan/Desktop/Git/RXSDK/RXSDK-Harmony-Native/HmsSdk/src/main/ets/sdk/SDKHandler.ts:598:13
 The API is not supported on all devices. Use the canIUse condition to determine whether the API is supported.
[39m[39m
[33mWARN: [33m[33mArkTS:WARN File: /Users/chenhan/Desktop/Git/RXSDK/RXSDK-Harmony-Native/HmsSdk/src/main/ets/sdk/SDKHandler.ts:598:24
 The API is not supported on all devices. Use the canIUse condition to determine whether the API is supported.
[39m[39m
[33mWARN: [33m[33mArkTS:WARN File: /Users/chenhan/Desktop/Git/RXSDK/RXSDK-Harmony-Native/HmsSdk/src/main/ets/sdk/SDKHandler.ts:622:14
 The API is not supported on all devices. Use the canIUse condition to determine whether the API is supported.
[39m[39m
[33mWARN: [33m[33mArkTS:WARN File: /Users/chenhan/Desktop/Git/RXSDK/RXSDK-Harmony-Native/HmsSdk/src/main/ets/sdk/SDKHandler.ts:622:18
 The API is not supported on all devices. Use the canIUse condition to determine whether the API is supported.
[39m[39m
[33mWARN: [33m[33mArkTS:WARN File: /Users/chenhan/Desktop/Git/RXSDK/RXSDK-Harmony-Native/HmsSdk/src/main/ets/sdk/SDKHandler.ts:622:30
 The API is not supported on all devices. Use the canIUse condition to determine whether the API is supported.
[39m[39m
[33mWARN: [33m[33mArkTS:WARN File: /Users/chenhan/Desktop/Git/RXSDK/RXSDK-Harmony-Native/HmsSdk/src/main/ets/sdk/SDKHandler.ts:624:14
 The API is not supported on all devices. Use the canIUse condition to determine whether the API is supported.
[39m[39m
[33mWARN: [33m[33mArkTS:WARN File: /Users/chenhan/Desktop/Git/RXSDK/RXSDK-Harmony-Native/HmsSdk/src/main/ets/sdk/SDKHandler.ts:624:18
 The API is not supported on all devices. Use the canIUse condition to determine whether the API is supported.
[39m[39m
[33mWARN: [33m[33mArkTS:WARN File: /Users/chenhan/Desktop/Git/RXSDK/RXSDK-Harmony-Native/HmsSdk/src/main/ets/sdk/SDKHandler.ts:624:30
 The API is not supported on all devices. Use the canIUse condition to determine whether the API is supported.
[39m[39m
[33mWARN: [33m[33mArkTS:WARN File: /Users/chenhan/Desktop/Git/RXSDK/RXSDK-Harmony-Native/HmsSdk/src/main/ets/sdk/SDKHandler.ts:626:14
 The API is not supported on all devices. Use the canIUse condition to determine whether the API is supported.
[39m[39m
[33mWARN: [33m[33mArkTS:WARN File: /Users/chenhan/Desktop/Git/RXSDK/RXSDK-Harmony-Native/HmsSdk/src/main/ets/sdk/SDKHandler.ts:626:18
 The API is not supported on all devices. Use the canIUse condition to determine whether the API is supported.
[39m[39m
[33mWARN: [33m[33mArkTS:WARN File: /Users/chenhan/Desktop/Git/RXSDK/RXSDK-Harmony-Native/HmsSdk/src/main/ets/sdk/SDKHandler.ts:626:30
 The API is not supported on all devices. Use the canIUse condition to determine whether the API is supported.
[39m[39m
[33mWARN: [33m[33mArkTS:WARN File: /Users/chenhan/Desktop/Git/RXSDK/RXSDK-Harmony-Native/HmsSdk/src/main/ets/sdk/SDKHandler.ts:628:14
 The API is not supported on all devices. Use the canIUse condition to determine whether the API is supported.
[39m[39m
[33mWARN: [33m[33mArkTS:WARN File: /Users/chenhan/Desktop/Git/RXSDK/RXSDK-Harmony-Native/HmsSdk/src/main/ets/sdk/SDKHandler.ts:628:18
 The API is not supported on all devices. Use the canIUse condition to determine whether the API is supported.
[39m[39m
[33mWARN: [33m[33mArkTS:WARN File: /Users/chenhan/Desktop/Git/RXSDK/RXSDK-Harmony-Native/HmsSdk/src/main/ets/sdk/SDKHandler.ts:628:30
 The API is not supported on all devices. Use the canIUse condition to determine whether the API is supported.
[39m[39m
[33mWARN: [33m[33mArkTS:WARN File: /Users/chenhan/Desktop/Git/RXSDK/RXSDK-Harmony-Native/HmsSdk/src/main/ets/sdk/SDKHandler.ts:630:14
 The API is not supported on all devices. Use the canIUse condition to determine whether the API is supported.
[39m[39m
[33mWARN: [33m[33mArkTS:WARN File: /Users/chenhan/Desktop/Git/RXSDK/RXSDK-Harmony-Native/HmsSdk/src/main/ets/sdk/SDKHandler.ts:630:18
 The API is not supported on all devices. Use the canIUse condition to determine whether the API is supported.
[39m[39m
[33mWARN: [33m[33mArkTS:WARN File: /Users/chenhan/Desktop/Git/RXSDK/RXSDK-Harmony-Native/HmsSdk/src/main/ets/sdk/SDKHandler.ts:630:30
 The API is not supported on all devices. Use the canIUse condition to determine whether the API is supported.
[39m[39m
[33mWARN: [33m[33mArkTS:WARN File: /Users/chenhan/Desktop/Git/RXSDK/RXSDK-Harmony-Native/HmsSdk/src/main/ets/sdk/SDKHandler.ts:632:14
 The API is not supported on all devices. Use the canIUse condition to determine whether the API is supported.
[39m[39m
[33mWARN: [33m[33mArkTS:WARN File: /Users/chenhan/Desktop/Git/RXSDK/RXSDK-Harmony-Native/HmsSdk/src/main/ets/sdk/SDKHandler.ts:632:18
 The API is not supported on all devices. Use the canIUse condition to determine whether the API is supported.
[39m[39m
[33mWARN: [33m[33mArkTS:WARN File: /Users/chenhan/Desktop/Git/RXSDK/RXSDK-Harmony-Native/HmsSdk/src/main/ets/sdk/SDKHandler.ts:632:30
 The API is not supported on all devices. Use the canIUse condition to determine whether the API is supported.
[39m[39m
[33mWARN: [33m[33mArkTS:WARN File: /Users/chenhan/Desktop/Git/RXSDK/RXSDK-Harmony-Native/HmsSdk/src/main/ets/sdk/SDKHandler.ts:634:14
 The API is not supported on all devices. Use the canIUse condition to determine whether the API is supported.
[39m[39m
[33mWARN: [33m[33mArkTS:WARN File: /Users/chenhan/Desktop/Git/RXSDK/RXSDK-Harmony-Native/HmsSdk/src/main/ets/sdk/SDKHandler.ts:634:18
 The API is not supported on all devices. Use the canIUse condition to determine whether the API is supported.
[39m[39m
[33mWARN: [33m[33mArkTS:WARN File: /Users/chenhan/Desktop/Git/RXSDK/RXSDK-Harmony-Native/HmsSdk/src/main/ets/sdk/SDKHandler.ts:634:30
 The API is not supported on all devices. Use the canIUse condition to determine whether the API is supported.
[39m[39m
[33mWARN: [33m[33mArkTS:WARN File: /Users/chenhan/Desktop/Git/RXSDK/RXSDK-Harmony-Native/HmsSdk/src/main/ets/sdk/SDKHandler.ts:642:14
 The API is not supported on all devices. Use the canIUse condition to determine whether the API is supported.
[39m[39m
[33mWARN: [33m[33mArkTS:WARN File: /Users/chenhan/Desktop/Git/RXSDK/RXSDK-Harmony-Native/HmsSdk/src/main/ets/sdk/SDKHandler.ts:642:18
 The API is not supported on all devices. Use the canIUse condition to determine whether the API is supported.
[39m[39m
[33mWARN: [33m[33mArkTS:WARN File: /Users/chenhan/Desktop/Git/RXSDK/RXSDK-Harmony-Native/HmsSdk/src/main/ets/sdk/SDKHandler.ts:642:36
 The API is not supported on all devices. Use the canIUse condition to determine whether the API is supported.
[39m[39m
[33mWARN: [33m[33mArkTS:WARN File: /Users/chenhan/Desktop/Git/RXSDK/RXSDK-Harmony-Native/HmsSdk/src/main/ets/sdk/SDKHandler.ts:644:14
 The API is not supported on all devices. Use the canIUse condition to determine whether the API is supported.
[39m[39m
[33mWARN: [33m[33mArkTS:WARN File: /Users/chenhan/Desktop/Git/RXSDK/RXSDK-Harmony-Native/HmsSdk/src/main/ets/sdk/SDKHandler.ts:644:18
 The API is not supported on all devices. Use the canIUse condition to determine whether the API is supported.
[39m[39m
[33mWARN: [33m[33mArkTS:WARN File: /Users/chenhan/Desktop/Git/RXSDK/RXSDK-Harmony-Native/HmsSdk/src/main/ets/sdk/SDKHandler.ts:644:36
 The API is not supported on all devices. Use the canIUse condition to determine whether the API is supported.
[39m[39m
[33mWARN: [33m[33mArkTS:WARN File: /Users/chenhan/Desktop/Git/RXSDK/RXSDK-Harmony-Native/HmsSdk/src/main/ets/sdk/SDKHandler.ts:646:14
 The API is not supported on all devices. Use the canIUse condition to determine whether the API is supported.
[39m[39m
[33mWARN: [33m[33mArkTS:WARN File: /Users/chenhan/Desktop/Git/RXSDK/RXSDK-Harmony-Native/HmsSdk/src/main/ets/sdk/SDKHandler.ts:646:18
 The API is not supported on all devices. Use the canIUse condition to determine whether the API is supported.
[39m[39m
[33mWARN: [33m[33mArkTS:WARN File: /Users/chenhan/Desktop/Git/RXSDK/RXSDK-Harmony-Native/HmsSdk/src/main/ets/sdk/SDKHandler.ts:646:36
 The API is not supported on all devices. Use the canIUse condition to determine whether the API is supported.
[39m[39m
[33mWARN: [33m[33mArkTS:WARN File: /Users/chenhan/Desktop/Git/RXSDK/RXSDK-Harmony-Native/HmsSdk/src/main/ets/sdk/SDKHandler.ts:648:14
 The API is not supported on all devices. Use the canIUse condition to determine whether the API is supported.
[39m[39m
[33mWARN: [33m[33mArkTS:WARN File: /Users/chenhan/Desktop/Git/RXSDK/RXSDK-Harmony-Native/HmsSdk/src/main/ets/sdk/SDKHandler.ts:648:18
 The API is not supported on all devices. Use the canIUse condition to determine whether the API is supported.
[39m[39m
[33mWARN: [33m[33mArkTS:WARN File: /Users/chenhan/Desktop/Git/RXSDK/RXSDK-Harmony-Native/HmsSdk/src/main/ets/sdk/SDKHandler.ts:648:36
 The API is not supported on all devices. Use the canIUse condition to determine whether the API is supported.
[39m[39m
[33mWARN: [33m[33mArkTS:WARN File: /Users/chenhan/Desktop/Git/RXSDK/RXSDK-Harmony-Native/HmsSdk/src/main/ets/base/AccountManager.ts:56:7
 Function may throw exceptions. Special handling is required.
[39m[39m
[33mWARN: [33m[33mArkTS:WARN File: /Users/chenhan/Desktop/Git/RXSDK/RXSDK-Harmony-Native/HmsSdk/src/main/ets/base/AccountManager.ts:57:7
 Function may throw exceptions. Special handling is required.
[39m[39m
[33mWARN: [33m[33mArkTS:WARN File: /Users/chenhan/Desktop/Git/RXSDK/RXSDK-Harmony-Native/HmsSdk/src/main/ets/base/Passport.ts:159:7
 Function may throw exceptions. Special handling is required.
[39m[39m
[33mWARN: [33m[33mArkTS:WARN File: /Users/chenhan/Desktop/Git/RXSDK/RXSDK-Harmony-Native/HmsSdk/src/main/ets/base/Passport.ts:160:7
 Function may throw exceptions. Special handling is required.
[39m[39m
[33mWARN: [33m[33mArkTS:WARN File: /Users/chenhan/Desktop/Git/RXSDK/RXSDK-Harmony-Native/HmsSdk/src/main/ets/base/Passport.ts:176:7
 Function may throw exceptions. Special handling is required.
[39m[39m
[33mWARN: [33m[33mArkTS:WARN File: /Users/chenhan/Desktop/Git/RXSDK/RXSDK-Harmony-Native/HmsSdk/src/main/ets/base/Passport.ts:177:7
 Function may throw exceptions. Special handling is required.
[39m[39m
[33mWARN: [33m[33mArkTS:WARN File: /Users/chenhan/Desktop/Git/RXSDK/RXSDK-Harmony-Native/HmsSdk/src/main/ets/base/Passport.ts:862:14
 The system capacity of this api 'gamePlayer' is not supported on all devices
[39m[39m
[33mWARN: [33m[33mArkTS:WARN File: /Users/chenhan/Desktop/Git/RXSDK/RXSDK-Harmony-Native/HmsSdk/src/main/ets/base/Passport.ts:862:25
 The system capacity of this api 'ThirdUserAgeRange' is not supported on all devices
[39m[39m
[33mWARN: [33m[33mArkTS:WARN File: /Users/chenhan/Desktop/Git/RXSDK/RXSDK-Harmony-Native/HmsSdk/src/main/ets/base/Passport.ts:862:43
 The system capacity of this api 'AGE_RANGE_ADULT' is not supported on all devices
[39m[39m
[33mWARN: [33m[33mArkTS:WARN File: /Users/chenhan/Desktop/Git/RXSDK/RXSDK-Harmony-Native/HmsSdk/src/main/ets/base/Passport.ts:864:14
 The system capacity of this api 'gamePlayer' is not supported on all devices
[39m[39m
[33mWARN: [33m[33mArkTS:WARN File: /Users/chenhan/Desktop/Git/RXSDK/RXSDK-Harmony-Native/HmsSdk/src/main/ets/base/Passport.ts:864:25
 The system capacity of this api 'ThirdUserAgeRange' is not supported on all devices
[39m[39m
[33mWARN: [33m[33mArkTS:WARN File: /Users/chenhan/Desktop/Git/RXSDK/RXSDK-Harmony-Native/HmsSdk/src/main/ets/base/Passport.ts:864:43
 The system capacity of this api 'AGE_RANGE_18' is not supported on all devices
[39m[39m
[33mWARN: [33m[33mArkTS:WARN File: /Users/chenhan/Desktop/Git/RXSDK/RXSDK-Harmony-Native/HmsSdk/src/main/ets/base/Passport.ts:866:14
 The system capacity of this api 'gamePlayer' is not supported on all devices
[39m[39m
[33mWARN: [33m[33mArkTS:WARN File: /Users/chenhan/Desktop/Git/RXSDK/RXSDK-Harmony-Native/HmsSdk/src/main/ets/base/Passport.ts:866:25
 The system capacity of this api 'ThirdUserAgeRange' is not supported on all devices
[39m[39m
[33mWARN: [33m[33mArkTS:WARN File: /Users/chenhan/Desktop/Git/RXSDK/RXSDK-Harmony-Native/HmsSdk/src/main/ets/base/Passport.ts:866:43
 The system capacity of this api 'AGE_RANGE_16' is not supported on all devices
[39m[39m
[33mWARN: [33m[33mArkTS:WARN File: /Users/chenhan/Desktop/Git/RXSDK/RXSDK-Harmony-Native/HmsSdk/src/main/ets/base/Passport.ts:868:14
 The system capacity of this api 'gamePlayer' is not supported on all devices
[39m[39m
[33mWARN: [33m[33mArkTS:WARN File: /Users/chenhan/Desktop/Git/RXSDK/RXSDK-Harmony-Native/HmsSdk/src/main/ets/base/Passport.ts:868:25
 The system capacity of this api 'ThirdUserAgeRange' is not supported on all devices
[39m[39m
[33mWARN: [33m[33mArkTS:WARN File: /Users/chenhan/Desktop/Git/RXSDK/RXSDK-Harmony-Native/HmsSdk/src/main/ets/base/Passport.ts:868:43
 The system capacity of this api 'AGE_RANGE_8' is not supported on all devices
[39m[39m
[33mWARN: [33m[33mArkTS:WARN File: /Users/chenhan/Desktop/Git/RXSDK/RXSDK-Harmony-Native/HmsSdk/src/main/ets/base/Passport.ts:881:13
 The system capacity of this api 'gamePlayer' is not supported on all devices
[39m[39m
[33mWARN: [33m[33mArkTS:WARN File: /Users/chenhan/Desktop/Git/RXSDK/RXSDK-Harmony-Native/HmsSdk/src/main/ets/base/Passport.ts:881:24
 The system capacity of this api 'verifyLocalPlayer' is not supported on all devices
[39m[39m
[33mWARN: [33m[33mArkTS:WARN File: /Users/chenhan/Desktop/Git/RXSDK/RXSDK-Harmony-Native/HmsSdk/src/main/ets/base/Passport.ts:889:15
 The system capacity of this api 'gamePlayer' is not supported on all devices
[39m[39m
[33mWARN: [33m[33mArkTS:WARN File: /Users/chenhan/Desktop/Git/RXSDK/RXSDK-Harmony-Native/HmsSdk/src/main/ets/base/Passport.ts:889:26
 The system capacity of this api 'savePlayerRole' is not supported on all devices
[39m[39m
[33mWARN: [33m[33mArkTS:WARN File: /Users/chenhan/Desktop/Git/RXSDK/RXSDK-Harmony-Native/HmsSdk/src/main/ets/base/BaseTracer.ts:87:27
 Function may throw exceptions. Special handling is required.
[39m[39m
[33mWARN: [33m[33mArkTS:WARN File: /Users/chenhan/Desktop/Git/RXSDK/RXSDK-Harmony-Native/HmsSdk/src/main/ets/base/UserActionTracer.ts:47:26
 Function may throw exceptions. Special handling is required.
[39m[39m
[33mWARN: [33m[33mArkTS:WARN File: /Users/chenhan/Desktop/Git/RXSDK/RXSDK-Harmony-Native/HmsSdk/src/main/ets/base/UserActionTracer.ts:48:22
 Function may throw exceptions. Special handling is required.
[39m[39m
[33mWARN: [33m[33mArkTS:WARN File: /Users/chenhan/Desktop/Git/RXSDK/RXSDK-Harmony-Native/HmsSdk/src/main/ets/base/UserActionTracer.ts:75:5
 Function may throw exceptions. Special handling is required.
[39m[39m
[33mWARN: [33m[33mArkTS:WARN File: /Users/chenhan/Desktop/Git/RXSDK/RXSDK-Harmony-Native/HmsSdk/src/main/ets/sdk/SDKConfig.ts:198:11
 The system capacity of this api 'gamePlayer' is not supported on all devices
[39m[39m
[33mWARN: [33m[33mArkTS:WARN File: /Users/chenhan/Desktop/Git/RXSDK/RXSDK-Harmony-Native/HmsSdk/src/main/ets/sdk/SDKConfig.ts:198:22
 The system capacity of this api 'init' is not supported on all devices
[39m[39m
[33mWARN: [33m[33mArkTS:WARN File: /Users/chenhan/Desktop/Git/RXSDK/RXSDK-Harmony-Native/HmsSdk/src/main/ets/sdk/SDKConfig.ts:199:5
 The system capacity of this api 'gamePlayer' is not supported on all devices
[39m[39m
[33mWARN: [33m[33mArkTS:WARN File: /Users/chenhan/Desktop/Git/RXSDK/RXSDK-Harmony-Native/HmsSdk/src/main/ets/sdk/SDKConfig.ts:199:16
 The system capacity of this api 'on' is not supported on all devices
[39m[39m
[33mWARN: [33m[33mArkTS:WARN File: /Users/chenhan/Desktop/Git/RXSDK/RXSDK-Harmony-Native/HmsSdk/src/main/ets/sdk/SDKConfig.ts:246:16
 The system capacity of this api 'event' is not supported on all devices
[39m[39m
[33mWARN: [33m[33mArkTS:WARN File: /Users/chenhan/Desktop/Git/RXSDK/RXSDK-Harmony-Native/HmsSdk/src/main/ets/sdk/SDKConfig.ts:246:26
 The system capacity of this api 'gamePlayer' is not supported on all devices
[39m[39m
[33mWARN: [33m[33mArkTS:WARN File: /Users/chenhan/Desktop/Git/RXSDK/RXSDK-Harmony-Native/HmsSdk/src/main/ets/sdk/SDKConfig.ts:246:37
 The system capacity of this api 'PlayerChangedEvent' is not supported on all devices
[39m[39m
[33mWARN: [33m[33mArkTS:WARN File: /Users/chenhan/Desktop/Git/RXSDK/RXSDK-Harmony-Native/HmsSdk/src/main/ets/sdk/SDKConfig.ts:246:56
 The system capacity of this api 'SWITCH_GAME_ACCOUNT' is not supported on all devices
[39m[39m
[33mWARN: [33m[33mArkTS:WARN File: /Users/chenhan/Desktop/Git/RXSDK/RXSDK-Harmony-Native/HmsSdk/src/main/ets/sdk/SDKConfig.ts:248:60
 The system capacity of this api 'resultInfo' is not supported on all devices
[39m[39m
[33mWARN: [33m[33mArkTS:WARN File: /Users/chenhan/Desktop/Git/RXSDK/RXSDK-Harmony-Native/HmsSdk/src/main/ets/sdk/SDKConfig.ts:250:40
 The system capacity of this api 'event' is not supported on all devices
[39m[39m
[33mWARN: [33m[33mArkTS:WARN File: /Users/chenhan/Desktop/Git/RXSDK/RXSDK-Harmony-Native/HmsSdk/src/main/ets/sdk/SDKConfig.ts:250:64
 The system capacity of this api 'resultInfo' is not supported on all devices
[39m[39m
[33mWARN: [33m[33mArkTS:WARN File: /Users/chenhan/Desktop/Git/RXSDK/RXSDK-Harmony-Native/HmsSdk/src/main/ets/net/http.ts:391:38
 Function may throw exceptions. Special handling is required.
[39m[39m
[33mWARN: [33m[33mArkTS:WARN File: /Users/chenhan/Desktop/Git/RXSDK/RXSDK-Harmony-Native/HmsSdk/src/main/ets/components/IdCardKeyboard.ets:166:24
 Function may throw exceptions. Special handling is required.
[39m[39m
[33mWARN: [33m[33mArkTS:WARN File: /Users/chenhan/Desktop/Git/RXSDK/RXSDK-Harmony-Native/HmsSdk/src/main/ets/pages/BaseDialog.ets:82:7
 Function may throw exceptions. Special handling is required.
[39m[39m
[33mWARN: [33m[33mArkTS:WARN File: /Users/chenhan/Desktop/Git/RXSDK/RXSDK-Harmony-Native/HmsSdk/src/main/ets/utils/FileUtil.ts:66:107
 To use this API, you need to apply for the permissions: ohos.permission.READ_IMAGEVIDEO
[39m[39m
[33mWARN: [33m[33mArkTS:WARN File: /Users/chenhan/Desktop/Git/RXSDK/RXSDK-Harmony-Native/HmsSdk/src/main/ets/utils/FileUtil.ts:77:57
 To use this API, you need to apply for the permissions: ohos.permission.READ_IMAGEVIDEO
[39m[39m
[33mWARN: [33m[33mArkTS:WARN File: /Users/chenhan/Desktop/Git/RXSDK/RXSDK-Harmony-Native/HmsSdk/src/main/ets/utils/FileUtil.ts:114:9
 Function may throw exceptions. Special handling is required.
[39m[39m
[33mWARN: [33m[33mArkTS:WARN File: /Users/chenhan/Desktop/Git/RXSDK/RXSDK-Harmony-Native/HmsSdk/src/main/ets/utils/FileUtil.ts:222:14
 Function may throw exceptions. Special handling is required.
[39m[39m
[33mWARN: [33m[33mArkTS:WARN File: /Users/chenhan/Desktop/Git/RXSDK/RXSDK-Harmony-Native/HmsSdk/src/main/ets/utils/FileUtil.ts:285:9
 Function may throw exceptions. Special handling is required.
[39m[39m
[33mWARN: [33m[33mArkTS:WARN File: /Users/chenhan/Desktop/Git/RXSDK/RXSDK-Harmony-Native/HmsSdk/src/main/ets/utils/FileUtil.ts:340:9
 Function may throw exceptions. Special handling is required.
[39m[39m
[33mWARN: [33m[33mArkTS:WARN File: /Users/chenhan/Desktop/Git/RXSDK/RXSDK-Harmony-Native/HmsSdk/src/main/ets/utils/FileUtil.ts:346:24
 Function may throw exceptions. Special handling is required.
[39m[39m
[33mWARN: [33m[33mArkTS:WARN File: /Users/chenhan/Desktop/Git/RXSDK/RXSDK-Harmony-Native/HmsSdk/src/main/ets/utils/FileUtil.ts:347:9
 Function may throw exceptions. Special handling is required.
[39m[39m
[33mWARN: [33m[33mArkTS:WARN File: /Users/chenhan/Desktop/Git/RXSDK/RXSDK-Harmony-Native/HmsSdk/src/main/ets/utils/FileUtil.ts:348:7
 Function may throw exceptions. Special handling is required.
[39m[39m
[33mWARN: [33m[33mArkTS:WARN File: /Users/chenhan/Desktop/Git/RXSDK/RXSDK-Harmony-Native/HmsSdk/src/main/ets/utils/FileUtil.ts:350:7
 Function may throw exceptions. Special handling is required.
[39m[39m
[33mWARN: [33m[33mArkTS:WARN File: /Users/chenhan/Desktop/Git/RXSDK/RXSDK-Harmony-Native/HmsSdk/src/main/ets/utils/FileUtil.ts:456:10
 Function may throw exceptions. Special handling is required.
[39m[39m
[33mWARN: [33m[33mArkTS:WARN File: /Users/chenhan/Desktop/Git/RXSDK/RXSDK-Harmony-Native/HmsSdk/src/main/ets/utils/FileUtil.ts:459:19
 Function may throw exceptions. Special handling is required.
[39m[39m
[33mWARN: [33m[33mArkTS:WARN File: /Users/chenhan/Desktop/Git/RXSDK/RXSDK-Harmony-Native/HmsSdk/src/main/ets/utils/FileUtil.ts:461:9
 Function may throw exceptions. Special handling is required.
[39m[39m
[33mWARN: [33m[33mArkTS:WARN File: /Users/chenhan/Desktop/Git/RXSDK/RXSDK-Harmony-Native/HmsSdk/src/main/ets/utils/FileUtil.ts:462:7
 Function may throw exceptions. Special handling is required.
[39m[39m
[33mWARN: [33m[33mArkTS:WARN File: /Users/chenhan/Desktop/Git/RXSDK/RXSDK-Harmony-Native/HmsSdk/src/main/ets/utils/FileUtil.ts:464:16
 Function may throw exceptions. Special handling is required.
[39m[39m
[33mWARN: [33m[33mArkTS:WARN File: /Users/chenhan/Desktop/Git/RXSDK/RXSDK-Harmony-Native/HmsSdk/src/main/ets/utils/FileUtil.ts:465:20
 Function may throw exceptions. Special handling is required.
[39m[39m
[33mWARN: [33m[33mArkTS:WARN File: /Users/chenhan/Desktop/Git/RXSDK/RXSDK-Harmony-Native/HmsSdk/src/main/ets/utils/FileUtil.ts:467:5
 Function may throw exceptions. Special handling is required.
[39m[39m
[33mWARN: [33m[33mArkTS:WARN File: /Users/chenhan/Desktop/Git/RXSDK/RXSDK-Harmony-Native/HmsSdk/src/main/ets/utils/FileUtil.ts:471:5
 Function may throw exceptions. Special handling is required.
[39m[39m
[33mWARN: [33m[33mArkTS:WARN File: /Users/chenhan/Desktop/Git/RXSDK/RXSDK-Harmony-Native/HmsSdk/src/main/ets/utils/FileUtil.ts:479:12
 Function may throw exceptions. Special handling is required.
[39m[39m
[33mWARN: [33m[33mArkTS:WARN File: /Users/chenhan/Desktop/Git/RXSDK/RXSDK-Harmony-Native/HmsSdk/src/main/ets/utils/FileUtil.ts:486:19
 Function may throw exceptions. Special handling is required.
[39m[39m
[33mWARN: [33m[33mArkTS:WARN File: /Users/chenhan/Desktop/Git/RXSDK/RXSDK-Harmony-Native/HmsSdk/src/main/ets/utils/FileUtil.ts:504:23
 Function may throw exceptions. Special handling is required.
[39m[39m
[33mWARN: [33m[33mArkTS:WARN File: /Users/chenhan/Desktop/Git/RXSDK/RXSDK-Harmony-Native/HmsSdk/src/main/ets/net/Downloader.ts:131:7
 Function may throw exceptions. Special handling is required.
[39m[39m
[33mWARN: [33m[33mArkTS:WARN File: /Users/chenhan/Desktop/Git/RXSDK/RXSDK-Harmony-Native/HmsSdk/src/main/ets/share/ShareObject.ts:123:49
 The system capacity of this api 'systemShare' is not supported on all devices
[39m[39m
[33mWARN: [33m[33mArkTS:WARN File: /Users/chenhan/Desktop/Git/RXSDK/RXSDK-Harmony-Native/HmsSdk/src/main/ets/share/ShareObject.ts:123:61
 The system capacity of this api 'SharedData' is not supported on all devices
[39m[39m
[33mWARN: [33m[33mArkTS:WARN File: /Users/chenhan/Desktop/Git/RXSDK/RXSDK-Harmony-Native/HmsSdk/src/main/ets/share/ShareObject.ts:143:22
 The system capacity of this api 'thumbnailUri' is not supported on all devices
[39m[39m
[33mWARN: [33m[33mArkTS:WARN File: /Users/chenhan/Desktop/Git/RXSDK/RXSDK-Harmony-Native/HmsSdk/src/main/ets/share/ShareObject.ts:144:22
 The system capacity of this api 'thumbnail' is not supported on all devices
[39m[39m
[33mWARN: [33m[33mArkTS:WARN File: /Users/chenhan/Desktop/Git/RXSDK/RXSDK-Harmony-Native/HmsSdk/src/main/ets/share/ShareObject.ts:153:22
 The system capacity of this api 'thumbnail' is not supported on all devices
[39m[39m
[33mWARN: [33m[33mArkTS:WARN File: /Users/chenhan/Desktop/Git/RXSDK/RXSDK-Harmony-Native/HmsSdk/src/main/ets/share/HuaweiShare.ts:22:34
 The system capacity of this api 'share' is not supported on all devices
[39m[39m
[33mWARN: [33m[33mArkTS:WARN File: /Users/chenhan/Desktop/Git/RXSDK/RXSDK-Harmony-Native/HmsSdk/src/main/ets/share/HuaweiShare.ts:35:5
 The system capacity of this api 'harmonyShare' is not supported on all devices
[39m[39m
[33mWARN: [33m[33mArkTS:WARN File: /Users/chenhan/Desktop/Git/RXSDK/RXSDK-Harmony-Native/HmsSdk/src/main/ets/share/HuaweiShare.ts:35:18
 The system capacity of this api 'on' is not supported on all devices
[39m[39m
[33mWARN: [33m[33mArkTS:WARN File: /Users/chenhan/Desktop/Git/RXSDK/RXSDK-Harmony-Native/HmsSdk/src/main/ets/share/HuaweiShare.ts:46:5
 The system capacity of this api 'harmonyShare' is not supported on all devices
[39m[39m
[33mWARN: [33m[33mArkTS:WARN File: /Users/chenhan/Desktop/Git/RXSDK/RXSDK-Harmony-Native/HmsSdk/src/main/ets/share/HuaweiShare.ts:46:18
 The system capacity of this api 'off' is not supported on all devices
[39m[39m
[33mWARN: [33m[33mArkTS:WARN File: /Users/chenhan/Desktop/Git/RXSDK/RXSDK-Harmony-Native/HmsSdk/src/main/ets/share/SystemShare.ts:11:55
 The system capacity of this api 'systemShare' is not supported on all devices
[39m[39m
[33mWARN: [33m[33mArkTS:WARN File: /Users/chenhan/Desktop/Git/RXSDK/RXSDK-Harmony-Native/HmsSdk/src/main/ets/share/SystemShare.ts:11:67
 The system capacity of this api 'ShareController' is not supported on all devices
[39m[39m
[33mWARN: [33m[33mArkTS:WARN File: /Users/chenhan/Desktop/Git/RXSDK/RXSDK-Harmony-Native/HmsSdk/src/main/ets/share/SystemShare.ts:14:20
 The system capacity of this api 'systemShare' is not supported on all devices
[39m[39m
[33mWARN: [33m[33mArkTS:WARN File: /Users/chenhan/Desktop/Git/RXSDK/RXSDK-Harmony-Native/HmsSdk/src/main/ets/share/SystemShare.ts:14:32
 The system capacity of this api 'SharePreviewMode' is not supported on all devices
[39m[39m
[33mWARN: [33m[33mArkTS:WARN File: /Users/chenhan/Desktop/Git/RXSDK/RXSDK-Harmony-Native/HmsSdk/src/main/ets/share/SystemShare.ts:14:49
 The system capacity of this api 'DETAIL' is not supported on all devices
[39m[39m
[33mWARN: [33m[33mArkTS:WARN File: /Users/chenhan/Desktop/Git/RXSDK/RXSDK-Harmony-Native/HmsSdk/src/main/ets/share/SystemShare.ts:15:22
 The system capacity of this api 'systemShare' is not supported on all devices
[39m[39m
[33mWARN: [33m[33mArkTS:WARN File: /Users/chenhan/Desktop/Git/RXSDK/RXSDK-Harmony-Native/HmsSdk/src/main/ets/share/SystemShare.ts:15:34
 The system capacity of this api 'SelectionMode' is not supported on all devices
[39m[39m
[33mWARN: [33m[33mArkTS:WARN File: /Users/chenhan/Desktop/Git/RXSDK/RXSDK-Harmony-Native/HmsSdk/src/main/ets/share/SystemShare.ts:15:48
 The system capacity of this api 'SINGLE' is not supported on all devices
[39m[39m
[33mWARN: [33m[33mArkTS:WARN File: /Users/chenhan/Desktop/Git/RXSDK/RXSDK-Harmony-Native/HmsSdk/src/main/ets/share/SystemShare.ts:46:12
 Function may throw exceptions. Special handling is required.
[39m[39m
[33mWARN: [33m[33mArkTS:WARN File: /Users/chenhan/Desktop/Git/RXSDK/RXSDK-Harmony-Native/HmsSdk/src/main/ets/share/SystemShare.ts:46:23
 The system capacity of this api 'show' is not supported on all devices
[39m[39m
[33mWARN: [33m[33mArkTS:WARN File: /Users/chenhan/Desktop/Git/RXSDK/RXSDK-Harmony-Native/HmsSdk/src/main/ets/share/SystemShare.ts:47:22
 The system capacity of this api 'systemShare' is not supported on all devices
[39m[39m
[33mWARN: [33m[33mArkTS:WARN File: /Users/chenhan/Desktop/Git/RXSDK/RXSDK-Harmony-Native/HmsSdk/src/main/ets/share/SystemShare.ts:47:34
 The system capacity of this api 'SelectionMode' is not supported on all devices
[39m[39m
[33mWARN: [33m[33mArkTS:WARN File: /Users/chenhan/Desktop/Git/RXSDK/RXSDK-Harmony-Native/HmsSdk/src/main/ets/share/SystemShare.ts:47:48
 The system capacity of this api 'SINGLE' is not supported on all devices
[39m[39m
[33mWARN: [33m[33mArkTS:WARN File: /Users/chenhan/Desktop/Git/RXSDK/RXSDK-Harmony-Native/HmsSdk/src/main/ets/share/SystemShare.ts:48:20
 The system capacity of this api 'systemShare' is not supported on all devices
[39m[39m
[33mWARN: [33m[33mArkTS:WARN File: /Users/chenhan/Desktop/Git/RXSDK/RXSDK-Harmony-Native/HmsSdk/src/main/ets/share/SystemShare.ts:48:32
 The system capacity of this api 'SharePreviewMode' is not supported on all devices
[39m[39m
[33mWARN: [33m[33mArkTS:WARN File: /Users/chenhan/Desktop/Git/RXSDK/RXSDK-Harmony-Native/HmsSdk/src/main/ets/share/SystemShare.ts:48:49
 The system capacity of this api 'DEFAULT' is not supported on all devices
[39m[39m
[33mWARN: [33m[33mArkTS:WARN File: /Users/chenhan/Desktop/Git/RXSDK/RXSDK-Harmony-Native/HmsSdk/src/main/ets/wx/WXApi.ets:144:34
 Function may throw exceptions. Special handling is required.
[39m[39m
[33mWARN: [33m[33mArkTS:WARN File: /Users/chenhan/Desktop/Git/RXSDK/RXSDK-Harmony-Native/HmsSdk/src/main/ets/wx/WXApi.ets:255:64
 'getContext' has been deprecated.
[39m[39m
[33mWARN: [33m[33mArkTS:WARN File: /Users/chenhan/Desktop/Git/RXSDK/RXSDK-Harmony-Native/HmsSdk/src/main/ets/nearby/dialog/TransferDialogBuilder.ets:59:24
 'getContext' has been deprecated.
[39m[39m
[33mWARN: [33m[33mArkTS:WARN File: /Users/chenhan/Desktop/Git/RXSDK/RXSDK-Harmony-Native/HmsSdk/src/main/ets/nearby/common/FileUtils.ets:30:13
 Function may throw exceptions. Special handling is required.
[39m[39m
[33mWARN: [33m[33mArkTS:WARN File: /Users/chenhan/Desktop/Git/RXSDK/RXSDK-Harmony-Native/HmsSdk/src/main/ets/nearby/common/FileUtils.ets:36:10
 Function may throw exceptions. Special handling is required.
[39m[39m
[33mWARN: [33m[33mArkTS:WARN File: /Users/chenhan/Desktop/Git/RXSDK/RXSDK-Harmony-Native/HmsSdk/src/main/ets/nearby/common/FileUtils.ets:38:7
 Function may throw exceptions. Special handling is required.
[39m[39m
[33mWARN: [33m[33mArkTS:WARN File: /Users/chenhan/Desktop/Git/RXSDK/RXSDK-Harmony-Native/HmsSdk/src/main/ets/nearby/common/FileUtils.ets:40:5
 Function may throw exceptions. Special handling is required.
[39m[39m
[33mWARN: [33m[33mArkTS:WARN File: /Users/chenhan/Desktop/Git/RXSDK/RXSDK-Harmony-Native/HmsSdk/src/main/ets/nearby/common/FileUtils.ets:61:15
 Function may throw exceptions. Special handling is required.
[39m[39m
[33mWARN: [33m[33mArkTS:WARN File: /Users/chenhan/Desktop/Git/RXSDK/RXSDK-Harmony-Native/HmsSdk/src/main/ets/nearby/common/FileUtils.ets:90:3
 Function may throw exceptions. Special handling is required.
[39m[39m
[33mWARN: [33m[33mArkTS:WARN File: /Users/chenhan/Desktop/Git/RXSDK/RXSDK-Harmony-Native/HmsSdk/src/main/ets/nearby/common/FileUtils.ets:134:15
 Function may throw exceptions. Special handling is required.
[39m[39m
[33mWARN: [33m[33mArkTS:WARN File: /Users/chenhan/Desktop/Git/RXSDK/RXSDK-Harmony-Native/HmsSdk/src/main/ets/nearby/common/FileUtils.ets:143:3
 Function may throw exceptions. Special handling is required.
[39m[39m
[33mWARN: [33m[33mArkTS:WARN File: /Users/chenhan/Desktop/Git/RXSDK/RXSDK-Harmony-Native/HmsSdk/src/main/ets/nearby/common/FileUtils.ets:144:6
 Function may throw exceptions. Special handling is required.
[39m[39m
[33mWARN: [33m[33mArkTS:WARN File: /Users/chenhan/Desktop/Git/RXSDK/RXSDK-Harmony-Native/HmsSdk/src/main/ets/nearby/common/FileUtils.ets:152:15
 Function may throw exceptions. Special handling is required.
[39m[39m
[33mWARN: [33m[33mArkTS:WARN File: /Users/chenhan/Desktop/Git/RXSDK/RXSDK-Harmony-Native/HmsSdk/src/main/ets/nearby/NearbyTransferService.ets:155:19
 The system capacity of this api 'needShowSystemUI' is not supported on all devices
[39m[39m
[33mWARN: [33m[33mArkTS:WARN File: /Users/chenhan/Desktop/Git/RXSDK/RXSDK-Harmony-Native/HmsSdk/src/main/ets/nearby/NearbyTransferService.ets:156:17
 The system capacity of this api 'context' is not supported on all devices
[39m[39m
[33mWARN: [33m[33mArkTS:WARN File: /Users/chenhan/Desktop/Git/RXSDK/RXSDK-Harmony-Native/HmsSdk/src/main/ets/nearby/NearbyTransferService.ets:160:34
 The system capacity of this api 'gameNearbyTransfer' is not supported on all devices
[39m[39m
[33mWARN: [33m[33mArkTS:WARN File: /Users/chenhan/Desktop/Git/RXSDK/RXSDK-Harmony-Native/HmsSdk/src/main/ets/nearby/NearbyTransferService.ets:160:53
 The system capacity of this api 'create' is not supported on all devices
[39m[39m
[33mWARN: [33m[33mArkTS:WARN File: /Users/chenhan/Desktop/Git/RXSDK/RXSDK-Harmony-Native/HmsSdk/src/main/ets/nearby/NearbyTransferService.ets:196:7
 The system capacity of this api 'gameNearbyTransfer' is not supported on all devices
[39m[39m
[33mWARN: [33m[33mArkTS:WARN File: /Users/chenhan/Desktop/Git/RXSDK/RXSDK-Harmony-Native/HmsSdk/src/main/ets/nearby/NearbyTransferService.ets:196:26
 The system capacity of this api 'on' is not supported on all devices
[39m[39m
[33mWARN: [33m[33mArkTS:WARN File: /Users/chenhan/Desktop/Git/RXSDK/RXSDK-Harmony-Native/HmsSdk/src/main/ets/nearby/NearbyTransferService.ets:199:40
 The system capacity of this api 'connectState' is not supported on all devices
[39m[39m
[33mWARN: [33m[33mArkTS:WARN File: /Users/chenhan/Desktop/Git/RXSDK/RXSDK-Harmony-Native/HmsSdk/src/main/ets/nearby/NearbyTransferService.ets:199:56
 The system capacity of this api 'gameNearbyTransfer' is not supported on all devices
[39m[39m
[33mWARN: [33m[33mArkTS:WARN File: /Users/chenhan/Desktop/Git/RXSDK/RXSDK-Harmony-Native/HmsSdk/src/main/ets/nearby/NearbyTransferService.ets:199:75
 The system capacity of this api 'ConnectState' is not supported on all devices
[39m[39m
[33mWARN: [33m[33mArkTS:WARN File: /Users/chenhan/Desktop/Git/RXSDK/RXSDK-Harmony-Native/HmsSdk/src/main/ets/nearby/NearbyTransferService.ets:199:88
 The system capacity of this api 'CONNECTED' is not supported on all devices
[39m[39m
[33mWARN: [33m[33mArkTS:WARN File: /Users/chenhan/Desktop/Git/RXSDK/RXSDK-Harmony-Native/HmsSdk/src/main/ets/nearby/NearbyTransferService.ets:201:90
 The system capacity of this api 'connectState' is not supported on all devices
[39m[39m
[33mWARN: [33m[33mArkTS:WARN File: /Users/chenhan/Desktop/Git/RXSDK/RXSDK-Harmony-Native/HmsSdk/src/main/ets/nearby/NearbyTransferService.ets:201:124
 The system capacity of this api 'message' is not supported on all devices
[39m[39m
[33mWARN: [33m[33mArkTS:WARN File: /Users/chenhan/Desktop/Git/RXSDK/RXSDK-Harmony-Native/HmsSdk/src/main/ets/nearby/NearbyTransferService.ets:204:28
 The system capacity of this api 'connectState' is not supported on all devices
[39m[39m
[33mWARN: [33m[33mArkTS:WARN File: /Users/chenhan/Desktop/Git/RXSDK/RXSDK-Harmony-Native/HmsSdk/src/main/ets/nearby/NearbyTransferService.ets:206:48
 The system capacity of this api 'remoteDeviceName' is not supported on all devices
[39m[39m
[33mWARN: [33m[33mArkTS:WARN File: /Users/chenhan/Desktop/Git/RXSDK/RXSDK-Harmony-Native/HmsSdk/src/main/ets/nearby/NearbyTransferService.ets:207:31
 The system capacity of this api 'message' is not supported on all devices
[39m[39m
[33mWARN: [33m[33mArkTS:WARN File: /Users/chenhan/Desktop/Git/RXSDK/RXSDK-Harmony-Native/HmsSdk/src/main/ets/nearby/NearbyTransferService.ets:213:7
 The system capacity of this api 'gameNearbyTransfer' is not supported on all devices
[39m[39m
[33mWARN: [33m[33mArkTS:WARN File: /Users/chenhan/Desktop/Git/RXSDK/RXSDK-Harmony-Native/HmsSdk/src/main/ets/nearby/NearbyTransferService.ets:213:26
 The system capacity of this api 'on' is not supported on all devices
[39m[39m
[33mWARN: [33m[33mArkTS:WARN File: /Users/chenhan/Desktop/Git/RXSDK/RXSDK-Harmony-Native/HmsSdk/src/main/ets/nearby/NearbyTransferService.ets:222:7
 The system capacity of this api 'gameNearbyTransfer' is not supported on all devices
[39m[39m
[33mWARN: [33m[33mArkTS:WARN File: /Users/chenhan/Desktop/Git/RXSDK/RXSDK-Harmony-Native/HmsSdk/src/main/ets/nearby/NearbyTransferService.ets:222:26
 The system capacity of this api 'on' is not supported on all devices
[39m[39m
[33mWARN: [33m[33mArkTS:WARN File: /Users/chenhan/Desktop/Git/RXSDK/RXSDK-Harmony-Native/HmsSdk/src/main/ets/nearby/NearbyTransferService.ets:229:7
 The system capacity of this api 'gameNearbyTransfer' is not supported on all devices
[39m[39m
[33mWARN: [33m[33mArkTS:WARN File: /Users/chenhan/Desktop/Git/RXSDK/RXSDK-Harmony-Native/HmsSdk/src/main/ets/nearby/NearbyTransferService.ets:229:26
 The system capacity of this api 'on' is not supported on all devices
[39m[39m
[33mWARN: [33m[33mArkTS:WARN File: /Users/chenhan/Desktop/Git/RXSDK/RXSDK-Harmony-Native/HmsSdk/src/main/ets/nearby/NearbyTransferService.ets:231:41
 The system capacity of this api 'code' is not supported on all devices
[39m[39m
[33mWARN: [33m[33mArkTS:WARN File: /Users/chenhan/Desktop/Git/RXSDK/RXSDK-Harmony-Native/HmsSdk/src/main/ets/nearby/NearbyTransferService.ets:231:66
 The system capacity of this api 'message' is not supported on all devices
[39m[39m
[33mWARN: [33m[33mArkTS:WARN File: /Users/chenhan/Desktop/Git/RXSDK/RXSDK-Harmony-Native/HmsSdk/src/main/ets/nearby/NearbyTransferService.ets:249:7
 The system capacity of this api 'gameNearbyTransfer' is not supported on all devices
[39m[39m
[33mWARN: [33m[33mArkTS:WARN File: /Users/chenhan/Desktop/Git/RXSDK/RXSDK-Harmony-Native/HmsSdk/src/main/ets/nearby/NearbyTransferService.ets:249:26
 The system capacity of this api 'off' is not supported on all devices
[39m[39m
[33mWARN: [33m[33mArkTS:WARN File: /Users/chenhan/Desktop/Git/RXSDK/RXSDK-Harmony-Native/HmsSdk/src/main/ets/nearby/NearbyTransferService.ets:250:7
 The system capacity of this api 'gameNearbyTransfer' is not supported on all devices
[39m[39m
[33mWARN: [33m[33mArkTS:WARN File: /Users/chenhan/Desktop/Git/RXSDK/RXSDK-Harmony-Native/HmsSdk/src/main/ets/nearby/NearbyTransferService.ets:250:26
 The system capacity of this api 'off' is not supported on all devices
[39m[39m
[33mWARN: [33m[33mArkTS:WARN File: /Users/chenhan/Desktop/Git/RXSDK/RXSDK-Harmony-Native/HmsSdk/src/main/ets/nearby/NearbyTransferService.ets:251:7
 The system capacity of this api 'gameNearbyTransfer' is not supported on all devices
[39m[39m
[33mWARN: [33m[33mArkTS:WARN File: /Users/chenhan/Desktop/Git/RXSDK/RXSDK-Harmony-Native/HmsSdk/src/main/ets/nearby/NearbyTransferService.ets:251:26
 The system capacity of this api 'off' is not supported on all devices
[39m[39m
[33mWARN: [33m[33mArkTS:WARN File: /Users/chenhan/Desktop/Git/RXSDK/RXSDK-Harmony-Native/HmsSdk/src/main/ets/nearby/NearbyTransferService.ets:252:7
 The system capacity of this api 'gameNearbyTransfer' is not supported on all devices
[39m[39m
[33mWARN: [33m[33mArkTS:WARN File: /Users/chenhan/Desktop/Git/RXSDK/RXSDK-Harmony-Native/HmsSdk/src/main/ets/nearby/NearbyTransferService.ets:252:26
 The system capacity of this api 'off' is not supported on all devices
[39m[39m
[33mWARN: [33m[33mArkTS:WARN File: /Users/chenhan/Desktop/Git/RXSDK/RXSDK-Harmony-Native/HmsSdk/src/main/ets/nearby/NearbyTransferService.ets:253:7
 The system capacity of this api 'gameNearbyTransfer' is not supported on all devices
[39m[39m
[33mWARN: [33m[33mArkTS:WARN File: /Users/chenhan/Desktop/Git/RXSDK/RXSDK-Harmony-Native/HmsSdk/src/main/ets/nearby/NearbyTransferService.ets:253:26
 The system capacity of this api 'off' is not supported on all devices
[39m[39m
[33mWARN: [33m[33mArkTS:WARN File: /Users/chenhan/Desktop/Git/RXSDK/RXSDK-Harmony-Native/HmsSdk/src/main/ets/nearby/NearbyTransferService.ets:278:13
 The system capacity of this api 'gameNearbyTransfer' is not supported on all devices
[39m[39m
[33mWARN: [33m[33mArkTS:WARN File: /Users/chenhan/Desktop/Git/RXSDK/RXSDK-Harmony-Native/HmsSdk/src/main/ets/nearby/NearbyTransferService.ets:278:32
 The system capacity of this api 'publishNearbyGame' is not supported on all devices
[39m[39m
[33mWARN: [33m[33mArkTS:WARN File: /Users/chenhan/Desktop/Git/RXSDK/RXSDK-Harmony-Native/HmsSdk/src/main/ets/nearby/NearbyTransferService.ets:314:13
 The system capacity of this api 'gameNearbyTransfer' is not supported on all devices
[39m[39m
[33mWARN: [33m[33mArkTS:WARN File: /Users/chenhan/Desktop/Git/RXSDK/RXSDK-Harmony-Native/HmsSdk/src/main/ets/nearby/NearbyTransferService.ets:314:32
 The system capacity of this api 'autoBindNearbyGame' is not supported on all devices
[39m[39m
[33mWARN: [33m[33mArkTS:WARN File: /Users/chenhan/Desktop/Git/RXSDK/RXSDK-Harmony-Native/HmsSdk/src/main/ets/nearby/NearbyTransferService.ets:314:32
 To use this API, you need to apply for the permissions: ohos.permission.DISTRIBUTED_DATASYNC
[39m[39m
[33mWARN: [33m[33mArkTS:WARN File: /Users/chenhan/Desktop/Git/RXSDK/RXSDK-Harmony-Native/HmsSdk/src/main/ets/nearby/NearbyTransferService.ets:346:9
 The system capacity of this api 'gameNearbyTransfer' is not supported on all devices
[39m[39m
[33mWARN: [33m[33mArkTS:WARN File: /Users/chenhan/Desktop/Git/RXSDK/RXSDK-Harmony-Native/HmsSdk/src/main/ets/nearby/NearbyTransferService.ets:346:28
 The system capacity of this api 'off' is not supported on all devices
[39m[39m
[33mWARN: [33m[33mArkTS:WARN File: /Users/chenhan/Desktop/Git/RXSDK/RXSDK-Harmony-Native/HmsSdk/src/main/ets/nearby/NearbyTransferService.ets:347:9
 The system capacity of this api 'gameNearbyTransfer' is not supported on all devices
[39m[39m
[33mWARN: [33m[33mArkTS:WARN File: /Users/chenhan/Desktop/Git/RXSDK/RXSDK-Harmony-Native/HmsSdk/src/main/ets/nearby/NearbyTransferService.ets:347:28
 The system capacity of this api 'on' is not supported on all devices
[39m[39m
[33mWARN: [33m[33mArkTS:WARN File: /Users/chenhan/Desktop/Git/RXSDK/RXSDK-Harmony-Native/HmsSdk/src/main/ets/nearby/NearbyTransferService.ets:353:9
 The system capacity of this api 'gameNearbyTransfer' is not supported on all devices
[39m[39m
[33mWARN: [33m[33mArkTS:WARN File: /Users/chenhan/Desktop/Git/RXSDK/RXSDK-Harmony-Native/HmsSdk/src/main/ets/nearby/NearbyTransferService.ets:353:28
 The system capacity of this api 'discoveryNearbyGame' is not supported on all devices
[39m[39m
[33mWARN: [33m[33mArkTS:WARN File: /Users/chenhan/Desktop/Git/RXSDK/RXSDK-Harmony-Native/HmsSdk/src/main/ets/nearby/NearbyTransferService.ets:396:30
 The system capacity of this api 'deviceId' is not supported on all devices
[39m[39m
[33mWARN: [33m[33mArkTS:WARN File: /Users/chenhan/Desktop/Git/RXSDK/RXSDK-Harmony-Native/HmsSdk/src/main/ets/nearby/NearbyTransferService.ets:397:31
 The system capacity of this api 'networkId' is not supported on all devices
[39m[39m
[33mWARN: [33m[33mArkTS:WARN File: /Users/chenhan/Desktop/Git/RXSDK/RXSDK-Harmony-Native/HmsSdk/src/main/ets/nearby/NearbyTransferService.ets:405:13
 The system capacity of this api 'gameNearbyTransfer' is not supported on all devices
[39m[39m
[33mWARN: [33m[33mArkTS:WARN File: /Users/chenhan/Desktop/Git/RXSDK/RXSDK-Harmony-Native/HmsSdk/src/main/ets/nearby/NearbyTransferService.ets:405:32
 The system capacity of this api 'bindNearbyGame' is not supported on all devices
[39m[39m
[33mWARN: [33m[33mArkTS:WARN File: /Users/chenhan/Desktop/Git/RXSDK/RXSDK-Harmony-Native/HmsSdk/src/main/ets/nearby/NearbyTransferService.ets:405:32
 To use this API, you need to apply for the permissions: ohos.permission.DISTRIBUTED_DATASYNC
[39m[39m
[33mWARN: [33m[33mArkTS:WARN File: /Users/chenhan/Desktop/Git/RXSDK/RXSDK-Harmony-Native/HmsSdk/src/main/ets/nearby/NearbyTransferService.ets:438:7
 The system capacity of this api 'gameNearbyTransfer' is not supported on all devices
[39m[39m
[33mWARN: [33m[33mArkTS:WARN File: /Users/chenhan/Desktop/Git/RXSDK/RXSDK-Harmony-Native/HmsSdk/src/main/ets/nearby/NearbyTransferService.ets:438:26
 The system capacity of this api 'acceptCollaboration' is not supported on all devices
[39m[39m
[33mWARN: [33m[33mArkTS:WARN File: /Users/chenhan/Desktop/Git/RXSDK/RXSDK-Harmony-Native/HmsSdk/src/main/ets/nearby/NearbyTransferService.ets:438:26
 To use this API, you need to apply for the permissions: ohos.permission.DISTRIBUTED_DATASYNC
[39m[39m
[33mWARN: [33m[33mArkTS:WARN File: /Users/chenhan/Desktop/Git/RXSDK/RXSDK-Harmony-Native/HmsSdk/src/main/ets/nearby/NearbyTransferService.ets:477:13
 The system capacity of this api 'gameNearbyTransfer' is not supported on all devices
[39m[39m
[33mWARN: [33m[33mArkTS:WARN File: /Users/chenhan/Desktop/Git/RXSDK/RXSDK-Harmony-Native/HmsSdk/src/main/ets/nearby/NearbyTransferService.ets:477:32
 The system capacity of this api 'sendPackageInfo' is not supported on all devices
[39m[39m
[33mWARN: [33m[33mArkTS:WARN File: /Users/chenhan/Desktop/Git/RXSDK/RXSDK-Harmony-Native/HmsSdk/src/main/ets/nearby/NearbyTransferService.ets:477:32
 To use this API, you need to apply for the permissions: ohos.permission.DISTRIBUTED_DATASYNC
[39m[39m
[33mWARN: [33m[33mArkTS:WARN File: /Users/chenhan/Desktop/Git/RXSDK/RXSDK-Harmony-Native/HmsSdk/src/main/ets/nearby/NearbyTransferService.ets:507:13
 The system capacity of this api 'gameNearbyTransfer' is not supported on all devices
[39m[39m
[33mWARN: [33m[33mArkTS:WARN File: /Users/chenhan/Desktop/Git/RXSDK/RXSDK-Harmony-Native/HmsSdk/src/main/ets/nearby/NearbyTransferService.ets:507:32
 The system capacity of this api 'replyPackageInfoResult' is not supported on all devices
[39m[39m
[33mWARN: [33m[33mArkTS:WARN File: /Users/chenhan/Desktop/Git/RXSDK/RXSDK-Harmony-Native/HmsSdk/src/main/ets/nearby/NearbyTransferService.ets:507:32
 To use this API, you need to apply for the permissions: ohos.permission.DISTRIBUTED_DATASYNC
[39m[39m
[33mWARN: [33m[33mArkTS:WARN File: /Users/chenhan/Desktop/Git/RXSDK/RXSDK-Harmony-Native/HmsSdk/src/main/ets/nearby/NearbyTransferService.ets:549:13
 The system capacity of this api 'gameNearbyTransfer' is not supported on all devices
[39m[39m
[33mWARN: [33m[33mArkTS:WARN File: /Users/chenhan/Desktop/Git/RXSDK/RXSDK-Harmony-Native/HmsSdk/src/main/ets/nearby/NearbyTransferService.ets:549:32
 The system capacity of this api 'transferPackageData' is not supported on all devices
[39m[39m
[33mWARN: [33m[33mArkTS:WARN File: /Users/chenhan/Desktop/Git/RXSDK/RXSDK-Harmony-Native/HmsSdk/src/main/ets/nearby/NearbyTransferService.ets:549:32
 To use this API, you need to apply for the permissions: ohos.permission.DISTRIBUTED_DATASYNC
[39m[39m
[33mWARN: [33m[33mArkTS:WARN File: /Users/chenhan/Desktop/Git/RXSDK/RXSDK-Harmony-Native/HmsSdk/src/main/ets/nearby/NearbyTransferService.ets:582:13
 The system capacity of this api 'gameNearbyTransfer' is not supported on all devices
[39m[39m
[33mWARN: [33m[33mArkTS:WARN File: /Users/chenhan/Desktop/Git/RXSDK/RXSDK-Harmony-Native/HmsSdk/src/main/ets/nearby/NearbyTransferService.ets:582:32
 The system capacity of this api 'destroy' is not supported on all devices
[39m[39m
[33mWARN: [33m[33mArkTS:WARN File: /Users/chenhan/Desktop/Git/RXSDK/RXSDK-Harmony-Native/HmsSdk/src/main/ets/nearby/NearbyHandler.ets:29:5
 Function may throw exceptions. Special handling is required.
[39m[39m
[33mWARN: [33m[33mArkTS:WARN File: /Users/chenhan/Desktop/Git/RXSDK/RXSDK-Harmony-Native/HmsSdk/src/main/ets/sdk/RXApi.ets:330:29
 'getContext' has been deprecated.
[39m[39m
[33mWARN: [33m[33mArkTS:WARN File: /Users/chenhan/Desktop/Git/RXSDK/RXSDK-Harmony-Native/HmsSdk/src/main/ets/sdk/RXApi.ets:353:37
 'getContext' has been deprecated.
[39m[39m
[33mWARN: [33m[33mArkTS:WARN File: /Users/chenhan/Desktop/Git/RXSDK/RXSDK-Harmony-Native/HmsSdk/src/main/ets/sdk/SDKManager.ets:83:7
 Function may throw exceptions. Special handling is required.
[39m[39m
[33mWARN: [33m[33mArkTS:WARN File: /Users/chenhan/Desktop/Git/RXSDK/RXSDK-Harmony-Native/HmsSdk/src/main/ets/base/HmsPay.ts:54:22
 The system capacity of this api 'productId' is not supported on all devices
[39m[39m
[33mWARN: [33m[33mArkTS:WARN File: /Users/chenhan/Desktop/Git/RXSDK/RXSDK-Harmony-Native/HmsSdk/src/main/ets/base/HmsPay.ts:55:22
 The system capacity of this api 'productType' is not supported on all devices
[39m[39m
[33mWARN: [33m[33mArkTS:WARN File: /Users/chenhan/Desktop/Git/RXSDK/RXSDK-Harmony-Native/HmsSdk/src/main/ets/base/HmsPay.ts:55:38
 The system capacity of this api 'iap' is not supported on all devices
[39m[39m
[33mWARN: [33m[33mArkTS:WARN File: /Users/chenhan/Desktop/Git/RXSDK/RXSDK-Harmony-Native/HmsSdk/src/main/ets/base/HmsPay.ts:55:42
 The system capacity of this api 'ProductType' is not supported on all devices
[39m[39m
[33mWARN: [33m[33mArkTS:WARN File: /Users/chenhan/Desktop/Git/RXSDK/RXSDK-Harmony-Native/HmsSdk/src/main/ets/base/HmsPay.ts:55:54
 The system capacity of this api 'CONSUMABLE' is not supported on all devices
[39m[39m
[33mWARN: [33m[33mArkTS:WARN File: /Users/chenhan/Desktop/Git/RXSDK/RXSDK-Harmony-Native/HmsSdk/src/main/ets/base/HmsPay.ts:56:22
 The system capacity of this api 'developerPayload' is not supported on all devices
[39m[39m
[33mWARN: [33m[33mArkTS:WARN File: /Users/chenhan/Desktop/Git/RXSDK/RXSDK-Harmony-Native/HmsSdk/src/main/ets/base/HmsPay.ts:57:22
 The system capacity of this api 'reservedInfo' is not supported on all devices
[39m[39m
[33mWARN: [33m[33mArkTS:WARN File: /Users/chenhan/Desktop/Git/RXSDK/RXSDK-Harmony-Native/HmsSdk/src/main/ets/base/HmsPay.ts:60:60
 The system capacity of this api 'iap' is not supported on all devices
[39m[39m
[33mWARN: [33m[33mArkTS:WARN File: /Users/chenhan/Desktop/Git/RXSDK/RXSDK-Harmony-Native/HmsSdk/src/main/ets/base/HmsPay.ts:60:64
 The system capacity of this api 'createPurchase' is not supported on all devices
[39m[39m
[33mWARN: [33m[33mArkTS:WARN File: /Users/chenhan/Desktop/Git/RXSDK/RXSDK-Harmony-Native/HmsSdk/src/main/ets/base/HmsPay.ts:61:54
 The system capacity of this api 'purchaseData' is not supported on all devices
[39m[39m
[33mWARN: [33m[33mArkTS:WARN File: /Users/chenhan/Desktop/Git/RXSDK/RXSDK-Harmony-Native/HmsSdk/src/main/ets/base/HmsPay.ts:81:24
 The system capacity of this api 'iap' is not supported on all devices
[39m[39m
[33mWARN: [33m[33mArkTS:WARN File: /Users/chenhan/Desktop/Git/RXSDK/RXSDK-Harmony-Native/HmsSdk/src/main/ets/base/HmsPay.ts:81:28
 The system capacity of this api 'IAPErrorCode' is not supported on all devices
[39m[39m
[33mWARN: [33m[33mArkTS:WARN File: /Users/chenhan/Desktop/Git/RXSDK/RXSDK-Harmony-Native/HmsSdk/src/main/ets/base/HmsPay.ts:81:41
 The system capacity of this api 'PRODUCT_OWNED' is not supported on all devices
[39m[39m
[33mWARN: [33m[33mArkTS:WARN File: /Users/chenhan/Desktop/Git/RXSDK/RXSDK-Harmony-Native/HmsSdk/src/main/ets/base/HmsPay.ts:81:71
 The system capacity of this api 'iap' is not supported on all devices
[39m[39m
[33mWARN: [33m[33mArkTS:WARN File: /Users/chenhan/Desktop/Git/RXSDK/RXSDK-Harmony-Native/HmsSdk/src/main/ets/base/HmsPay.ts:81:75
 The system capacity of this api 'IAPErrorCode' is not supported on all devices
[39m[39m
[33mWARN: [33m[33mArkTS:WARN File: /Users/chenhan/Desktop/Git/RXSDK/RXSDK-Harmony-Native/HmsSdk/src/main/ets/base/HmsPay.ts:81:88
 The system capacity of this api 'SYSTEM_ERROR' is not supported on all devices
[39m[39m
[33mWARN: [33m[33mArkTS:WARN File: /Users/chenhan/Desktop/Git/RXSDK/RXSDK-Harmony-Native/HmsSdk/src/main/ets/base/HmsPay.ts:83:24
 The system capacity of this api 'iap' is not supported on all devices
[39m[39m
[33mWARN: [33m[33mArkTS:WARN File: /Users/chenhan/Desktop/Git/RXSDK/RXSDK-Harmony-Native/HmsSdk/src/main/ets/base/HmsPay.ts:83:28
 The system capacity of this api 'ProductType' is not supported on all devices
[39m[39m
[33mWARN: [33m[33mArkTS:WARN File: /Users/chenhan/Desktop/Git/RXSDK/RXSDK-Harmony-Native/HmsSdk/src/main/ets/base/HmsPay.ts:83:40
 The system capacity of this api 'CONSUMABLE' is not supported on all devices
[39m[39m
[33mWARN: [33m[33mArkTS:WARN File: /Users/chenhan/Desktop/Git/RXSDK/RXSDK-Harmony-Native/HmsSdk/src/main/ets/base/HmsPay.ts:104:11
 The system capacity of this api 'iap' is not supported on all devices
[39m[39m
[33mWARN: [33m[33mArkTS:WARN File: /Users/chenhan/Desktop/Git/RXSDK/RXSDK-Harmony-Native/HmsSdk/src/main/ets/base/HmsPay.ts:104:11
 Function may throw exceptions. Special handling is required.
[39m[39m
[33mWARN: [33m[33mArkTS:WARN File: /Users/chenhan/Desktop/Git/RXSDK/RXSDK-Harmony-Native/HmsSdk/src/main/ets/base/HmsPay.ts:104:15
 The system capacity of this api 'queryEnvironmentStatus' is not supported on all devices
[39m[39m
[33mWARN: [33m[33mArkTS:WARN File: /Users/chenhan/Desktop/Git/RXSDK/RXSDK-Harmony-Native/HmsSdk/src/main/ets/base/HmsPay.ts:107:20
 The system capacity of this api 'iap' is not supported on all devices
[39m[39m
[33mWARN: [33m[33mArkTS:WARN File: /Users/chenhan/Desktop/Git/RXSDK/RXSDK-Harmony-Native/HmsSdk/src/main/ets/base/HmsPay.ts:107:24
 The system capacity of this api 'ProductType' is not supported on all devices
[39m[39m
[33mWARN: [33m[33mArkTS:WARN File: /Users/chenhan/Desktop/Git/RXSDK/RXSDK-Harmony-Native/HmsSdk/src/main/ets/base/HmsPay.ts:107:36
 The system capacity of this api 'CONSUMABLE' is not supported on all devices
[39m[39m
[33mWARN: [33m[33mArkTS:WARN File: /Users/chenhan/Desktop/Git/RXSDK/RXSDK-Harmony-Native/HmsSdk/src/main/ets/base/HmsPay.ts:113:13
 The system capacity of this api 'productType' is not supported on all devices
[39m[39m
[33mWARN: [33m[33mArkTS:WARN File: /Users/chenhan/Desktop/Git/RXSDK/RXSDK-Harmony-Native/HmsSdk/src/main/ets/base/HmsPay.ts:113:29
 The system capacity of this api 'iap' is not supported on all devices
[39m[39m
[33mWARN: [33m[33mArkTS:WARN File: /Users/chenhan/Desktop/Git/RXSDK/RXSDK-Harmony-Native/HmsSdk/src/main/ets/base/HmsPay.ts:113:33
 The system capacity of this api 'ProductType' is not supported on all devices
[39m[39m
[33mWARN: [33m[33mArkTS:WARN File: /Users/chenhan/Desktop/Git/RXSDK/RXSDK-Harmony-Native/HmsSdk/src/main/ets/base/HmsPay.ts:113:45
 The system capacity of this api 'CONSUMABLE' is not supported on all devices
[39m[39m
[33mWARN: [33m[33mArkTS:WARN File: /Users/chenhan/Desktop/Git/RXSDK/RXSDK-Harmony-Native/HmsSdk/src/main/ets/base/HmsPay.ts:114:13
 The system capacity of this api 'queryType' is not supported on all devices
[39m[39m
[33mWARN: [33m[33mArkTS:WARN File: /Users/chenhan/Desktop/Git/RXSDK/RXSDK-Harmony-Native/HmsSdk/src/main/ets/base/HmsPay.ts:114:27
 The system capacity of this api 'iap' is not supported on all devices
[39m[39m
[33mWARN: [33m[33mArkTS:WARN File: /Users/chenhan/Desktop/Git/RXSDK/RXSDK-Harmony-Native/HmsSdk/src/main/ets/base/HmsPay.ts:114:31
 The system capacity of this api 'PurchaseQueryType' is not supported on all devices
[39m[39m
[33mWARN: [33m[33mArkTS:WARN File: /Users/chenhan/Desktop/Git/RXSDK/RXSDK-Harmony-Native/HmsSdk/src/main/ets/base/HmsPay.ts:114:49
 The system capacity of this api 'UNFINISHED' is not supported on all devices
[39m[39m
[33mWARN: [33m[33mArkTS:WARN File: /Users/chenhan/Desktop/Git/RXSDK/RXSDK-Harmony-Native/HmsSdk/src/main/ets/base/HmsPay.ts:120:50
 The system capacity of this api 'iap' is not supported on all devices
[39m[39m
[33mWARN: [33m[33mArkTS:WARN File: /Users/chenhan/Desktop/Git/RXSDK/RXSDK-Harmony-Native/HmsSdk/src/main/ets/base/HmsPay.ts:120:54
 The system capacity of this api 'queryPurchases' is not supported on all devices
[39m[39m
[33mWARN: [33m[33mArkTS:WARN File: /Users/chenhan/Desktop/Git/RXSDK/RXSDK-Harmony-Native/HmsSdk/src/main/ets/base/HmsPay.ts:121:36
 The system capacity of this api 'purchaseDataList' is not supported on all devices
[39m[39m
[33mWARN: [33m[33mArkTS:WARN File: /Users/chenhan/Desktop/Git/RXSDK/RXSDK-Harmony-Native/HmsSdk/src/main/ets/base/HmsPay.ts:162:13
 The system capacity of this api 'iap' is not supported on all devices
[39m[39m
[33mWARN: [33m[33mArkTS:WARN File: /Users/chenhan/Desktop/Git/RXSDK/RXSDK-Harmony-Native/HmsSdk/src/main/ets/base/HmsPay.ts:162:17
 The system capacity of this api 'finishPurchase' is not supported on all devices
[39m[39m
[33mWARN: [33m[33mArkTS:WARN File: /Users/chenhan/Desktop/Git/RXSDK/RXSDK-Harmony-Native/HmsSdk/src/main/ets/base/PushManager.ets:106:26
 The system capacity of this api 'pushService' is not supported on all devices
[39m[39m
[33mWARN: [33m[33mArkTS:WARN File: /Users/chenhan/Desktop/Git/RXSDK/RXSDK-Harmony-Native/HmsSdk/src/main/ets/base/PushManager.ets:106:26
 Function may throw exceptions. Special handling is required.
[39m[39m
[33mWARN: [33m[33mArkTS:WARN File: /Users/chenhan/Desktop/Git/RXSDK/RXSDK-Harmony-Native/HmsSdk/src/main/ets/base/PushManager.ets:106:38
 The system capacity of this api 'getToken' is not supported on all devices
[39m[39m
[33mWARN: [33m[33mArkTS:WARN File: /Users/chenhan/Desktop/Git/RXSDK/RXSDK-Harmony-Native/HmsSdk/src/main/ets/base/PushManager.ets:157:9
 The system capacity of this api 'pushService' is not supported on all devices
[39m[39m
[33mWARN: [33m[33mArkTS:WARN File: /Users/chenhan/Desktop/Git/RXSDK/RXSDK-Harmony-Native/HmsSdk/src/main/ets/base/PushManager.ets:157:21
 The system capacity of this api 'deleteToken' is not supported on all devices
[39m[39m
[33mWARN: [33m[33mArkTS:WARN File: /Users/chenhan/Desktop/Git/RXSDK/RXSDK-Harmony-Native/HmsSdk/src/main/ets/base/PushManager.ets:169:7
 The system capacity of this api 'pushService' is not supported on all devices
[39m[39m
[33mWARN: [33m[33mArkTS:WARN File: /Users/chenhan/Desktop/Git/RXSDK/RXSDK-Harmony-Native/HmsSdk/src/main/ets/base/PushManager.ets:169:19
 The system capacity of this api 'bindAppProfileId' is not supported on all devices
[39m[39m
[33mWARN: [33m[33mArkTS:WARN File: /Users/chenhan/Desktop/Git/RXSDK/RXSDK-Harmony-Native/HmsSdk/src/main/ets/base/PushManager.ets:169:36
 The system capacity of this api 'pushCommon' is not supported on all devices
[39m[39m
[33mWARN: [33m[33mArkTS:WARN File: /Users/chenhan/Desktop/Git/RXSDK/RXSDK-Harmony-Native/HmsSdk/src/main/ets/base/PushManager.ets:169:47
 The system capacity of this api 'AppProfileType' is not supported on all devices
[39m[39m
[33mWARN: [33m[33mArkTS:WARN File: /Users/chenhan/Desktop/Git/RXSDK/RXSDK-Harmony-Native/HmsSdk/src/main/ets/base/PushManager.ets:169:62
 The system capacity of this api 'PROFILE_TYPE_APPLICATION_ACCOUNT' is not supported on all devices
[39m[39m
[33mWARN: [33m[33mArkTS:WARN File: /Users/chenhan/Desktop/Git/RXSDK/RXSDK-Harmony-Native/HmsSdk/src/main/ets/base/PushManager.ets:179:7
 The system capacity of this api 'pushService' is not supported on all devices
[39m[39m
[33mWARN: [33m[33mArkTS:WARN File: /Users/chenhan/Desktop/Git/RXSDK/RXSDK-Harmony-Native/HmsSdk/src/main/ets/base/PushManager.ets:179:19
 The system capacity of this api 'unbindAppProfileId' is not supported on all devices
[39m[39m
[33mWARN: [33m[33mArkTS:WARN File: /Users/chenhan/Desktop/Git/RXSDK/RXSDK-Harmony-Native/HmsSdk/src/main/ets/utils/App.ets:28:12
 'getContext' has been deprecated.
[39m[39m
[33mWARN: [33m[33mArkTS:WARN File: /Users/chenhan/Desktop/Git/RXSDK/RXSDK-Harmony-Native/HmsSdk/src/main/ets/utils/App.ets:44:12
 'getContext' has been deprecated.
[39m[39m
[33mWARN: [33m[33mArkTS:WARN File: /Users/chenhan/Desktop/Git/RXSDK/RXSDK-Harmony-Native/HmsSdk/src/main/ets/utils/App.ets:62:14
 Function may throw exceptions. Special handling is required.
[39m[39m
[33mWARN: [33m[33mArkTS:WARN File: /Users/chenhan/Desktop/Git/RXSDK/RXSDK-Harmony-Native/HmsSdk/src/main/ets/utils/App.ets:64:14
 Function may throw exceptions. Special handling is required.
[39m[39m
[33mWARN: [33m[33mArkTS:WARN File: /Users/chenhan/Desktop/Git/RXSDK/RXSDK-Harmony-Native/HmsSdk/src/main/ets/utils/App.ets:185:19
 Function may throw exceptions. Special handling is required.
[39m[39m
[33mWARN: [33m[33mArkTS:WARN File: /Users/chenhan/Desktop/Git/RXSDK/RXSDK-Harmony-Native/HmsSdk/src/main/ets/pages/RealNameDialog.ets:83:7
 Function may throw exceptions. Special handling is required.
[39m[39m
[33mWARN: [33m[33mArkTS:WARN File: /Users/chenhan/Desktop/Git/RXSDK/RXSDK-Harmony-Native/HmsSdk/src/main/ets/pages/RealNameDialog.ets:116:7
 Function may throw exceptions. Special handling is required.
[39m[39m
[33mWARN: [33m[33mArkTS:WARN File: /Users/chenhan/Desktop/Git/RXSDK/RXSDK-Harmony-Native/HmsSdk/src/main/ets/pages/RealNameDialog.ets:132:7
 Function may throw exceptions. Special handling is required.
[39m[39m
[33mWARN: [33m[33mArkTS:WARN File: /Users/chenhan/Desktop/Git/RXSDK/RXSDK-Harmony-Native/HmsSdk/src/main/ets/pages/CountDownComponent.ets:77:26
 'showToast' has been deprecated.
[39m[39m
[33mWARN: [33m[33mArkTS:WARN File: /Users/chenhan/Desktop/Git/RXSDK/RXSDK-Harmony-Native/HmsSdk/src/main/ets/pages/CountDownComponent.ets:79:26
 'showToast' has been deprecated.
[39m[39m
[33mWARN: [33m[33mArkTS:WARN File: /Users/chenhan/Desktop/Git/RXSDK/RXSDK-Harmony-Native/HmsSdk/src/main/ets/pages/CountDownComponent.ets:82:24
 'showToast' has been deprecated.
[39m[39m
[33mWARN: [33m[33mArkTS:WARN File: /Users/chenhan/Desktop/Git/RXSDK/RXSDK-Harmony-Native/HmsSdk/src/main/ets/pages/LoginComponent2.ets:478:23
 'animateTo' has been deprecated.
[39m[39m
[33mWARN: [33m[33mArkTS:WARN File: /Users/chenhan/Desktop/Git/RXSDK/RXSDK-Harmony-Native/HmsSdk/src/main/ets/pages/ChangePasswordComponent.ets:136:28
 'showToast' has been deprecated.
[39m[39m
[33mWARN: [33m[33mArkTS:WARN File: /Users/chenhan/Desktop/Git/RXSDK/RXSDK-Harmony-Native/HmsSdk/src/main/ets/pages/ChangePasswordComponent.ets:141:26
 'showToast' has been deprecated.
[39m[39m
[33mWARN: [33m[33mArkTS:WARN File: /Users/chenhan/Desktop/Git/RXSDK/RXSDK-Harmony-Native/HmsSdk/src/main/ets/pages/WebViewComponent.ets:347:7
 Function may throw exceptions. Special handling is required.
[39m[39m
[33mWARN: [33m[33mArkTS:WARN File: /Users/chenhan/Desktop/Git/RXSDK/RXSDK-Harmony-Native/HmsSdk/src/main/ets/pages/WebViewComponent.ets:399:43
 Function may throw exceptions. Special handling is required.
[39m[39m
[33mWARN: [33m[33mArkTS:WARN File: /Users/chenhan/Desktop/Git/RXSDK/RXSDK-Harmony-Native/HmsSdk/src/main/ets/pages/WebViewComponent.ets:402:24
 Function may throw exceptions. Special handling is required.
[39m[39m
[33mWARN: [33m[33mArkTS:WARN File: /Users/chenhan/Desktop/Git/RXSDK/RXSDK-Harmony-Native/HmsSdk/src/main/ets/pages/UserCenterComponent.ets:31:24
 Function may throw exceptions. Special handling is required.
[39m[39m
[33mWARN: [33m[33mArkTS:WARN File: /Users/chenhan/Desktop/Git/RXSDK/RXSDK-Harmony-Native/HmsSdk/src/main/ets/pages/FeedbackComponent.ets:108:47
 'getContext' has been deprecated.
[39m[39m
[33mWARN: [33m[33mArkTS:WARN File: /Users/chenhan/Desktop/Git/RXSDK/RXSDK-Harmony-Native/HmsSdk/src/main/ets/pages/FeedbackComponent.ets:121:31
 The system capacity of this api 'filePreview' is not supported on all devices
[39m[39m
[33mWARN: [33m[33mArkTS:WARN File: /Users/chenhan/Desktop/Git/RXSDK/RXSDK-Harmony-Native/HmsSdk/src/main/ets/pages/FeedbackComponent.ets:121:43
 The system capacity of this api 'openPreview' is not supported on all devices
[39m[39m
[33mWARN: [33m[33mArkTS:WARN File: /Users/chenhan/Desktop/Git/RXSDK/RXSDK-Harmony-Native/HmsSdk/src/main/ets/pages/FeedbackDialog.ets:44:38
 'getContext' has been deprecated.
[39m[39m
[33mWARN: [33m[33mArkTS:WARN File: /Users/chenhan/Desktop/Git/RXSDK/RXSDK-Harmony-Native/HmsSdk/src/main/ets/pages/FeedbackDialog.ets:54:22
 'showToast' has been deprecated.
[39m[39m
[33mWARN: [33m[33mArkTS:WARN File: /Users/chenhan/Desktop/Git/RXSDK/RXSDK-Harmony-Native/HmsSdk/src/main/ets/pages/FeedbackDialog.ets:57:22
 'showToast' has been deprecated.
[39m[39m
[33mWARN: [33m[33mArkTS:WARN File: /Users/chenhan/Desktop/Git/RXSDK/RXSDK-Harmony-Native/HmsSdk/src/main/ets/pages/CaptchaVerifyComponent.ets:87:43
 Function may throw exceptions. Special handling is required.
[39m[39m
[33mWARN: [33m[33mArkTS:WARN File: /Users/chenhan/Desktop/Git/RXSDK/RXSDK-Harmony-Native/HmsSdk/src/main/ets/pages/CaptchaVerifyComponent.ets:90:24
 Function may throw exceptions. Special handling is required.
[39m[39m
[33mWARN: [33m[33mArkTS:WARN File: /Users/chenhan/Desktop/Git/RXSDK/RXSDK-Harmony-Native/HmsSdk/src/main/ets/pages/UserAgreementDialog.ets:38:31
 'getContext' has been deprecated.
[39m[39m
[33mWARN: [33m[33mArkTS:WARN File: /Users/chenhan/Desktop/Git/RXSDK/RXSDK-Harmony-Native/HmsSdk/src/main/ets/api/RXApiImpl.ets:226:27
 'getContext' has been deprecated.
[39m[39m
[33mWARN: [33m[33mArkTS:WARN File: /Users/chenhan/Desktop/Git/RXSDK/RXSDK-Harmony-Native/HmsSdk/src/main/ets/api/RXApiImpl.ets:239:45
 'getContext' has been deprecated.
[39m[39m
[33mWARN: [33m[33mArkTS:WARN File: /Users/chenhan/Desktop/Git/RXSDK/RXSDK-Harmony-Native/HmsSdk/src/main/ets/api/RXApiImpl.ets:290:19
 The system capacity of this api 'accountName' is not supported on all devices
[39m[39m
[33mWARN: [33m[33mArkTS:WARN File: /Users/chenhan/Desktop/Git/RXSDK/RXSDK-Harmony-Native/HmsSdk/src/main/ets/api/RXApiImpl.ets:308:20
 The system capacity of this api 'needBinding' is not supported on all devices
[39m[39m
[33mWARN: [33m[33mArkTS:WARN File: /Users/chenhan/Desktop/Git/RXSDK/RXSDK-Harmony-Native/HmsSdk/src/main/ets/api/RXApiImpl.ets:308:43
 The system capacity of this api 'boundPlayerInfo' is not supported on all devices
[39m[39m
[33mWARN: [33m[33mArkTS:WARN File: /Users/chenhan/Desktop/Git/RXSDK/RXSDK-Harmony-Native/HmsSdk/src/main/ets/api/RXApiImpl.ets:308:60
 The system capacity of this api 'thirdOpenId' is not supported on all devices
[39m[39m
[33mWARN: [33m[33mArkTS:WARN File: /Users/chenhan/Desktop/Git/RXSDK/RXSDK-Harmony-Native/HmsSdk/src/main/ets/api/RXApiImpl.ets:311:28
 The system capacity of this api 'authorizationCode' is not supported on all devices
[39m[39m
[33mWARN: [33m[33mArkTS:WARN File: /Users/chenhan/Desktop/Git/RXSDK/RXSDK-Harmony-Native/HmsSdk/src/main/ets/api/RXApiImpl.ets:312:30
 The system capacity of this api 'authorizedScopes' is not supported on all devices
[39m[39m
[33mWARN: [33m[33mArkTS:WARN File: /Users/chenhan/Desktop/Git/RXSDK/RXSDK-Harmony-Native/HmsSdk/src/main/ets/api/RXApiImpl.ets:321:56
 The system capacity of this api 'boundPlayerInfo' is not supported on all devices
[39m[39m
[33mWARN: [33m[33mArkTS:WARN File: /Users/chenhan/Desktop/Git/RXSDK/RXSDK-Harmony-Native/HmsSdk/src/main/ets/api/RXApiImpl.ets:321:73
 The system capacity of this api 'thirdOpenId' is not supported on all devices
[39m[39m
[33mWARN: [33m[33mArkTS:WARN File: /Users/chenhan/Desktop/Git/RXSDK/RXSDK-Harmony-Native/HmsSdk/src/main/ets/api/RXApiImpl.ets:321:95
 The system capacity of this api 'localPlayer' is not supported on all devices
[39m[39m
[33mWARN: [33m[33mArkTS:WARN File: /Users/chenhan/Desktop/Git/RXSDK/RXSDK-Harmony-Native/HmsSdk/src/main/ets/api/RXApiImpl.ets:321:108
 The system capacity of this api 'teamPlayerId' is not supported on all devices
[39m[39m
[33mWARN: [33m[33mArkTS:WARN File: /Users/chenhan/Desktop/Git/RXSDK/RXSDK-Harmony-Native/HmsSdk/src/main/ets/api/RXApiImpl.ets:322:55
 The system capacity of this api 'boundPlayerInfo' is not supported on all devices
[39m[39m
[33mWARN: [33m[33mArkTS:WARN File: /Users/chenhan/Desktop/Git/RXSDK/RXSDK-Harmony-Native/HmsSdk/src/main/ets/api/RXApiImpl.ets:322:72
 The system capacity of this api 'thirdOpenId' is not supported on all devices
[39m[39m
[33mWARN: [33m[33mArkTS:WARN File: /Users/chenhan/Desktop/Git/RXSDK/RXSDK-Harmony-Native/HmsSdk/src/main/ets/api/RXApiImpl.ets:322:107
 The system capacity of this api 'localPlayer' is not supported on all devices
[39m[39m
[33mWARN: [33m[33mArkTS:WARN File: /Users/chenhan/Desktop/Git/RXSDK/RXSDK-Harmony-Native/HmsSdk/src/main/ets/api/RXApiImpl.ets:322:120
 The system capacity of this api 'teamPlayerId' is not supported on all devices
[39m[39m
[33mWARN: [33m[33mArkTS:WARN File: /Users/chenhan/Desktop/Git/RXSDK/RXSDK-Harmony-Native/HmsSdk/src/main/ets/api/RXApiImpl.ets:323:11
 The system capacity of this api 'gamePlayer' is not supported on all devices
[39m[39m
[33mWARN: [33m[33mArkTS:WARN File: /Users/chenhan/Desktop/Git/RXSDK/RXSDK-Harmony-Native/HmsSdk/src/main/ets/api/RXApiImpl.ets:323:22
 The system capacity of this api 'unbindPlayer' is not supported on all devices
[39m[39m
[33mWARN: [33m[33mArkTS:WARN File: /Users/chenhan/Desktop/Git/RXSDK/RXSDK-Harmony-Native/HmsSdk/src/main/ets/api/RXApiImpl.ets:323:88
 The system capacity of this api 'boundPlayerInfo' is not supported on all devices
[39m[39m
[33mWARN: [33m[33mArkTS:WARN File: /Users/chenhan/Desktop/Git/RXSDK/RXSDK-Harmony-Native/HmsSdk/src/main/ets/api/RXApiImpl.ets:323:105
 The system capacity of this api 'thirdOpenId' is not supported on all devices
[39m[39m
[33mWARN: [33m[33mArkTS:WARN File: /Users/chenhan/Desktop/Git/RXSDK/RXSDK-Harmony-Native/HmsSdk/src/main/ets/api/RXApiImpl.ets:323:125
 The system capacity of this api 'localPlayer' is not supported on all devices
[39m[39m
[33mWARN: [33m[33mArkTS:WARN File: /Users/chenhan/Desktop/Git/RXSDK/RXSDK-Harmony-Native/HmsSdk/src/main/ets/api/RXApiImpl.ets:323:138
 The system capacity of this api 'teamPlayerId' is not supported on all devices
[39m[39m
[33mWARN: [33m[33mArkTS:WARN File: /Users/chenhan/Desktop/Git/RXSDK/RXSDK-Harmony-Native/HmsSdk/src/main/ets/api/RXApiImpl.ets:327:22
 The system capacity of this api 'needBinding' is not supported on all devices
[39m[39m
[33mWARN: [33m[33mArkTS:WARN File: /Users/chenhan/Desktop/Git/RXSDK/RXSDK-Harmony-Native/HmsSdk/src/main/ets/api/RXApiImpl.ets:327:45
 The system capacity of this api 'boundPlayerInfo' is not supported on all devices
[39m[39m
[33mWARN: [33m[33mArkTS:WARN File: /Users/chenhan/Desktop/Git/RXSDK/RXSDK-Harmony-Native/HmsSdk/src/main/ets/api/RXApiImpl.ets:327:62
 The system capacity of this api 'thirdOpenId' is not supported on all devices
[39m[39m
[33mWARN: [33m[33mArkTS:WARN File: /Users/chenhan/Desktop/Git/RXSDK/RXSDK-Harmony-Native/HmsSdk/src/main/ets/api/RXApiImpl.ets:329:19
 The system capacity of this api 'gamePlayer' is not supported on all devices
[39m[39m
[33mWARN: [33m[33mArkTS:WARN File: /Users/chenhan/Desktop/Git/RXSDK/RXSDK-Harmony-Native/HmsSdk/src/main/ets/api/RXApiImpl.ets:329:30
 The system capacity of this api 'bindPlayer' is not supported on all devices
[39m[39m
[33mWARN: [33m[33mArkTS:WARN File: /Users/chenhan/Desktop/Git/RXSDK/RXSDK-Harmony-Native/HmsSdk/src/main/ets/api/RXApiImpl.ets:333:40
 The system capacity of this api 'needBinding' is not supported on all devices
[39m[39m
[33mWARN: [33m[33mArkTS:WARN File: /Users/chenhan/Desktop/Git/RXSDK/RXSDK-Harmony-Native/HmsSdk/src/main/ets/demo/Demo.ets:87:20
 Function may throw exceptions. Special handling is required.
[39m[39m
[33mWARN: [33m[33mArkTS:WARN File: /Users/chenhan/Desktop/Git/RXSDK/RXSDK-Harmony-Native/HmsSdk/src/main/ets/demo/Demo.ets:108:25
 'getContext' has been deprecated.
[39m[39m
[33mWARN: [33m[33mArkTS:WARN File: /Users/chenhan/Desktop/Git/RXSDK/RXSDK-Harmony-Native/HmsSdk/src/main/ets/demo/Demo.ets:135:22
 'showToast' has been deprecated.
[39m[39m
[33mWARN: [33m[33mArkTS:WARN File: /Users/chenhan/Desktop/Git/RXSDK/RXSDK-Harmony-Native/HmsSdk/src/main/ets/demo/Demo.ets:203:30
 'showToast' has been deprecated.
[39m[39m
[33mWARN: [33m[33mArkTS:WARN File: /Users/chenhan/Desktop/Git/RXSDK/RXSDK-Harmony-Native/HmsSdk/src/main/ets/demo/Demo.ets:211:30
 'showToast' has been deprecated.
[39m[39m
[33mWARN: [33m[33mArkTS:WARN File: /Users/chenhan/Desktop/Git/RXSDK/RXSDK-Harmony-Native/HmsSdk/src/main/ets/demo/Demo.ets:221:30
 'showToast' has been deprecated.
[39m[39m
[33mWARN: [33m[33mArkTS:WARN File: /Users/chenhan/Desktop/Git/RXSDK/RXSDK-Harmony-Native/HmsSdk/src/main/ets/demo/Demo.ets:286:63
 'getContext' has been deprecated.
[39m[39m
[33mWARN: [33m[33mArkTS:WARN File: /Users/chenhan/Desktop/Git/RXSDK/RXSDK-Harmony-Native/HmsSdk/src/main/ets/demo/Demo.ets:293:37
 'getContext' has been deprecated.
[39m[39m
[33mWARN: [33m[33mArkTS:WARN File: /Users/chenhan/Desktop/Git/RXSDK/RXSDK-Harmony-Native/HmsSdk/src/main/ets/demo/Demo.ets:308:37
 'getContext' has been deprecated.
[39m[39m
[33mWARN: [33m[33mArkTS:WARN File: /Users/chenhan/Desktop/Git/RXSDK/RXSDK-Harmony-Native/HmsSdk/src/main/ets/demo/Demo.ets:323:37
 'getContext' has been deprecated.
[39m[39m
[33mWARN: [33m[33mArkTS:WARN File: /Users/chenhan/Desktop/Git/RXSDK/RXSDK-Harmony-Native/HmsSdk/src/main/ets/demo/Demo.ets:335:57
 'getContext' has been deprecated.
[39m[39m
[33mWARN: [33m[33mArkTS:WARN File: /Users/chenhan/Desktop/Git/RXSDK/RXSDK-Harmony-Native/HmsSdk/src/main/ets/demo/Demo.ets:356:57
 'getContext' has been deprecated.
[39m[39m
[33mWARN: [33m[33mArkTS:WARN File: /Users/chenhan/Desktop/Git/RXSDK/RXSDK-Harmony-Native/HmsSdk/src/main/ets/demo/Demo.ets:367:57
 'getContext' has been deprecated.
[39m[39m
[33mWARN: [33m[33mArkTS:WARN File: /Users/chenhan/Desktop/Git/RXSDK/RXSDK-Harmony-Native/HmsSdk/src/main/ets/demo/Demo.ets:380:57
 'getContext' has been deprecated.
[39m[39m
[33mWARN: [33m[33mArkTS:WARN File: /Users/chenhan/Desktop/Git/RXSDK/RXSDK-Harmony-Native/HmsSdk/src/main/ets/demo/Demo.ets:407:188
 'getContext' has been deprecated.
[39m[39m
[33mWARN: [33m[33mArkTS:WARN File: /Users/chenhan/Desktop/Git/RXSDK/RXSDK-Harmony-Native/HmsSdk/src/main/ets/demo/Demo.ets:421:40
 'getContext' has been deprecated.
[39m[39m
[33mWARN: [33m[33mArkTS:WARN File: /Users/chenhan/Desktop/Git/RXSDK/RXSDK-Harmony-Native/HmsSdk/src/main/ets/demo/Demo.ets:441:85
 'getContext' has been deprecated.
[39m[39m
[33mWARN: [33m[33mArkTS:WARN File: /Users/chenhan/Desktop/Git/RXSDK/RXSDK-Harmony-Native/HmsSdk/src/main/ets/demo/Demo.ets:616:3
 Function may throw exceptions. Special handling is required.
[39m[39m
[33mWARN: [33m[33mArkTS:WARN File: /Users/chenhan/Desktop/Git/RXSDK/RXSDK-Harmony-Native/HmsSdk/src/main/ets/demo/Demo.ets:617:3
 Function may throw exceptions. Special handling is required.
[39m[39m
[33mWARN: [33m[33mArkTS:WARN File: /Users/chenhan/Desktop/Git/RXSDK/RXSDK-Harmony-Native/HmsSdk/src/main/ets/demo/Demo.ets:617:20
 To use this API, you need to apply for the permissions: ohos.permission.READ_PASTEBOARD
[39m[39m
[33mWARN: [33m[33mArkTS:WARN File: /Users/chenhan/Desktop/Git/RXSDK/RXSDK-Harmony-Native/HmsSdk/src/main/ets/demo/Demo.ets:619:20
 'showToast' has been deprecated.
[39m[39m
[33mWARN: [33m[33mArkTS:WARN File: /Users/chenhan/Desktop/Git/RXSDK/RXSDK-Harmony-Native/HmsSdk/src/main/ets/demo/Demo.ets:621:20
 'showToast' has been deprecated.
[39m[39m
[33mWARN: [33m[33mArkTS:WARN File: /Users/chenhan/Desktop/Git/RXSDK/RXSDK-Harmony-Native/HmsSdk/src/main/ets/demo/KnockShareDemo.ets:209:3
 Function may throw exceptions. Special handling is required.
[39m[39m
[33mWARN: [33m[33mArkTS:WARN File: /Users/chenhan/Desktop/Git/RXSDK/RXSDK-Harmony-Native/HmsSdk/src/main/ets/demo/KnockShareDemo.ets:210:3
 Function may throw exceptions. Special handling is required.
[39m[39m
[33mWARN: [33m[33mArkTS:WARN File: /Users/chenhan/Desktop/Git/RXSDK/RXSDK-Harmony-Native/HmsSdk/src/main/ets/demo/KnockShareDemo.ets:210:20
 To use this API, you need to apply for the permissions: ohos.permission.READ_PASTEBOARD
[39m[39m
[33mWARN: [33m[33mArkTS:WARN File: /Users/chenhan/Desktop/Git/RXSDK/RXSDK-Harmony-Native/HmsSdk/src/main/ets/demo/KnockShareDemo.ets:213:22
 'showToast' has been deprecated.
[39m[39m
[33mWARN: [33m[33mArkTS:WARN File: /Users/chenhan/Desktop/Git/RXSDK/RXSDK-Harmony-Native/HmsSdk/src/main/ets/demo/KnockShareDemo.ets:216:20
 'showToast' has been deprecated.
[39m[39m
[33mWARN: [33m[33mArkTS:WARN File: /Users/chenhan/Desktop/Git/RXSDK/RXSDK-Harmony-Native/HmsSdk/src/main/ets/demo/NearbyDemo.ets:46:13
 The system capacity of this api 'gameNearbyTransfer' is not supported on all devices
[39m[39m
[33mWARN: [33m[33mArkTS:WARN File: /Users/chenhan/Desktop/Git/RXSDK/RXSDK-Harmony-Native/HmsSdk/src/main/ets/demo/NearbyDemo.ets:46:32
 The system capacity of this api 'Mode' is not supported on all devices
[39m[39m
[33mWARN: [33m[33mArkTS:WARN File: /Users/chenhan/Desktop/Git/RXSDK/RXSDK-Harmony-Native/HmsSdk/src/main/ets/demo/NearbyDemo.ets:46:37
 The system capacity of this api 'API' is not supported on all devices
[39m[39m
[33mWARN: [33m[33mArkTS:WARN File: /Users/chenhan/Desktop/Git/RXSDK/RXSDK-Harmony-Native/HmsSdk/src/main/ets/demo/NearbyDemo.ets:84:18
 The system capacity of this api 'transferState' is not supported on all devices
[39m[39m
[33mWARN: [33m[33mArkTS:WARN File: /Users/chenhan/Desktop/Git/RXSDK/RXSDK-Harmony-Native/HmsSdk/src/main/ets/demo/NearbyDemo.ets:104:55
 The system capacity of this api 'gameNearbyTransfer' is not supported on all devices
[39m[39m
[33mWARN: [33m[33mArkTS:WARN File: /Users/chenhan/Desktop/Git/RXSDK/RXSDK-Harmony-Native/HmsSdk/src/main/ets/demo/NearbyDemo.ets:104:74
 The system capacity of this api 'PackageInfoResultCode' is not supported on all devices
[39m[39m
[33mWARN: [33m[33mArkTS:WARN File: /Users/chenhan/Desktop/Git/RXSDK/RXSDK-Harmony-Native/HmsSdk/src/main/ets/demo/NearbyDemo.ets:104:96
 The system capacity of this api 'PACKAGE_AVAILABLE_COMPARED' is not supported on all devices
[39m[39m
[33mWARN: [33m[33mArkTS:WARN File: /Users/chenhan/Desktop/Git/RXSDK/RXSDK-Harmony-Native/HmsSdk/src/main/ets/demo/NearbyDemo.ets:236:40
 The system capacity of this api 'gameNearbyTransfer' is not supported on all devices
[39m[39m
[33mWARN: [33m[33mArkTS:WARN File: /Users/chenhan/Desktop/Git/RXSDK/RXSDK-Harmony-Native/HmsSdk/src/main/ets/demo/NearbyDemo.ets:236:59
 The system capacity of this api 'PackageInfoResultCode' is not supported on all devices
[39m[39m
[33mWARN: [33m[33mArkTS:WARN File: /Users/chenhan/Desktop/Git/RXSDK/RXSDK-Harmony-Native/HmsSdk/src/main/ets/demo/NearbyDemo.ets:236:81
 The system capacity of this api 'PACKAGE_AVAILABLE_COMPARED' is not supported on all devices
[39m[39m
[33mWARN: [33m[33mArkTS:WARN File: /Users/chenhan/Desktop/Git/RXSDK/RXSDK-Harmony-Native/HmsSdk/src/main/ets/demo/NearbyDemo.ets:241:40
 The system capacity of this api 'gameNearbyTransfer' is not supported on all devices
[39m[39m
[33mWARN: [33m[33mArkTS:WARN File: /Users/chenhan/Desktop/Git/RXSDK/RXSDK-Harmony-Native/HmsSdk/src/main/ets/demo/NearbyDemo.ets:241:59
 The system capacity of this api 'PackageInfoResultCode' is not supported on all devices
[39m[39m
[33mWARN: [33m[33mArkTS:WARN File: /Users/chenhan/Desktop/Git/RXSDK/RXSDK-Harmony-Native/HmsSdk/src/main/ets/demo/NearbyDemo.ets:241:81
 The system capacity of this api 'PACKAGE_UNAVAILABLE_COMPARED' is not supported on all devices
[39m[39m
[33mWARN: [33m[33mArkTS:WARN File: /Users/chenhan/Desktop/Git/RXSDK/RXSDK-Harmony-Native/HmsSdk/src/main/ets/demo/NearbyDemo.ets:246:40
 The system capacity of this api 'gameNearbyTransfer' is not supported on all devices
[39m[39m
[33mWARN: [33m[33mArkTS:WARN File: /Users/chenhan/Desktop/Git/RXSDK/RXSDK-Harmony-Native/HmsSdk/src/main/ets/demo/NearbyDemo.ets:246:59
 The system capacity of this api 'PackageInfoResultCode' is not supported on all devices
[39m[39m
[33mWARN: [33m[33mArkTS:WARN File: /Users/chenhan/Desktop/Git/RXSDK/RXSDK-Harmony-Native/HmsSdk/src/main/ets/demo/NearbyDemo.ets:246:81
 The system capacity of this api 'ERROR' is not supported on all devices
[39m[39m
[33mWARN: [33m[33mArkTS:WARN File: /Users/chenhan/Desktop/Git/RXSDK/RXSDK-Harmony-Native/HmsSdk/src/main/ets/demo/NearbyDemo.ets:392:3
 Function may throw exceptions. Special handling is required.
[39m[39m
[33mWARN: [33m[33mArkTS:WARN File: /Users/chenhan/Desktop/Git/RXSDK/RXSDK-Harmony-Native/HmsSdk/src/main/ets/demo/NearbyDemo.ets:393:3
 Function may throw exceptions. Special handling is required.
[39m[39m
[33mWARN: [33m[33mArkTS:WARN File: /Users/chenhan/Desktop/Git/RXSDK/RXSDK-Harmony-Native/HmsSdk/src/main/ets/demo/NearbyDemo.ets:393:20
 To use this API, you need to apply for the permissions: ohos.permission.READ_PASTEBOARD
[39m[39m
[33mWARN: [33m[33mArkTS:WARN File: /Users/chenhan/Desktop/Git/RXSDK/RXSDK-Harmony-Native/HmsSdk/src/main/ets/demo/NearbyDemo.ets:395:20
 'showToast' has been deprecated.
[39m[39m
[33mWARN: [33m[33mArkTS:WARN File: /Users/chenhan/Desktop/Git/RXSDK/RXSDK-Harmony-Native/HmsSdk/src/main/ets/demo/NearbyDemo.ets:397:20
 'showToast' has been deprecated.
[39m[39m
[33mWARN: [33m[33mArkTS:WARN File: /Users/chenhan/Desktop/Git/RXSDK/RXSDK-Harmony-Native/HmsSdk/src/main/ets/nearby/KnockShareService.ets:26:51
 The system capacity of this api 'systemShare' is not supported on all devices
[39m[39m
[33mWARN: [33m[33mArkTS:WARN File: /Users/chenhan/Desktop/Git/RXSDK/RXSDK-Harmony-Native/HmsSdk/src/main/ets/nearby/KnockShareService.ets:26:63
 The system capacity of this api 'SharedData' is not supported on all devices
[39m[39m
[33mWARN: [33m[33mArkTS:WARN File: /Users/chenhan/Desktop/Git/RXSDK/RXSDK-Harmony-Native/HmsSdk/src/main/ets/nearby/KnockShareService.ets:32:22
 The system capacity of this api 'share' is not supported on all devices
[39m[39m
[33mWARN: [33m[33mArkTS:WARN File: /Users/chenhan/Desktop/Git/RXSDK/RXSDK-Harmony-Native/HmsSdk/src/main/ets/nearby/KnockShareService.ets:38:5
 The system capacity of this api 'harmonyShare' is not supported on all devices
[39m[39m
[33mWARN: [33m[33mArkTS:WARN File: /Users/chenhan/Desktop/Git/RXSDK/RXSDK-Harmony-Native/HmsSdk/src/main/ets/nearby/KnockShareService.ets:38:18
 The system capacity of this api 'on' is not supported on all devices
[39m[39m
[33mWARN: [33m[33mArkTS:WARN File: /Users/chenhan/Desktop/Git/RXSDK/RXSDK-Harmony-Native/HmsSdk/src/main/ets/nearby/KnockShareService.ets:39:5
 The system capacity of this api 'harmonyShare' is not supported on all devices
[39m[39m
[33mWARN: [33m[33mArkTS:WARN File: /Users/chenhan/Desktop/Git/RXSDK/RXSDK-Harmony-Native/HmsSdk/src/main/ets/nearby/KnockShareService.ets:39:18
 The system capacity of this api 'on' is not supported on all devices
[39m[39m
[33mWARN: [33m[33mArkTS:WARN File: /Users/chenhan/Desktop/Git/RXSDK/RXSDK-Harmony-Native/HmsSdk/src/main/ets/net/HttpRequestResponse.ts:34:18
 Function may throw exceptions. Special handling is required.
[39m[39m
[33mWARN: [33m[33mArkTS:WARN File: /Users/chenhan/Desktop/Git/RXSDK/RXSDK-Harmony-Native/HmsSdk/src/main/ets/pages/RegisterComponent.ets:137:26
 'showToast' has been deprecated.
[39m[39m
[33mWARN: [33m[33mArkTS:WARN File: /Users/chenhan/Desktop/Git/RXSDK/RXSDK-Harmony-Native/HmsSdk/src/main/ets/sdk/TuanjieBridge.ets:26:5
 Function may throw exceptions. Special handling is required.
[39m[39m
[33mWARN: [33m[33mArkTS:WARN File: /Users/chenhan/Desktop/Git/RXSDK/RXSDK-Harmony-Native/HmsSdk/src/main/ets/utils/PreferencesUtils.ts:26:33
 Function may throw exceptions. Special handling is required.
[39m[39m
[33mWARN: [33m[33mArkTS:WARN File: /Users/chenhan/Desktop/Git/RXSDK/RXSDK-Harmony-Native/HmsSdk/src/main/ets/utils/PreferencesUtils.ts:33:20
 Function may throw exceptions. Special handling is required.
[39m[39m
[33mWARN: [33m[33mArkTS:WARN File: /Users/chenhan/Desktop/Git/RXSDK/RXSDK-Harmony-Native/HmsSdk/src/main/ets/utils/PreferencesUtils.ts:43:13
 Function may throw exceptions. Special handling is required.
[39m[39m
[33mWARN: [33m[33mArkTS:WARN File: /Users/chenhan/Desktop/Git/RXSDK/RXSDK-Harmony-Native/HmsSdk/src/main/ets/utils/PreferencesUtils.ts:44:13
 Function may throw exceptions. Special handling is required.
[39m[39m
[33mWARN: [33m[33mArkTS:WARN File: /Users/chenhan/Desktop/Git/RXSDK/RXSDK-Harmony-Native/HmsSdk/src/main/ets/utils/ToastUtil.ts:12:16
 'showToast' has been deprecated.
[39m[39m
[33mWARN: [33m[33mArkTS:WARN File: /Users/chenhan/Desktop/Git/RXSDK/RXSDK-Harmony-Native/HmsSdk/src/main/ets/workers/HostProxy.ets:55:3
 Function may throw exceptions. Special handling is required.
[39m[39m
[33mWARN: [33mArkTS:WARN File: /Users/chenhan/Desktop/Git/RXSDK/RXSDK-Harmony-Native/HmsSdk/src/main/ets/components/TestKeyboardView.ets:38:1
 It's not a recommended way to export struct with '@Entry' decorator, which may cause ACE Engine error in component preview mode.[39m[39m
[33mWARN: [33mArkTS:WARN File: /Users/chenhan/Desktop/Git/RXSDK/RXSDK-Harmony-Native/HmsSdk/src/main/ets/pages/FeedbackDetailComponent.ets:6:1
 It's not a recommended way to export struct with '@Entry' decorator, which may cause ACE Engine error in component preview mode.[39m[39m
[33mWARN: [33mArkTS:WARN File: /Users/chenhan/Desktop/Git/RXSDK/RXSDK-Harmony-Native/HmsSdk/src/main/ets/pages/FeedbackDetailComponent.ets:10:9
 The '@Entry' component 'FeedbackDetailComponent' cannot have the '@Prop' property 'content'.[39m[39m
[33mWARN: [33mArkTS:WARN File: /Users/chenhan/Desktop/Git/RXSDK/RXSDK-Harmony-Native/HmsSdk/src/main/ets/pages/FeedbackComponent.ets:9:1
 It's not a recommended way to export struct with '@Entry' decorator, which may cause ACE Engine error in component preview mode.[39m[39m
[33mWARN: [33mArkTS:WARN File: /Users/chenhan/Desktop/Git/RXSDK/RXSDK-Harmony-Native/HmsSdk/src/main/ets/pages/FeedbackListComponent.ets:7:1
 It's not a recommended way to export struct with '@Entry' decorator, which may cause ACE Engine error in component preview mode.[39m[39m
[33mWARN: [33mArkTS:WARN File: /Users/chenhan/Desktop/Git/RXSDK/RXSDK-Harmony-Native/HmsSdk/src/main/ets/pages/LoginComponent.ets:17:1
 It's not a recommended way to export struct with '@Entry' decorator, which may cause ACE Engine error in component preview mode.[39m[39m
[33mWARN: [33mArkTS:WARN File: /Users/chenhan/Desktop/Git/RXSDK/RXSDK-Harmony-Native/HmsSdk/src/main/ets/pages/LoginAccountListComponent.ets:6:1
 It's not a recommended way to export struct with '@Entry' decorator, which may cause ACE Engine error in component preview mode.[39m[39m
[33mWARN: [33mArkTS:WARN File: /Users/chenhan/Desktop/Git/RXSDK/RXSDK-Harmony-Native/HmsSdk/src/main/ets/pages/LoginAccountListComponent.ets:12:9
 The '@Entry' component 'LoginAccountListComponent' cannot have the '@Prop' property 'list'.[39m[39m
[33mWARN: [33mArkTS:WARN File: /Users/chenhan/Desktop/Git/RXSDK/RXSDK-Harmony-Native/HmsSdk/src/main/ets/pages/LoginQuickComponent.ets:17:1
 It's not a recommended way to export struct with '@Entry' decorator, which may cause ACE Engine error in component preview mode.[39m[39m
[33mWARN: [33mArkTS:WARN File: /Users/chenhan/Desktop/Git/RXSDK/RXSDK-Harmony-Native/HmsSdk/src/main/ets/pages/PreviewComponent.ets:25:1
 It's not a recommended way to export struct with '@Entry' decorator, which may cause ACE Engine error in component preview mode.[39m[39m
[33mWARN: [33mArkTS:WARN File: /Users/chenhan/Desktop/Git/RXSDK/RXSDK-Harmony-Native/HmsSdk/src/main/ets/pages/RealNameComponent.ets:319:10
 The current component id "prop_list" is duplicate with /Users/chenhan/Desktop/Git/RXSDK/RXSDK-Harmony-Native/HmsSdk/src/main/ets/pages/MailDetailComponent.ets:202:16.[39m[39m
[33mWARN: [33mArkTS:WARN File: /Users/chenhan/Desktop/Git/RXSDK/RXSDK-Harmony-Native/HmsSdk/src/main/ets/pages/RegisterComponent.ets:8:1
 It's not a recommended way to export struct with '@Entry' decorator, which may cause ACE Engine error in component preview mode.[39m[39m

[2026-08-17T11:25:16.004] [DEBUG] debug-file - Ark compile task finished.finished time is 2253649812834166
[2026-08-17T11:25:16.009] [DEBUG] debug-file - Executing task :hmssdk:default@CacheNativeLibs
[2026-08-17T11:25:16.011] [DEBUG] debug-file - Executing task :hmssdk:default@ProcessHarArtifacts
[2026-08-17T11:25:16.004] [DEBUG] debug-file - CopyResources startTime: 2253649812971333
[2026-08-17T11:25:16.009] [DEBUG] debug-file - File: '/Users/chenhan/Desktop/Git/RXSDK/RXSDK-Harmony-Native/HmsSdk/build/default/intermediates/binxo/default' from 'cacheBinxoNativeLibs' is not exists, just ignore.
[2026-08-17T11:25:16.011] [DEBUG] debug-file - File: '/Users/chenhan/Desktop/Git/RXSDK/RXSDK-Harmony-Native/HmsSdk/src/main/resources/base/profile/insight_intent.json' from 'insightIntentJsonPath' is not exists, just ignore.
[2026-08-17T11:25:16.004] [DEBUG] debug-file - Task hmssdk:default@HarCompileArkTS's work:1 will not be executed in worker pool.
[2026-08-17T11:25:16.011] [DEBUG] debug-file - File: '/Users/chenhan/Desktop/Git/RXSDK/RXSDK-Harmony-Native/HmsSdk/build/default/intermediates/preload/default/preload.json' from 'preloadSoFilePath' is not exists, just ignore.
[2026-08-17T11:25:16.009] [DEBUG] debug-file - Task 'hmssdk:default@CacheNativeLibs' cost while wrapping incremental declarations: 1 ms 
[2026-08-17T11:25:16.004] [DEBUG] debug-file - Worker dispatch failed, running copy resources on main thread.
[2026-08-17T11:25:16.012] [DEBUG] debug-file - Task 'hmssdk:default@ProcessHarArtifacts' cost while wrapping incremental declarations: 1 ms 
[2026-08-17T11:25:16.216] [DEBUG] debug-file - Executing task :hmssdk:default@PackageHar
[2026-08-17T11:25:16.010] [DEBUG] debug-file - Incremental task hmssdk:default@CacheNativeLibs pre-execution cost: 1 ms .
[2026-08-17T11:25:16.008] [DEBUG] debug-file - CopyResources is end, endTime: 2253649817076791
[2026-08-17T11:25:16.012] [DEBUG] debug-file - hmssdk:default@ProcessHarArtifacts is not up-to-date, since the input file '/Users/chenhan/Desktop/Git/RXSDK/RXSDK-Harmony-Native/HmsSdk/build/default/intermediates/process_profile/default' has been changed.
[2026-08-17T11:25:16.223] [DEBUG] debug-file - hmssdk:default@PackageHar is not up-to-date, since the output file '/Users/chenhan/Desktop/Git/RXSDK/RXSDK-Harmony-Native/HmsSdk/build/default/cache/default/default@PackageHar' has been changed.
[2026-08-17T11:25:16.010] [DEBUG] debug-file - hmssdk : default@CacheNativeLibs cost memory 0.0880279541015625
[2026-08-17T11:25:16.008] [DEBUG] debug-file - hmssdk : default@HarCompileArkTS cost memory 714.8403930664062
[2026-08-17T11:25:16.012] [DEBUG] debug-file - Incremental task hmssdk:default@ProcessHarArtifacts pre-execution cost: 1 ms .
[2026-08-17T11:25:16.223] [DEBUG] debug-file - Incremental task hmssdk:default@PackageHar pre-execution cost: 7 ms .
[2026-08-17T11:25:16.010] [INFO] debug-file - UP-TO-DATE :hmssdk:default@CacheNativeLibs...  
[2026-08-17T11:25:16.008] [DEBUG] debug-file - runTaskFromQueue task cost before running: 8 s 385 ms 
[2026-08-17T11:25:16.215] [DEBUG] debug-file - hmssdk : default@ProcessHarArtifacts cost memory -8.829910278320312
[2026-08-17T11:25:16.009] [INFO] debug-file - Finished :hmssdk:default@HarCompileArkTS... after 7 s 285 ms 
[2026-08-17T11:25:16.215] [DEBUG] debug-file - runTaskFromQueue task cost before running: 8 s 591 ms 
[2026-08-17T11:25:16.215] [INFO] debug-file - Finished :hmssdk:default@ProcessHarArtifacts... after 204 ms 
[2026-08-17T11:25:16.274] [DEBUG] debug-file - hmssdk : default@PackageHar cost memory 8.92083740234375
[2026-08-17T11:25:16.274] [DEBUG] debug-file - runTaskFromQueue task cost before running: 8 s 650 ms 
[2026-08-17T11:25:16.280] [DEBUG] debug-file - Executing task :hmssdk:default@CollectDebugSymbol
[2026-08-17T11:25:16.276] [DEBUG] debug-file - Executing task :hmssdk:default@PackingCheckHar
[2026-08-17T11:25:16.275] [DEBUG] debug-file - Executing task :hmssdk:default@PackageSignHar
[2026-08-17T11:25:16.274] [INFO] debug-file - Finished :hmssdk:default@PackageHar... after 58 ms 
[2026-08-17T11:25:16.279] [DEBUG] debug-file - hmssdk : default@PackingCheckHar cost memory 0.6478805541992188
[2026-08-17T11:25:16.276] [DEBUG] debug-file - hmssdk : default@PackageSignHar cost memory 0.03601837158203125
[2026-08-17T11:25:16.279] [DEBUG] debug-file - runTaskFromQueue task cost before running: 8 s 655 ms 
[2026-08-17T11:25:16.280] [DEBUG] debug-file - hmssdk:default@CollectDebugSymbol is not up-to-date, since the input file '/Users/chenhan/Desktop/Git/RXSDK/RXSDK-Harmony-Native/HmsSdk/build/default/cache/default/default@HarCompileArkTS/esmodule/release/sourceMaps.map' has been changed.
[2026-08-17T11:25:16.276] [DEBUG] debug-file - runTaskFromQueue task cost before running: 8 s 652 ms 
[2026-08-17T11:25:16.279] [INFO] debug-file - Finished :hmssdk:default@PackingCheckHar... after 3 ms 
[2026-08-17T11:25:16.280] [DEBUG] debug-file - Incremental task hmssdk:default@CollectDebugSymbol pre-execution cost: 1 ms .
[2026-08-17T11:25:16.276] [INFO] debug-file - Finished :hmssdk:default@PackageSignHar... after 1 ms 
[2026-08-17T11:25:16.282] [DEBUG] debug-file - There are no cpp libraries for module hmssdk
[2026-08-17T11:25:16.282] [DEBUG] debug-file - hmssdk : default@CollectDebugSymbol cost memory 0.2053070068359375
[2026-08-17T11:25:16.282] [DEBUG] debug-file - runTaskFromQueue task cost before running: 8 s 659 ms 
[2026-08-17T11:25:16.282] [INFO] debug-file - Finished :hmssdk:default@CollectDebugSymbol... after 3 ms 
[2026-08-17T11:25:16.282] [DEBUG] debug-file - Executing task :hmssdk:assembleHar
[2026-08-17T11:25:16.283] [DEBUG] debug-file - hmssdk : assembleHar cost memory 0.0104522705078125
[2026-08-17T11:25:16.283] [DEBUG] debug-file - runTaskFromQueue task cost before running: 8 s 659 ms 
[2026-08-17T11:25:16.283] [INFO] debug-file - Finished :hmssdk:assembleHar... after 1 ms 
[2026-08-17T11:25:16.283] [INFO] debug-file - BUILD SUCCESSFUL in 8 s 659 ms 
[2026-08-17T11:25:16.284] [DEBUG] debug-file - Update task hmssdk:default@PreBuild input file:/Users/chenhan/Desktop/Git/RXSDK/RXSDK-Harmony-Native/AppScope/app.json5 cache by regenerate.
[2026-08-17T11:25:16.284] [DEBUG] debug-file - Update task hmssdk:default@PreBuild input file:/Users/chenhan/Desktop/Git/RXSDK/RXSDK-Harmony-Native/HmsSdk/src/main/module.json5 cache by regenerate.
[2026-08-17T11:25:16.284] [DEBUG] debug-file - Update task hmssdk:default@PreBuild input file:/Users/chenhan/Desktop/Git/RXSDK/RXSDK-Harmony-Native/build-profile.json5 cache from map.
[2026-08-17T11:25:16.284] [DEBUG] debug-file - Update task hmssdk:default@PreBuild input file:/Users/chenhan/Desktop/Git/RXSDK/RXSDK-Harmony-Native/HmsSdk/build-profile.json5 cache by regenerate.
[2026-08-17T11:25:16.284] [DEBUG] debug-file - Update task hmssdk:default@PreBuild input file:/Users/chenhan/Desktop/Git/RXSDK/RXSDK-Harmony-Native/hvigor/hvigor-config.json5 cache by regenerate.
[2026-08-17T11:25:16.284] [DEBUG] debug-file - Update task hmssdk:default@PreBuild input file:/Users/chenhan/Desktop/Git/RXSDK/RXSDK-Harmony-Native/HmsSdk/oh-package.json5 cache by regenerate.
[2026-08-17T11:25:16.284] [DEBUG] debug-file - Update task hmssdk:default@PreBuild input file:/Users/chenhan/Desktop/Git/RXSDK/RXSDK-Harmony-Native/oh-package.json5 cache by regenerate.
[2026-08-17T11:25:16.284] [DEBUG] debug-file - Incremental task hmssdk:default@PreBuild post-execution cost:1 ms .
[2026-08-17T11:25:16.284] [DEBUG] debug-file - Update task hmssdk:default@CreateHarBuildProfile input file:/Users/chenhan/Desktop/Git/RXSDK/RXSDK-Harmony-Native/AppScope/app.json5 cache by regenerate.
[2026-08-17T11:25:16.284] [DEBUG] debug-file - Update task hmssdk:default@CreateHarBuildProfile input file:/Users/chenhan/Desktop/Git/RXSDK/RXSDK-Harmony-Native/build-profile.json5 cache from map.
[2026-08-17T11:25:16.284] [DEBUG] debug-file - Update task hmssdk:default@CreateHarBuildProfile output file:/Users/chenhan/Desktop/Git/RXSDK/RXSDK-Harmony-Native/HmsSdk/BuildProfile.ets cache.
[2026-08-17T11:25:16.284] [DEBUG] debug-file - Incremental task hmssdk:default@CreateHarBuildProfile post-execution cost:1 ms .
[2026-08-17T11:25:16.284] [DEBUG] debug-file - There is no need to refresh cache, since the incremental task hmssdk:default@CreateHarModuleInfo is up-to-date.
[2026-08-17T11:25:16.284] [DEBUG] debug-file - Update task hmssdk:default@MergeProfile input file:/Users/chenhan/Desktop/Git/RXSDK/RXSDK-Harmony-Native/AppScope/app.json5 cache by regenerate.
[2026-08-17T11:25:16.284] [DEBUG] debug-file - Update task hmssdk:default@MergeProfile input file:/Users/chenhan/Desktop/Git/RXSDK/RXSDK-Harmony-Native/build-profile.json5 cache from map.
[2026-08-17T11:25:16.284] [DEBUG] debug-file - Update task hmssdk:default@MergeProfile input file:/Users/chenhan/Desktop/Git/RXSDK/RXSDK-Harmony-Native/HmsSdk/src/main/module.json5 cache by regenerate.
[2026-08-17T11:25:16.284] [DEBUG] debug-file - Update task hmssdk:default@MergeProfile input file:/Users/chenhan/Desktop/Git/RXSDK/RXSDK-Harmony-Native/oh_modules/.ohpm/@tencent+wechat_open_sdk@1.0.16/oh_modules/@tencent/wechat_open_sdk/src/main/module.json cache by regenerate.
[2026-08-17T11:25:16.284] [DEBUG] debug-file - Update task hmssdk:default@MergeProfile output file:/Users/chenhan/Desktop/Git/RXSDK/RXSDK-Harmony-Native/HmsSdk/build/default/intermediates/merge_profile/default/module.json cache.
[2026-08-17T11:25:16.284] [DEBUG] debug-file - Incremental task hmssdk:default@MergeProfile post-execution cost:1 ms .
[2026-08-17T11:25:16.284] [DEBUG] debug-file - There is no need to refresh cache, since the incremental task hmssdk:default@GeneratePkgContextInfo is up-to-date.
[2026-08-17T11:25:16.284] [DEBUG] debug-file - Update task hmssdk:default@ProcessIntegratedHsp output file:/Users/chenhan/Desktop/Git/RXSDK/RXSDK-Harmony-Native/build/cache/default/integrated_hsp/integratedHspCache.json cache.
[2026-08-17T11:25:16.284] [DEBUG] debug-file - Incremental task hmssdk:default@ProcessIntegratedHsp post-execution cost:1 ms .
[2026-08-17T11:25:16.284] [DEBUG] debug-file - Update task hmssdk:default@ProcessModulePrivacyProfile output file:/Users/chenhan/Desktop/Git/RXSDK/RXSDK-Harmony-Native/HmsSdk/build/default/intermediates/privacy_profile/default/pac.json5 cache.
[2026-08-17T11:25:16.284] [DEBUG] debug-file - Incremental task hmssdk:default@ProcessModulePrivacyProfile post-execution cost:1 ms .
[2026-08-17T11:25:16.284] [DEBUG] debug-file - Update task hmssdk:default@ProcessProfile input file:/Users/chenhan/Desktop/Git/RXSDK/RXSDK-Harmony-Native/HmsSdk/build/default/intermediates/merge_profile/default/module.json cache from map.
[2026-08-17T11:25:16.284] [DEBUG] debug-file - Update task hmssdk:default@ProcessProfile output file:/Users/chenhan/Desktop/Git/RXSDK/RXSDK-Harmony-Native/HmsSdk/build/default/intermediates/process_profile/default/module.json cache.
[2026-08-17T11:25:16.284] [DEBUG] debug-file - Incremental task hmssdk:default@ProcessProfile post-execution cost:1 ms .
[2026-08-17T11:25:16.284] [DEBUG] debug-file - Update task hmssdk:default@ProcessRouterMap input file:/Users/chenhan/Desktop/Git/RXSDK/RXSDK-Harmony-Native/HmsSdk/oh-package.json5 cache by regenerate.
[2026-08-17T11:25:16.284] [DEBUG] debug-file - Update task hmssdk:default@ProcessRouterMap input file:/Users/chenhan/Desktop/Git/RXSDK/RXSDK-Harmony-Native/oh-package.json5 cache by regenerate.
[2026-08-17T11:25:16.284] [DEBUG] debug-file - Update task hmssdk:default@ProcessRouterMap input file:/Users/chenhan/Desktop/Git/RXSDK/RXSDK-Harmony-Native/HmsSdk/src/main/module.json5 cache by regenerate.
[2026-08-17T11:25:16.284] [DEBUG] debug-file - Update task hmssdk:default@ProcessRouterMap input file:/Users/chenhan/Desktop/Git/RXSDK/RXSDK-Harmony-Native/HmsSdk/build/default/intermediates/loader/default/pkgContextInfo.json cache by regenerate.
[2026-08-17T11:25:16.284] [DEBUG] debug-file - Update task hmssdk:default@ProcessRouterMap output file:/Users/chenhan/Desktop/Git/RXSDK/RXSDK-Harmony-Native/HmsSdk/build/default/intermediates/router_map/default/temp-router-map.json cache.
[2026-08-17T11:25:16.284] [DEBUG] debug-file - Update task hmssdk:default@ProcessRouterMap output file:/Users/chenhan/Desktop/Git/RXSDK/RXSDK-Harmony-Native/HmsSdk/build/default/intermediates/router_map/default/loader-router-map.json cache.
[2026-08-17T11:25:16.284] [DEBUG] debug-file - Incremental task hmssdk:default@ProcessRouterMap post-execution cost:1 ms .
[2026-08-17T11:25:16.284] [DEBUG] debug-file - Update task hmssdk:default@ProcessShareConfig input file:/Users/chenhan/Desktop/Git/RXSDK/RXSDK-Harmony-Native/HmsSdk/oh-package.json5 cache by regenerate.
[2026-08-17T11:25:16.284] [DEBUG] debug-file - Update task hmssdk:default@ProcessShareConfig input file:/Users/chenhan/Desktop/Git/RXSDK/RXSDK-Harmony-Native/oh-package.json5 cache by regenerate.
[2026-08-17T11:25:16.284] [DEBUG] debug-file - Update task hmssdk:default@ProcessShareConfig input file:/Users/chenhan/Desktop/Git/RXSDK/RXSDK-Harmony-Native/HmsSdk/src/main/module.json5 cache by regenerate.
[2026-08-17T11:25:16.284] [DEBUG] debug-file - Update task hmssdk:default@ProcessShareConfig input file:/Users/chenhan/Desktop/Git/RXSDK/RXSDK-Harmony-Native/HmsSdk/build/default/intermediates/loader/default/pkgContextInfo.json cache by regenerate.
[2026-08-17T11:25:16.284] [DEBUG] debug-file - Update task hmssdk:default@ProcessShareConfig output file:/Users/chenhan/Desktop/Git/RXSDK/RXSDK-Harmony-Native/HmsSdk/build/default/intermediates/share_config/default/temp-share-config.json cache.
[2026-08-17T11:25:16.285] [DEBUG] debug-file - Incremental task hmssdk:default@ProcessShareConfig post-execution cost:1 ms .
[2026-08-17T11:25:16.285] [DEBUG] debug-file - Update task hmssdk:default@ProcessStartupConfig input file:/Users/chenhan/Desktop/Git/RXSDK/RXSDK-Harmony-Native/HmsSdk/build/default/intermediates/loader/default/pkgContextInfo.json cache by regenerate.
[2026-08-17T11:25:16.285] [DEBUG] debug-file - Update task hmssdk:default@ProcessStartupConfig output file:/Users/chenhan/Desktop/Git/RXSDK/RXSDK-Harmony-Native/HmsSdk/build/default/intermediates/startup/default/startup_config.json cache.
[2026-08-17T11:25:16.285] [DEBUG] debug-file - Incremental task hmssdk:default@ProcessStartupConfig post-execution cost:1 ms .
[2026-08-17T11:25:16.285] [DEBUG] debug-file - There is no need to refresh cache, since the incremental task hmssdk:default@ProcessResource is up-to-date.
[2026-08-17T11:25:16.285] [DEBUG] debug-file - Update task hmssdk:default@GenerateLoaderJson input file:/Users/chenhan/Desktop/Git/RXSDK/RXSDK-Harmony-Native/HmsSdk/build/default/intermediates/loader/default/pkgContextInfo.json cache by regenerate.
[2026-08-17T11:25:16.285] [DEBUG] debug-file - Update task hmssdk:default@GenerateLoaderJson input file:/Users/chenhan/Desktop/Git/RXSDK/RXSDK-Harmony-Native/HmsSdk/src/main/ets cache by regenerate.
[2026-08-17T11:25:16.291] [DEBUG] debug-file - Update task hmssdk:default@GenerateLoaderJson input file:/Users/chenhan/Desktop/Git/RXSDK/RXSDK-Harmony-Native/HmsSdk/build/default/generated/profile/default/ModuleInfo.ts cache by regenerate.
[2026-08-17T11:25:16.291] [DEBUG] debug-file - Update task hmssdk:default@GenerateLoaderJson output file:/Users/chenhan/Desktop/Git/RXSDK/RXSDK-Harmony-Native/HmsSdk/build/default/intermediates/loader/default/loader.json cache.
[2026-08-17T11:25:16.291] [DEBUG] debug-file - Incremental task hmssdk:default@GenerateLoaderJson post-execution cost:6 ms .
[2026-08-17T11:25:16.291] [DEBUG] debug-file - Update task hmssdk:default@ProcessLibs input file:/Users/chenhan/Desktop/Git/RXSDK/RXSDK-Harmony-Native/build-profile.json5 cache from map.
[2026-08-17T11:25:16.291] [DEBUG] debug-file - Update task hmssdk:default@ProcessLibs input file:/Users/chenhan/Desktop/Git/RXSDK/RXSDK-Harmony-Native/HmsSdk/build-profile.json5 cache by regenerate.
[2026-08-17T11:25:16.291] [DEBUG] debug-file - Update task hmssdk:default@ProcessLibs output file:/Users/chenhan/Desktop/Git/RXSDK/RXSDK-Harmony-Native/HmsSdk/build/default/intermediates/libs/default cache.
[2026-08-17T11:25:16.291] [DEBUG] debug-file - Incremental task hmssdk:default@ProcessLibs post-execution cost:1 ms .
[2026-08-17T11:25:16.291] [DEBUG] debug-file - Update task hmssdk:default@CompileResource input file:/Users/chenhan/Desktop/Git/RXSDK/RXSDK-Harmony-Native/HmsSdk/src/main/resources cache by regenerate.
[2026-08-17T11:25:16.292] [DEBUG] debug-file - Update task hmssdk:default@CompileResource input file:/Users/chenhan/Desktop/Git/RXSDK/RXSDK-Harmony-Native/HmsSdk/build/default/intermediates/res/default/resource_str cache from map.
[2026-08-17T11:25:16.292] [DEBUG] debug-file - Update task hmssdk:default@CompileResource input file:/Users/chenhan/Desktop/Git/RXSDK/RXSDK-Harmony-Native/HmsSdk/build/default/intermediates/process_profile/default/module.json cache by regenerate.
[2026-08-17T11:25:16.292] [DEBUG] debug-file - Update task hmssdk:default@CompileResource input file:/Users/chenhan/Desktop/Git/RXSDK/RXSDK-Harmony-Native/HmsSdk/build/default/intermediates/res/default/resConfig.json cache by regenerate.
[2026-08-17T11:25:16.292] [DEBUG] debug-file - Update task hmssdk:default@CompileResource output file:/Users/chenhan/Desktop/Git/RXSDK/RXSDK-Harmony-Native/HmsSdk/build/default/intermediates/res/default cache.
[2026-08-17T11:25:16.295] [DEBUG] debug-file - Update task hmssdk:default@CompileResource output file:/Users/chenhan/Desktop/Git/RXSDK/RXSDK-Harmony-Native/HmsSdk/build/default/generated/r/default/ResourceTable.h cache.
[2026-08-17T11:25:16.295] [DEBUG] debug-file - Update task hmssdk:default@CompileResource output file:/Users/chenhan/Desktop/Git/RXSDK/RXSDK-Harmony-Native/HmsSdk/build/default/generated/r/default cache.
[2026-08-17T11:25:16.295] [DEBUG] debug-file - Incremental task hmssdk:default@CompileResource post-execution cost:5 ms .
[2026-08-17T11:25:16.295] [DEBUG] debug-file - There is no need to refresh cache, since the incremental task hmssdk:default@DoNativeStrip is up-to-date.
[2026-08-17T11:25:16.295] [DEBUG] debug-file - Update task hmssdk:default@HarCompileArkTS input file:/Users/chenhan/Desktop/Git/RXSDK/RXSDK-Harmony-Native/HmsSdk/build/default/intermediates/loader/default cache from map.
[2026-08-17T11:25:16.295] [DEBUG] debug-file - Update task hmssdk:default@HarCompileArkTS input file:/Users/chenhan/Desktop/Git/RXSDK/RXSDK-Harmony-Native/oh_modules/.ohpm/@tencent+wechat_open_sdk@1.0.16/oh_modules/@tencent/wechat_open_sdk/Index.js cache by regenerate.
[2026-08-17T11:25:16.295] [DEBUG] debug-file - Update task hmssdk:default@HarCompileArkTS input file:/Users/chenhan/Desktop/Git/RXSDK/RXSDK-Harmony-Native/oh_modules/.ohpm/@tencent+wechat_open_sdk@1.0.16/oh_modules/@tencent/wechat_open_sdk/src/main/ets cache by regenerate.
[2026-08-17T11:25:16.297] [DEBUG] debug-file - Update task hmssdk:default@HarCompileArkTS input file:/Users/chenhan/Desktop/Git/RXSDK/RXSDK-Harmony-Native/HmsSdk/build/default/intermediates/res/default/resources/rawfile cache by regenerate.
[2026-08-17T11:25:16.298] [DEBUG] debug-file - Update task hmssdk:default@HarCompileArkTS input file:/Users/chenhan/Desktop/Git/RXSDK/RXSDK-Harmony-Native/HmsSdk/build/default/intermediates/res/default/ResourceTable.txt cache by regenerate.
[2026-08-17T11:25:16.298] [DEBUG] debug-file - Update task hmssdk:default@HarCompileArkTS input file:/Users/chenhan/Desktop/Git/RXSDK/RXSDK-Harmony-Native/HmsSdk/build/default/intermediates/res/default/ark_module.json cache by regenerate.
[2026-08-17T11:25:16.298] [DEBUG] debug-file - Update task hmssdk:default@HarCompileArkTS input file:/Users/chenhan/Desktop/Git/RXSDK/RXSDK-Harmony-Native/HmsSdk/src/main/ets cache by regenerate.
[2026-08-17T11:25:16.303] [DEBUG] debug-file - Update task hmssdk:default@HarCompileArkTS input file:/Users/chenhan/Desktop/Git/RXSDK/RXSDK-Harmony-Native/HmsSdk/Index.ets cache by regenerate.
[2026-08-17T11:25:16.303] [DEBUG] debug-file - Update task hmssdk:default@HarCompileArkTS input file:/Users/chenhan/Desktop/Git/RXSDK/RXSDK-Harmony-Native/HmsSdk/build/default/intermediates/loader/default/pkgContextInfo.json cache by regenerate.
[2026-08-17T11:25:16.303] [DEBUG] debug-file - Update task hmssdk:default@HarCompileArkTS input file:/Users/chenhan/Desktop/Git/RXSDK/RXSDK-Harmony-Native/HmsSdk/BuildProfile.ets cache by regenerate.
[2026-08-17T11:25:16.303] [DEBUG] debug-file - Update task hmssdk:default@HarCompileArkTS output file:/Users/chenhan/Desktop/Git/RXSDK/RXSDK-Harmony-Native/HmsSdk/build/default/intermediates/loader_out/default/ets cache.
[2026-08-17T11:25:16.303] [DEBUG] debug-file - Update task hmssdk:default@HarCompileArkTS output file:/Users/chenhan/Desktop/Git/RXSDK/RXSDK-Harmony-Native/HmsSdk/build/default/outputs/default/mapping/sourceMaps.map cache.
[2026-08-17T11:25:16.303] [DEBUG] debug-file - Incremental task hmssdk:default@HarCompileArkTS post-execution cost:9 ms .
[2026-08-17T11:25:16.303] [DEBUG] debug-file - There is no need to refresh cache, since the incremental task hmssdk:default@CacheNativeLibs is up-to-date.
[2026-08-17T11:25:16.303] [DEBUG] debug-file - Update task hmssdk:default@ProcessHarArtifacts input file:/Users/chenhan/Desktop/Git/RXSDK/RXSDK-Harmony-Native/HmsSdk/build/default/intermediates/process_profile/default cache from map.
[2026-08-17T11:25:16.303] [DEBUG] debug-file - Update task hmssdk:default@ProcessHarArtifacts input file:/Users/chenhan/Desktop/Git/RXSDK/RXSDK-Harmony-Native/HmsSdk cache by regenerate.
[2026-08-17T11:25:16.312] [DEBUG] debug-file - Update task hmssdk:default@ProcessHarArtifacts input file:/Users/chenhan/Desktop/Git/RXSDK/RXSDK-Harmony-Native/HmsSdk/build/default/generated/pm/default cache by regenerate.
[2026-08-17T11:25:16.312] [DEBUG] debug-file - Update task hmssdk:default@ProcessHarArtifacts input file:/Users/chenhan/Desktop/Git/RXSDK/RXSDK-Harmony-Native/HmsSdk/build/default/intermediates/stripped_native_libs/default cache by regenerate.
[2026-08-17T11:25:16.312] [DEBUG] debug-file - Update task hmssdk:default@ProcessHarArtifacts input file:/Users/chenhan/Desktop/Git/RXSDK/RXSDK-Harmony-Native/HmsSdk/build/default/intermediates/res/default/ResourceTable.txt cache by regenerate.
[2026-08-17T11:25:16.312] [DEBUG] debug-file - Update task hmssdk:default@ProcessHarArtifacts input file:/Users/chenhan/Desktop/Git/RXSDK/RXSDK-Harmony-Native/HmsSdk/build/default/intermediates/loader/default/pkgContextInfo.json cache by regenerate.
[2026-08-17T11:25:16.312] [DEBUG] debug-file - Update task hmssdk:default@ProcessHarArtifacts output file:/Users/chenhan/Desktop/Git/RXSDK/RXSDK-Harmony-Native/HmsSdk/build/default/cache/default/default@PackageHar cache.
[2026-08-17T11:25:16.318] [DEBUG] debug-file - Update task hmssdk:default@ProcessHarArtifacts output file:/Users/chenhan/Desktop/Git/RXSDK/RXSDK-Harmony-Native/HmsSdk/build/default/outputs/default/mapping/sourceMaps.map cache.
[2026-08-17T11:25:16.318] [DEBUG] debug-file - Update task hmssdk:default@ProcessHarArtifacts output file:/Users/chenhan/Desktop/Git/RXSDK/RXSDK-Harmony-Native/HmsSdk/build/default/cache/default/default@PackageHar/pac.json5 cache.
[2026-08-17T11:25:16.318] [DEBUG] debug-file - Incremental task hmssdk:default@ProcessHarArtifacts post-execution cost:15 ms .
[2026-08-17T11:25:16.318] [DEBUG] debug-file - Update task hmssdk:default@PackageHar output file:/Users/chenhan/Desktop/Git/RXSDK/RXSDK-Harmony-Native/HmsSdk/build/default/cache/default/default@PackageHar cache.
[2026-08-17T11:25:16.322] [DEBUG] debug-file - Update task hmssdk:default@PackageHar output file:/Users/chenhan/Desktop/Git/RXSDK/RXSDK-Harmony-Native/HmsSdk/build/default/outputs/default cache.
[2026-08-17T11:25:16.323] [DEBUG] debug-file - Incremental task hmssdk:default@PackageHar post-execution cost:5 ms .
[2026-08-17T11:25:16.323] [DEBUG] debug-file - Update task hmssdk:default@PackageSignHar input file:/Users/chenhan/Desktop/Git/RXSDK/RXSDK-Harmony-Native/HmsSdk/build/default/cache/default/default@PackageHar cache by regenerate.
[2026-08-17T11:25:16.327] [DEBUG] debug-file - Update task hmssdk:default@PackageSignHar input file:/Users/chenhan/Desktop/Git/RXSDK/RXSDK-Harmony-Native/HmsSdk/build/default/cache/default/default@PackageSignHar cache by regenerate.
[2026-08-17T11:25:16.327] [DEBUG] debug-file - Update task hmssdk:default@PackageSignHar output file:/Users/chenhan/Desktop/Git/RXSDK/RXSDK-Harmony-Native/HmsSdk/build/default/outputs/default/hmssdk-signed.har cache.
[2026-08-17T11:25:16.327] [DEBUG] debug-file - Incremental task hmssdk:default@PackageSignHar post-execution cost:5 ms .
[2026-08-17T11:25:16.327] [DEBUG] debug-file - Update task hmssdk:default@CollectDebugSymbol input file:/Users/chenhan/Desktop/Git/RXSDK/RXSDK-Harmony-Native/HmsSdk/build/default/cache/default/default@HarCompileArkTS/esmodule/release/sourceMaps.map cache from map.
[2026-08-17T11:25:16.327] [DEBUG] debug-file - Update task hmssdk:default@CollectDebugSymbol input file:/Users/chenhan/Desktop/Git/RXSDK/RXSDK-Harmony-Native/HmsSdk/build/default/cache/default/default@HarCompileArkTS/esmodule/release/obfuscation/nameCache.json cache by regenerate.
[2026-08-17T11:25:16.327] [DEBUG] debug-file - Update task hmssdk:default@CollectDebugSymbol input file:/Users/chenhan/Desktop/Git/RXSDK/RXSDK-Harmony-Native/HmsSdk/build/default/intermediates/libs/default cache by regenerate.
[2026-08-17T11:25:16.328] [DEBUG] debug-file - Update task hmssdk:default@CollectDebugSymbol output file:/Users/chenhan/Desktop/Git/RXSDK/RXSDK-Harmony-Native/HmsSdk/build/default/outputs/default/symbol cache.
[2026-08-17T11:25:16.328] [DEBUG] debug-file - Incremental task hmssdk:default@CollectDebugSymbol post-execution cost:1 ms .
[2026-08-17T11:25:16.337] [DEBUG] debug-file - Since there is no instance or instance is terminated, create a new worker pool.
[2026-08-17T11:25:16.337] [DEBUG] debug-file - Worker pool is initialized with config:  {
  minPoolNum: 2,
  maxPoolNum: undefined,
  maxCoreSize: undefined,
  cacheCapacity: undefined,
  cacheTtl: undefined
}
[2026-08-17T11:25:16.337] [DEBUG] debug-file - Current worker pool is stopped or closed.
[2026-08-17T11:25:16.337] [DEBUG] debug-file - There's no busy workers and idle workers need to be cleared.
[2026-08-17T11:25:16.337] [DEBUG] debug-file - Current worker pool is stopped or closed.
[2026-08-17T11:25:16.337] [DEBUG] debug-file - There's no busy workers and idle workers need to be cleared.
[2026-08-17T11:25:16.337] [DEBUG] debug-file - hvigor build process will be closed.
[2026-08-17T11:25:16.337] [DEBUG] debug-file - Current worker pool is terminated.
[2026-08-17T11:25:16.337] [DEBUG] debug-file - Current worker pool is terminated.
