[2023-08-14T13:58:09.676936+08:00] ERROR request to wdb server [http://127.0.0.1:5038/ping] failed:Post "http://127.0.0.1:5038/ping": dial tcp <nil>->127.0.0.1:5038: connect: connection refused
[2023-08-14T13:58:09.679312+08:00]  INFO check wdb server alive:cannot connect to wdb server, ensure you have started
[2023-08-14T13:58:09.697591+08:00] ERROR request to wdb server [http://127.0.0.1:5038/ping] failed:Post "http://127.0.0.1:5038/ping": dial tcp <nil>->127.0.0.1:5038: connect: connection refused
[2023-08-14T13:58:09.698058+08:00]  INFO check wdb server alive:cannot connect to wdb server, ensure you have started
[2023-08-14T13:58:10.684784+08:00]  INFO in client handler,addr:42.194.164.11:58241,token:cjcs2mh3vrq8d8nfej50
[2023-08-14T13:58:10.686342+08:00]  INFO start debug,remoteAddr=[42.194.164.11:58241],token=[cjcs2mh3vrq8d8nfej50] trace_id=b4af6d6e-753b-43a9-b93c-71e8df79b880
[2023-08-14T13:58:10.75357+08:00]  INFO start to auth remoteAddr=[42.194.164.11:58241],token=[cjcs2mh3vrq8d8nfej50] trace_id=b4af6d6e-753b-43a9-b93c-71e8df79b880
[2023-08-14T13:58:10.821126+08:00]  INFO Listener receive body buf 0801122862386235326264623136626566363639373735613430386561393138346662386161353838626430 trace_id=b4af6d6e-753b-43a9-b93c-71e8df79b880
[2023-08-14T13:58:10.822067+08:00]  INFO auth ok trace_id=b4af6d6e-753b-43a9-b93c-71e8df79b880
[2023-08-14T13:58:10.822146+08:00]  INFO start debug in ios router trace_id=b4af6d6e-753b-43a9-b93c-71e8df79b880
[2023-08-14T13:58:10.822295+08:00]  INFO connec resp:&{0xc00043da10 0xc00000f560}
[2023-08-14T13:58:10.822616+08:00]  INFO start to monitor trace_id=b4af6d6e-753b-43a9-b93c-71e8df79b880
[2023-08-14T13:58:10.957569+08:00]  INFO start to auth remoteAddr=[42.194.164.11:58241],token=[cjcs2mh3vrq8d8nfej50] trace_id=b4af6d6e-753b-43a9-b93c-71e8df79b880
[2023-08-14T13:58:11.023132+08:00]  INFO Listener receive body buf 0801122862386235326264623136626566363639373735613430386561393138346662386161353838626430 trace_id=b4af6d6e-753b-43a9-b93c-71e8df79b880
[2023-08-14T13:58:11.023238+08:00]  INFO auth ok trace_id=b4af6d6e-753b-43a9-b93c-71e8df79b880
[2023-08-14T13:58:11.085082+08:00]  INFO start to read monitor message trace_id=b4af6d6e-753b-43a9-b93c-71e8df79b880
[2023-08-14T13:58:11.085373+08:00]  INFO ios-monitor: msg: {MessageType:Attached DeviceID:8 Properties:{ConnectionSpeed:480000000 ConnectionType:USB DeviceID:8 LocationID:342040576 ProductID:4776 SerialNumber:b8b52bdb16bef669775a408ea9184fb8aa588bd0}} trace_id=b4af6d6e-753b-43a9-b93c-71e8df79b880
[2023-08-14T13:58:11.085433+08:00]  INFO Adding new device,deviceId=[1],serial=[b8b52bdb16bef669775a408ea9184fb8aa588bd0] trace_id=b4af6d6e-753b-43a9-b93c-71e8df79b880
[2023-08-14T13:58:11.085466+08:00]  INFO now attached device:1 trace_id=b4af6d6e-753b-43a9-b93c-71e8df79b880
[2023-08-14T13:58:11.085521+08:00]  INFO new attached device:&{UsbmuxdDeviceId:1 DeviceSerial:b8b52bdb16bef669775a408ea9184fb8aa588bd0 DeviceEntry:{DeviceID:1 MessageType: Properties:{ConnectionSpeed:480000000 ConnectionType:USB DeviceID:1 LocationID:342040576 ProductID:4776 SerialNumber:b8b52bdb16bef669775a408ea9184fb8aa588bd0}} RemoteUsbmuxdDeviceId:8 RemoteAddr:42.194.164.11:58241} trace_id=b4af6d6e-753b-43a9-b93c-71e8df79b880
[2023-08-14T13:58:11.085556+08:00]  INFO set device id map ok. deviceid:1 trace_id=b4af6d6e-753b-43a9-b93c-71e8df79b880
[2023-08-14T13:58:11.085586+08:00]  INFO set serial map ok. serial:b8b52bdb16bef669775a408ea9184fb8aa588bd0 trace_id=b4af6d6e-753b-43a9-b93c-71e8df79b880
[2023-08-14T13:58:11.085616+08:00]  INFO start to read monitor message trace_id=b4af6d6e-753b-43a9-b93c-71e8df79b880
[2023-08-14T13:58:22.138122+08:00]  INFO start to HandleMuxConn
[2023-08-14T13:58:22.140972+08:00]  INFO transport: read UsbMuxMessage:map[BundleID:com.apple.AMPDevicesAgent ClientVersionString:usbmuxd-529 DeviceID:1199 MessageType:Connect PortNumber:32498 ProcessID:38300 ProgName:AMPDevicesAgent] trace_id=857ca5a1-7e43-4916-b5b0-7e21cbd9cc28
[2023-08-14T13:58:22.141116+08:00] ERROR unknown deviceId:[1199] trace_id=857ca5a1-7e43-4916-b5b0-7e21cbd9cc28
[2023-08-14T13:58:22.143708+08:00]  INFO start to HandleMuxConn
[2023-08-14T13:58:22.143941+08:00]  INFO transport: read UsbMuxMessage:map[BundleID:com.apple.dt.Xcode ClientVersionString:usbmuxd-529 DeviceID:1199 MessageType:Connect PortNumber:32498 ProcessID:81602 ProgName:Xcode] trace_id=d44cd4b1-9323-49d3-9daf-51b2aa61062d
[2023-08-14T13:58:22.144162+08:00] ERROR unknown deviceId:[1199] trace_id=d44cd4b1-9323-49d3-9daf-51b2aa61062d
[2023-08-14T13:58:52.145723+08:00]  INFO release client mux conn and device conn in HandleMuxConn trace_id=857ca5a1-7e43-4916-b5b0-7e21cbd9cc28
[2023-08-14T13:58:52.147241+08:00] ERROR reading UsbMuxMessage failed:[EOF] trace_id=857ca5a1-7e43-4916-b5b0-7e21cbd9cc28
[2023-08-14T13:58:52.147835+08:00]  INFO release client mux conn and device conn in HandleMuxConn trace_id=d44cd4b1-9323-49d3-9daf-51b2aa61062d
[2023-08-14T13:58:52.147991+08:00] ERROR reading UsbMuxMessage failed:[EOF] trace_id=d44cd4b1-9323-49d3-9daf-51b2aa61062d
[2023-08-14T13:58:52.148755+08:00]  INFO start to HandleMuxConn
[2023-08-14T13:58:52.150724+08:00]  INFO transport: read UsbMuxMessage:map[BundleID:com.apple.AMPDevicesAgent ClientVersionString:usbmuxd-529 MessageType:ListDevices ProcessID:38300 ProgName:AMPDevicesAgent] trace_id=9e5f0ba7-e3b3-410f-9256-0a584e86ad22
[2023-08-14T13:58:52.150813+08:00]  INFO now remote ios device len:1 trace_id=9e5f0ba7-e3b3-410f-9256-0a584e86ad22
[2023-08-14T13:58:52.153072+08:00]  INFO release client mux conn and device conn in HandleMuxConn trace_id=9e5f0ba7-e3b3-410f-9256-0a584e86ad22
[2023-08-14T13:58:52.153189+08:00] ERROR reading UsbMuxMessage failed:[EOF] trace_id=9e5f0ba7-e3b3-410f-9256-0a584e86ad22
[2023-08-14T13:58:52.161799+08:00]  INFO start to HandleMuxConn
[2023-08-14T13:58:52.162115+08:00]  INFO transport: read UsbMuxMessage:map[BundleID:com.apple.dt.Xcode ClientVersionString:usbmuxd-529 MessageType:ListDevices ProcessID:81602 ProgName:Xcode] trace_id=51fa7b32-6ce6-4d21-adbc-f556b527a36d
[2023-08-14T13:58:52.162187+08:00]  INFO now remote ios device len:1 trace_id=51fa7b32-6ce6-4d21-adbc-f556b527a36d
[2023-08-14T13:58:52.164212+08:00]  INFO release client mux conn and device conn in HandleMuxConn trace_id=51fa7b32-6ce6-4d21-adbc-f556b527a36d
[2023-08-14T13:58:52.164864+08:00] ERROR reading UsbMuxMessage failed:[EOF] trace_id=51fa7b32-6ce6-4d21-adbc-f556b527a36d
[2023-08-14T13:58:56.509753+08:00]  INFO in client handler,addr:42.194.164.11:58241,token:cjcs2mh3vrq8d8nfej50
[2023-08-14T13:58:56.510776+08:00]  INFO start debug,remoteAddr=[42.194.164.11:58241],token=[cjcs2mh3vrq8d8nfej50] trace_id=bdf9199f-cc0b-4aa7-8d46-d91a1334ed02
[2023-08-14T13:58:56.510917+08:00]  INFO connec resp:&{0xc0004838f0 0xc000512b58}
[2023-08-14T13:59:04.146781+08:00]  INFO start to HandleMuxConn
[2023-08-14T13:59:04.149666+08:00]  INFO transport: read UsbMuxMessage:map[BundleID:com.apple.usbmuxd ClientVersionString:usbmuxd-529 MessageType:ListDevices ProcessID:132 ProgName:usbmuxd] trace_id=3b43cbb8-4790-49c7-933c-50708c2a265a
[2023-08-14T13:59:04.151777+08:00]  INFO now remote ios device len:1 trace_id=3b43cbb8-4790-49c7-933c-50708c2a265a
[2023-08-14T13:59:04.155355+08:00]  INFO release client mux conn and device conn in HandleMuxConn trace_id=3b43cbb8-4790-49c7-933c-50708c2a265a
[2023-08-14T13:59:04.157053+08:00] ERROR reading UsbMuxMessage failed:[EOF] trace_id=3b43cbb8-4790-49c7-933c-50708c2a265a
[2023-08-14T14:00:14.492111+08:00]  INFO start to HandleMuxConn
[2023-08-14T14:00:14.49865+08:00]  INFO transport: read UsbMuxMessage:map[BundleID:com.apple.usbmuxd ClientVersionString:usbmuxd-529 MessageType:ListDevices ProcessID:132 ProgName:usbmuxd] trace_id=e4712388-dc5f-4ab3-9436-d3e084497a6f
[2023-08-14T14:00:14.498829+08:00]  INFO now remote ios device len:1 trace_id=e4712388-dc5f-4ab3-9436-d3e084497a6f
[2023-08-14T14:00:14.499116+08:00]  INFO release client mux conn and device conn in HandleMuxConn trace_id=e4712388-dc5f-4ab3-9436-d3e084497a6f
[2023-08-14T14:00:14.499241+08:00] ERROR reading UsbMuxMessage failed:[EOF] trace_id=e4712388-dc5f-4ab3-9436-d3e084497a6f
[2023-08-14T14:02:45.63784+08:00]  INFO start to HandleMuxConn
[2023-08-14T14:02:45.639527+08:00]  INFO transport: read UsbMuxMessage:map[BundleID:com.apple.usbmuxd ClientVersionString:usbmuxd-529 MessageType:ListDevices ProcessID:132 ProgName:usbmuxd] trace_id=e9e0e82e-7b3d-4d9b-9043-b0a066d6bbbc
[2023-08-14T14:02:45.639642+08:00]  INFO now remote ios device len:1 trace_id=e9e0e82e-7b3d-4d9b-9043-b0a066d6bbbc
[2023-08-14T14:02:45.640257+08:00]  INFO release client mux conn and device conn in HandleMuxConn trace_id=e9e0e82e-7b3d-4d9b-9043-b0a066d6bbbc
[2023-08-14T14:02:45.640471+08:00] ERROR reading UsbMuxMessage failed:[EOF] trace_id=e9e0e82e-7b3d-4d9b-9043-b0a066d6bbbc
[2023-08-14T14:02:48.656052+08:00] ERROR ios-monitor: failed decoding MuxMessage:[{ 0 {0  0 0 0 }}],err:[EOF] trace_id=b4af6d6e-753b-43a9-b93c-71e8df79b880
[2023-08-14T14:02:48.656348+08:00]  INFO start to monitor trace_id=b4af6d6e-753b-43a9-b93c-71e8df79b880
[2023-08-14T14:02:49.15405+08:00] ERROR dial dest addr err=[dial tcp 42.194.164.11:58241: connect: connection refused] in monitor trace_id=b4af6d6e-753b-43a9-b93c-71e8df79b880
[2023-08-14T14:02:49.154248+08:00]  INFO start to clean listener,remoteAddr=[42.194.164.11:58241],token=[cjcs2mh3vrq8d8nfej50],ios=[&{UsbmuxdDeviceId:1 DeviceSerial:b8b52bdb16bef669775a408ea9184fb8aa588bd0 DeviceEntry:{DeviceID:1 MessageType: Properties:{ConnectionSpeed:480000000 ConnectionType:USB DeviceID:1 LocationID:342040576 ProductID:4776 SerialNumber:b8b52bdb16bef669775a408ea9184fb8aa588bd0}} RemoteUsbmuxdDeviceId:8 RemoteAddr:42.194.164.11:58241}] trace_id=b4af6d6e-753b-43a9-b93c-71e8df79b880
[2023-08-14T14:02:49.155151+08:00]  INFO start to remove device serial=[b8b52bdb16bef669775a408ea9184fb8aa588bd0],devices=[{DeviceID:1 MessageType: Properties:{ConnectionSpeed:480000000 ConnectionType:USB DeviceID:1 LocationID:342040576 ProductID:4776 SerialNumber:b8b52bdb16bef669775a408ea9184fb8aa588bd0}}] trace_id=b4af6d6e-753b-43a9-b93c-71e8df79b880
[2023-08-14T14:02:49.155285+08:00]  INFO Removing existing device trace_id=b4af6d6e-753b-43a9-b93c-71e8df79b880
[2023-08-14T14:02:49.155319+08:00]  INFO after remove existing device,remain devices=[] trace_id=b4af6d6e-753b-43a9-b93c-71e8df79b880
[2023-08-14T14:02:49.155364+08:00]  INFO delete device id map ok. deviceid:1 trace_id=b4af6d6e-753b-43a9-b93c-71e8df79b880
[2023-08-14T14:02:49.155473+08:00]  INFO set device id map ok. serial:b8b52bdb16bef669775a408ea9184fb8aa588bd0 trace_id=b4af6d6e-753b-43a9-b93c-71e8df79b880
[2023-08-14T14:15:03.045978+08:00]  INFO start to HandleMuxConn
[2023-08-14T14:15:03.050816+08:00]  INFO transport: read UsbMuxMessage:map[BundleID:com.apple.dt.Xcode ClientVersionString:usbmuxd-529 MessageType:ListDevices ProcessID:81602 ProgName:Xcode] trace_id=61888a2b-e3f5-49ee-8f40-cdb8bf2016ec
[2023-08-14T14:15:03.050958+08:00]  INFO now remote ios device len:0 trace_id=61888a2b-e3f5-49ee-8f40-cdb8bf2016ec
[2023-08-14T14:15:03.090522+08:00]  INFO release client mux conn and device conn in HandleMuxConn trace_id=61888a2b-e3f5-49ee-8f40-cdb8bf2016ec
[2023-08-14T14:15:03.090741+08:00] ERROR reading UsbMuxMessage failed:[EOF] trace_id=61888a2b-e3f5-49ee-8f40-cdb8bf2016ec
[2023-08-14T14:15:03.946907+08:00]  INFO start to HandleMuxConn
[2023-08-14T14:15:03.949055+08:00]  INFO transport: read UsbMuxMessage:map[BundleID:com.apple.usbmuxd ClientVersionString:usbmuxd-529 DeviceID:1205 MessageType:Connect PortNumber:32498 ProcessID:132 ProgName:usbmuxd] trace_id=2f8c66e2-d8ba-49d1-ac60-a2512303c884
[2023-08-14T14:15:03.949301+08:00] ERROR unknown deviceId:[1205] trace_id=2f8c66e2-d8ba-49d1-ac60-a2512303c884
[2023-08-14T14:15:05.817282+08:00]  INFO start to HandleMuxConn
[2023-08-14T14:15:05.818895+08:00]  INFO transport: read UsbMuxMessage:map[BundleID:com.apple.usbmuxd ClientVersionString:usbmuxd-529 MessageType:ReadBUID ProcessID:132 ProgName:usbmuxd] trace_id=b845ebe2-4a2f-47dc-97d0-75b0945741dd
[2023-08-14T14:15:05.819469+08:00]  WARN not supported [ReadBUID] yet trace_id=b845ebe2-4a2f-47dc-97d0-75b0945741dd
[2023-08-14T14:15:15.815296+08:00]  INFO release client mux conn and device conn in HandleMuxConn trace_id=b845ebe2-4a2f-47dc-97d0-75b0945741dd
[2023-08-14T14:15:15.817795+08:00] ERROR reading UsbMuxMessage failed:[EOF] trace_id=b845ebe2-4a2f-47dc-97d0-75b0945741dd
[2023-08-14T14:15:15.87796+08:00]  INFO start to HandleMuxConn
[2023-08-14T14:15:15.878358+08:00]  INFO transport: read UsbMuxMessage:map[BundleID:com.apple.usbmuxd ClientVersionString:usbmuxd-529 MessageType:ReadBUID ProcessID:132 ProgName:usbmuxd] trace_id=d95781e9-a72b-4f42-83ba-55b665a47e29
[2023-08-14T14:15:15.878561+08:00]  WARN not supported [ReadBUID] yet trace_id=d95781e9-a72b-4f42-83ba-55b665a47e29
[2023-08-14T14:15:25.877171+08:00]  INFO release client mux conn and device conn in HandleMuxConn trace_id=d95781e9-a72b-4f42-83ba-55b665a47e29
[2023-08-14T14:15:25.87871+08:00] ERROR reading UsbMuxMessage failed:[EOF] trace_id=d95781e9-a72b-4f42-83ba-55b665a47e29
[2023-08-14T14:15:33.940042+08:00]  INFO release client mux conn and device conn in HandleMuxConn trace_id=2f8c66e2-d8ba-49d1-ac60-a2512303c884
[2023-08-14T14:15:33.941308+08:00] ERROR reading UsbMuxMessage failed:[EOF] trace_id=2f8c66e2-d8ba-49d1-ac60-a2512303c884
[2023-08-14T14:15:33.942102+08:00]  INFO start to HandleMuxConn
[2023-08-14T14:15:33.943968+08:00]  INFO transport: read UsbMuxMessage:map[BundleID:com.apple.usbmuxd ClientVersionString:usbmuxd-529 MessageType:ListDevices ProcessID:132 ProgName:usbmuxd] trace_id=7686340d-c557-49fc-8873-b28045bc6546
[2023-08-14T14:15:33.944957+08:00]  INFO now remote ios device len:0 trace_id=7686340d-c557-49fc-8873-b28045bc6546
[2023-08-14T14:15:33.945193+08:00]  INFO release client mux conn and device conn in HandleMuxConn trace_id=7686340d-c557-49fc-8873-b28045bc6546
[2023-08-14T14:15:33.945305+08:00] ERROR reading UsbMuxMessage failed:[EOF] trace_id=7686340d-c557-49fc-8873-b28045bc6546
[2023-08-14T14:15:33.95029+08:00]  INFO start to HandleMuxConn
[2023-08-14T14:15:33.951354+08:00]  INFO transport: read UsbMuxMessage:map[BundleID:com.apple.Safari ClientVersionString:usbmuxd-529 DeviceID:1205 MessageType:Connect PortNumber:32498 ProcessID:476 ProgName:Safari] trace_id=195e1dbb-4c12-48ac-9fa3-60e09cb52dfb
[2023-08-14T14:15:33.951432+08:00] ERROR unknown deviceId:[1205] trace_id=195e1dbb-4c12-48ac-9fa3-60e09cb52dfb
[2023-08-14T14:15:33.986263+08:00]  INFO start to HandleMuxConn
[2023-08-14T14:15:33.988163+08:00]  INFO transport: read UsbMuxMessage:map[BundleID:com.apple.dt.Xcode ClientVersionString:usbmuxd-529 DeviceID:1205 MessageType:Connect PortNumber:32498 ProcessID:81602 ProgName:Xcode] trace_id=776106ac-7059-40e0-a6dc-d9d401b46a51
[2023-08-14T14:15:33.988288+08:00] ERROR unknown deviceId:[1205] trace_id=776106ac-7059-40e0-a6dc-d9d401b46a51
[2023-08-14T14:15:33.989368+08:00]  INFO start to HandleMuxConn
[2023-08-14T14:15:33.993907+08:00]  INFO transport: read UsbMuxMessage:map[BundleID:com.apple.dt.Xcode ClientVersionString:usbmuxd-529 MessageType:ListDevices ProcessID:81602 ProgName:Xcode] trace_id=577abcb9-906c-4887-b007-c72446a19428
[2023-08-14T14:15:33.993993+08:00]  INFO now remote ios device len:0 trace_id=577abcb9-906c-4887-b007-c72446a19428
[2023-08-14T14:15:34.030425+08:00]  INFO release client mux conn and device conn in HandleMuxConn trace_id=577abcb9-906c-4887-b007-c72446a19428
[2023-08-14T14:15:34.03098+08:00] ERROR reading UsbMuxMessage failed:[EOF] trace_id=577abcb9-906c-4887-b007-c72446a19428
[2023-08-14T14:15:34.031641+08:00]  INFO start to HandleMuxConn
[2023-08-14T14:15:34.032683+08:00]  INFO transport: read UsbMuxMessage:map[BundleID:com.apple.AMPDeviceDiscoveryAgent ClientVersionString:usbmuxd-529 DeviceID:1205 MessageType:Connect PortNumber:32498 ProcessID:543 ProgName:AMPDeviceDiscoveryAgent] trace_id=2195de31-1123-44a7-9984-606fe35954ee
[2023-08-14T14:15:34.032829+08:00] ERROR unknown deviceId:[1205] trace_id=2195de31-1123-44a7-9984-606fe35954ee
[2023-08-14T14:15:34.033948+08:00]  INFO start to HandleMuxConn
[2023-08-14T14:15:34.035544+08:00]  INFO transport: read UsbMuxMessage:map[BundleID:com.apple.AMPDevicesAgent ClientVersionString:usbmuxd-529 DeviceID:1205 MessageType:Connect PortNumber:32498 ProcessID:38300 ProgName:AMPDevicesAgent] trace_id=ee02348c-1880-415a-be3e-4b2505bdfd4f
[2023-08-14T14:15:34.035613+08:00] ERROR unknown deviceId:[1205] trace_id=ee02348c-1880-415a-be3e-4b2505bdfd4f
[2023-08-14T14:15:34.037049+08:00]  INFO start to HandleMuxConn
[2023-08-14T14:15:34.038111+08:00]  INFO transport: read UsbMuxMessage:map[BundleID:com.apple.MobileDeviceUpdater ClientVersionString:usbmuxd-529 DeviceID:1205 MessageType:Connect PortNumber:32498 ProcessID:482 ProgName:MobileDeviceUpdater] trace_id=d3700e85-3718-45e8-93ff-bf69655f45a6
[2023-08-14T14:15:34.038207+08:00] ERROR unknown deviceId:[1205] trace_id=d3700e85-3718-45e8-93ff-bf69655f45a6
[2023-08-14T14:15:34.038405+08:00]  INFO start to HandleMuxConn
[2023-08-14T14:15:34.039266+08:00]  INFO transport: read UsbMuxMessage:map[BundleID:com.apple.AMPDeviceDiscoveryAgent ClientVersionString:usbmuxd-529 DeviceID:1205 MessageType:Connect PortNumber:32498 ProcessID:543 ProgName:AMPDeviceDiscoveryAgent] trace_id=f60f41ab-2876-4ce3-a463-40e165f96fa7
[2023-08-14T14:15:34.039341+08:00] ERROR unknown deviceId:[1205] trace_id=f60f41ab-2876-4ce3-a463-40e165f96fa7
[2023-08-14T14:15:34.0812+08:00]  INFO start to HandleMuxConn
[2023-08-14T14:15:34.081539+08:00]  INFO transport: read UsbMuxMessage:map[BundleID:com.apple.AMPDevicesAgent ClientVersionString:usbmuxd-529 DeviceID:1205 MessageType:Connect PortNumber:32498 ProcessID:38300 ProgName:AMPDevicesAgent] trace_id=f1048668-c9ff-403c-88f8-6fb97b7ffb71
[2023-08-14T14:15:34.081603+08:00] ERROR unknown deviceId:[1205] trace_id=f1048668-c9ff-403c-88f8-6fb97b7ffb71
[2023-08-14T14:16:03.952477+08:00]  INFO release client mux conn and device conn in HandleMuxConn trace_id=195e1dbb-4c12-48ac-9fa3-60e09cb52dfb
[2023-08-14T14:16:03.953945+08:00] ERROR reading UsbMuxMessage failed:[EOF] trace_id=195e1dbb-4c12-48ac-9fa3-60e09cb52dfb
[2023-08-14T14:16:03.954195+08:00]  INFO start to HandleMuxConn
[2023-08-14T14:16:03.955984+08:00]  INFO transport: read UsbMuxMessage:map[BundleID:com.apple.Safari ClientVersionString:usbmuxd-529 MessageType:ListDevices ProcessID:476 ProgName:Safari] trace_id=b16c5155-2683-494d-a246-32ebed0dfb99
[2023-08-14T14:16:03.956065+08:00]  INFO now remote ios device len:0 trace_id=b16c5155-2683-494d-a246-32ebed0dfb99
[2023-08-14T14:16:03.956797+08:00]  INFO release client mux conn and device conn in HandleMuxConn trace_id=b16c5155-2683-494d-a246-32ebed0dfb99
[2023-08-14T14:16:03.95711+08:00] ERROR reading UsbMuxMessage failed:[EOF] trace_id=b16c5155-2683-494d-a246-32ebed0dfb99
[2023-08-14T14:16:03.986463+08:00]  INFO release client mux conn and device conn in HandleMuxConn trace_id=776106ac-7059-40e0-a6dc-d9d401b46a51
[2023-08-14T14:16:03.986637+08:00] ERROR reading UsbMuxMessage failed:[EOF] trace_id=776106ac-7059-40e0-a6dc-d9d401b46a51
[2023-08-14T14:16:04.032324+08:00]  INFO release client mux conn and device conn in HandleMuxConn trace_id=2195de31-1123-44a7-9984-606fe35954ee
[2023-08-14T14:16:04.032489+08:00] ERROR reading UsbMuxMessage failed:[EOF] trace_id=2195de31-1123-44a7-9984-606fe35954ee
[2023-08-14T14:16:04.032898+08:00]  INFO start to HandleMuxConn
[2023-08-14T14:16:04.03324+08:00]  INFO start to HandleMuxConn
[2023-08-14T14:16:04.033437+08:00]  INFO transport: read UsbMuxMessage:map[BundleID:com.apple.AMPDeviceDiscoveryAgent ClientVersionString:usbmuxd-529 MessageType:ListDevices ProcessID:543 ProgName:AMPDeviceDiscoveryAgent] trace_id=7a5f9d50-a68f-4611-8c70-b5b39746f341
[2023-08-14T14:16:04.033488+08:00]  INFO now remote ios device len:0 trace_id=7a5f9d50-a68f-4611-8c70-b5b39746f341
[2023-08-14T14:16:04.033658+08:00]  INFO transport: read UsbMuxMessage:map[BundleID:com.apple.dt.Xcode ClientVersionString:usbmuxd-529 MessageType:ListDevices ProcessID:81602 ProgName:Xcode] trace_id=6247c561-e42c-45a5-88a5-ee7c184391a7
[2023-08-14T14:16:04.033715+08:00]  INFO now remote ios device len:0 trace_id=6247c561-e42c-45a5-88a5-ee7c184391a7
[2023-08-14T14:16:04.033783+08:00]  INFO release client mux conn and device conn in HandleMuxConn trace_id=7a5f9d50-a68f-4611-8c70-b5b39746f341
[2023-08-14T14:16:04.033897+08:00]  INFO release client mux conn and device conn in HandleMuxConn trace_id=6247c561-e42c-45a5-88a5-ee7c184391a7
[2023-08-14T14:16:04.034084+08:00] ERROR reading UsbMuxMessage failed:[EOF] trace_id=6247c561-e42c-45a5-88a5-ee7c184391a7
[2023-08-14T14:16:04.034413+08:00]  INFO release client mux conn and device conn in HandleMuxConn trace_id=ee02348c-1880-415a-be3e-4b2505bdfd4f
[2023-08-14T14:16:04.034486+08:00] ERROR reading UsbMuxMessage failed:[EOF] trace_id=ee02348c-1880-415a-be3e-4b2505bdfd4f
[2023-08-14T14:16:04.034576+08:00]  INFO start to HandleMuxConn
[2023-08-14T14:16:04.036709+08:00] ERROR reading UsbMuxMessage failed:[EOF] trace_id=7a5f9d50-a68f-4611-8c70-b5b39746f341
[2023-08-14T14:16:04.036799+08:00]  INFO release client mux conn and device conn in HandleMuxConn trace_id=d3700e85-3718-45e8-93ff-bf69655f45a6
[2023-08-14T14:16:04.037583+08:00] ERROR reading UsbMuxMessage failed:[EOF] trace_id=d3700e85-3718-45e8-93ff-bf69655f45a6
[2023-08-14T14:16:04.037763+08:00]  INFO release client mux conn and device conn in HandleMuxConn trace_id=f60f41ab-2876-4ce3-a463-40e165f96fa7
[2023-08-14T14:16:04.03786+08:00] ERROR reading UsbMuxMessage failed:[EOF] trace_id=f60f41ab-2876-4ce3-a463-40e165f96fa7
[2023-08-14T14:16:04.038052+08:00]  INFO transport: read UsbMuxMessage:map[BundleID:com.apple.AMPDevicesAgent ClientVersionString:usbmuxd-529 MessageType:ListDevices ProcessID:38300 ProgName:AMPDevicesAgent] trace_id=bd205b00-9ad1-4eae-a7a7-92d817fa27cd
[2023-08-14T14:16:04.038279+08:00]  INFO now remote ios device len:0 trace_id=bd205b00-9ad1-4eae-a7a7-92d817fa27cd
[2023-08-14T14:16:04.038151+08:00]  INFO start to HandleMuxConn
[2023-08-14T14:16:04.043042+08:00]  INFO transport: read UsbMuxMessage:map[BundleID:com.apple.AMPDeviceDiscoveryAgent ClientVersionString:usbmuxd-529 MessageType:ListDevices ProcessID:543 ProgName:AMPDeviceDiscoveryAgent] trace_id=14dea02c-7bdb-4033-a55c-bee088f7b32b
[2023-08-14T14:16:04.043279+08:00]  INFO now remote ios device len:0 trace_id=14dea02c-7bdb-4033-a55c-bee088f7b32b
[2023-08-14T14:16:04.049029+08:00]  INFO release client mux conn and device conn in HandleMuxConn trace_id=f1048668-c9ff-403c-88f8-6fb97b7ffb71
[2023-08-14T14:16:04.049148+08:00] ERROR reading UsbMuxMessage failed:[EOF] trace_id=f1048668-c9ff-403c-88f8-6fb97b7ffb71
[2023-08-14T14:16:04.04932+08:00]  INFO release client mux conn and device conn in HandleMuxConn trace_id=bd205b00-9ad1-4eae-a7a7-92d817fa27cd
[2023-08-14T14:16:04.051927+08:00] ERROR reading UsbMuxMessage failed:[EOF] trace_id=bd205b00-9ad1-4eae-a7a7-92d817fa27cd
[2023-08-14T14:16:04.084569+08:00]  INFO start to HandleMuxConn
[2023-08-14T14:16:04.08514+08:00]  INFO transport: read UsbMuxMessage:map[BundleID:com.apple.MobileDeviceUpdater ClientVersionString:usbmuxd-529 MessageType:ListDevices ProcessID:482 ProgName:MobileDeviceUpdater] trace_id=3c6dbc5a-5761-4394-a4a0-c1bb57e11015
[2023-08-14T14:16:04.085231+08:00]  INFO now remote ios device len:0 trace_id=3c6dbc5a-5761-4394-a4a0-c1bb57e11015
[2023-08-14T14:16:04.091545+08:00]  INFO release client mux conn and device conn in HandleMuxConn trace_id=14dea02c-7bdb-4033-a55c-bee088f7b32b
[2023-08-14T14:16:04.091629+08:00] ERROR reading UsbMuxMessage failed:[EOF] trace_id=14dea02c-7bdb-4033-a55c-bee088f7b32b
[2023-08-14T14:16:04.096309+08:00]  INFO release client mux conn and device conn in HandleMuxConn trace_id=3c6dbc5a-5761-4394-a4a0-c1bb57e11015
[2023-08-14T14:16:04.096921+08:00] ERROR reading UsbMuxMessage failed:[EOF] trace_id=3c6dbc5a-5761-4394-a4a0-c1bb57e11015
[2023-08-14T14:16:04.237425+08:00]  INFO start to HandleMuxConn
[2023-08-14T14:16:04.240438+08:00]  INFO transport: read UsbMuxMessage:map[BundleID:com.apple.dt.Xcode ClientVersionString:usbmuxd-529 DeviceID:1205 MessageType:Connect PortNumber:32498 ProcessID:81602 ProgName:Xcode] trace_id=2703983d-b0e6-47ba-8bee-4e34c6009e95
[2023-08-14T14:16:04.240563+08:00] ERROR unknown deviceId:[1205] trace_id=2703983d-b0e6-47ba-8bee-4e34c6009e95
[2023-08-14T14:16:34.239368+08:00]  INFO release client mux conn and device conn in HandleMuxConn trace_id=2703983d-b0e6-47ba-8bee-4e34c6009e95
[2023-08-14T14:16:34.240595+08:00] ERROR reading UsbMuxMessage failed:[EOF] trace_id=2703983d-b0e6-47ba-8bee-4e34c6009e95
[2023-08-14T14:16:34.241768+08:00]  INFO start to HandleMuxConn
[2023-08-14T14:16:34.242507+08:00]  INFO transport: read UsbMuxMessage:map[BundleID:com.apple.dt.Xcode ClientVersionString:usbmuxd-529 MessageType:ListDevices ProcessID:81602 ProgName:Xcode] trace_id=befff28a-fccf-48a2-9ed2-ecb51f945aa9
[2023-08-14T14:16:34.24327+08:00]  INFO now remote ios device len:0 trace_id=befff28a-fccf-48a2-9ed2-ecb51f945aa9
[2023-08-14T14:16:34.279926+08:00]  INFO release client mux conn and device conn in HandleMuxConn trace_id=befff28a-fccf-48a2-9ed2-ecb51f945aa9
[2023-08-14T14:16:34.280118+08:00] ERROR reading UsbMuxMessage failed:[EOF] trace_id=befff28a-fccf-48a2-9ed2-ecb51f945aa9
[2023-08-14T14:20:53.026509+08:00]  INFO start to HandleMuxConn
[2023-08-14T14:20:53.027321+08:00]  INFO transport: read UsbMuxMessage:map[BundleID:com.apple.usbmuxd ClientVersionString:usbmuxd-529 DeviceID:1207 MessageType:Connect PortNumber:32498 ProcessID:132 ProgName:usbmuxd] trace_id=1b628c2d-d959-4161-b71f-0ceba3c7e12c
[2023-08-14T14:20:53.027382+08:00] ERROR unknown deviceId:[1207] trace_id=1b628c2d-d959-4161-b71f-0ceba3c7e12c
[2023-08-14T14:21:23.025325+08:00]  INFO release client mux conn and device conn in HandleMuxConn trace_id=1b628c2d-d959-4161-b71f-0ceba3c7e12c
[2023-08-14T14:21:23.025461+08:00] ERROR reading UsbMuxMessage failed:[EOF] trace_id=1b628c2d-d959-4161-b71f-0ceba3c7e12c
[2023-08-14T14:21:23.025582+08:00]  INFO start to HandleMuxConn
[2023-08-14T14:21:23.025728+08:00]  INFO transport: read UsbMuxMessage:map[BundleID:com.apple.usbmuxd ClientVersionString:usbmuxd-529 MessageType:ListDevices ProcessID:132 ProgName:usbmuxd] trace_id=c40e957b-707c-492d-8aea-89fdbab49410
[2023-08-14T14:21:23.025794+08:00]  INFO now remote ios device len:0 trace_id=c40e957b-707c-492d-8aea-89fdbab49410
[2023-08-14T14:21:23.025955+08:00]  INFO release client mux conn and device conn in HandleMuxConn trace_id=c40e957b-707c-492d-8aea-89fdbab49410
[2023-08-14T14:21:23.026051+08:00] ERROR reading UsbMuxMessage failed:[EOF] trace_id=c40e957b-707c-492d-8aea-89fdbab49410
[2023-08-14T14:21:23.026477+08:00]  INFO start to HandleMuxConn
[2023-08-14T14:21:23.026536+08:00]  INFO start to HandleMuxConn
[2023-08-14T14:21:23.026806+08:00]  INFO start to HandleMuxConn
[2023-08-14T14:21:23.026742+08:00]  INFO transport: read UsbMuxMessage:map[BundleID:com.apple.dt.Xcode ClientVersionString:usbmuxd-529 MessageType:ListDevices ProcessID:81602 ProgName:Xcode] trace_id=656fcf6d-f092-4296-ac1f-38f46cd1f4bc
[2023-08-14T14:21:23.026976+08:00]  INFO transport: read UsbMuxMessage:map[BundleID:com.apple.dt.Xcode ClientVersionString:usbmuxd-529 DeviceID:1207 MessageType:Connect PortNumber:32498 ProcessID:81602 ProgName:Xcode] trace_id=893c1b85-f8a9-4dc7-8698-3cf6f7bb2b01
[2023-08-14T14:21:23.027137+08:00]  INFO now remote ios device len:0 trace_id=656fcf6d-f092-4296-ac1f-38f46cd1f4bc
[2023-08-14T14:21:23.027169+08:00]  INFO transport: read UsbMuxMessage:map[BundleID:com.apple.Safari ClientVersionString:usbmuxd-529 DeviceID:1207 MessageType:Connect PortNumber:32498 ProcessID:476 ProgName:Safari] trace_id=1f18d696-e206-48b3-b4b1-7f7856c7a855
[2023-08-14T14:21:23.027528+08:00] ERROR unknown deviceId:[1207] trace_id=1f18d696-e206-48b3-b4b1-7f7856c7a855
[2023-08-14T14:21:23.027414+08:00] ERROR unknown deviceId:[1207] trace_id=893c1b85-f8a9-4dc7-8698-3cf6f7bb2b01
[2023-08-14T14:21:23.027597+08:00]  INFO release client mux conn and device conn in HandleMuxConn trace_id=656fcf6d-f092-4296-ac1f-38f46cd1f4bc
[2023-08-14T14:21:23.027751+08:00] ERROR reading UsbMuxMessage failed:[EOF] trace_id=656fcf6d-f092-4296-ac1f-38f46cd1f4bc
[2023-08-14T14:21:23.054298+08:00]  INFO start to HandleMuxConn
[2023-08-14T14:21:23.054509+08:00]  INFO transport: read UsbMuxMessage:map[BundleID:com.apple.AMPDeviceDiscoveryAgent ClientVersionString:usbmuxd-529 DeviceID:1207 MessageType:Connect PortNumber:32498 ProcessID:543 ProgName:AMPDeviceDiscoveryAgent] trace_id=f0ed98b4-4705-41ea-97ae-1420bea600ca
[2023-08-14T14:21:23.054612+08:00] ERROR unknown deviceId:[1207] trace_id=f0ed98b4-4705-41ea-97ae-1420bea600ca
[2023-08-14T14:21:23.05567+08:00]  INFO start to HandleMuxConn
[2023-08-14T14:21:23.055832+08:00]  INFO transport: read UsbMuxMessage:map[BundleID:com.apple.MobileDeviceUpdater ClientVersionString:usbmuxd-529 DeviceID:1207 MessageType:Connect PortNumber:32498 ProcessID:482 ProgName:MobileDeviceUpdater] trace_id=f0ac2c7a-b8d9-414a-ba2a-417775ac8472
[2023-08-14T14:21:23.055873+08:00] ERROR unknown deviceId:[1207] trace_id=f0ac2c7a-b8d9-414a-ba2a-417775ac8472
[2023-08-14T14:21:23.056005+08:00]  INFO start to HandleMuxConn
[2023-08-14T14:21:23.056207+08:00]  INFO transport: read UsbMuxMessage:map[BundleID:com.apple.AMPDeviceDiscoveryAgent ClientVersionString:usbmuxd-529 DeviceID:1207 MessageType:Connect PortNumber:32498 ProcessID:543 ProgName:AMPDeviceDiscoveryAgent] trace_id=63c2f22d-96b4-40a6-8335-6dbe406119a6
[2023-08-14T14:21:23.056265+08:00] ERROR unknown deviceId:[1207] trace_id=63c2f22d-96b4-40a6-8335-6dbe406119a6
[2023-08-14T14:21:41.797372+08:00]  INFO start to HandleMuxConn
[2023-08-14T14:21:41.798993+08:00]  INFO transport: read UsbMuxMessage:map[BundleID:com.apple.usbmuxd ClientVersionString:usbmuxd-529 DeviceID:1210 MessageType:Connect PortNumber:32498 ProcessID:132 ProgName:usbmuxd] trace_id=7ce957d2-3ab3-4318-a1c7-321b3284ef57
[2023-08-14T14:21:41.80021+08:00] ERROR unknown deviceId:[1210] trace_id=7ce957d2-3ab3-4318-a1c7-321b3284ef57
[2023-08-14T14:21:53.026234+08:00]  INFO release client mux conn and device conn in HandleMuxConn trace_id=893c1b85-f8a9-4dc7-8698-3cf6f7bb2b01
[2023-08-14T14:21:53.026434+08:00] ERROR reading UsbMuxMessage failed:[EOF] trace_id=893c1b85-f8a9-4dc7-8698-3cf6f7bb2b01
[2023-08-14T14:21:53.027037+08:00]  INFO release client mux conn and device conn in HandleMuxConn trace_id=1f18d696-e206-48b3-b4b1-7f7856c7a855
[2023-08-14T14:21:53.027172+08:00] ERROR reading UsbMuxMessage failed:[EOF] trace_id=1f18d696-e206-48b3-b4b1-7f7856c7a855
[2023-08-14T14:21:53.027086+08:00]  INFO start to HandleMuxConn
[2023-08-14T14:21:53.02736+08:00]  INFO transport: read UsbMuxMessage:map[BundleID:com.apple.dt.Xcode ClientVersionString:usbmuxd-529 MessageType:ListDevices ProcessID:81602 ProgName:Xcode] trace_id=3b247558-1639-4dd7-a97f-56b80aae42e6
[2023-08-14T14:21:53.027393+08:00]  INFO now remote ios device len:0 trace_id=3b247558-1639-4dd7-a97f-56b80aae42e6
[2023-08-14T14:21:53.027497+08:00]  INFO release client mux conn and device conn in HandleMuxConn trace_id=3b247558-1639-4dd7-a97f-56b80aae42e6
[2023-08-14T14:21:53.02762+08:00] ERROR reading UsbMuxMessage failed:[EOF] trace_id=3b247558-1639-4dd7-a97f-56b80aae42e6
[2023-08-14T14:21:53.031384+08:00]  INFO start to HandleMuxConn
[2023-08-14T14:21:53.031549+08:00]  INFO transport: read UsbMuxMessage:map[BundleID:com.apple.dt.Xcode ClientVersionString:usbmuxd-529 DeviceID:1207 MessageType:Connect PortNumber:32498 ProcessID:81602 ProgName:Xcode] trace_id=9d48f0b0-c581-4a23-8bbc-86e8efbe5f90
[2023-08-14T14:21:53.031579+08:00] ERROR unknown deviceId:[1207] trace_id=9d48f0b0-c581-4a23-8bbc-86e8efbe5f90
[2023-08-14T14:21:53.053834+08:00]  INFO release client mux conn and device conn in HandleMuxConn trace_id=f0ed98b4-4705-41ea-97ae-1420bea600ca
[2023-08-14T14:21:53.053965+08:00] ERROR reading UsbMuxMessage failed:[EOF] trace_id=f0ed98b4-4705-41ea-97ae-1420bea600ca
[2023-08-14T14:21:53.054397+08:00]  INFO release client mux conn and device conn in HandleMuxConn trace_id=f0ac2c7a-b8d9-414a-ba2a-417775ac8472
[2023-08-14T14:21:53.054488+08:00] ERROR reading UsbMuxMessage failed:[EOF] trace_id=f0ac2c7a-b8d9-414a-ba2a-417775ac8472
[2023-08-14T14:21:53.054666+08:00]  INFO start to HandleMuxConn
[2023-08-14T14:21:53.054749+08:00]  INFO release client mux conn and device conn in HandleMuxConn trace_id=63c2f22d-96b4-40a6-8335-6dbe406119a6
[2023-08-14T14:21:53.054724+08:00]  INFO start to HandleMuxConn
[2023-08-14T14:21:53.054872+08:00]  INFO transport: read UsbMuxMessage:map[BundleID:com.apple.AMPDeviceDiscoveryAgent ClientVersionString:usbmuxd-529 MessageType:ListDevices ProcessID:543 ProgName:AMPDeviceDiscoveryAgent] trace_id=3df84dec-999a-4719-a5a2-3ff6562ece64
[2023-08-14T14:21:53.055984+08:00] ERROR reading UsbMuxMessage failed:[EOF] trace_id=63c2f22d-96b4-40a6-8335-6dbe406119a6
[2023-08-14T14:21:53.056142+08:00]  INFO transport: read UsbMuxMessage:map[BundleID:com.apple.MobileDeviceUpdater ClientVersionString:usbmuxd-529 MessageType:ListDevices ProcessID:482 ProgName:MobileDeviceUpdater] trace_id=8fe748c8-e88c-4918-8d35-a5849ab52825
[2023-08-14T14:21:53.056202+08:00]  INFO now remote ios device len:0 trace_id=3df84dec-999a-4719-a5a2-3ff6562ece64
[2023-08-14T14:21:53.056315+08:00]  INFO now remote ios device len:0 trace_id=8fe748c8-e88c-4918-8d35-a5849ab52825
[2023-08-14T14:21:53.056731+08:00]  INFO release client mux conn and device conn in HandleMuxConn trace_id=8fe748c8-e88c-4918-8d35-a5849ab52825
[2023-08-14T14:21:53.056855+08:00] ERROR reading UsbMuxMessage failed:[EOF] trace_id=8fe748c8-e88c-4918-8d35-a5849ab52825
[2023-08-14T14:21:53.057465+08:00]  INFO release client mux conn and device conn in HandleMuxConn trace_id=3df84dec-999a-4719-a5a2-3ff6562ece64
[2023-08-14T14:21:53.057512+08:00] ERROR reading UsbMuxMessage failed:[EOF] trace_id=3df84dec-999a-4719-a5a2-3ff6562ece64
[2023-08-14T14:21:53.057618+08:00]  INFO start to HandleMuxConn
[2023-08-14T14:21:53.057734+08:00]  INFO transport: read UsbMuxMessage:map[BundleID:com.apple.AMPDeviceDiscoveryAgent ClientVersionString:usbmuxd-529 MessageType:ListDevices ProcessID:543 ProgName:AMPDeviceDiscoveryAgent] trace_id=a05e1bd1-d212-42f3-8708-c8002644a894
[2023-08-14T14:21:53.0578+08:00]  INFO now remote ios device len:0 trace_id=a05e1bd1-d212-42f3-8708-c8002644a894
[2023-08-14T14:21:53.057953+08:00]  INFO release client mux conn and device conn in HandleMuxConn trace_id=a05e1bd1-d212-42f3-8708-c8002644a894
[2023-08-14T14:21:53.058058+08:00] ERROR reading UsbMuxMessage failed:[EOF] trace_id=a05e1bd1-d212-42f3-8708-c8002644a894
[2023-08-14T14:22:11.797049+08:00]  INFO release client mux conn and device conn in HandleMuxConn trace_id=7ce957d2-3ab3-4318-a1c7-321b3284ef57
[2023-08-14T14:22:11.797248+08:00] ERROR reading UsbMuxMessage failed:[EOF] trace_id=7ce957d2-3ab3-4318-a1c7-321b3284ef57
[2023-08-14T14:22:11.797473+08:00]  INFO start to HandleMuxConn
[2023-08-14T14:22:11.798931+08:00]  INFO transport: read UsbMuxMessage:map[BundleID:com.apple.usbmuxd ClientVersionString:usbmuxd-529 MessageType:ListDevices ProcessID:132 ProgName:usbmuxd] trace_id=f854d9d1-bd3e-409e-8320-ede0066f334e
[2023-08-14T14:22:11.79899+08:00]  INFO now remote ios device len:0 trace_id=f854d9d1-bd3e-409e-8320-ede0066f334e
[2023-08-14T14:22:11.799948+08:00]  INFO release client mux conn and device conn in HandleMuxConn trace_id=f854d9d1-bd3e-409e-8320-ede0066f334e
[2023-08-14T14:22:11.800111+08:00] ERROR reading UsbMuxMessage failed:[EOF] trace_id=f854d9d1-bd3e-409e-8320-ede0066f334e
[2023-08-14T14:22:11.800277+08:00]  INFO start to HandleMuxConn
[2023-08-14T14:22:11.80029+08:00]  INFO start to HandleMuxConn
[2023-08-14T14:22:11.800488+08:00]  INFO transport: read UsbMuxMessage:map[BundleID:com.apple.Safari ClientVersionString:usbmuxd-529 DeviceID:1210 MessageType:Connect PortNumber:32498 ProcessID:476 ProgName:Safari] trace_id=09e67bed-a7c2-4ed6-8b00-7a083cb1fa20
[2023-08-14T14:22:11.800602+08:00] ERROR unknown deviceId:[1210] trace_id=09e67bed-a7c2-4ed6-8b00-7a083cb1fa20
[2023-08-14T14:22:11.800685+08:00]  INFO transport: read UsbMuxMessage:map[BundleID:com.apple.dt.Xcode ClientVersionString:usbmuxd-529 MessageType:ListDevices ProcessID:81602 ProgName:Xcode] trace_id=250861b6-0df0-4b30-b739-b644ea40b285
[2023-08-14T14:22:11.800767+08:00]  INFO now remote ios device len:0 trace_id=250861b6-0df0-4b30-b739-b644ea40b285
[2023-08-14T14:22:11.800996+08:00]  INFO release client mux conn and device conn in HandleMuxConn trace_id=250861b6-0df0-4b30-b739-b644ea40b285
[2023-08-14T14:22:11.801096+08:00] ERROR reading UsbMuxMessage failed:[EOF] trace_id=250861b6-0df0-4b30-b739-b644ea40b285
[2023-08-14T14:22:11.801654+08:00]  INFO start to HandleMuxConn
[2023-08-14T14:22:11.801877+08:00]  INFO transport: read UsbMuxMessage:map[BundleID:com.apple.AMPDeviceDiscoveryAgent ClientVersionString:usbmuxd-529 DeviceID:1210 MessageType:Connect PortNumber:32498 ProcessID:543 ProgName:AMPDeviceDiscoveryAgent] trace_id=4211eb48-d04d-4e2e-b661-67f94c8499fb
[2023-08-14T14:22:11.801956+08:00] ERROR unknown deviceId:[1210] trace_id=4211eb48-d04d-4e2e-b661-67f94c8499fb
[2023-08-14T14:22:11.80459+08:00]  INFO start to HandleMuxConn
[2023-08-14T14:22:11.80473+08:00]  INFO start to HandleMuxConn
[2023-08-14T14:22:11.804763+08:00]  INFO transport: read UsbMuxMessage:map[BundleID:com.apple.AMPDeviceDiscoveryAgent ClientVersionString:usbmuxd-529 DeviceID:1210 MessageType:Connect PortNumber:32498 ProcessID:543 ProgName:AMPDeviceDiscoveryAgent] trace_id=4308c899-3737-4d6a-a60d-4f282758bdba
[2023-08-14T14:22:11.804885+08:00] ERROR unknown deviceId:[1210] trace_id=4308c899-3737-4d6a-a60d-4f282758bdba
[2023-08-14T14:22:11.805526+08:00]  INFO transport: read UsbMuxMessage:map[BundleID:com.apple.MobileDeviceUpdater ClientVersionString:usbmuxd-529 DeviceID:1210 MessageType:Connect PortNumber:32498 ProcessID:482 ProgName:MobileDeviceUpdater] trace_id=348cd486-ade0-48f7-a222-7a5fb9629cc3
[2023-08-14T14:22:11.805585+08:00] ERROR unknown deviceId:[1210] trace_id=348cd486-ade0-48f7-a222-7a5fb9629cc3
[2023-08-14T14:22:23.03163+08:00]  INFO release client mux conn and device conn in HandleMuxConn trace_id=9d48f0b0-c581-4a23-8bbc-86e8efbe5f90
[2023-08-14T14:22:23.031829+08:00] ERROR reading UsbMuxMessage failed:[EOF] trace_id=9d48f0b0-c581-4a23-8bbc-86e8efbe5f90
[2023-08-14T14:22:23.032158+08:00]  INFO start to HandleMuxConn
[2023-08-14T14:22:23.032453+08:00]  INFO transport: read UsbMuxMessage:map[BundleID:com.apple.dt.Xcode ClientVersionString:usbmuxd-529 MessageType:ListDevices ProcessID:81602 ProgName:Xcode] trace_id=23c731f9-dfa8-4d0e-a58d-8fc956df946b
[2023-08-14T14:22:23.032533+08:00]  INFO now remote ios device len:0 trace_id=23c731f9-dfa8-4d0e-a58d-8fc956df946b
[2023-08-14T14:22:23.032797+08:00]  INFO release client mux conn and device conn in HandleMuxConn trace_id=23c731f9-dfa8-4d0e-a58d-8fc956df946b
[2023-08-14T14:22:23.032916+08:00] ERROR reading UsbMuxMessage failed:[EOF] trace_id=23c731f9-dfa8-4d0e-a58d-8fc956df946b
[2023-08-14T14:22:23.037094+08:00]  INFO start to HandleMuxConn
[2023-08-14T14:22:23.037296+08:00]  INFO transport: read UsbMuxMessage:map[BundleID:com.apple.dt.Xcode ClientVersionString:usbmuxd-529 DeviceID:1210 MessageType:Connect PortNumber:32498 ProcessID:81602 ProgName:Xcode] trace_id=4ff3e698-e29c-4dae-a917-07e5cb5371d1
[2023-08-14T14:22:23.037373+08:00] ERROR unknown deviceId:[1210] trace_id=4ff3e698-e29c-4dae-a917-07e5cb5371d1
[2023-08-14T14:22:31.558936+08:00]  INFO start to HandleMuxConn
[2023-08-14T14:22:31.560153+08:00]  INFO transport: read UsbMuxMessage:map[BundleID:com.apple.usbmuxd ClientVersionString:usbmuxd-529 MessageType:ListDevices ProcessID:132 ProgName:usbmuxd] trace_id=a4368fed-c75f-4a1e-a383-22e60f4a612f
[2023-08-14T14:22:31.560289+08:00]  INFO now remote ios device len:0 trace_id=a4368fed-c75f-4a1e-a383-22e60f4a612f
[2023-08-14T14:22:31.560666+08:00]  INFO release client mux conn and device conn in HandleMuxConn trace_id=a4368fed-c75f-4a1e-a383-22e60f4a612f
[2023-08-14T14:22:31.560837+08:00] ERROR reading UsbMuxMessage failed:[EOF] trace_id=a4368fed-c75f-4a1e-a383-22e60f4a612f
[2023-08-14T14:22:41.800369+08:00]  INFO release client mux conn and device conn in HandleMuxConn trace_id=09e67bed-a7c2-4ed6-8b00-7a083cb1fa20
[2023-08-14T14:22:41.800529+08:00] ERROR reading UsbMuxMessage failed:[EOF] trace_id=09e67bed-a7c2-4ed6-8b00-7a083cb1fa20
[2023-08-14T14:22:41.800689+08:00]  INFO start to HandleMuxConn
[2023-08-14T14:22:41.80089+08:00]  INFO transport: read UsbMuxMessage:map[BundleID:com.apple.Safari ClientVersionString:usbmuxd-529 MessageType:ListDevices ProcessID:476 ProgName:Safari] trace_id=5ba81d44-4ccb-449c-bf38-4122c29858db
[2023-08-14T14:22:41.800961+08:00]  INFO now remote ios device len:0 trace_id=5ba81d44-4ccb-449c-bf38-4122c29858db
[2023-08-14T14:22:41.801266+08:00]  INFO release client mux conn and device conn in HandleMuxConn trace_id=5ba81d44-4ccb-449c-bf38-4122c29858db
[2023-08-14T14:22:41.801402+08:00] ERROR reading UsbMuxMessage failed:[EOF] trace_id=5ba81d44-4ccb-449c-bf38-4122c29858db
[2023-08-14T14:22:41.802565+08:00]  INFO release client mux conn and device conn in HandleMuxConn trace_id=4211eb48-d04d-4e2e-b661-67f94c8499fb
[2023-08-14T14:22:41.802706+08:00] ERROR reading UsbMuxMessage failed:[EOF] trace_id=4211eb48-d04d-4e2e-b661-67f94c8499fb
[2023-08-14T14:22:41.802856+08:00]  INFO start to HandleMuxConn
[2023-08-14T14:22:41.803061+08:00]  INFO transport: read UsbMuxMessage:map[BundleID:com.apple.AMPDeviceDiscoveryAgent ClientVersionString:usbmuxd-529 MessageType:ListDevices ProcessID:543 ProgName:AMPDeviceDiscoveryAgent] trace_id=74317e22-cb60-476d-abf4-3ffe6bcb6bea
[2023-08-14T14:22:41.803117+08:00]  INFO now remote ios device len:0 trace_id=74317e22-cb60-476d-abf4-3ffe6bcb6bea
[2023-08-14T14:22:41.803368+08:00]  INFO release client mux conn and device conn in HandleMuxConn trace_id=74317e22-cb60-476d-abf4-3ffe6bcb6bea
[2023-08-14T14:22:41.803484+08:00] ERROR reading UsbMuxMessage failed:[EOF] trace_id=74317e22-cb60-476d-abf4-3ffe6bcb6bea
[2023-08-14T14:22:41.805002+08:00]  INFO release client mux conn and device conn in HandleMuxConn trace_id=4308c899-3737-4d6a-a60d-4f282758bdba
[2023-08-14T14:22:41.805214+08:00] ERROR reading UsbMuxMessage failed:[EOF] trace_id=4308c899-3737-4d6a-a60d-4f282758bdba
[2023-08-14T14:22:41.805356+08:00]  INFO release client mux conn and device conn in HandleMuxConn trace_id=348cd486-ade0-48f7-a222-7a5fb9629cc3
[2023-08-14T14:22:41.805404+08:00]  INFO start to HandleMuxConn
[2023-08-14T14:22:41.805396+08:00]  INFO start to HandleMuxConn
[2023-08-14T14:22:41.805615+08:00]  INFO transport: read UsbMuxMessage:map[BundleID:com.apple.MobileDeviceUpdater ClientVersionString:usbmuxd-529 MessageType:ListDevices ProcessID:482 ProgName:MobileDeviceUpdater] trace_id=b784d3dd-643c-438f-aec7-a7ad4be1173f
[2023-08-14T14:22:41.805441+08:00] ERROR reading UsbMuxMessage failed:[EOF] trace_id=348cd486-ade0-48f7-a222-7a5fb9629cc3
[2023-08-14T14:22:41.805707+08:00]  INFO now remote ios device len:0 trace_id=b784d3dd-643c-438f-aec7-a7ad4be1173f
[2023-08-14T14:22:41.805735+08:00]  INFO transport: read UsbMuxMessage:map[BundleID:com.apple.AMPDeviceDiscoveryAgent ClientVersionString:usbmuxd-529 MessageType:ListDevices ProcessID:543 ProgName:AMPDeviceDiscoveryAgent] trace_id=aa0f4cac-ac21-4283-8f3c-5848818085f9
[2023-08-14T14:22:41.805912+08:00]  INFO now remote ios device len:0 trace_id=aa0f4cac-ac21-4283-8f3c-5848818085f9
[2023-08-14T14:22:41.806006+08:00]  INFO release client mux conn and device conn in HandleMuxConn trace_id=b784d3dd-643c-438f-aec7-a7ad4be1173f
[2023-08-14T14:22:41.806083+08:00]  INFO release client mux conn and device conn in HandleMuxConn trace_id=aa0f4cac-ac21-4283-8f3c-5848818085f9
[2023-08-14T14:22:41.806154+08:00] ERROR reading UsbMuxMessage failed:[EOF] trace_id=aa0f4cac-ac21-4283-8f3c-5848818085f9
[2023-08-14T14:22:41.806095+08:00] ERROR reading UsbMuxMessage failed:[EOF] trace_id=b784d3dd-643c-438f-aec7-a7ad4be1173f
[2023-08-14T14:22:48.746912+08:00]  INFO start to HandleMuxConn
[2023-08-14T14:22:48.747202+08:00]  INFO transport: read UsbMuxMessage:map[BundleID:com.apple.usbmuxd ClientVersionString:usbmuxd-529 MessageType:ListDevices ProcessID:132 ProgName:usbmuxd] trace_id=ac2f78f6-72a9-455e-b6da-5557cb279963
[2023-08-14T14:22:48.748355+08:00]  INFO now remote ios device len:0 trace_id=ac2f78f6-72a9-455e-b6da-5557cb279963
[2023-08-14T14:22:48.750632+08:00]  INFO release client mux conn and device conn in HandleMuxConn trace_id=ac2f78f6-72a9-455e-b6da-5557cb279963
[2023-08-14T14:22:48.750747+08:00] ERROR reading UsbMuxMessage failed:[EOF] trace_id=ac2f78f6-72a9-455e-b6da-5557cb279963
[2023-08-14T14:22:51.860925+08:00]  INFO start to HandleMuxConn
[2023-08-14T14:22:51.861093+08:00]  INFO transport: read UsbMuxMessage:map[BundleID:com.apple.usbmuxd ClientVersionString:usbmuxd-529 DeviceID:1211 MessageType:Connect PortNumber:32498 ProcessID:132 ProgName:usbmuxd] trace_id=411cb4a0-7bdb-4c20-b9a3-ebfb563bfc08
[2023-08-14T14:22:51.861162+08:00] ERROR unknown deviceId:[1211] trace_id=411cb4a0-7bdb-4c20-b9a3-ebfb563bfc08
[2023-08-14T14:22:53.037258+08:00]  INFO release client mux conn and device conn in HandleMuxConn trace_id=4ff3e698-e29c-4dae-a917-07e5cb5371d1
[2023-08-14T14:22:53.037405+08:00] ERROR reading UsbMuxMessage failed:[EOF] trace_id=4ff3e698-e29c-4dae-a917-07e5cb5371d1
[2023-08-14T14:22:53.037748+08:00]  INFO start to HandleMuxConn
[2023-08-14T14:22:53.037898+08:00]  INFO transport: read UsbMuxMessage:map[BundleID:com.apple.dt.Xcode ClientVersionString:usbmuxd-529 MessageType:ListDevices ProcessID:81602 ProgName:Xcode] trace_id=bd875bc7-bdcd-47c4-be74-a3c8b8a898c1
[2023-08-14T14:22:53.037964+08:00]  INFO now remote ios device len:0 trace_id=bd875bc7-bdcd-47c4-be74-a3c8b8a898c1
[2023-08-14T14:22:53.038212+08:00]  INFO release client mux conn and device conn in HandleMuxConn trace_id=bd875bc7-bdcd-47c4-be74-a3c8b8a898c1
[2023-08-14T14:22:53.038339+08:00] ERROR reading UsbMuxMessage failed:[EOF] trace_id=bd875bc7-bdcd-47c4-be74-a3c8b8a898c1
[2023-08-14T14:22:53.038944+08:00]  INFO start to HandleMuxConn
[2023-08-14T14:22:53.039151+08:00]  INFO transport: read UsbMuxMessage:map[BundleID:com.apple.dt.Xcode ClientVersionString:usbmuxd-529 DeviceID:1210 MessageType:Connect PortNumber:32498 ProcessID:81602 ProgName:Xcode] trace_id=8e016425-90d6-43f7-91b5-a87449c68154
[2023-08-14T14:22:53.039207+08:00] ERROR unknown deviceId:[1210] trace_id=8e016425-90d6-43f7-91b5-a87449c68154
[2023-08-14T14:22:56.869933+08:00]  INFO start to HandleMuxConn
[2023-08-14T14:22:56.870091+08:00]  INFO transport: read UsbMuxMessage:map[BundleID:com.apple.usbmuxd ClientVersionString:usbmuxd-529 DeviceID:1213 MessageType:Connect PortNumber:32498 ProcessID:132 ProgName:usbmuxd] trace_id=5d91af65-6929-4230-b452-9ac825fc318b
[2023-08-14T14:22:56.87012+08:00] ERROR unknown deviceId:[1213] trace_id=5d91af65-6929-4230-b452-9ac825fc318b
[2023-08-14T14:23:21.86204+08:00]  INFO release client mux conn and device conn in HandleMuxConn trace_id=411cb4a0-7bdb-4c20-b9a3-ebfb563bfc08
[2023-08-14T14:23:21.862164+08:00] ERROR reading UsbMuxMessage failed:[EOF] trace_id=411cb4a0-7bdb-4c20-b9a3-ebfb563bfc08
[2023-08-14T14:23:21.862255+08:00]  INFO start to HandleMuxConn
[2023-08-14T14:23:21.862374+08:00]  INFO transport: read UsbMuxMessage:map[BundleID:com.apple.usbmuxd ClientVersionString:usbmuxd-529 MessageType:ListDevices ProcessID:132 ProgName:usbmuxd] trace_id=14a4b547-1a63-4158-bfab-ebb811c8e063
[2023-08-14T14:23:21.862415+08:00]  INFO now remote ios device len:0 trace_id=14a4b547-1a63-4158-bfab-ebb811c8e063
[2023-08-14T14:23:21.86255+08:00]  INFO release client mux conn and device conn in HandleMuxConn trace_id=14a4b547-1a63-4158-bfab-ebb811c8e063
[2023-08-14T14:23:21.862624+08:00] ERROR reading UsbMuxMessage failed:[EOF] trace_id=14a4b547-1a63-4158-bfab-ebb811c8e063
[2023-08-14T14:23:23.039392+08:00]  INFO release client mux conn and device conn in HandleMuxConn trace_id=8e016425-90d6-43f7-91b5-a87449c68154
[2023-08-14T14:23:23.039509+08:00] ERROR reading UsbMuxMessage failed:[EOF] trace_id=8e016425-90d6-43f7-91b5-a87449c68154
[2023-08-14T14:23:23.039808+08:00]  INFO start to HandleMuxConn
[2023-08-14T14:23:23.039941+08:00]  INFO transport: read UsbMuxMessage:map[BundleID:com.apple.dt.Xcode ClientVersionString:usbmuxd-529 MessageType:ListDevices ProcessID:81602 ProgName:Xcode] trace_id=e754d522-5166-4cbc-b353-d7161f580a6e
[2023-08-14T14:23:23.039974+08:00]  INFO now remote ios device len:0 trace_id=e754d522-5166-4cbc-b353-d7161f580a6e
[2023-08-14T14:23:23.040154+08:00]  INFO release client mux conn and device conn in HandleMuxConn trace_id=e754d522-5166-4cbc-b353-d7161f580a6e
[2023-08-14T14:23:23.04021+08:00] ERROR reading UsbMuxMessage failed:[EOF] trace_id=e754d522-5166-4cbc-b353-d7161f580a6e
[2023-08-14T14:23:26.870147+08:00]  INFO release client mux conn and device conn in HandleMuxConn trace_id=5d91af65-6929-4230-b452-9ac825fc318b
[2023-08-14T14:23:26.870316+08:00] ERROR reading UsbMuxMessage failed:[EOF] trace_id=5d91af65-6929-4230-b452-9ac825fc318b
[2023-08-14T14:23:26.870495+08:00]  INFO start to HandleMuxConn
[2023-08-14T14:23:26.870672+08:00]  INFO transport: read UsbMuxMessage:map[BundleID:com.apple.usbmuxd ClientVersionString:usbmuxd-529 MessageType:ListDevices ProcessID:132 ProgName:usbmuxd] trace_id=42f6e2dc-3af1-488f-9fc7-71153c215ac2
[2023-08-14T14:23:26.870759+08:00]  INFO now remote ios device len:0 trace_id=42f6e2dc-3af1-488f-9fc7-71153c215ac2
[2023-08-14T14:23:26.870986+08:00]  INFO release client mux conn and device conn in HandleMuxConn trace_id=42f6e2dc-3af1-488f-9fc7-71153c215ac2
[2023-08-14T14:23:26.871105+08:00] ERROR reading UsbMuxMessage failed:[EOF] trace_id=42f6e2dc-3af1-488f-9fc7-71153c215ac2
[2023-08-14T14:23:26.8716+08:00]  INFO start to HandleMuxConn
[2023-08-14T14:23:26.871727+08:00]  INFO start to HandleMuxConn
[2023-08-14T14:23:26.871605+08:00]  INFO start to HandleMuxConn
[2023-08-14T14:23:26.871836+08:00]  INFO transport: read UsbMuxMessage:map[BundleID:com.apple.dt.Xcode ClientVersionString:usbmuxd-529 DeviceID:1213 MessageType:Connect PortNumber:32498 ProcessID:81602 ProgName:Xcode] trace_id=23d0160f-7b9a-4b33-964f-2006bd248c90
[2023-08-14T14:23:26.871963+08:00]  INFO transport: read UsbMuxMessage:map[BundleID:com.apple.Safari ClientVersionString:usbmuxd-529 DeviceID:1213 MessageType:Connect PortNumber:32498 ProcessID:476 ProgName:Safari] trace_id=a1d25731-8d46-4725-ae32-170fe7797ac6
[2023-08-14T14:23:26.872016+08:00] ERROR unknown deviceId:[1213] trace_id=23d0160f-7b9a-4b33-964f-2006bd248c90
[2023-08-14T14:23:26.872026+08:00]  INFO transport: read UsbMuxMessage:map[BundleID:com.apple.dt.Xcode ClientVersionString:usbmuxd-529 MessageType:ListDevices ProcessID:81602 ProgName:Xcode] trace_id=9532797d-bf8f-4a1a-8ff9-15478fb5d479
[2023-08-14T14:23:26.872251+08:00]  INFO now remote ios device len:0 trace_id=9532797d-bf8f-4a1a-8ff9-15478fb5d479
[2023-08-14T14:23:26.872122+08:00] ERROR unknown deviceId:[1213] trace_id=a1d25731-8d46-4725-ae32-170fe7797ac6
[2023-08-14T14:23:26.872435+08:00]  INFO release client mux conn and device conn in HandleMuxConn trace_id=9532797d-bf8f-4a1a-8ff9-15478fb5d479
[2023-08-14T14:23:26.872511+08:00] ERROR reading UsbMuxMessage failed:[EOF] trace_id=9532797d-bf8f-4a1a-8ff9-15478fb5d479
[2023-08-14T14:23:26.884259+08:00]  INFO start to HandleMuxConn
[2023-08-14T14:23:26.884646+08:00]  INFO transport: read UsbMuxMessage:map[BundleID:com.apple.AMPDeviceDiscoveryAgent ClientVersionString:usbmuxd-529 DeviceID:1213 MessageType:Connect PortNumber:32498 ProcessID:543 ProgName:AMPDeviceDiscoveryAgent] trace_id=84e04fef-3436-42c0-9710-e2f50a4a846b
[2023-08-14T14:23:26.884728+08:00] ERROR unknown deviceId:[1213] trace_id=84e04fef-3436-42c0-9710-e2f50a4a846b
[2023-08-14T14:23:26.88748+08:00]  INFO start to HandleMuxConn
[2023-08-14T14:23:26.887641+08:00]  INFO start to HandleMuxConn
[2023-08-14T14:23:26.887716+08:00]  INFO transport: read UsbMuxMessage:map[BundleID:com.apple.MobileDeviceUpdater ClientVersionString:usbmuxd-529 DeviceID:1213 MessageType:Connect PortNumber:32498 ProcessID:482 ProgName:MobileDeviceUpdater] trace_id=56d85f84-9548-4dcd-9640-93535301c801
[2023-08-14T14:23:26.88787+08:00] ERROR unknown deviceId:[1213] trace_id=56d85f84-9548-4dcd-9640-93535301c801
[2023-08-14T14:23:26.887873+08:00]  INFO transport: read UsbMuxMessage:map[BundleID:com.apple.AMPDeviceDiscoveryAgent ClientVersionString:usbmuxd-529 DeviceID:1213 MessageType:Connect PortNumber:32498 ProcessID:543 ProgName:AMPDeviceDiscoveryAgent] trace_id=f65d5616-027d-427c-94fa-c5426717ab00
[2023-08-14T14:23:26.887968+08:00] ERROR unknown deviceId:[1213] trace_id=f65d5616-027d-427c-94fa-c5426717ab00
[2023-08-14T14:23:40.312756+08:00]  INFO start to HandleMuxConn
[2023-08-14T14:23:40.312997+08:00]  INFO transport: read UsbMuxMessage:map[BundleID:com.apple.usbmuxd ClientVersionString:usbmuxd-529 DeviceID:1214 MessageType:Connect PortNumber:32498 ProcessID:132 ProgName:usbmuxd] trace_id=1fc90179-d676-4d60-b3aa-828bee2bee21
[2023-08-14T14:23:40.313063+08:00] ERROR unknown deviceId:[1214] trace_id=1fc90179-d676-4d60-b3aa-828bee2bee21
[2023-08-14T14:23:56.87284+08:00]  INFO release client mux conn and device conn in HandleMuxConn trace_id=23d0160f-7b9a-4b33-964f-2006bd248c90
[2023-08-14T14:23:56.874321+08:00]  INFO start to HandleMuxConn
[2023-08-14T14:23:56.87295+08:00]  INFO release client mux conn and device conn in HandleMuxConn trace_id=a1d25731-8d46-4725-ae32-170fe7797ac6
[2023-08-14T14:23:56.875504+08:00] ERROR reading UsbMuxMessage failed:[EOF] trace_id=23d0160f-7b9a-4b33-964f-2006bd248c90
[2023-08-14T14:23:56.876536+08:00]  INFO transport: read UsbMuxMessage:map[BundleID:com.apple.dt.Xcode ClientVersionString:usbmuxd-529 MessageType:ListDevices ProcessID:81602 ProgName:Xcode] trace_id=771ad0a1-96d5-42f4-b0db-4c67f42f5bae
[2023-08-14T14:23:56.87661+08:00]  INFO now remote ios device len:0 trace_id=771ad0a1-96d5-42f4-b0db-4c67f42f5bae
[2023-08-14T14:23:56.876538+08:00] ERROR reading UsbMuxMessage failed:[EOF] trace_id=a1d25731-8d46-4725-ae32-170fe7797ac6
[2023-08-14T14:23:56.876893+08:00]  INFO release client mux conn and device conn in HandleMuxConn trace_id=771ad0a1-96d5-42f4-b0db-4c67f42f5bae
[2023-08-14T14:23:56.876999+08:00] ERROR reading UsbMuxMessage failed:[EOF] trace_id=771ad0a1-96d5-42f4-b0db-4c67f42f5bae
[2023-08-14T14:23:56.877834+08:00]  INFO start to HandleMuxConn
[2023-08-14T14:23:56.878+08:00]  INFO transport: read UsbMuxMessage:map[BundleID:com.apple.dt.Xcode ClientVersionString:usbmuxd-529 DeviceID:1213 MessageType:Connect PortNumber:32498 ProcessID:81602 ProgName:Xcode] trace_id=56fc93d7-d7f7-4eb1-82f1-a4c4ca9db112
[2023-08-14T14:23:56.878065+08:00] ERROR unknown deviceId:[1213] trace_id=56fc93d7-d7f7-4eb1-82f1-a4c4ca9db112
[2023-08-14T14:23:56.892609+08:00]  INFO release client mux conn and device conn in HandleMuxConn trace_id=56d85f84-9548-4dcd-9640-93535301c801
[2023-08-14T14:23:56.892616+08:00]  INFO release client mux conn and device conn in HandleMuxConn trace_id=f65d5616-027d-427c-94fa-c5426717ab00
[2023-08-14T14:23:56.892914+08:00]  INFO start to HandleMuxConn
[2023-08-14T14:23:56.892619+08:00]  INFO release client mux conn and device conn in HandleMuxConn trace_id=84e04fef-3436-42c0-9710-e2f50a4a846b
[2023-08-14T14:23:56.893136+08:00]  INFO transport: read UsbMuxMessage:map[BundleID:com.apple.MobileDeviceUpdater ClientVersionString:usbmuxd-529 MessageType:ListDevices ProcessID:482 ProgName:MobileDeviceUpdater] trace_id=1b719b85-25a4-49aa-9c38-7f070fac81d4
[2023-08-14T14:23:56.893227+08:00]  INFO now remote ios device len:0 trace_id=1b719b85-25a4-49aa-9c38-7f070fac81d4
[2023-08-14T14:23:56.892782+08:00] ERROR reading UsbMuxMessage failed:[EOF] trace_id=56d85f84-9548-4dcd-9640-93535301c801
[2023-08-14T14:23:56.892923+08:00] ERROR reading UsbMuxMessage failed:[EOF] trace_id=f65d5616-027d-427c-94fa-c5426717ab00
[2023-08-14T14:23:56.892947+08:00]  INFO start to HandleMuxConn
[2023-08-14T14:23:56.893505+08:00]  INFO release client mux conn and device conn in HandleMuxConn trace_id=1b719b85-25a4-49aa-9c38-7f070fac81d4
[2023-08-14T14:23:56.893616+08:00] ERROR reading UsbMuxMessage failed:[EOF] trace_id=1b719b85-25a4-49aa-9c38-7f070fac81d4
[2023-08-14T14:23:56.893624+08:00]  INFO transport: read UsbMuxMessage:map[BundleID:com.apple.AMPDeviceDiscoveryAgent ClientVersionString:usbmuxd-529 MessageType:ListDevices ProcessID:543 ProgName:AMPDeviceDiscoveryAgent] trace_id=053f83dd-76dc-44f3-847e-bde135e0bc72
[2023-08-14T14:23:56.893773+08:00]  INFO now remote ios device len:0 trace_id=053f83dd-76dc-44f3-847e-bde135e0bc72
[2023-08-14T14:23:56.893149+08:00] ERROR reading UsbMuxMessage failed:[EOF] trace_id=84e04fef-3436-42c0-9710-e2f50a4a846b
[2023-08-14T14:23:56.894034+08:00]  INFO release client mux conn and device conn in HandleMuxConn trace_id=053f83dd-76dc-44f3-847e-bde135e0bc72
[2023-08-14T14:23:56.894166+08:00] ERROR reading UsbMuxMessage failed:[EOF] trace_id=053f83dd-76dc-44f3-847e-bde135e0bc72
[2023-08-14T14:23:56.894307+08:00]  INFO start to HandleMuxConn
[2023-08-14T14:23:56.894514+08:00]  INFO transport: read UsbMuxMessage:map[BundleID:com.apple.AMPDeviceDiscoveryAgent ClientVersionString:usbmuxd-529 MessageType:ListDevices ProcessID:543 ProgName:AMPDeviceDiscoveryAgent] trace_id=2cd7f54d-7b92-458b-81b1-d8a23ccc6b7a
[2023-08-14T14:23:56.894622+08:00]  INFO now remote ios device len:0 trace_id=2cd7f54d-7b92-458b-81b1-d8a23ccc6b7a
[2023-08-14T14:23:56.894851+08:00]  INFO release client mux conn and device conn in HandleMuxConn trace_id=2cd7f54d-7b92-458b-81b1-d8a23ccc6b7a
[2023-08-14T14:23:56.895006+08:00] ERROR reading UsbMuxMessage failed:[EOF] trace_id=2cd7f54d-7b92-458b-81b1-d8a23ccc6b7a
[2023-08-14T14:24:08.026783+08:00]  INFO start to HandleMuxConn
[2023-08-14T14:24:08.027192+08:00]  INFO transport: read UsbMuxMessage:map[BundleID:com.apple.usbmuxd ClientVersionString:usbmuxd-529 MessageType:ListDevices ProcessID:132 ProgName:usbmuxd] trace_id=ac9784c7-117f-4195-a30e-01dd4fe82ed2
[2023-08-14T14:24:08.028668+08:00]  INFO now remote ios device len:0 trace_id=ac9784c7-117f-4195-a30e-01dd4fe82ed2
[2023-08-14T14:24:08.028978+08:00]  INFO release client mux conn and device conn in HandleMuxConn trace_id=ac9784c7-117f-4195-a30e-01dd4fe82ed2
[2023-08-14T14:24:08.029133+08:00] ERROR reading UsbMuxMessage failed:[EOF] trace_id=ac9784c7-117f-4195-a30e-01dd4fe82ed2
[2023-08-14T14:24:10.313894+08:00]  INFO release client mux conn and device conn in HandleMuxConn trace_id=1fc90179-d676-4d60-b3aa-828bee2bee21
[2023-08-14T14:24:10.314082+08:00] ERROR reading UsbMuxMessage failed:[EOF] trace_id=1fc90179-d676-4d60-b3aa-828bee2bee21
[2023-08-14T14:24:10.314232+08:00]  INFO start to HandleMuxConn
[2023-08-14T14:24:10.314401+08:00]  INFO transport: read UsbMuxMessage:map[BundleID:com.apple.usbmuxd ClientVersionString:usbmuxd-529 MessageType:ListDevices ProcessID:132 ProgName:usbmuxd] trace_id=db6938ea-486d-49f2-8422-2e1328842160
[2023-08-14T14:24:10.314447+08:00]  INFO now remote ios device len:0 trace_id=db6938ea-486d-49f2-8422-2e1328842160
[2023-08-14T14:24:10.314619+08:00]  INFO release client mux conn and device conn in HandleMuxConn trace_id=db6938ea-486d-49f2-8422-2e1328842160
[2023-08-14T14:24:10.314709+08:00] ERROR reading UsbMuxMessage failed:[EOF] trace_id=db6938ea-486d-49f2-8422-2e1328842160
[2023-08-14T14:24:10.315277+08:00]  INFO start to HandleMuxConn
[2023-08-14T14:24:10.315434+08:00]  INFO start to HandleMuxConn
[2023-08-14T14:24:10.315448+08:00]  INFO transport: read UsbMuxMessage:map[BundleID:com.apple.dt.Xcode ClientVersionString:usbmuxd-529 MessageType:ListDevices ProcessID:81602 ProgName:Xcode] trace_id=26bdcb64-e5e2-4499-a611-51774181354f
[2023-08-14T14:24:10.315618+08:00]  INFO now remote ios device len:0 trace_id=26bdcb64-e5e2-4499-a611-51774181354f
[2023-08-14T14:24:10.315622+08:00]  INFO transport: read UsbMuxMessage:map[BundleID:com.apple.Safari ClientVersionString:usbmuxd-529 DeviceID:1214 MessageType:Connect PortNumber:32498 ProcessID:476 ProgName:Safari] trace_id=b27d6cdd-1d45-4e84-bbb1-928b23ab8e94
[2023-08-14T14:24:10.315703+08:00] ERROR unknown deviceId:[1214] trace_id=b27d6cdd-1d45-4e84-bbb1-928b23ab8e94
[2023-08-14T14:24:10.315546+08:00]  INFO start to HandleMuxConn
[2023-08-14T14:24:10.315865+08:00]  INFO release client mux conn and device conn in HandleMuxConn trace_id=26bdcb64-e5e2-4499-a611-51774181354f
[2023-08-14T14:24:10.315883+08:00]  INFO transport: read UsbMuxMessage:map[BundleID:com.apple.AMPDeviceDiscoveryAgent ClientVersionString:usbmuxd-529 DeviceID:1214 MessageType:Connect PortNumber:32498 ProcessID:543 ProgName:AMPDeviceDiscoveryAgent] trace_id=7cae34b0-d5e8-4add-9522-421e276aba4c
[2023-08-14T14:24:10.315948+08:00] ERROR reading UsbMuxMessage failed:[EOF] trace_id=26bdcb64-e5e2-4499-a611-51774181354f
[2023-08-14T14:24:10.316045+08:00] ERROR unknown deviceId:[1214] trace_id=7cae34b0-d5e8-4add-9522-421e276aba4c
[2023-08-14T14:24:10.318865+08:00]  INFO start to HandleMuxConn
[2023-08-14T14:24:10.319095+08:00]  INFO transport: read UsbMuxMessage:map[BundleID:com.apple.AMPDeviceDiscoveryAgent ClientVersionString:usbmuxd-529 DeviceID:1214 MessageType:Connect PortNumber:32498 ProcessID:543 ProgName:AMPDeviceDiscoveryAgent] trace_id=9a1d686b-b902-4a2c-b87e-6d4baaf7d4af
[2023-08-14T14:24:10.31914+08:00]  INFO start to HandleMuxConn
[2023-08-14T14:24:10.319175+08:00] ERROR unknown deviceId:[1214] trace_id=9a1d686b-b902-4a2c-b87e-6d4baaf7d4af
[2023-08-14T14:24:10.319415+08:00]  INFO transport: read UsbMuxMessage:map[BundleID:com.apple.MobileDeviceUpdater ClientVersionString:usbmuxd-529 DeviceID:1214 MessageType:Connect PortNumber:32498 ProcessID:482 ProgName:MobileDeviceUpdater] trace_id=0fdd8200-2db5-4628-9147-d4eb0c318a1c
[2023-08-14T14:24:10.319465+08:00] ERROR unknown deviceId:[1214] trace_id=0fdd8200-2db5-4628-9147-d4eb0c318a1c
[2023-08-14T14:24:26.878384+08:00]  INFO release client mux conn and device conn in HandleMuxConn trace_id=56fc93d7-d7f7-4eb1-82f1-a4c4ca9db112
[2023-08-14T14:24:26.878556+08:00] ERROR reading UsbMuxMessage failed:[EOF] trace_id=56fc93d7-d7f7-4eb1-82f1-a4c4ca9db112
[2023-08-14T14:24:26.878878+08:00]  INFO start to HandleMuxConn
[2023-08-14T14:24:26.879106+08:00]  INFO transport: read UsbMuxMessage:map[BundleID:com.apple.dt.Xcode ClientVersionString:usbmuxd-529 MessageType:ListDevices ProcessID:81602 ProgName:Xcode] trace_id=4bce3f13-7323-4230-a3af-590846648475
[2023-08-14T14:24:26.879182+08:00]  INFO now remote ios device len:0 trace_id=4bce3f13-7323-4230-a3af-590846648475
[2023-08-14T14:24:26.879469+08:00]  INFO release client mux conn and device conn in HandleMuxConn trace_id=4bce3f13-7323-4230-a3af-590846648475
[2023-08-14T14:24:26.879567+08:00] ERROR reading UsbMuxMessage failed:[EOF] trace_id=4bce3f13-7323-4230-a3af-590846648475
[2023-08-14T14:24:26.883974+08:00]  INFO start to HandleMuxConn
[2023-08-14T14:24:26.884168+08:00]  INFO transport: read UsbMuxMessage:map[BundleID:com.apple.dt.Xcode ClientVersionString:usbmuxd-529 DeviceID:1214 MessageType:Connect PortNumber:32498 ProcessID:81602 ProgName:Xcode] trace_id=0b20af15-5aca-4501-8ebb-279c0cbfff31
[2023-08-14T14:24:26.884211+08:00] ERROR unknown deviceId:[1214] trace_id=0b20af15-5aca-4501-8ebb-279c0cbfff31
[2023-08-14T14:24:28.719278+08:00]  INFO handle disconnect,addr=[],phoneType=[ANDROID] trace_id=35f20dc6-6dc1-46e2-8dbd-872ac077eca3
[2023-08-14T14:24:28.719354+08:00]  INFO req=[&{}],disconnect ok
[2023-08-14T14:24:28.72174+08:00]  INFO disconnect resp:&{LocalAddr: PhoneType:ANDROID CommonRsp:0xc00000e0a8}
[2023-08-14T14:24:28.728967+08:00]  INFO exec adb command,err:exec: "adb": executable file not found in $PATH
[2023-08-14T14:24:40.316809+08:00]  INFO release client mux conn and device conn in HandleMuxConn trace_id=7cae34b0-d5e8-4add-9522-421e276aba4c
[2023-08-14T14:24:40.316815+08:00]  INFO release client mux conn and device conn in HandleMuxConn trace_id=b27d6cdd-1d45-4e84-bbb1-928b23ab8e94
[2023-08-14T14:24:40.317044+08:00] ERROR reading UsbMuxMessage failed:[EOF] trace_id=7cae34b0-d5e8-4add-9522-421e276aba4c
[2023-08-14T14:24:40.317082+08:00]  INFO start to HandleMuxConn
[2023-08-14T14:24:40.317111+08:00]  INFO start to HandleMuxConn
[2023-08-14T14:24:40.317724+08:00]  INFO transport: read UsbMuxMessage:map[BundleID:com.apple.AMPDeviceDiscoveryAgent ClientVersionString:usbmuxd-529 MessageType:ListDevices ProcessID:543 ProgName:AMPDeviceDiscoveryAgent] trace_id=d459eeae-9216-4f00-9e7d-ec28c9c92637
[2023-08-14T14:24:40.31782+08:00]  INFO now remote ios device len:0 trace_id=d459eeae-9216-4f00-9e7d-ec28c9c92637
[2023-08-14T14:24:40.317265+08:00] ERROR reading UsbMuxMessage failed:[EOF] trace_id=b27d6cdd-1d45-4e84-bbb1-928b23ab8e94
[2023-08-14T14:24:40.317863+08:00]  INFO transport: read UsbMuxMessage:map[BundleID:com.apple.Safari ClientVersionString:usbmuxd-529 MessageType:ListDevices ProcessID:476 ProgName:Safari] trace_id=5ee9bf70-679d-4e9e-ab4b-d81bf497b328
[2023-08-14T14:24:40.318103+08:00]  INFO now remote ios device len:0 trace_id=5ee9bf70-679d-4e9e-ab4b-d81bf497b328
[2023-08-14T14:24:40.318186+08:00]  INFO release client mux conn and device conn in HandleMuxConn trace_id=d459eeae-9216-4f00-9e7d-ec28c9c92637
[2023-08-14T14:24:40.31834+08:00] ERROR reading UsbMuxMessage failed:[EOF] trace_id=d459eeae-9216-4f00-9e7d-ec28c9c92637
[2023-08-14T14:24:40.318438+08:00]  INFO release client mux conn and device conn in HandleMuxConn trace_id=5ee9bf70-679d-4e9e-ab4b-d81bf497b328
[2023-08-14T14:24:40.318567+08:00] ERROR reading UsbMuxMessage failed:[EOF] trace_id=5ee9bf70-679d-4e9e-ab4b-d81bf497b328
[2023-08-14T14:24:40.319978+08:00]  INFO release client mux conn and device conn in HandleMuxConn trace_id=9a1d686b-b902-4a2c-b87e-6d4baaf7d4af
[2023-08-14T14:24:40.320139+08:00] ERROR reading UsbMuxMessage failed:[EOF] trace_id=9a1d686b-b902-4a2c-b87e-6d4baaf7d4af
[2023-08-14T14:24:40.320246+08:00]  INFO release client mux conn and device conn in HandleMuxConn trace_id=0fdd8200-2db5-4628-9147-d4eb0c318a1c
[2023-08-14T14:24:40.320307+08:00]  INFO start to HandleMuxConn
[2023-08-14T14:24:40.320366+08:00] ERROR reading UsbMuxMessage failed:[EOF] trace_id=0fdd8200-2db5-4628-9147-d4eb0c318a1c
[2023-08-14T14:24:40.320329+08:00]  INFO start to HandleMuxConn
[2023-08-14T14:24:40.320502+08:00]  INFO transport: read UsbMuxMessage:map[BundleID:com.apple.AMPDeviceDiscoveryAgent ClientVersionString:usbmuxd-529 MessageType:ListDevices ProcessID:543 ProgName:AMPDeviceDiscoveryAgent] trace_id=2e28328d-810d-4140-b4bf-cdb73a8eb8ed
[2023-08-14T14:24:40.320567+08:00]  INFO now remote ios device len:0 trace_id=2e28328d-810d-4140-b4bf-cdb73a8eb8ed
[2023-08-14T14:24:40.320603+08:00]  INFO transport: read UsbMuxMessage:map[BundleID:com.apple.MobileDeviceUpdater ClientVersionString:usbmuxd-529 MessageType:ListDevices ProcessID:482 ProgName:MobileDeviceUpdater] trace_id=9dbf9aa7-418e-40ab-b21b-6e19d6da0987
[2023-08-14T14:24:40.320657+08:00]  INFO now remote ios device len:0 trace_id=9dbf9aa7-418e-40ab-b21b-6e19d6da0987
[2023-08-14T14:24:40.320747+08:00]  INFO release client mux conn and device conn in HandleMuxConn trace_id=2e28328d-810d-4140-b4bf-cdb73a8eb8ed
[2023-08-14T14:24:40.320852+08:00] ERROR reading UsbMuxMessage failed:[EOF] trace_id=2e28328d-810d-4140-b4bf-cdb73a8eb8ed
[2023-08-14T14:24:40.320935+08:00]  INFO release client mux conn and device conn in HandleMuxConn trace_id=9dbf9aa7-418e-40ab-b21b-6e19d6da0987
[2023-08-14T14:24:40.321003+08:00] ERROR reading UsbMuxMessage failed:[EOF] trace_id=9dbf9aa7-418e-40ab-b21b-6e19d6da0987
[2023-08-14T14:24:56.885128+08:00]  INFO release client mux conn and device conn in HandleMuxConn trace_id=0b20af15-5aca-4501-8ebb-279c0cbfff31
[2023-08-14T14:24:56.885935+08:00] ERROR reading UsbMuxMessage failed:[EOF] trace_id=0b20af15-5aca-4501-8ebb-279c0cbfff31
[2023-08-14T14:24:56.886026+08:00]  INFO start to HandleMuxConn
[2023-08-14T14:24:56.886126+08:00]  INFO transport: read UsbMuxMessage:map[BundleID:com.apple.dt.Xcode ClientVersionString:usbmuxd-529 MessageType:ListDevices ProcessID:81602 ProgName:Xcode] trace_id=9a0104df-bcc4-405f-ba15-db5b250d5223
[2023-08-14T14:24:56.886157+08:00]  INFO now remote ios device len:0 trace_id=9a0104df-bcc4-405f-ba15-db5b250d5223
[2023-08-14T14:24:56.886266+08:00]  INFO release client mux conn and device conn in HandleMuxConn trace_id=9a0104df-bcc4-405f-ba15-db5b250d5223
[2023-08-14T14:24:56.886322+08:00] ERROR reading UsbMuxMessage failed:[EOF] trace_id=9a0104df-bcc4-405f-ba15-db5b250d5223
[2023-08-14T14:24:56.886743+08:00]  INFO start to HandleMuxConn
[2023-08-14T14:24:56.886852+08:00]  INFO transport: read UsbMuxMessage:map[BundleID:com.apple.dt.Xcode ClientVersionString:usbmuxd-529 DeviceID:1214 MessageType:Connect PortNumber:32498 ProcessID:81602 ProgName:Xcode] trace_id=41b6a3a1-4f85-4eb3-a635-c2616fccb900
[2023-08-14T14:24:56.886896+08:00] ERROR unknown deviceId:[1214] trace_id=41b6a3a1-4f85-4eb3-a635-c2616fccb900
[2023-08-14T14:25:26.888026+08:00]  INFO release client mux conn and device conn in HandleMuxConn trace_id=41b6a3a1-4f85-4eb3-a635-c2616fccb900
[2023-08-14T14:25:26.889013+08:00] ERROR reading UsbMuxMessage failed:[EOF] trace_id=41b6a3a1-4f85-4eb3-a635-c2616fccb900
[2023-08-14T14:25:26.88921+08:00]  INFO start to HandleMuxConn
[2023-08-14T14:25:26.889384+08:00]  INFO transport: read UsbMuxMessage:map[BundleID:com.apple.dt.Xcode ClientVersionString:usbmuxd-529 MessageType:ListDevices ProcessID:81602 ProgName:Xcode] trace_id=ba96f793-1a7c-4275-95e9-8aa8d446d7d3
[2023-08-14T14:25:26.889464+08:00]  INFO now remote ios device len:0 trace_id=ba96f793-1a7c-4275-95e9-8aa8d446d7d3
[2023-08-14T14:25:26.889668+08:00]  INFO release client mux conn and device conn in HandleMuxConn trace_id=ba96f793-1a7c-4275-95e9-8aa8d446d7d3
[2023-08-14T14:25:26.88976+08:00] ERROR reading UsbMuxMessage failed:[EOF] trace_id=ba96f793-1a7c-4275-95e9-8aa8d446d7d3
[2023-08-14T14:25:51.224028+08:00]  INFO start to HandleMuxConn
[2023-08-14T14:25:51.224832+08:00]  INFO transport: read UsbMuxMessage:map[BundleID:com.apple.usbmuxd ClientVersionString:usbmuxd-529 MessageType:ListDevices ProcessID:132 ProgName:usbmuxd] trace_id=60cae27f-e424-45d0-ad8c-165402017ca0
[2023-08-14T14:25:51.22491+08:00]  INFO now remote ios device len:0 trace_id=60cae27f-e424-45d0-ad8c-165402017ca0
[2023-08-14T14:25:51.225151+08:00]  INFO release client mux conn and device conn in HandleMuxConn trace_id=60cae27f-e424-45d0-ad8c-165402017ca0
[2023-08-14T14:25:51.225252+08:00] ERROR reading UsbMuxMessage failed:[EOF] trace_id=60cae27f-e424-45d0-ad8c-165402017ca0
[2023-08-14T14:28:02.710129+08:00]  INFO start to HandleMuxConn
[2023-08-14T14:28:02.711385+08:00]  INFO transport: read UsbMuxMessage:map[BundleID:com.apple.usbmuxd ClientVersionString:usbmuxd-529 MessageType:ListDevices ProcessID:132 ProgName:usbmuxd] trace_id=8db13aae-5a48-4592-b9da-4aa33627fe03
[2023-08-14T14:28:02.711544+08:00]  INFO now remote ios device len:0 trace_id=8db13aae-5a48-4592-b9da-4aa33627fe03
[2023-08-14T14:28:02.711899+08:00]  INFO release client mux conn and device conn in HandleMuxConn trace_id=8db13aae-5a48-4592-b9da-4aa33627fe03
[2023-08-14T14:28:02.712068+08:00] ERROR reading UsbMuxMessage failed:[EOF] trace_id=8db13aae-5a48-4592-b9da-4aa33627fe03
[2023-08-14T14:36:20.396935+08:00]  INFO start to HandleMuxConn
[2023-08-14T14:36:20.398952+08:00]  INFO transport: read UsbMuxMessage:map[BundleID:com.apple.usbmuxd ClientVersionString:usbmuxd-529 MessageType:ListDevices ProcessID:132 ProgName:usbmuxd] trace_id=ee9105fe-8a7f-4a99-911a-99378a4291b7
[2023-08-14T14:36:20.399028+08:00]  INFO now remote ios device len:0 trace_id=ee9105fe-8a7f-4a99-911a-99378a4291b7
[2023-08-14T14:36:20.399305+08:00]  INFO release client mux conn and device conn in HandleMuxConn trace_id=ee9105fe-8a7f-4a99-911a-99378a4291b7
[2023-08-14T14:36:20.399407+08:00] ERROR reading UsbMuxMessage failed:[EOF] trace_id=ee9105fe-8a7f-4a99-911a-99378a4291b7
[2023-08-14T15:03:54.36348+08:00]  INFO start to HandleMuxConn
[2023-08-14T15:03:54.364742+08:00]  INFO transport: read UsbMuxMessage:map[BundleID:com.apple.usbmuxd ClientVersionString:usbmuxd-529 MessageType:ListDevices ProcessID:132 ProgName:usbmuxd] trace_id=5228f28b-5f52-4264-88ab-147137cad508
[2023-08-14T15:03:54.364872+08:00]  INFO now remote ios device len:0 trace_id=5228f28b-5f52-4264-88ab-147137cad508
[2023-08-14T15:03:54.365172+08:00]  INFO release client mux conn and device conn in HandleMuxConn trace_id=5228f28b-5f52-4264-88ab-147137cad508
[2023-08-14T15:03:54.365282+08:00] ERROR reading UsbMuxMessage failed:[EOF] trace_id=5228f28b-5f52-4264-88ab-147137cad508
[2023-08-14T15:04:57.107365+08:00]  INFO start to HandleMuxConn
[2023-08-14T15:04:57.107715+08:00]  INFO transport: read UsbMuxMessage:map[BundleID:com.apple.usbmuxd ClientVersionString:usbmuxd-529 MessageType:ListDevices ProcessID:132 ProgName:usbmuxd] trace_id=9161dd9e-fc6f-4605-a78d-5a9bc0cfed1b
[2023-08-14T15:04:57.107836+08:00]  INFO now remote ios device len:0 trace_id=9161dd9e-fc6f-4605-a78d-5a9bc0cfed1b
[2023-08-14T15:04:57.108249+08:00]  INFO release client mux conn and device conn in HandleMuxConn trace_id=9161dd9e-fc6f-4605-a78d-5a9bc0cfed1b
[2023-08-14T15:04:57.108414+08:00] ERROR reading UsbMuxMessage failed:[EOF] trace_id=9161dd9e-fc6f-4605-a78d-5a9bc0cfed1b
[2023-08-14T15:13:45.516205+08:00]  INFO start to HandleMuxConn
[2023-08-14T15:13:45.517892+08:00]  INFO transport: read UsbMuxMessage:map[BundleID:com.apple.usbmuxd ClientVersionString:usbmuxd-529 MessageType:ListDevices ProcessID:132 ProgName:usbmuxd] trace_id=9ede6a0f-eda4-495a-8e0d-cd7372064a25
[2023-08-14T15:13:45.518018+08:00]  INFO now remote ios device len:0 trace_id=9ede6a0f-eda4-495a-8e0d-cd7372064a25
[2023-08-14T15:13:45.518292+08:00]  INFO release client mux conn and device conn in HandleMuxConn trace_id=9ede6a0f-eda4-495a-8e0d-cd7372064a25
[2023-08-14T15:13:45.518552+08:00] ERROR reading UsbMuxMessage failed:[EOF] trace_id=9ede6a0f-eda4-495a-8e0d-cd7372064a25
[2023-08-14T15:14:08.642793+08:00]  INFO start to HandleMuxConn
[2023-08-14T15:14:08.644931+08:00]  INFO transport: read UsbMuxMessage:map[BundleID:com.apple.usbmuxd ClientVersionString:usbmuxd-529 MessageType:ListDevices ProcessID:132 ProgName:usbmuxd] trace_id=568699ac-2d8e-4936-8c83-aefa4eb1e763
[2023-08-14T15:14:08.645081+08:00]  INFO now remote ios device len:0 trace_id=568699ac-2d8e-4936-8c83-aefa4eb1e763
[2023-08-14T15:14:08.645419+08:00]  INFO release client mux conn and device conn in HandleMuxConn trace_id=568699ac-2d8e-4936-8c83-aefa4eb1e763
[2023-08-14T15:14:08.645694+08:00] ERROR reading UsbMuxMessage failed:[EOF] trace_id=568699ac-2d8e-4936-8c83-aefa4eb1e763
[2023-08-14T15:17:12.741234+08:00]  INFO start to HandleMuxConn
[2023-08-14T15:17:12.742133+08:00]  INFO transport: read UsbMuxMessage:map[BundleID:com.apple.usbmuxd ClientVersionString:usbmuxd-529 MessageType:ListDevices ProcessID:132 ProgName:usbmuxd] trace_id=8a93646d-b298-4ad8-aaf4-71020f402aaf
[2023-08-14T15:17:12.742277+08:00]  INFO now remote ios device len:0 trace_id=8a93646d-b298-4ad8-aaf4-71020f402aaf
[2023-08-14T15:17:12.74264+08:00]  INFO release client mux conn and device conn in HandleMuxConn trace_id=8a93646d-b298-4ad8-aaf4-71020f402aaf
[2023-08-14T15:17:12.742837+08:00] ERROR reading UsbMuxMessage failed:[EOF] trace_id=8a93646d-b298-4ad8-aaf4-71020f402aaf
[2023-08-14T15:18:51.487503+08:00]  INFO start to HandleMuxConn
[2023-08-14T15:18:51.488617+08:00]  INFO transport: read UsbMuxMessage:map[BundleID:com.apple.usbmuxd ClientVersionString:usbmuxd-529 MessageType:ListDevices ProcessID:132 ProgName:usbmuxd] trace_id=feaa34b6-d0e5-4bb3-95ff-70792d52e5a3
[2023-08-14T15:18:51.488706+08:00]  INFO now remote ios device len:0 trace_id=feaa34b6-d0e5-4bb3-95ff-70792d52e5a3
[2023-08-14T15:18:51.488873+08:00]  INFO release client mux conn and device conn in HandleMuxConn trace_id=feaa34b6-d0e5-4bb3-95ff-70792d52e5a3
[2023-08-14T15:18:51.488946+08:00] ERROR reading UsbMuxMessage failed:[EOF] trace_id=feaa34b6-d0e5-4bb3-95ff-70792d52e5a3
[2023-08-14T15:21:29.472227+08:00]  INFO start to HandleMuxConn
[2023-08-14T15:21:29.473476+08:00]  INFO transport: read UsbMuxMessage:map[BundleID:com.apple.usbmuxd ClientVersionString:usbmuxd-529 MessageType:ListDevices ProcessID:132 ProgName:usbmuxd] trace_id=b2fc1f12-c464-4104-a3fc-36230f1827ec
[2023-08-14T15:21:29.473608+08:00]  INFO now remote ios device len:0 trace_id=b2fc1f12-c464-4104-a3fc-36230f1827ec
[2023-08-14T15:21:29.473924+08:00]  INFO release client mux conn and device conn in HandleMuxConn trace_id=b2fc1f12-c464-4104-a3fc-36230f1827ec
[2023-08-14T15:21:29.474091+08:00] ERROR reading UsbMuxMessage failed:[EOF] trace_id=b2fc1f12-c464-4104-a3fc-36230f1827ec
[2023-08-14T15:22:35.430527+08:00]  INFO start to HandleMuxConn
[2023-08-14T15:22:35.432325+08:00]  INFO transport: read UsbMuxMessage:map[BundleID:com.apple.usbmuxd ClientVersionString:usbmuxd-529 MessageType:ListDevices ProcessID:132 ProgName:usbmuxd] trace_id=b466af29-ccb7-4b38-814d-b5333e4f2fbc
[2023-08-14T15:22:35.432475+08:00]  INFO now remote ios device len:0 trace_id=b466af29-ccb7-4b38-814d-b5333e4f2fbc
[2023-08-14T15:22:35.43286+08:00]  INFO release client mux conn and device conn in HandleMuxConn trace_id=b466af29-ccb7-4b38-814d-b5333e4f2fbc
[2023-08-14T15:22:35.433058+08:00] ERROR reading UsbMuxMessage failed:[EOF] trace_id=b466af29-ccb7-4b38-814d-b5333e4f2fbc
[2023-08-14T15:24:41.80543+08:00]  INFO start to HandleMuxConn
[2023-08-14T15:24:41.806183+08:00]  INFO transport: read UsbMuxMessage:map[BundleID:com.apple.usbmuxd ClientVersionString:usbmuxd-529 MessageType:ListDevices ProcessID:132 ProgName:usbmuxd] trace_id=e07b5902-6051-4a4f-b45c-1c16c7a73ec3
[2023-08-14T15:24:41.806261+08:00]  INFO now remote ios device len:0 trace_id=e07b5902-6051-4a4f-b45c-1c16c7a73ec3
[2023-08-14T15:24:41.806465+08:00]  INFO release client mux conn and device conn in HandleMuxConn trace_id=e07b5902-6051-4a4f-b45c-1c16c7a73ec3
[2023-08-14T15:24:41.806553+08:00] ERROR reading UsbMuxMessage failed:[EOF] trace_id=e07b5902-6051-4a4f-b45c-1c16c7a73ec3
[2023-08-14T15:26:06.474336+08:00]  INFO start to HandleMuxConn
[2023-08-14T15:26:06.475298+08:00]  INFO transport: read UsbMuxMessage:map[BundleID:com.apple.dt.Xcode ClientVersionString:usbmuxd-529 ConnType:0 MessageType:Listen ProcessID:44207 ProgName:Xcode kLibUSBMuxVersion:3] trace_id=b697fa40-26c4-4fa7-85fd-acf6c63d6da4
[2023-08-14T15:26:06.475812+08:00] ERROR transport: LISTEN: error on read%!(EXTRA *errors.errorString=EOF) trace_id=b697fa40-26c4-4fa7-85fd-acf6c63d6da4
[2023-08-14T15:26:06.475874+08:00]  INFO release client mux conn and device conn in HandleMuxConn trace_id=b697fa40-26c4-4fa7-85fd-acf6c63d6da4
[2023-08-14T15:26:06.475916+08:00] ERROR reading UsbMuxMessage failed:[EOF] trace_id=b697fa40-26c4-4fa7-85fd-acf6c63d6da4
[2023-08-14T15:26:06.47598+08:00]  INFO release client mux conn and device conn in MuxMessageTypeListen trace_id=b697fa40-26c4-4fa7-85fd-acf6c63d6da4
[2023-08-14T15:26:08.274681+08:00]  INFO start to HandleMuxConn
[2023-08-14T15:26:08.274929+08:00]  INFO transport: read UsbMuxMessage:map[BundleID:com.apple.dt.Xcode ClientVersionString:usbmuxd-529 ConnType:0 MessageType:Listen ProcessID:44207 ProgName:Xcode kLibUSBMuxVersion:3] trace_id=5d64b071-b1ff-4d75-8be3-e1b308499664
[2023-08-14T15:26:08.275091+08:00] ERROR transport: LISTEN: error on read%!(EXTRA *errors.errorString=EOF) trace_id=5d64b071-b1ff-4d75-8be3-e1b308499664
[2023-08-14T15:26:08.275132+08:00]  INFO release client mux conn and device conn in HandleMuxConn trace_id=5d64b071-b1ff-4d75-8be3-e1b308499664
[2023-08-14T15:26:08.275649+08:00] ERROR reading UsbMuxMessage failed:[EOF] trace_id=5d64b071-b1ff-4d75-8be3-e1b308499664
[2023-08-14T15:26:08.27568+08:00]  INFO release client mux conn and device conn in MuxMessageTypeListen trace_id=5d64b071-b1ff-4d75-8be3-e1b308499664
[2023-08-14T15:26:32.727551+08:00]  INFO start to HandleMuxConn
[2023-08-14T15:26:32.727726+08:00]  INFO transport: read UsbMuxMessage:map[BundleID:com.apple.dt.xcodebuild ClientVersionString:usbmuxd-529 ConnType:0 MessageType:Listen ProcessID:44229 ProgName:xcodebuild kLibUSBMuxVersion:3] trace_id=311bdf77-976f-47e0-8110-05f49df5dc52
[2023-08-14T15:26:32.727881+08:00] ERROR transport: LISTEN: error on read%!(EXTRA *errors.errorString=EOF) trace_id=311bdf77-976f-47e0-8110-05f49df5dc52
[2023-08-14T15:26:32.727931+08:00]  INFO release client mux conn and device conn in HandleMuxConn trace_id=311bdf77-976f-47e0-8110-05f49df5dc52
[2023-08-14T15:26:32.728015+08:00] ERROR reading UsbMuxMessage failed:[EOF] trace_id=311bdf77-976f-47e0-8110-05f49df5dc52
[2023-08-14T15:26:32.728044+08:00]  INFO release client mux conn and device conn in MuxMessageTypeListen trace_id=311bdf77-976f-47e0-8110-05f49df5dc52
[2023-08-14T15:33:03.360182+08:00]  INFO start to HandleMuxConn
[2023-08-14T15:33:03.361509+08:00]  INFO transport: read UsbMuxMessage:map[BundleID:com.apple.usbmuxd ClientVersionString:usbmuxd-529 MessageType:ListDevices ProcessID:132 ProgName:usbmuxd] trace_id=9194184d-5a21-42ea-a218-a377af17ceca
[2023-08-14T15:33:03.361643+08:00]  INFO now remote ios device len:0 trace_id=9194184d-5a21-42ea-a218-a377af17ceca
[2023-08-14T15:33:03.362021+08:00]  INFO release client mux conn and device conn in HandleMuxConn trace_id=9194184d-5a21-42ea-a218-a377af17ceca
[2023-08-14T15:33:03.362194+08:00] ERROR reading UsbMuxMessage failed:[EOF] trace_id=9194184d-5a21-42ea-a218-a377af17ceca
[2023-08-14T15:34:45.746641+08:00]  INFO start to HandleMuxConn
[2023-08-14T15:34:45.74724+08:00]  INFO transport: read UsbMuxMessage:map[BundleID:com.apple.usbmuxd ClientVersionString:usbmuxd-529 MessageType:ListDevices ProcessID:132 ProgName:usbmuxd] trace_id=1536b630-2028-4cca-826a-7bd57d2e3793
[2023-08-14T15:34:45.747365+08:00]  INFO now remote ios device len:0 trace_id=1536b630-2028-4cca-826a-7bd57d2e3793
[2023-08-14T15:34:45.747557+08:00]  INFO release client mux conn and device conn in HandleMuxConn trace_id=1536b630-2028-4cca-826a-7bd57d2e3793
[2023-08-14T15:34:45.747653+08:00] ERROR reading UsbMuxMessage failed:[EOF] trace_id=1536b630-2028-4cca-826a-7bd57d2e3793
[2023-08-14T15:34:52.331653+08:00]  INFO start to HandleMuxConn
[2023-08-14T15:34:52.33197+08:00]  INFO transport: read UsbMuxMessage:map[BundleID:com.apple.usbmuxd ClientVersionString:usbmuxd-529 MessageType:ListDevices ProcessID:132 ProgName:usbmuxd] trace_id=fd2371d3-9ffb-4be6-b54e-4eb694f3d61f
[2023-08-14T15:34:52.332099+08:00]  INFO now remote ios device len:0 trace_id=fd2371d3-9ffb-4be6-b54e-4eb694f3d61f
[2023-08-14T15:34:52.33242+08:00]  INFO release client mux conn and device conn in HandleMuxConn trace_id=fd2371d3-9ffb-4be6-b54e-4eb694f3d61f
[2023-08-14T15:34:52.332554+08:00] ERROR reading UsbMuxMessage failed:[EOF] trace_id=fd2371d3-9ffb-4be6-b54e-4eb694f3d61f
[2023-08-14T15:35:09.828665+08:00]  INFO start to HandleMuxConn
[2023-08-14T15:35:09.829696+08:00]  INFO transport: read UsbMuxMessage:map[BundleID:com.apple.usbmuxd ClientVersionString:usbmuxd-529 MessageType:ListDevices ProcessID:132 ProgName:usbmuxd] trace_id=10b5142b-a3b6-4b97-ba5e-5b48379e79be
[2023-08-14T15:35:09.829769+08:00]  INFO now remote ios device len:0 trace_id=10b5142b-a3b6-4b97-ba5e-5b48379e79be
[2023-08-14T15:35:09.829997+08:00]  INFO release client mux conn and device conn in HandleMuxConn trace_id=10b5142b-a3b6-4b97-ba5e-5b48379e79be
[2023-08-14T15:35:09.83012+08:00] ERROR reading UsbMuxMessage failed:[EOF] trace_id=10b5142b-a3b6-4b97-ba5e-5b48379e79be
[2023-08-14T15:36:14.633939+08:00]  INFO start to HandleMuxConn
[2023-08-14T15:36:14.634572+08:00]  INFO transport: read UsbMuxMessage:map[BundleID:com.apple.usbmuxd ClientVersionString:usbmuxd-529 MessageType:ListDevices ProcessID:132 ProgName:usbmuxd] trace_id=71a7ea57-9f3e-417f-9d80-0111a4dfd30f
[2023-08-14T15:36:14.634647+08:00]  INFO now remote ios device len:0 trace_id=71a7ea57-9f3e-417f-9d80-0111a4dfd30f
[2023-08-14T15:36:14.634831+08:00]  INFO release client mux conn and device conn in HandleMuxConn trace_id=71a7ea57-9f3e-417f-9d80-0111a4dfd30f
[2023-08-14T15:36:14.634928+08:00] ERROR reading UsbMuxMessage failed:[EOF] trace_id=71a7ea57-9f3e-417f-9d80-0111a4dfd30f
[2023-08-14T15:36:30.327948+08:00]  INFO start to HandleMuxConn
[2023-08-14T15:36:30.328155+08:00]  INFO transport: read UsbMuxMessage:map[BundleID:com.apple.usbmuxd ClientVersionString:usbmuxd-529 DeviceID:1232 MessageType:Connect PortNumber:32498 ProcessID:132 ProgName:usbmuxd] trace_id=663d3729-63b6-42fc-a15f-ec9734209f7e
[2023-08-14T15:36:30.328202+08:00] ERROR unknown deviceId:[1232] trace_id=663d3729-63b6-42fc-a15f-ec9734209f7e
[2023-08-14T15:36:59.572851+08:00]  INFO start to HandleMuxConn
[2023-08-14T15:36:59.573112+08:00]  INFO transport: read UsbMuxMessage:map[BundleID:com.apple.dt.xcodebuild ClientVersionString:usbmuxd-529 ConnType:0 MessageType:Listen ProcessID:44554 ProgName:xcodebuild kLibUSBMuxVersion:3] trace_id=568e4611-a871-4ec5-8a67-2906d8350f35
[2023-08-14T15:36:59.573247+08:00] ERROR transport: LISTEN: error on read%!(EXTRA *errors.errorString=EOF) trace_id=568e4611-a871-4ec5-8a67-2906d8350f35
[2023-08-14T15:36:59.57329+08:00]  INFO release client mux conn and device conn in HandleMuxConn trace_id=568e4611-a871-4ec5-8a67-2906d8350f35
[2023-08-14T15:36:59.573328+08:00] ERROR reading UsbMuxMessage failed:[EOF] trace_id=568e4611-a871-4ec5-8a67-2906d8350f35
[2023-08-14T15:36:59.573355+08:00]  INFO release client mux conn and device conn in MuxMessageTypeListen trace_id=568e4611-a871-4ec5-8a67-2906d8350f35
[2023-08-14T15:37:00.326472+08:00]  INFO release client mux conn and device conn in HandleMuxConn trace_id=663d3729-63b6-42fc-a15f-ec9734209f7e
[2023-08-14T15:37:00.326735+08:00] ERROR reading UsbMuxMessage failed:[EOF] trace_id=663d3729-63b6-42fc-a15f-ec9734209f7e
[2023-08-14T15:37:00.326818+08:00]  INFO start to HandleMuxConn
[2023-08-14T15:37:00.32692+08:00]  INFO transport: read UsbMuxMessage:map[BundleID:com.apple.usbmuxd ClientVersionString:usbmuxd-529 MessageType:ListDevices ProcessID:132 ProgName:usbmuxd] trace_id=5964976e-644c-4bf5-a86f-e0440cd69a1f
[2023-08-14T15:37:00.326996+08:00]  INFO now remote ios device len:0 trace_id=5964976e-644c-4bf5-a86f-e0440cd69a1f
[2023-08-14T15:37:00.327119+08:00]  INFO release client mux conn and device conn in HandleMuxConn trace_id=5964976e-644c-4bf5-a86f-e0440cd69a1f
[2023-08-14T15:37:00.327184+08:00] ERROR reading UsbMuxMessage failed:[EOF] trace_id=5964976e-644c-4bf5-a86f-e0440cd69a1f
[2023-08-14T15:37:00.327629+08:00]  INFO start to HandleMuxConn
[2023-08-14T15:37:00.327811+08:00]  INFO transport: read UsbMuxMessage:map[BundleID:com.apple.Safari ClientVersionString:usbmuxd-529 DeviceID:1232 MessageType:Connect PortNumber:32498 ProcessID:476 ProgName:Safari] trace_id=4a73fdef-7827-478e-9698-6dbeb3f7a0e8
[2023-08-14T15:37:00.327858+08:00] ERROR unknown deviceId:[1232] trace_id=4a73fdef-7827-478e-9698-6dbeb3f7a0e8
[2023-08-14T15:37:00.329246+08:00]  INFO start to HandleMuxConn
[2023-08-14T15:37:00.329367+08:00]  INFO transport: read UsbMuxMessage:map[BundleID:com.apple.MobileDeviceUpdater ClientVersionString:usbmuxd-529 DeviceID:1232 MessageType:Connect PortNumber:32498 ProcessID:482 ProgName:MobileDeviceUpdater] trace_id=686f1941-3182-437d-9d62-b2170a04fc86
[2023-08-14T15:37:00.329401+08:00] ERROR unknown deviceId:[1232] trace_id=686f1941-3182-437d-9d62-b2170a04fc86
[2023-08-14T15:37:00.331393+08:00]  INFO start to HandleMuxConn
[2023-08-14T15:37:00.331507+08:00]  INFO start to HandleMuxConn
[2023-08-14T15:37:00.331524+08:00]  INFO transport: read UsbMuxMessage:map[BundleID:com.apple.AMPDeviceDiscoveryAgent ClientVersionString:usbmuxd-529 DeviceID:1232 MessageType:Connect PortNumber:32498 ProcessID:543 ProgName:AMPDeviceDiscoveryAgent] trace_id=1074111f-8db1-4986-bc19-9fb472ac2005
[2023-08-14T15:37:00.331633+08:00] ERROR unknown deviceId:[1232] trace_id=1074111f-8db1-4986-bc19-9fb472ac2005
[2023-08-14T15:37:00.33168+08:00]  INFO transport: read UsbMuxMessage:map[BundleID:com.apple.AMPDeviceDiscoveryAgent ClientVersionString:usbmuxd-529 DeviceID:1232 MessageType:Connect PortNumber:32498 ProcessID:543 ProgName:AMPDeviceDiscoveryAgent] trace_id=a8528634-2538-441a-9613-e7072150d2b6
[2023-08-14T15:37:00.331722+08:00] ERROR unknown deviceId:[1232] trace_id=a8528634-2538-441a-9613-e7072150d2b6
[2023-08-14T15:37:30.329026+08:00]  INFO release client mux conn and device conn in HandleMuxConn trace_id=4a73fdef-7827-478e-9698-6dbeb3f7a0e8
[2023-08-14T15:37:30.330102+08:00] ERROR reading UsbMuxMessage failed:[EOF] trace_id=4a73fdef-7827-478e-9698-6dbeb3f7a0e8
[2023-08-14T15:37:30.330269+08:00]  INFO release client mux conn and device conn in HandleMuxConn trace_id=686f1941-3182-437d-9d62-b2170a04fc86
[2023-08-14T15:37:30.330379+08:00] ERROR reading UsbMuxMessage failed:[EOF] trace_id=686f1941-3182-437d-9d62-b2170a04fc86
[2023-08-14T15:37:30.330506+08:00]  INFO start to HandleMuxConn
[2023-08-14T15:37:30.330556+08:00]  INFO start to HandleMuxConn
[2023-08-14T15:37:30.330847+08:00]  INFO transport: read UsbMuxMessage:map[BundleID:com.apple.MobileDeviceUpdater ClientVersionString:usbmuxd-529 MessageType:ListDevices ProcessID:482 ProgName:MobileDeviceUpdater] trace_id=fec73f20-9a3b-4a85-bc0c-4aaa10398341
[2023-08-14T15:37:30.331238+08:00]  INFO now remote ios device len:0 trace_id=fec73f20-9a3b-4a85-bc0c-4aaa10398341
[2023-08-14T15:37:30.331317+08:00]  INFO transport: read UsbMuxMessage:map[BundleID:com.apple.Safari ClientVersionString:usbmuxd-529 MessageType:ListDevices ProcessID:476 ProgName:Safari] trace_id=31690b3e-0b4a-4e48-878b-ca6e8208271b
[2023-08-14T15:37:30.331467+08:00]  INFO now remote ios device len:0 trace_id=31690b3e-0b4a-4e48-878b-ca6e8208271b
[2023-08-14T15:37:30.331523+08:00]  INFO release client mux conn and device conn in HandleMuxConn trace_id=fec73f20-9a3b-4a85-bc0c-4aaa10398341
[2023-08-14T15:37:30.331652+08:00] ERROR reading UsbMuxMessage failed:[EOF] trace_id=fec73f20-9a3b-4a85-bc0c-4aaa10398341
[2023-08-14T15:37:30.331665+08:00]  INFO release client mux conn and device conn in HandleMuxConn trace_id=a8528634-2538-441a-9613-e7072150d2b6
[2023-08-14T15:37:30.331818+08:00]  INFO release client mux conn and device conn in HandleMuxConn trace_id=31690b3e-0b4a-4e48-878b-ca6e8208271b
[2023-08-14T15:37:30.332199+08:00] ERROR reading UsbMuxMessage failed:[EOF] trace_id=31690b3e-0b4a-4e48-878b-ca6e8208271b
[2023-08-14T15:37:30.331692+08:00]  INFO release client mux conn and device conn in HandleMuxConn trace_id=1074111f-8db1-4986-bc19-9fb472ac2005
[2023-08-14T15:37:30.332367+08:00] ERROR reading UsbMuxMessage failed:[EOF] trace_id=1074111f-8db1-4986-bc19-9fb472ac2005
[2023-08-14T15:37:30.331909+08:00] ERROR reading UsbMuxMessage failed:[EOF] trace_id=a8528634-2538-441a-9613-e7072150d2b6
[2023-08-14T15:37:30.331933+08:00]  INFO start to HandleMuxConn
[2023-08-14T15:37:30.332637+08:00]  INFO transport: read UsbMuxMessage:map[BundleID:com.apple.AMPDeviceDiscoveryAgent ClientVersionString:usbmuxd-529 MessageType:ListDevices ProcessID:543 ProgName:AMPDeviceDiscoveryAgent] trace_id=f057cc31-f756-4df6-af64-3d2a60c747ef
[2023-08-14T15:37:30.332735+08:00]  INFO now remote ios device len:0 trace_id=f057cc31-f756-4df6-af64-3d2a60c747ef
[2023-08-14T15:37:30.332962+08:00]  INFO release client mux conn and device conn in HandleMuxConn trace_id=f057cc31-f756-4df6-af64-3d2a60c747ef
[2023-08-14T15:37:30.333063+08:00] ERROR reading UsbMuxMessage failed:[EOF] trace_id=f057cc31-f756-4df6-af64-3d2a60c747ef
[2023-08-14T15:37:30.333183+08:00]  INFO start to HandleMuxConn
[2023-08-14T15:37:30.333367+08:00]  INFO transport: read UsbMuxMessage:map[BundleID:com.apple.AMPDeviceDiscoveryAgent ClientVersionString:usbmuxd-529 MessageType:ListDevices ProcessID:543 ProgName:AMPDeviceDiscoveryAgent] trace_id=e2262ec7-55ac-43f6-aade-de38219d8274
[2023-08-14T15:37:30.33344+08:00]  INFO now remote ios device len:0 trace_id=e2262ec7-55ac-43f6-aade-de38219d8274
[2023-08-14T15:37:30.333656+08:00]  INFO release client mux conn and device conn in HandleMuxConn trace_id=e2262ec7-55ac-43f6-aade-de38219d8274
[2023-08-14T15:37:30.333751+08:00] ERROR reading UsbMuxMessage failed:[EOF] trace_id=e2262ec7-55ac-43f6-aade-de38219d8274
[2023-08-14T15:37:53.876406+08:00]  INFO start to HandleMuxConn
[2023-08-14T15:37:53.876814+08:00]  INFO transport: read UsbMuxMessage:map[BundleID:com.apple.usbmuxd ClientVersionString:usbmuxd-529 MessageType:ListDevices ProcessID:132 ProgName:usbmuxd] trace_id=fcbbb84f-d1a5-450a-a59f-37ca56ddafef
[2023-08-14T15:37:53.876971+08:00]  INFO now remote ios device len:0 trace_id=fcbbb84f-d1a5-450a-a59f-37ca56ddafef
[2023-08-14T15:37:53.877132+08:00]  INFO release client mux conn and device conn in HandleMuxConn trace_id=fcbbb84f-d1a5-450a-a59f-37ca56ddafef
[2023-08-14T15:37:53.877252+08:00] ERROR reading UsbMuxMessage failed:[EOF] trace_id=fcbbb84f-d1a5-450a-a59f-37ca56ddafef
[2023-08-14T15:38:11.23268+08:00]  INFO start to HandleMuxConn
[2023-08-14T15:38:11.233152+08:00]  INFO transport: read UsbMuxMessage:map[BundleID:com.apple.usbmuxd ClientVersionString:usbmuxd-529 MessageType:ReadBUID ProcessID:132 ProgName:usbmuxd] trace_id=cad801d4-362e-4b36-b51c-360cd285eba9
[2023-08-14T15:38:11.2332+08:00]  WARN not supported [ReadBUID] yet trace_id=cad801d4-362e-4b36-b51c-360cd285eba9
[2023-08-14T15:38:21.232566+08:00]  INFO release client mux conn and device conn in HandleMuxConn trace_id=cad801d4-362e-4b36-b51c-360cd285eba9
[2023-08-14T15:38:21.232706+08:00] ERROR reading UsbMuxMessage failed:[EOF] trace_id=cad801d4-362e-4b36-b51c-360cd285eba9
[2023-08-14T15:38:21.305029+08:00]  INFO start to HandleMuxConn
[2023-08-14T15:38:21.305398+08:00]  INFO transport: read UsbMuxMessage:map[BundleID:com.apple.usbmuxd ClientVersionString:usbmuxd-529 MessageType:ReadBUID ProcessID:132 ProgName:usbmuxd] trace_id=3bc80796-6b1d-4ea2-b031-2e75a28dfd2d
[2023-08-14T15:38:21.305537+08:00]  WARN not supported [ReadBUID] yet trace_id=3bc80796-6b1d-4ea2-b031-2e75a28dfd2d
[2023-08-14T15:38:22.820203+08:00]  INFO start to HandleMuxConn
[2023-08-14T15:38:22.820379+08:00]  INFO transport: read UsbMuxMessage:map[BundleID:com.apple.usbmuxd ClientVersionString:usbmuxd-529 MessageType:ListDevices ProcessID:132 ProgName:usbmuxd] trace_id=ad012d07-f3c9-473f-9db5-a9deff87c032
[2023-08-14T15:38:22.820438+08:00]  INFO now remote ios device len:0 trace_id=ad012d07-f3c9-473f-9db5-a9deff87c032
[2023-08-14T15:38:22.820618+08:00]  INFO release client mux conn and device conn in HandleMuxConn trace_id=ad012d07-f3c9-473f-9db5-a9deff87c032
[2023-08-14T15:38:22.820685+08:00] ERROR reading UsbMuxMessage failed:[EOF] trace_id=ad012d07-f3c9-473f-9db5-a9deff87c032
[2023-08-14T15:38:31.305724+08:00]  INFO release client mux conn and device conn in HandleMuxConn trace_id=3bc80796-6b1d-4ea2-b031-2e75a28dfd2d
[2023-08-14T15:38:31.305943+08:00] ERROR reading UsbMuxMessage failed:[EOF] trace_id=3bc80796-6b1d-4ea2-b031-2e75a28dfd2d
[2023-08-14T15:39:21.516399+08:00]  INFO start to HandleMuxConn
[2023-08-14T15:39:21.51733+08:00]  INFO transport: read UsbMuxMessage:map[BundleID:com.apple.usbmuxd ClientVersionString:usbmuxd-529 MessageType:ListDevices ProcessID:132 ProgName:usbmuxd] trace_id=427bb7f3-ef77-4ded-9b95-05d6e717e95a
[2023-08-14T15:39:21.517443+08:00]  INFO now remote ios device len:0 trace_id=427bb7f3-ef77-4ded-9b95-05d6e717e95a
[2023-08-14T15:39:21.517612+08:00]  INFO release client mux conn and device conn in HandleMuxConn trace_id=427bb7f3-ef77-4ded-9b95-05d6e717e95a
[2023-08-14T15:39:21.517729+08:00] ERROR reading UsbMuxMessage failed:[EOF] trace_id=427bb7f3-ef77-4ded-9b95-05d6e717e95a
[2023-08-14T16:33:22.508902+08:00]  INFO start to HandleMuxConn
[2023-08-14T16:33:22.50967+08:00]  INFO transport: read UsbMuxMessage:map[BundleID:com.apple.usbmuxd ClientVersionString:usbmuxd-529 DeviceID:1237 MessageType:Connect PortNumber:32498 ProcessID:132 ProgName:usbmuxd] trace_id=62b5d992-fd6a-4f4d-8d94-505179d60ac8
[2023-08-14T16:33:22.50972+08:00] ERROR unknown deviceId:[1237] trace_id=62b5d992-fd6a-4f4d-8d94-505179d60ac8
[2023-08-14T16:33:44.623256+08:00]  INFO start to HandleMuxConn
[2023-08-14T16:33:44.624704+08:00]  INFO transport: read UsbMuxMessage:map[BundleID:com.apple.usbmuxd ClientVersionString:usbmuxd-529 DeviceID:1238 MessageType:Connect PortNumber:32498 ProcessID:132 ProgName:usbmuxd] trace_id=bfa47ffe-7106-4e3f-9ca5-c5ce8e3a765a
[2023-08-14T16:33:44.624778+08:00] ERROR unknown deviceId:[1238] trace_id=bfa47ffe-7106-4e3f-9ca5-c5ce8e3a765a
[2023-08-14T16:33:52.510006+08:00]  INFO release client mux conn and device conn in HandleMuxConn trace_id=62b5d992-fd6a-4f4d-8d94-505179d60ac8
[2023-08-14T16:33:52.510195+08:00] ERROR reading UsbMuxMessage failed:[EOF] trace_id=62b5d992-fd6a-4f4d-8d94-505179d60ac8
[2023-08-14T16:33:52.510359+08:00]  INFO start to HandleMuxConn
[2023-08-14T16:33:52.510563+08:00]  INFO transport: read UsbMuxMessage:map[BundleID:com.apple.usbmuxd ClientVersionString:usbmuxd-529 MessageType:ListDevices ProcessID:132 ProgName:usbmuxd] trace_id=f24b53e8-017f-4d50-b6a1-d0884350dcfc
[2023-08-14T16:33:52.510625+08:00]  INFO now remote ios device len:0 trace_id=f24b53e8-017f-4d50-b6a1-d0884350dcfc
[2023-08-14T16:33:52.510895+08:00]  INFO release client mux conn and device conn in HandleMuxConn trace_id=f24b53e8-017f-4d50-b6a1-d0884350dcfc
[2023-08-14T16:33:52.511019+08:00] ERROR reading UsbMuxMessage failed:[EOF] trace_id=f24b53e8-017f-4d50-b6a1-d0884350dcfc
[2023-08-14T16:34:14.624253+08:00]  INFO release client mux conn and device conn in HandleMuxConn trace_id=bfa47ffe-7106-4e3f-9ca5-c5ce8e3a765a
[2023-08-14T16:34:14.624399+08:00] ERROR reading UsbMuxMessage failed:[EOF] trace_id=bfa47ffe-7106-4e3f-9ca5-c5ce8e3a765a
[2023-08-14T16:34:14.624551+08:00]  INFO start to HandleMuxConn
[2023-08-14T16:34:14.624747+08:00]  INFO transport: read UsbMuxMessage:map[BundleID:com.apple.usbmuxd ClientVersionString:usbmuxd-529 MessageType:ListDevices ProcessID:132 ProgName:usbmuxd] trace_id=d9c2aaed-fba0-443b-aa8a-99b12fd8959f
[2023-08-14T16:34:14.624802+08:00]  INFO now remote ios device len:0 trace_id=d9c2aaed-fba0-443b-aa8a-99b12fd8959f
[2023-08-14T16:34:14.625046+08:00]  INFO release client mux conn and device conn in HandleMuxConn trace_id=d9c2aaed-fba0-443b-aa8a-99b12fd8959f
[2023-08-14T16:34:14.625174+08:00] ERROR reading UsbMuxMessage failed:[EOF] trace_id=d9c2aaed-fba0-443b-aa8a-99b12fd8959f
[2023-08-14T16:34:14.625738+08:00]  INFO start to HandleMuxConn
[2023-08-14T16:34:14.625973+08:00]  INFO transport: read UsbMuxMessage:map[BundleID:com.apple.Safari ClientVersionString:usbmuxd-529 DeviceID:1238 MessageType:Connect PortNumber:32498 ProcessID:476 ProgName:Safari] trace_id=f368062e-8046-4fc2-9c87-be27f9f15145
[2023-08-14T16:34:14.626053+08:00] ERROR unknown deviceId:[1238] trace_id=f368062e-8046-4fc2-9c87-be27f9f15145
[2023-08-14T16:34:14.627639+08:00]  INFO start to HandleMuxConn
[2023-08-14T16:34:14.627857+08:00]  INFO transport: read UsbMuxMessage:map[BundleID:com.apple.AMPDeviceDiscoveryAgent ClientVersionString:usbmuxd-529 DeviceID:1238 MessageType:Connect PortNumber:32498 ProcessID:543 ProgName:AMPDeviceDiscoveryAgent] trace_id=81467e12-46d4-4142-90eb-b0792de745d8
[2023-08-14T16:34:14.627931+08:00] ERROR unknown deviceId:[1238] trace_id=81467e12-46d4-4142-90eb-b0792de745d8
[2023-08-14T16:34:14.629198+08:00]  INFO start to HandleMuxConn
[2023-08-14T16:34:14.629426+08:00]  INFO transport: read UsbMuxMessage:map[BundleID:com.apple.MobileDeviceUpdater ClientVersionString:usbmuxd-529 DeviceID:1238 MessageType:Connect PortNumber:32498 ProcessID:482 ProgName:MobileDeviceUpdater] trace_id=2ec142df-aba3-44f0-9bfe-67762c5baa8e
[2023-08-14T16:34:14.629497+08:00] ERROR unknown deviceId:[1238] trace_id=2ec142df-aba3-44f0-9bfe-67762c5baa8e
[2023-08-14T16:34:14.629631+08:00]  INFO start to HandleMuxConn
[2023-08-14T16:34:14.629881+08:00]  INFO transport: read UsbMuxMessage:map[BundleID:com.apple.AMPDeviceDiscoveryAgent ClientVersionString:usbmuxd-529 DeviceID:1238 MessageType:Connect PortNumber:32498 ProcessID:543 ProgName:AMPDeviceDiscoveryAgent] trace_id=0557e3d6-0018-44c9-8bda-5213b30f0e36
[2023-08-14T16:34:14.62994+08:00] ERROR unknown deviceId:[1238] trace_id=0557e3d6-0018-44c9-8bda-5213b30f0e36
[2023-08-14T16:34:21.584935+08:00]  INFO start to HandleMuxConn
[2023-08-14T16:34:21.585936+08:00]  INFO transport: read UsbMuxMessage:map[BundleID:com.apple.usbmuxd ClientVersionString:usbmuxd-529 DeviceID:1239 MessageType:Connect PortNumber:32498 ProcessID:132 ProgName:usbmuxd] trace_id=af10cca1-ae4a-4d94-9a2c-ed7f6e3886da
[2023-08-14T16:34:21.586021+08:00] ERROR unknown deviceId:[1239] trace_id=af10cca1-ae4a-4d94-9a2c-ed7f6e3886da
[2023-08-14T16:34:44.628003+08:00]  INFO release client mux conn and device conn in HandleMuxConn trace_id=f368062e-8046-4fc2-9c87-be27f9f15145
[2023-08-14T16:34:44.628211+08:00] ERROR reading UsbMuxMessage failed:[EOF] trace_id=f368062e-8046-4fc2-9c87-be27f9f15145
[2023-08-14T16:34:44.629402+08:00]  INFO release client mux conn and device conn in HandleMuxConn trace_id=81467e12-46d4-4142-90eb-b0792de745d8
[2023-08-14T16:34:44.629619+08:00] ERROR reading UsbMuxMessage failed:[EOF] trace_id=81467e12-46d4-4142-90eb-b0792de745d8
[2023-08-14T16:34:44.629875+08:00]  INFO start to HandleMuxConn
[2023-08-14T16:34:44.630162+08:00]  INFO transport: read UsbMuxMessage:map[BundleID:com.apple.AMPDeviceDiscoveryAgent ClientVersionString:usbmuxd-529 MessageType:ListDevices ProcessID:543 ProgName:AMPDeviceDiscoveryAgent] trace_id=336c166d-358e-4f2b-b0c9-dc8d620fd26d
[2023-08-14T16:34:44.630249+08:00]  INFO now remote ios device len:0 trace_id=336c166d-358e-4f2b-b0c9-dc8d620fd26d
[2023-08-14T16:34:44.630599+08:00]  INFO release client mux conn and device conn in HandleMuxConn trace_id=0557e3d6-0018-44c9-8bda-5213b30f0e36
[2023-08-14T16:34:44.630697+08:00]  INFO release client mux conn and device conn in HandleMuxConn trace_id=2ec142df-aba3-44f0-9bfe-67762c5baa8e
[2023-08-14T16:34:44.630629+08:00]  INFO release client mux conn and device conn in HandleMuxConn trace_id=336c166d-358e-4f2b-b0c9-dc8d620fd26d
[2023-08-14T16:34:44.630736+08:00] ERROR reading UsbMuxMessage failed:[EOF] trace_id=0557e3d6-0018-44c9-8bda-5213b30f0e36
[2023-08-14T16:34:44.630848+08:00]  INFO start to HandleMuxConn
[2023-08-14T16:34:44.630922+08:00]  INFO start to HandleMuxConn
[2023-08-14T16:34:44.631353+08:00]  INFO transport: read UsbMuxMessage:map[BundleID:com.apple.AMPDeviceDiscoveryAgent ClientVersionString:usbmuxd-529 MessageType:ListDevices ProcessID:543 ProgName:AMPDeviceDiscoveryAgent] trace_id=fe50e9af-a5fe-484a-b619-4ea5c8222990
[2023-08-14T16:34:44.631411+08:00]  INFO now remote ios device len:0 trace_id=fe50e9af-a5fe-484a-b619-4ea5c8222990
[2023-08-14T16:34:44.631008+08:00] ERROR reading UsbMuxMessage failed:[EOF] trace_id=2ec142df-aba3-44f0-9bfe-67762c5baa8e
[2023-08-14T16:34:44.631111+08:00] ERROR reading UsbMuxMessage failed:[EOF] trace_id=336c166d-358e-4f2b-b0c9-dc8d620fd26d
[2023-08-14T16:34:44.631523+08:00]  INFO transport: read UsbMuxMessage:map[BundleID:com.apple.MobileDeviceUpdater ClientVersionString:usbmuxd-529 MessageType:ListDevices ProcessID:482 ProgName:MobileDeviceUpdater] trace_id=832a9f90-cf0e-4841-80e2-6116eddab38d
[2023-08-14T16:34:44.631921+08:00]  INFO now remote ios device len:0 trace_id=832a9f90-cf0e-4841-80e2-6116eddab38d
[2023-08-14T16:34:44.631626+08:00]  INFO release client mux conn and device conn in HandleMuxConn trace_id=fe50e9af-a5fe-484a-b619-4ea5c8222990
[2023-08-14T16:34:44.632113+08:00] ERROR reading UsbMuxMessage failed:[EOF] trace_id=fe50e9af-a5fe-484a-b619-4ea5c8222990
[2023-08-14T16:34:44.632161+08:00]  INFO release client mux conn and device conn in HandleMuxConn trace_id=832a9f90-cf0e-4841-80e2-6116eddab38d
[2023-08-14T16:34:44.632332+08:00] ERROR reading UsbMuxMessage failed:[EOF] trace_id=832a9f90-cf0e-4841-80e2-6116eddab38d
[2023-08-14T16:34:51.586771+08:00]  INFO release client mux conn and device conn in HandleMuxConn trace_id=af10cca1-ae4a-4d94-9a2c-ed7f6e3886da
[2023-08-14T16:34:51.586921+08:00] ERROR reading UsbMuxMessage failed:[EOF] trace_id=af10cca1-ae4a-4d94-9a2c-ed7f6e3886da
[2023-08-14T16:34:51.587057+08:00]  INFO start to HandleMuxConn
[2023-08-14T16:34:51.587255+08:00]  INFO transport: read UsbMuxMessage:map[BundleID:com.apple.usbmuxd ClientVersionString:usbmuxd-529 MessageType:ListDevices ProcessID:132 ProgName:usbmuxd] trace_id=ed5a4821-90c7-47c6-8729-b18ef707de37
[2023-08-14T16:34:51.587325+08:00]  INFO now remote ios device len:0 trace_id=ed5a4821-90c7-47c6-8729-b18ef707de37
[2023-08-14T16:34:51.587498+08:00]  INFO release client mux conn and device conn in HandleMuxConn trace_id=ed5a4821-90c7-47c6-8729-b18ef707de37
[2023-08-14T16:34:51.587588+08:00] ERROR reading UsbMuxMessage failed:[EOF] trace_id=ed5a4821-90c7-47c6-8729-b18ef707de37
[2023-08-14T16:34:51.588279+08:00]  INFO start to HandleMuxConn
[2023-08-14T16:34:51.588446+08:00]  INFO start to HandleMuxConn
[2023-08-14T16:34:51.588571+08:00]  INFO transport: read UsbMuxMessage:map[BundleID:com.apple.Safari ClientVersionString:usbmuxd-529 DeviceID:1239 MessageType:Connect PortNumber:32498 ProcessID:476 ProgName:Safari] trace_id=5f8669ce-1fd0-4cf6-a802-4e3e3a648434
[2023-08-14T16:34:51.588666+08:00] ERROR unknown deviceId:[1239] trace_id=5f8669ce-1fd0-4cf6-a802-4e3e3a648434
[2023-08-14T16:34:51.588729+08:00]  INFO transport: read UsbMuxMessage:map[BundleID:com.apple.AMPDeviceDiscoveryAgent ClientVersionString:usbmuxd-529 DeviceID:1239 MessageType:Connect PortNumber:32498 ProcessID:543 ProgName:AMPDeviceDiscoveryAgent] trace_id=96357335-b7a1-4665-b47b-ca23f81a8ca6
[2023-08-14T16:34:51.588851+08:00] ERROR unknown deviceId:[1239] trace_id=96357335-b7a1-4665-b47b-ca23f81a8ca6
[2023-08-14T16:34:51.591419+08:00]  INFO start to HandleMuxConn
[2023-08-14T16:34:51.591588+08:00]  INFO start to HandleMuxConn
[2023-08-14T16:34:51.591633+08:00]  INFO transport: read UsbMuxMessage:map[BundleID:com.apple.AMPDeviceDiscoveryAgent ClientVersionString:usbmuxd-529 DeviceID:1239 MessageType:Connect PortNumber:32498 ProcessID:543 ProgName:AMPDeviceDiscoveryAgent] trace_id=c8baf8c1-e78c-43c9-bda8-658ed6f339c1
[2023-08-14T16:34:51.591748+08:00] ERROR unknown deviceId:[1239] trace_id=c8baf8c1-e78c-43c9-bda8-658ed6f339c1
[2023-08-14T16:34:51.591845+08:00]  INFO transport: read UsbMuxMessage:map[BundleID:com.apple.MobileDeviceUpdater ClientVersionString:usbmuxd-529 DeviceID:1239 MessageType:Connect PortNumber:32498 ProcessID:482 ProgName:MobileDeviceUpdater] trace_id=2b299b9e-4e27-4563-bcf5-a79e4f52ab5a
[2023-08-14T16:34:51.591894+08:00] ERROR unknown deviceId:[1239] trace_id=2b299b9e-4e27-4563-bcf5-a79e4f52ab5a
[2023-08-14T16:35:21.589602+08:00]  INFO release client mux conn and device conn in HandleMuxConn trace_id=96357335-b7a1-4665-b47b-ca23f81a8ca6
[2023-08-14T16:35:21.589767+08:00] ERROR reading UsbMuxMessage failed:[EOF] trace_id=96357335-b7a1-4665-b47b-ca23f81a8ca6
[2023-08-14T16:35:21.589854+08:00]  INFO release client mux conn and device conn in HandleMuxConn trace_id=5f8669ce-1fd0-4cf6-a802-4e3e3a648434
[2023-08-14T16:35:21.589896+08:00]  INFO start to HandleMuxConn
[2023-08-14T16:35:21.589935+08:00] ERROR reading UsbMuxMessage failed:[EOF] trace_id=5f8669ce-1fd0-4cf6-a802-4e3e3a648434
[2023-08-14T16:35:21.589911+08:00]  INFO start to HandleMuxConn
[2023-08-14T16:35:21.590025+08:00]  INFO transport: read UsbMuxMessage:map[BundleID:com.apple.Safari ClientVersionString:usbmuxd-529 MessageType:ListDevices ProcessID:476 ProgName:Safari] trace_id=0c1bb0d4-0e3a-4539-807f-5da1775616f4
[2023-08-14T16:35:21.59017+08:00]  INFO transport: read UsbMuxMessage:map[BundleID:com.apple.AMPDeviceDiscoveryAgent ClientVersionString:usbmuxd-529 MessageType:ListDevices ProcessID:543 ProgName:AMPDeviceDiscoveryAgent] trace_id=cdcf03d3-7020-426a-9f06-1e405946fef6
[2023-08-14T16:35:21.59018+08:00]  INFO now remote ios device len:0 trace_id=0c1bb0d4-0e3a-4539-807f-5da1775616f4
[2023-08-14T16:35:21.59026+08:00]  INFO now remote ios device len:0 trace_id=cdcf03d3-7020-426a-9f06-1e405946fef6
[2023-08-14T16:35:21.590526+08:00]  INFO release client mux conn and device conn in HandleMuxConn trace_id=cdcf03d3-7020-426a-9f06-1e405946fef6
[2023-08-14T16:35:21.590624+08:00] ERROR reading UsbMuxMessage failed:[EOF] trace_id=cdcf03d3-7020-426a-9f06-1e405946fef6
[2023-08-14T16:35:21.590721+08:00]  INFO release client mux conn and device conn in HandleMuxConn trace_id=0c1bb0d4-0e3a-4539-807f-5da1775616f4
[2023-08-14T16:35:21.590783+08:00] ERROR reading UsbMuxMessage failed:[EOF] trace_id=0c1bb0d4-0e3a-4539-807f-5da1775616f4
[2023-08-14T16:35:21.59319+08:00]  INFO release client mux conn and device conn in HandleMuxConn trace_id=c8baf8c1-e78c-43c9-bda8-658ed6f339c1
[2023-08-14T16:35:21.593295+08:00] ERROR reading UsbMuxMessage failed:[EOF] trace_id=c8baf8c1-e78c-43c9-bda8-658ed6f339c1
[2023-08-14T16:35:21.593361+08:00]  INFO release client mux conn and device conn in HandleMuxConn trace_id=2b299b9e-4e27-4563-bcf5-a79e4f52ab5a
[2023-08-14T16:35:21.593409+08:00]  INFO start to HandleMuxConn
[2023-08-14T16:35:21.593446+08:00] ERROR reading UsbMuxMessage failed:[EOF] trace_id=2b299b9e-4e27-4563-bcf5-a79e4f52ab5a
[2023-08-14T16:35:21.593402+08:00]  INFO start to HandleMuxConn
[2023-08-14T16:35:21.593534+08:00]  INFO transport: read UsbMuxMessage:map[BundleID:com.apple.AMPDeviceDiscoveryAgent ClientVersionString:usbmuxd-529 MessageType:ListDevices ProcessID:543 ProgName:AMPDeviceDiscoveryAgent] trace_id=44776627-bd32-43b5-be77-edf969a019c1
[2023-08-14T16:35:21.593576+08:00]  INFO now remote ios device len:0 trace_id=44776627-bd32-43b5-be77-edf969a019c1
[2023-08-14T16:35:21.593624+08:00]  INFO transport: read UsbMuxMessage:map[BundleID:com.apple.MobileDeviceUpdater ClientVersionString:usbmuxd-529 MessageType:ListDevices ProcessID:482 ProgName:MobileDeviceUpdater] trace_id=a92d33b0-8bb5-4ce3-bce2-cd49adaa678c
[2023-08-14T16:35:21.593664+08:00]  INFO now remote ios device len:0 trace_id=a92d33b0-8bb5-4ce3-bce2-cd49adaa678c
[2023-08-14T16:35:21.593705+08:00]  INFO release client mux conn and device conn in HandleMuxConn trace_id=44776627-bd32-43b5-be77-edf969a019c1
[2023-08-14T16:35:21.593769+08:00] ERROR reading UsbMuxMessage failed:[EOF] trace_id=44776627-bd32-43b5-be77-edf969a019c1
[2023-08-14T16:35:21.593787+08:00]  INFO release client mux conn and device conn in HandleMuxConn trace_id=a92d33b0-8bb5-4ce3-bce2-cd49adaa678c
[2023-08-14T16:35:21.593848+08:00] ERROR reading UsbMuxMessage failed:[EOF] trace_id=a92d33b0-8bb5-4ce3-bce2-cd49adaa678c
[2023-08-14T16:35:23.389698+08:00]  INFO start to HandleMuxConn
[2023-08-14T16:35:23.389831+08:00]  INFO transport: read UsbMuxMessage:map[BundleID:com.apple.dt.Xcode ClientVersionString:usbmuxd-529 ConnType:0 MessageType:Listen ProcessID:46443 ProgName:Xcode kLibUSBMuxVersion:3] trace_id=d96bdcb1-7e63-4ae4-829f-f08b345addc2
[2023-08-14T16:35:23.38995+08:00] ERROR transport: LISTEN: error on read%!(EXTRA *errors.errorString=EOF) trace_id=d96bdcb1-7e63-4ae4-829f-f08b345addc2
[2023-08-14T16:35:23.390018+08:00]  INFO release client mux conn and device conn in HandleMuxConn trace_id=d96bdcb1-7e63-4ae4-829f-f08b345addc2
[2023-08-14T16:35:23.390114+08:00] ERROR reading UsbMuxMessage failed:[EOF] trace_id=d96bdcb1-7e63-4ae4-829f-f08b345addc2
[2023-08-14T16:35:23.390141+08:00]  INFO release client mux conn and device conn in MuxMessageTypeListen trace_id=d96bdcb1-7e63-4ae4-829f-f08b345addc2
[2023-08-14T16:35:25.777484+08:00]  INFO start to HandleMuxConn
[2023-08-14T16:35:25.777668+08:00]  INFO transport: read UsbMuxMessage:map[BundleID:com.apple.dt.Xcode ClientVersionString:usbmuxd-529 ConnType:0 MessageType:Listen ProcessID:46443 ProgName:Xcode kLibUSBMuxVersion:3] trace_id=7784a022-a6d5-416c-9bd5-0e041f1b3af5
[2023-08-14T16:35:25.777854+08:00] ERROR transport: LISTEN: error on read%!(EXTRA *errors.errorString=EOF) trace_id=7784a022-a6d5-416c-9bd5-0e041f1b3af5
[2023-08-14T16:35:25.777928+08:00]  INFO release client mux conn and device conn in HandleMuxConn trace_id=7784a022-a6d5-416c-9bd5-0e041f1b3af5
[2023-08-14T16:35:25.778+08:00] ERROR reading UsbMuxMessage failed:[EOF] trace_id=7784a022-a6d5-416c-9bd5-0e041f1b3af5
[2023-08-14T16:35:25.778038+08:00]  INFO release client mux conn and device conn in MuxMessageTypeListen trace_id=7784a022-a6d5-416c-9bd5-0e041f1b3af5
[2023-08-14T16:35:27.396502+08:00]  INFO start to HandleMuxConn
[2023-08-14T16:35:27.39674+08:00]  INFO transport: read UsbMuxMessage:map[BundleID:com.apple.dt.xcodebuild ClientVersionString:usbmuxd-529 ConnType:0 MessageType:Listen ProcessID:46455 ProgName:xcodebuild kLibUSBMuxVersion:3] trace_id=d7b58a12-39af-4009-8194-cfc262a6cd34
[2023-08-14T16:35:27.396955+08:00] ERROR transport: LISTEN: error on read%!(EXTRA *errors.errorString=EOF) trace_id=d7b58a12-39af-4009-8194-cfc262a6cd34
[2023-08-14T16:35:27.397035+08:00]  INFO release client mux conn and device conn in HandleMuxConn trace_id=d7b58a12-39af-4009-8194-cfc262a6cd34
[2023-08-14T16:35:27.397119+08:00] ERROR reading UsbMuxMessage failed:[EOF] trace_id=d7b58a12-39af-4009-8194-cfc262a6cd34
[2023-08-14T16:35:27.397178+08:00]  INFO release client mux conn and device conn in MuxMessageTypeListen trace_id=d7b58a12-39af-4009-8194-cfc262a6cd34
[2023-08-14T16:40:04.57969+08:00]  INFO handle disconnect,addr=[],phoneType=[ANDROID] trace_id=6ca7e616-90eb-4c9e-800d-80ce000e1117
[2023-08-14T16:40:04.580253+08:00]  INFO req=[&{}],disconnect ok
[2023-08-14T16:40:17.210575+08:00]  INFO handle disconnect,addr=[],phoneType=[ANDROID] trace_id=46dbe8fc-8fce-40a8-9984-88c3acd1fe51
[2023-08-14T16:40:17.210657+08:00]  INFO req=[&{}],disconnect ok
[2023-08-14T16:40:17.210827+08:00]  INFO disconnect resp:&{LocalAddr: PhoneType:ANDROID CommonRsp:0xc00000f080}
[2023-08-14T16:40:17.211323+08:00]  INFO exec adb command,err:exec: "adb": executable file not found in $PATH
[2023-08-14T16:42:21.281745+08:00]  INFO start to HandleMuxConn
[2023-08-14T16:42:21.283284+08:00]  INFO transport: read UsbMuxMessage:map[BundleID:com.apple.dt.Xcode ClientVersionString:usbmuxd-529 MessageType:DeletePairRecord PairRecordID:00008101-000C64543CF0001E ProcessID:46443 ProgName:Xcode] trace_id=f4f1bc73-dc1b-4867-be56-442d75d9cec5
[2023-08-14T16:42:21.283357+08:00]  INFO get pairId:00008101-000C64543CF0001E trace_id=f4f1bc73-dc1b-4867-be56-442d75d9cec5
[2023-08-14T16:42:21.283398+08:00] ERROR unknown serial: <nil> trace_id=f4f1bc73-dc1b-4867-be56-442d75d9cec5
[2023-08-14T16:42:27.374475+08:00]  INFO start to HandleMuxConn
[2023-08-14T16:42:27.37474+08:00]  INFO transport: read UsbMuxMessage:map[BundleID:com.apple.usbmuxd ClientVersionString:usbmuxd-529 DeviceID:1240 MessageType:Connect PortNumber:32498 ProcessID:132 ProgName:usbmuxd] trace_id=05e4d232-a907-42fb-bb5a-d9aeda1d41d2
[2023-08-14T16:42:27.374816+08:00] ERROR unknown deviceId:[1240] trace_id=05e4d232-a907-42fb-bb5a-d9aeda1d41d2
[2023-08-14T16:42:31.283089+08:00]  INFO release client mux conn and device conn in HandleMuxConn trace_id=f4f1bc73-dc1b-4867-be56-442d75d9cec5
[2023-08-14T16:42:31.283299+08:00] ERROR reading UsbMuxMessage failed:[EOF] trace_id=f4f1bc73-dc1b-4867-be56-442d75d9cec5
[2023-08-14T16:42:57.376143+08:00]  INFO release client mux conn and device conn in HandleMuxConn trace_id=05e4d232-a907-42fb-bb5a-d9aeda1d41d2
[2023-08-14T16:42:57.376357+08:00] ERROR reading UsbMuxMessage failed:[EOF] trace_id=05e4d232-a907-42fb-bb5a-d9aeda1d41d2
[2023-08-14T16:42:57.376587+08:00]  INFO start to HandleMuxConn
[2023-08-14T16:42:57.376871+08:00]  INFO transport: read UsbMuxMessage:map[BundleID:com.apple.usbmuxd ClientVersionString:usbmuxd-529 MessageType:ListDevices ProcessID:132 ProgName:usbmuxd] trace_id=6e2dcc0e-b561-4495-b281-6adeb79f9da0
[2023-08-14T16:42:57.37704+08:00]  INFO now remote ios device len:0 trace_id=6e2dcc0e-b561-4495-b281-6adeb79f9da0
[2023-08-14T16:42:57.377329+08:00]  INFO release client mux conn and device conn in HandleMuxConn trace_id=6e2dcc0e-b561-4495-b281-6adeb79f9da0
[2023-08-14T16:42:57.377433+08:00] ERROR reading UsbMuxMessage failed:[EOF] trace_id=6e2dcc0e-b561-4495-b281-6adeb79f9da0
[2023-08-14T16:42:57.378018+08:00]  INFO start to HandleMuxConn
[2023-08-14T16:42:57.378241+08:00]  INFO transport: read UsbMuxMessage:map[BundleID:com.apple.Safari ClientVersionString:usbmuxd-529 DeviceID:1240 MessageType:Connect PortNumber:32498 ProcessID:476 ProgName:Safari] trace_id=3f1a0f5f-3bb1-471e-97ff-1278358dad68
[2023-08-14T16:42:57.378316+08:00] ERROR unknown deviceId:[1240] trace_id=3f1a0f5f-3bb1-471e-97ff-1278358dad68
[2023-08-14T16:42:57.381883+08:00]  INFO start to HandleMuxConn
[2023-08-14T16:42:57.3821+08:00]  INFO start to HandleMuxConn
[2023-08-14T16:42:57.382195+08:00]  INFO transport: read UsbMuxMessage:map[BundleID:com.apple.AMPDeviceDiscoveryAgent ClientVersionString:usbmuxd-529 DeviceID:1240 MessageType:Connect PortNumber:32498 ProcessID:543 ProgName:AMPDeviceDiscoveryAgent] trace_id=30ccf4ba-401d-4591-a44c-68d33d11e6fd
[2023-08-14T16:42:57.382196+08:00]  INFO start to HandleMuxConn
[2023-08-14T16:42:57.382489+08:00]  INFO transport: read UsbMuxMessage:map[BundleID:com.apple.AMPDeviceDiscoveryAgent ClientVersionString:usbmuxd-529 DeviceID:1240 MessageType:Connect PortNumber:32498 ProcessID:543 ProgName:AMPDeviceDiscoveryAgent] trace_id=82205966-9240-49dd-92cb-782d80fe73f5
[2023-08-14T16:42:57.382806+08:00] ERROR unknown deviceId:[1240] trace_id=82205966-9240-49dd-92cb-782d80fe73f5
[2023-08-14T16:42:57.382595+08:00] ERROR unknown deviceId:[1240] trace_id=30ccf4ba-401d-4591-a44c-68d33d11e6fd
[2023-08-14T16:42:57.383298+08:00]  INFO transport: read UsbMuxMessage:map[BundleID:com.apple.MobileDeviceUpdater ClientVersionString:usbmuxd-529 DeviceID:1240 MessageType:Connect PortNumber:32498 ProcessID:482 ProgName:MobileDeviceUpdater] trace_id=dcd40bbf-05e4-4821-958f-d32117e1ef4c
[2023-08-14T16:42:57.383394+08:00] ERROR unknown deviceId:[1240] trace_id=dcd40bbf-05e4-4821-958f-d32117e1ef4c
[2023-08-14T16:43:25.482163+08:00]  INFO release client mux conn and device conn in HandleMuxConn trace_id=3f1a0f5f-3bb1-471e-97ff-1278358dad68
[2023-08-14T16:43:25.484442+08:00] ERROR reading UsbMuxMessage failed:[EOF] trace_id=3f1a0f5f-3bb1-471e-97ff-1278358dad68
[2023-08-14T16:43:26.366648+08:00]  INFO release client mux conn and device conn in HandleMuxConn trace_id=dcd40bbf-05e4-4821-958f-d32117e1ef4c
[2023-08-14T16:43:26.366892+08:00] ERROR reading UsbMuxMessage failed:[EOF] trace_id=dcd40bbf-05e4-4821-958f-d32117e1ef4c
[2023-08-14T16:43:27.383305+08:00]  INFO release client mux conn and device conn in HandleMuxConn trace_id=82205966-9240-49dd-92cb-782d80fe73f5
[2023-08-14T16:43:27.383479+08:00] ERROR reading UsbMuxMessage failed:[EOF] trace_id=82205966-9240-49dd-92cb-782d80fe73f5
[2023-08-14T16:43:27.383507+08:00]  INFO start to HandleMuxConn
[2023-08-14T16:43:27.383311+08:00]  INFO release client mux conn and device conn in HandleMuxConn trace_id=30ccf4ba-401d-4591-a44c-68d33d11e6fd
[2023-08-14T16:43:27.383807+08:00] ERROR reading UsbMuxMessage failed:[EOF] trace_id=30ccf4ba-401d-4591-a44c-68d33d11e6fd
[2023-08-14T16:43:27.383738+08:00]  INFO transport: read UsbMuxMessage:map[BundleID:com.apple.AMPDeviceDiscoveryAgent ClientVersionString:usbmuxd-529 MessageType:ListDevices ProcessID:543 ProgName:AMPDeviceDiscoveryAgent] trace_id=885c0e05-9c4a-4db4-8d2d-fbca8bb38e93
[2023-08-14T16:43:27.383919+08:00]  INFO now remote ios device len:0 trace_id=885c0e05-9c4a-4db4-8d2d-fbca8bb38e93
[2023-08-14T16:43:27.384016+08:00]  INFO release client mux conn and device conn in HandleMuxConn trace_id=885c0e05-9c4a-4db4-8d2d-fbca8bb38e93
[2023-08-14T16:43:27.384055+08:00] ERROR reading UsbMuxMessage failed:[EOF] trace_id=885c0e05-9c4a-4db4-8d2d-fbca8bb38e93
[2023-08-14T16:43:27.384142+08:00]  INFO start to HandleMuxConn
[2023-08-14T16:43:27.384212+08:00]  INFO transport: read UsbMuxMessage:map[BundleID:com.apple.AMPDeviceDiscoveryAgent ClientVersionString:usbmuxd-529 MessageType:ListDevices ProcessID:543 ProgName:AMPDeviceDiscoveryAgent] trace_id=d52a3b0e-173b-47a4-8c2a-3e3eaeed3651
[2023-08-14T16:43:27.384271+08:00]  INFO now remote ios device len:0 trace_id=d52a3b0e-173b-47a4-8c2a-3e3eaeed3651
[2023-08-14T16:43:27.384409+08:00]  INFO release client mux conn and device conn in HandleMuxConn trace_id=d52a3b0e-173b-47a4-8c2a-3e3eaeed3651
[2023-08-14T16:43:27.384458+08:00] ERROR reading UsbMuxMessage failed:[EOF] trace_id=d52a3b0e-173b-47a4-8c2a-3e3eaeed3651
