[10:55:20][I][AuthService] StartWebServer at port : 52927
[10:55:20][I][CoreLoadManager] core loaded !!!!!
[10:55:20][I][NoteManager] ws: >> start
[10:55:20][I][NoteManager] wss://bgutools.bytedance.com/v2/ws/note?token=
[10:55:20][I][NoteManager] ws: >> start
[10:55:20][I][NoteManager] wss://bgutools.bytedance.com/v2/ws/note?token=
[10:55:21][I][NoteManager] ws: connected
[10:55:21][I][NoteManager] ws: client info >
[10:55:21][I][NoteManager] ws: send client info ok
[11:05:21][I][NoteManager] ws: << end, Reason: An exception has occurred while receiving.
[11:05:31][I][NoteManager] ws: >> start
[11:05:31][I][NoteManager] wss://bgutools.bytedance.com/v2/ws/note?token=
[11:05:31][I][NoteManager] ws: connected
[11:05:31][I][NoteManager] ws: client info >
[11:05:31][I][NoteManager] ws: send client info ok
[11:15:31][I][NoteManager] ws: << end, Reason: An exception has occurred while receiving.
[11:15:41][I][NoteManager] ws: >> start
[11:15:41][I][NoteManager] wss://bgutools.bytedance.com/v2/ws/note?token=
[11:15:41][I][NoteManager] ws: connected
[11:15:41][I][NoteManager] ws: client info >
[11:15:41][I][NoteManager] ws: send client info ok
[11:25:41][I][NoteManager] ws: << end, Reason: An exception has occurred while receiving.
[11:25:51][I][NoteManager] ws: >> start
[11:25:51][I][NoteManager] wss://bgutools.bytedance.com/v2/ws/note?token=
[11:25:52][I][NoteManager] ws: connected
[11:25:52][I][NoteManager] ws: client info >
[11:25:52][I][NoteManager] ws: send client info ok
[11:35:52][I][NoteManager] ws: << end, Reason: An exception has occurred while receiving.
[11:36:02][I][NoteManager] ws: >> start
[11:36:02][I][NoteManager] wss://bgutools.bytedance.com/v2/ws/note?token=
[11:36:02][I][NoteManager] ws: connected
[11:36:02][I][NoteManager] ws: client info >
[11:36:02][I][NoteManager] ws: send client info ok
[11:46:02][I][NoteManager] ws: << end, Reason: An exception has occurred while receiving.
[11:46:12][I][NoteManager] ws: >> start
[11:46:12][I][NoteManager] wss://bgutools.bytedance.com/v2/ws/note?token=
[11:46:12][I][NoteManager] ws: connected
[11:46:12][I][NoteManager] ws: client info >
[11:46:12][I][NoteManager] ws: send client info ok
[11:56:12][I][NoteManager] ws: << end, Reason: An exception has occurred while receiving.
[11:56:22][I][NoteManager] ws: >> start
[11:56:22][I][NoteManager] wss://bgutools.bytedance.com/v2/ws/note?token=
[11:56:22][I][NoteManager] ws: connected
[11:56:22][I][NoteManager] ws: client info >
[11:56:22][I][NoteManager] ws: send client info ok
[12:06:22][I][NoteManager] ws: << end, Reason: An exception has occurred while receiving.
[12:06:32][I][NoteManager] ws: >> start
[12:06:33][I][NoteManager] wss://bgutools.bytedance.com/v2/ws/note?token=
[12:06:33][I][NoteManager] ws: connected
[12:06:33][I][NoteManager] ws: client info >
[12:06:33][I][NoteManager] ws: send client info ok
[12:16:33][I][NoteManager] ws: << end, Reason: An exception has occurred while receiving.
[12:16:43][I][NoteManager] ws: >> start
[12:16:43][I][NoteManager] wss://bgutools.bytedance.com/v2/ws/note?token=
[12:16:43][I][NoteManager] ws: connected
[12:16:43][I][NoteManager] ws: client info >
[12:16:43][I][NoteManager] ws: send client info ok
[12:26:43][I][NoteManager] ws: << end, Reason: An exception has occurred while receiving.
[12:26:53][I][NoteManager] ws: >> start
[12:26:53][I][NoteManager] wss://bgutools.bytedance.com/v2/ws/note?token=
[12:26:53][I][NoteManager] ws: connected
[12:26:53][I][NoteManager] ws: client info >
[12:26:53][I][NoteManager] ws: send client info ok
[12:36:53][I][NoteManager] ws: << end, Reason: An exception has occurred while receiving.
[12:37:03][I][NoteManager] ws: >> start
[12:37:03][I][NoteManager] wss://bgutools.bytedance.com/v2/ws/note?token=
[12:37:04][I][NoteManager] ws: connected
[12:37:04][I][NoteManager] ws: client info >
[12:37:04][I][NoteManager] ws: send client info ok
[12:47:04][I][NoteManager] ws: << end, Reason: An exception has occurred while receiving.
[12:47:13][I][NoteManager] ws: >> start
[12:47:14][I][NoteManager] wss://bgutools.bytedance.com/v2/ws/note?token=
[12:47:14][I][NoteManager] ws: connected
[12:47:14][I][NoteManager] ws: client info >
[12:47:14][I][NoteManager] ws: send client info ok
[12:57:14][I][NoteManager] ws: << end, Reason: An exception has occurred while receiving.
[12:57:24][I][NoteManager] ws: >> start
[12:57:24][I][NoteManager] wss://bgutools.bytedance.com/v2/ws/note?token=
[12:57:24][I][NoteManager] ws: connected
[12:57:24][I][NoteManager] ws: client info >
[12:57:24][I][NoteManager] ws: send client info ok
[13:07:24][I][NoteManager] ws: << end, Reason: An exception has occurred while receiving.
[13:07:34][I][NoteManager] ws: >> start
[13:07:34][I][NoteManager] wss://bgutools.bytedance.com/v2/ws/note?token=
[13:07:34][I][NoteManager] ws: connected
[13:07:34][I][NoteManager] ws: client info >
[13:07:34][I][NoteManager] ws: send client info ok
[13:17:34][I][NoteManager] ws: << end, Reason: An exception has occurred while receiving.
[13:17:44][I][NoteManager] ws: >> start
[13:17:44][I][NoteManager] wss://bgutools.bytedance.com/v2/ws/note?token=
[13:17:45][I][NoteManager] ws: connected
[13:17:45][I][NoteManager] ws: client info >
[13:17:45][I][NoteManager] ws: send client info ok
[13:27:45][I][NoteManager] ws: << end, Reason: An exception has occurred while receiving.
[13:27:55][I][NoteManager] ws: >> start
[13:27:55][I][NoteManager] wss://bgutools.bytedance.com/v2/ws/note?token=
[13:27:55][I][NoteManager] ws: connected
[13:27:55][I][NoteManager] ws: client info >
[13:27:55][I][NoteManager] ws: send client info ok
[13:37:55][I][NoteManager] ws: << end, Reason: An exception has occurred while receiving.
[13:38:05][I][NoteManager] ws: >> start
[13:38:05][I][NoteManager] wss://bgutools.bytedance.com/v2/ws/note?token=
[13:38:05][I][NoteManager] ws: connected
[13:38:05][I][NoteManager] ws: client info >
[13:38:05][I][NoteManager] ws: send client info ok
[13:48:05][I][NoteManager] ws: << end, Reason: An exception has occurred while receiving.
[13:48:15][I][NoteManager] ws: >> start
[13:48:15][I][NoteManager] wss://bgutools.bytedance.com/v2/ws/note?token=
[13:48:16][I][NoteManager] ws: connected
[13:48:16][I][NoteManager] ws: client info >
[13:48:16][I][NoteManager] ws: send client info ok
[13:58:16][I][NoteManager] ws: << end, Reason: An exception has occurred while receiving.
[13:58:26][I][NoteManager] ws: >> start
[13:58:26][I][NoteManager] wss://bgutools.bytedance.com/v2/ws/note?token=
[13:58:26][I][NoteManager] ws: connected
[13:58:26][I][NoteManager] ws: client info >
[13:58:26][I][NoteManager] ws: send client info ok
[14:08:26][I][NoteManager] ws: << end, Reason: An exception has occurred while receiving.
[14:08:36][I][NoteManager] ws: >> start
[14:08:36][I][NoteManager] wss://bgutools.bytedance.com/v2/ws/note?token=
[14:08:36][I][NoteManager] ws: connected
[14:08:36][I][NoteManager] ws: client info >
[14:08:36][I][NoteManager] ws: send client info ok
[14:18:36][I][NoteManager] ws: << end, Reason: An exception has occurred while receiving.
[14:18:46][I][NoteManager] ws: >> start
[14:18:46][I][NoteManager] wss://bgutools.bytedance.com/v2/ws/note?token=
[14:18:46][I][NoteManager] ws: connected
[14:18:46][I][NoteManager] ws: client info >
[14:18:46][I][NoteManager] ws: send client info ok
[14:28:46][I][NoteManager] ws: << end, Reason: An exception has occurred while receiving.
[14:28:56][I][NoteManager] ws: >> start
[14:28:57][I][NoteManager] wss://bgutools.bytedance.com/v2/ws/note?token=
[14:28:57][I][NoteManager] ws: connected
[14:28:57][I][NoteManager] ws: client info >
[14:28:57][I][NoteManager] ws: send client info ok
[14:38:57][I][NoteManager] ws: << end, Reason: An exception has occurred while receiving.
[14:39:07][I][NoteManager] ws: >> start
[14:39:07][I][NoteManager] wss://bgutools.bytedance.com/v2/ws/note?token=
[14:39:07][I][NoteManager] ws: connected
[14:39:07][I][NoteManager] ws: client info >
[14:39:07][I][NoteManager] ws: send client info ok
[14:49:07][I][NoteManager] ws: << end, Reason: An exception has occurred while receiving.
[14:49:17][I][NoteManager] ws: >> start
[14:49:17][I][NoteManager] wss://bgutools.bytedance.com/v2/ws/note?token=
[14:49:17][I][NoteManager] ws: connected
[14:49:17][I][NoteManager] ws: client info >
[14:49:17][I][NoteManager] ws: send client info ok
[14:59:17][I][NoteManager] ws: << end, Reason: An exception has occurred while receiving.
[14:59:27][I][NoteManager] ws: >> start
[14:59:27][I][NoteManager] wss://bgutools.bytedance.com/v2/ws/note?token=
[14:59:27][I][NoteManager] ws: connected
[14:59:27][I][NoteManager] ws: client info >
[14:59:27][I][NoteManager] ws: send client info ok
[15:09:27][I][NoteManager] ws: << end, Reason: An exception has occurred while receiving.
[15:09:37][I][NoteManager] ws: >> start
[15:09:38][I][NoteManager] wss://bgutools.bytedance.com/v2/ws/note?token=
[15:09:38][I][NoteManager] ws: connected
[15:09:38][I][NoteManager] ws: client info >
[15:09:38][I][NoteManager] ws: send client info ok
[15:19:38][I][NoteManager] ws: << end, Reason: An exception has occurred while receiving.
[15:19:48][I][NoteManager] ws: >> start
[15:19:48][I][NoteManager] wss://bgutools.bytedance.com/v2/ws/note?token=
[15:19:49][I][NoteManager] ws: connected
[15:19:49][I][NoteManager] ws: client info >
[15:19:49][I][NoteManager] ws: send client info ok
[15:29:49][I][NoteManager] ws: << end, Reason: An exception has occurred while receiving.
[15:29:58][I][NoteManager] ws: >> start
[15:29:59][I][NoteManager] wss://bgutools.bytedance.com/v2/ws/note?token=
[15:29:59][I][NoteManager] ws: connected
[15:29:59][I][NoteManager] ws: client info >
[15:29:59][I][NoteManager] ws: send client info ok
[15:37:04][E][Request] Request error
Status: 0
Error: Unable to complete SSL connection
Text: Url: https://bgutools.bytedance.com/v2/tool_list?token=
Body: {"tools":[{"name":"com.bytedance.bgdt","version":"3.0.194"},{"name":"com.bytedance.starksdk.unitytools","version":"4.0.4"},{"name":"com.bytedance.starksdk","version":"6.0.8"}],"pageLimit":3,"channel":null,"license":"ti4rs/a/ReBbphgdUb7uow==","projectId":"com.ruixue.sdkpublic"}

[15:38:09][E][Request] Request error
Status: 0
Error: Unable to complete SSL connection
Text: Url: https://bgutools.bytedance.com/v2/tool_list?token=
Body: {"tools":[{"name":"com.bytedance.bgdt","version":"3.0.194"},{"name":"com.bytedance.starksdk.unitytools","version":"4.0.4"},{"name":"com.bytedance.starksdk","version":"6.0.8"}],"pageLimit":3,"channel":null,"license":"ti4rs/a/ReBbphgdUb7uow==","projectId":"com.ruixue.sdkpublic"}

[15:40:07][I][NoteManager] ws: << end, Reason: An exception has occurred while receiving.
[15:40:17][I][NoteManager] ws: >> start
[15:40:17][I][NoteManager] wss://bgutools.bytedance.com/v2/ws/note?token=
[15:40:18][I][NoteManager] ws: connected
[15:40:18][I][NoteManager] ws: client info >
[15:40:18][I][NoteManager] ws: send client info ok
[15:45:39][I][NoteManager] ws: << end, Reason: An exception has occurred while receiving.
[15:45:49][I][NoteManager] ws: >> start
[15:45:49][I][NoteManager] wss://bgutools.bytedance.com/v2/ws/note?token=
[15:45:49][I][NoteManager] ws: connected
[15:45:49][I][NoteManager] ws: client info >
[15:45:49][I][NoteManager] ws: send client info ok
[15:51:42][E][Request] Request error
Status: 0
Error: Unknown Error
Text: Url: https://bgutools.bytedance.com/v2/tool_list?token=
Body: {"tools":[{"name":"com.bytedance.bgdt","version":"3.0.194"},{"name":"com.bytedance.starksdk.unitytools","version":"4.0.4"},{"name":"com.bytedance.starksdk","version":"6.0.8"}],"pageLimit":3,"channel":null,"license":"ti4rs/a/ReBbphgdUb7uow==","projectId":"com.ruixue.sdkpublic"}

[15:55:39][I][NoteManager] ws: << end, Reason: An exception has occurred while receiving.
[15:55:49][I][NoteManager] ws: >> start
[15:55:49][I][NoteManager] wss://bgutools.bytedance.com/v2/ws/note?token=
[15:55:49][I][NoteManager] ws: connected
[15:55:49][I][NoteManager] ws: client info >
[15:55:49][I][NoteManager] ws: send client info ok
[16:05:49][I][NoteManager] ws: << end, Reason: An exception has occurred while receiving.
[16:05:59][I][NoteManager] ws: >> start
[16:05:59][I][NoteManager] wss://bgutools.bytedance.com/v2/ws/note?token=
[16:05:59][I][NoteManager] ws: connected
[16:05:59][I][NoteManager] ws: client info >
[16:05:59][I][NoteManager] ws: send client info ok
[16:15:59][I][NoteManager] ws: << end, Reason: An exception has occurred while receiving.
[16:16:09][I][NoteManager] ws: >> start
[16:16:09][I][NoteManager] wss://bgutools.bytedance.com/v2/ws/note?token=
[16:16:09][I][NoteManager] ws: connected
[16:16:09][I][NoteManager] ws: client info >
[16:16:09][I][NoteManager] ws: send client info ok
[16:26:09][I][NoteManager] ws: << end, Reason: An exception has occurred while receiving.
[16:26:19][I][NoteManager] ws: >> start
[16:26:19][I][NoteManager] wss://bgutools.bytedance.com/v2/ws/note?token=
[16:26:20][I][NoteManager] ws: connected
[16:26:20][I][NoteManager] ws: client info >
[16:26:20][I][NoteManager] ws: send client info ok
[16:36:20][I][NoteManager] ws: << end, Reason: An exception has occurred while receiving.
[16:36:30][I][NoteManager] ws: >> start
[16:36:30][I][NoteManager] wss://bgutools.bytedance.com/v2/ws/note?token=
[16:36:30][I][NoteManager] ws: connected
[16:36:30][I][NoteManager] ws: client info >
[16:36:30][I][NoteManager] ws: send client info ok
[16:46:30][I][NoteManager] ws: << end, Reason: An exception has occurred while receiving.
[16:46:40][I][NoteManager] ws: >> start
[16:46:40][I][NoteManager] wss://bgutools.bytedance.com/v2/ws/note?token=
[16:46:40][I][NoteManager] ws: connected
[16:46:40][I][NoteManager] ws: client info >
[16:46:40][I][NoteManager] ws: send client info ok
[16:56:40][I][NoteManager] ws: << end, Reason: An exception has occurred while receiving.
[16:56:50][I][NoteManager] ws: >> start
[16:56:50][I][NoteManager] wss://bgutools.bytedance.com/v2/ws/note?token=
[16:56:50][I][NoteManager] ws: connected
[16:56:50][I][NoteManager] ws: client info >
[16:56:50][I][NoteManager] ws: send client info ok
[17:06:50][I][NoteManager] ws: << end, Reason: An exception has occurred while receiving.
[17:07:00][I][NoteManager] ws: >> start
[17:07:00][I][NoteManager] wss://bgutools.bytedance.com/v2/ws/note?token=
[17:07:01][I][NoteManager] ws: connected
[17:07:01][I][NoteManager] ws: client info >
[17:07:01][I][NoteManager] ws: send client info ok
[17:17:01][I][NoteManager] ws: << end, Reason: An exception has occurred while receiving.
[17:17:11][I][NoteManager] ws: >> start
[17:17:11][I][NoteManager] wss://bgutools.bytedance.com/v2/ws/note?token=
[17:17:11][I][NoteManager] ws: connected
[17:17:11][I][NoteManager] ws: client info >
[17:17:11][I][NoteManager] ws: send client info ok
[17:27:11][I][NoteManager] ws: << end, Reason: An exception has occurred while receiving.
[17:27:21][I][NoteManager] ws: >> start
[17:27:21][I][NoteManager] wss://bgutools.bytedance.com/v2/ws/note?token=
[17:27:21][I][NoteManager] ws: connected
[17:27:21][I][NoteManager] ws: client info >
[17:27:21][I][NoteManager] ws: send client info ok
[17:34:54][E][Request] Request error
Status: 0
Error: Request timeout
Text: Url: https://bgutools.bytedance.com/v2/tool_list?token=
Body: {"tools":[{"name":"com.bytedance.bgdt","version":"3.0.194"},{"name":"com.bytedance.starksdk.unitytools","version":"4.0.4"},{"name":"com.bytedance.starksdk","version":"6.0.8"}],"pageLimit":3,"channel":null,"license":"ti4rs/a/ReBbphgdUb7uow==","projectId":"com.ruixue.sdkpublic"}

[17:34:58][E][Request] Request error
Status: 0
Error: Unable to complete SSL connection
Text: Url: https://bgutools.bytedance.com/v2/tool_list?token=
Body: {"tools":[{"name":"com.bytedance.bgdt","version":"3.0.194"},{"name":"com.bytedance.starksdk.unitytools","version":"4.0.4"},{"name":"com.bytedance.starksdk","version":"6.0.8"}],"pageLimit":3,"channel":null,"license":"ti4rs/a/ReBbphgdUb7uow==","projectId":"com.ruixue.sdkpublic"}

[17:36:02][E][Request] Request error
Status: 0
Error: Unable to complete SSL connection
Text: Url: https://bgutools.bytedance.com/v2/tool_list?token=
Body: {"tools":[{"name":"com.bytedance.bgdt","version":"3.0.194"},{"name":"com.bytedance.starksdk.unitytools","version":"4.0.4"},{"name":"com.bytedance.starksdk","version":"6.0.8"}],"pageLimit":3,"channel":null,"license":"ti4rs/a/ReBbphgdUb7uow==","projectId":"com.ruixue.sdkpublic"}

[17:37:05][E][Request] Request error
Status: 0
Error: Unable to complete SSL connection
Text: Url: https://bgutools.bytedance.com/v2/tool_list?token=
Body: {"tools":[{"name":"com.bytedance.bgdt","version":"3.0.194"},{"name":"com.bytedance.starksdk.unitytools","version":"4.0.4"},{"name":"com.bytedance.starksdk","version":"6.0.8"}],"pageLimit":3,"channel":null,"license":"ti4rs/a/ReBbphgdUb7uow==","projectId":"com.ruixue.sdkpublic"}

[17:38:10][E][Request] Request error
Status: 0
Error: Unable to complete SSL connection
Text: Url: https://bgutools.bytedance.com/v2/tool_list?token=
Body: {"tools":[{"name":"com.bytedance.bgdt","version":"3.0.194"},{"name":"com.bytedance.starksdk.unitytools","version":"4.0.4"},{"name":"com.bytedance.starksdk","version":"6.0.8"}],"pageLimit":3,"channel":null,"license":"ti4rs/a/ReBbphgdUb7uow==","projectId":"com.ruixue.sdkpublic"}

[17:39:15][E][Request] Request error
Status: 0
Error: Unable to complete SSL connection
Text: Url: https://bgutools.bytedance.com/v2/tool_list?token=
Body: {"tools":[{"name":"com.bytedance.bgdt","version":"3.0.194"},{"name":"com.bytedance.starksdk.unitytools","version":"4.0.4"},{"name":"com.bytedance.starksdk","version":"6.0.8"}],"pageLimit":3,"channel":null,"license":"ti4rs/a/ReBbphgdUb7uow==","projectId":"com.ruixue.sdkpublic"}

[17:40:01][I][NoteManager] ws: << end, Reason: An exception has occurred while receiving.
[17:40:11][I][NoteManager] ws: >> start
[17:40:11][I][NoteManager] wss://bgutools.bytedance.com/v2/ws/note?token=
[17:40:11][I][NoteManager] ws: << end, Reason: An exception has occurred while attempting to connect.
[17:40:49][I][NoteManager] ws: >> start
[17:40:49][I][NoteManager] wss://bgutools.bytedance.com/v2/ws/note?token=
[17:40:49][I][NoteManager] ws: << end, Reason: An exception has occurred while attempting to connect.
[17:40:52][E][Request] Request error
Status: 0
Error: Unable to complete SSL connection
Text: Url: https://bgutools.bytedance.com/v2/tool_list?token=
Body: {"tools":[{"name":"com.bytedance.bgdt","version":"3.0.194"},{"name":"com.bytedance.starksdk.unitytools","version":"4.0.4"},{"name":"com.bytedance.starksdk","version":"6.0.8"}],"pageLimit":3,"channel":null,"license":"ti4rs/a/ReBbphgdUb7uow==","projectId":"com.ruixue.sdkpublic"}

[17:40:59][I][NoteManager] ws: >> start
[17:40:59][I][NoteManager] wss://bgutools.bytedance.com/v2/ws/note?token=
[17:40:59][I][NoteManager] ws: << end, Reason: An exception has occurred while attempting to connect.
[17:41:09][I][NoteManager] ws: >> start
[17:41:09][I][NoteManager] wss://bgutools.bytedance.com/v2/ws/note?token=
[17:41:09][I][NoteManager] ws: << end, Reason: An exception has occurred while attempting to connect.
[17:41:19][I][NoteManager] ws: >> start
[17:41:19][I][NoteManager] wss://bgutools.bytedance.com/v2/ws/note?token=
[17:41:19][I][NoteManager] ws: << end, Reason: An exception has occurred while attempting to connect.
[17:41:29][I][NoteManager] ws: >> start
[17:41:29][I][NoteManager] wss://bgutools.bytedance.com/v2/ws/note?token=
[17:41:30][I][NoteManager] ws: << end, Reason: An exception has occurred while attempting to connect.
[17:41:47][I][NoteManager] ws: >> start
[17:41:47][I][NoteManager] wss://bgutools.bytedance.com/v2/ws/note?token=
[17:41:47][I][NoteManager] ws: << end, Reason: An exception has occurred while attempting to connect.
[17:41:55][E][Request] Request error
Status: 0
Error: Unable to complete SSL connection
Text: Url: https://bgutools.bytedance.com/v2/tool_list?token=
Body: {"tools":[{"name":"com.bytedance.bgdt","version":"3.0.194"},{"name":"com.bytedance.starksdk.unitytools","version":"4.0.4"},{"name":"com.bytedance.starksdk","version":"6.0.8"}],"pageLimit":3,"channel":null,"license":"ti4rs/a/ReBbphgdUb7uow==","projectId":"com.ruixue.sdkpublic"}

[17:41:57][I][NoteManager] ws: >> start
[17:41:57][I][NoteManager] wss://bgutools.bytedance.com/v2/ws/note?token=
[17:41:57][I][NoteManager] ws: << end, Reason: An exception has occurred while attempting to connect.
[17:42:07][I][NoteManager] ws: >> start
[17:42:07][I][NoteManager] wss://bgutools.bytedance.com/v2/ws/note?token=
[17:42:07][I][NoteManager] ws: << end, Reason: An exception has occurred while attempting to connect.
[17:42:17][I][NoteManager] ws: >> start
[17:42:18][I][NoteManager] wss://bgutools.bytedance.com/v2/ws/note?token=
[17:42:18][I][NoteManager] ws: << end, Reason: An exception has occurred while attempting to connect.
[17:42:28][I][NoteManager] ws: >> start
[17:42:28][I][NoteManager] wss://bgutools.bytedance.com/v2/ws/note?token=
[17:42:28][I][NoteManager] ws: << end, Reason: An exception has occurred while attempting to connect.
[17:42:40][I][NoteManager] ws: >> start
[17:42:40][I][NoteManager] wss://bgutools.bytedance.com/v2/ws/note?token=
[17:42:41][I][NoteManager] ws: << end, Reason: An exception has occurred while attempting to connect.
[17:42:51][I][NoteManager] ws: >> start
[17:42:51][I][NoteManager] wss://bgutools.bytedance.com/v2/ws/note?token=
[17:42:51][I][NoteManager] ws: << end, Reason: An exception has occurred while attempting to connect.
[17:42:59][E][Request] Request error
Status: 0
Error: Unable to complete SSL connection
Text: Url: https://bgutools.bytedance.com/v2/tool_list?token=
Body: {"tools":[{"name":"com.bytedance.bgdt","version":"3.0.194"},{"name":"com.bytedance.starksdk.unitytools","version":"4.0.4"},{"name":"com.bytedance.starksdk","version":"6.0.8"}],"pageLimit":3,"channel":null,"license":"ti4rs/a/ReBbphgdUb7uow==","projectId":"com.ruixue.sdkpublic"}

[17:43:01][I][NoteManager] ws: >> start
[17:43:45][I][NoteManager] wss://bgutools.bytedance.com/v2/ws/note?token=
[17:43:45][I][NoteManager] ws: << end, Reason: An exception has occurred while attempting to connect.
[17:43:55][I][NoteManager] ws: >> start
[17:43:55][I][NoteManager] wss://bgutools.bytedance.com/v2/ws/note?token=
[17:43:55][I][NoteManager] ws: << end, Reason: An exception has occurred while attempting to connect.
[17:44:02][E][Request] Request error
Status: 0
Error: Unable to complete SSL connection
Text: Url: https://bgutools.bytedance.com/v2/tool_list?token=
Body: {"tools":[{"name":"com.bytedance.bgdt","version":"3.0.194"},{"name":"com.bytedance.starksdk.unitytools","version":"4.0.4"},{"name":"com.bytedance.starksdk","version":"6.0.8"}],"pageLimit":3,"channel":null,"license":"ti4rs/a/ReBbphgdUb7uow==","projectId":"com.ruixue.sdkpublic"}

[17:44:05][I][NoteManager] ws: >> start
[17:44:06][I][NoteManager] wss://bgutools.bytedance.com/v2/ws/note?token=
[17:44:06][I][NoteManager] ws: << end, Reason: An exception has occurred while attempting to connect.
[17:44:16][I][NoteManager] ws: >> start
[17:44:16][I][NoteManager] wss://bgutools.bytedance.com/v2/ws/note?token=
[17:44:16][I][NoteManager] ws: << end, Reason: An exception has occurred while attempting to connect.
[17:44:26][I][NoteManager] ws: >> start
[17:44:26][I][NoteManager] wss://bgutools.bytedance.com/v2/ws/note?token=
[17:44:26][I][NoteManager] ws: << end, Reason: An exception has occurred while attempting to connect.
[17:44:40][I][NoteManager] ws: >> start
[17:44:40][I][NoteManager] wss://bgutools.bytedance.com/v2/ws/note?token=
[17:44:40][I][NoteManager] ws: << end, Reason: An exception has occurred while attempting to connect.
[17:44:50][I][NoteManager] ws: >> start
[17:44:50][I][NoteManager] wss://bgutools.bytedance.com/v2/ws/note?token=
[17:44:50][I][NoteManager] ws: << end, Reason: An exception has occurred while attempting to connect.
[17:45:00][I][NoteManager] ws: >> start
[17:45:01][I][NoteManager] wss://bgutools.bytedance.com/v2/ws/note?token=
[17:45:01][I][NoteManager] ws: << end, Reason: An exception has occurred while attempting to connect.
[17:45:05][E][Request] Request error
Status: 0
Error: Unable to complete SSL connection
Text: Url: https://bgutools.bytedance.com/v2/tool_list?token=
Body: {"tools":[{"name":"com.bytedance.bgdt","version":"3.0.194"},{"name":"com.bytedance.starksdk.unitytools","version":"4.0.4"},{"name":"com.bytedance.starksdk","version":"6.0.8"}],"pageLimit":3,"channel":null,"license":"ti4rs/a/ReBbphgdUb7uow==","projectId":"com.ruixue.sdkpublic"}

[17:45:19][I][NoteManager] ws: >> start
[17:45:19][I][NoteManager] wss://bgutools.bytedance.com/v2/ws/note?token=
[17:45:19][I][NoteManager] ws: << end, Reason: An exception has occurred while attempting to connect.
[17:45:30][I][NoteManager] ws: >> start
[17:45:30][I][NoteManager] wss://bgutools.bytedance.com/v2/ws/note?token=
[17:45:30][I][NoteManager] ws: << end, Reason: An exception has occurred while attempting to connect.
[17:45:40][I][NoteManager] ws: >> start
[17:45:40][I][NoteManager] wss://bgutools.bytedance.com/v2/ws/note?token=
[17:45:40][I][NoteManager] ws: << end, Reason: An exception has occurred while attempting to connect.
[17:45:50][I][NoteManager] ws: >> start
[17:45:50][I][NoteManager] wss://bgutools.bytedance.com/v2/ws/note?token=
[17:45:50][I][NoteManager] ws: << end, Reason: An exception has occurred while attempting to connect.
[17:46:00][I][NoteManager] ws: >> start
[17:46:00][I][NoteManager] wss://bgutools.bytedance.com/v2/ws/note?token=
[17:46:00][I][NoteManager] ws: << end, Reason: An exception has occurred while attempting to connect.
[17:46:10][E][Request] Request error
Status: 0
Error: Unable to complete SSL connection
Text: Url: https://bgutools.bytedance.com/v2/tool_list?token=
Body: {"tools":[{"name":"com.bytedance.bgdt","version":"3.0.194"},{"name":"com.bytedance.starksdk.unitytools","version":"4.0.4"},{"name":"com.bytedance.starksdk","version":"6.0.8"}],"pageLimit":3,"channel":null,"license":"ti4rs/a/ReBbphgdUb7uow==","projectId":"com.ruixue.sdkpublic"}

[17:46:10][I][NoteManager] ws: >> start
[17:46:10][I][NoteManager] wss://bgutools.bytedance.com/v2/ws/note?token=
[17:46:10][I][NoteManager] ws: << end, Reason: An exception has occurred while attempting to connect.
[17:46:33][I][NoteManager] ws: >> start
[17:46:33][I][NoteManager] wss://bgutools.bytedance.com/v2/ws/note?token=
[17:46:33][I][NoteManager] ws: << end, Reason: An exception has occurred while attempting to connect.
[17:46:47][I][NoteManager] ws: >> start
[17:46:47][I][NoteManager] wss://bgutools.bytedance.com/v2/ws/note?token=
[17:46:47][I][NoteManager] ws: << end, Reason: An exception has occurred while attempting to connect.
[17:46:57][I][NoteManager] ws: >> start
[17:46:57][I][NoteManager] wss://bgutools.bytedance.com/v2/ws/note?token=
[17:46:57][I][NoteManager] ws: << end, Reason: An exception has occurred while attempting to connect.
[17:47:07][I][NoteManager] ws: >> start
[17:47:07][I][NoteManager] wss://bgutools.bytedance.com/v2/ws/note?token=
[17:47:07][I][NoteManager] ws: << end, Reason: An exception has occurred while attempting to connect.
[17:47:14][E][Request] Request error
Status: 0
Error: Unable to complete SSL connection
Text: Url: https://bgutools.bytedance.com/v2/tool_list?token=
Body: {"tools":[{"name":"com.bytedance.bgdt","version":"3.0.194"},{"name":"com.bytedance.starksdk.unitytools","version":"4.0.4"},{"name":"com.bytedance.starksdk","version":"6.0.8"}],"pageLimit":3,"channel":null,"license":"ti4rs/a/ReBbphgdUb7uow==","projectId":"com.ruixue.sdkpublic"}

[17:50:39][I][NoteManager] ws: >> start
[17:50:39][I][NoteManager] wss://bgutools.bytedance.com/v2/ws/note?token=
[17:50:39][I][NoteManager] ws: << end, Reason: An exception has occurred while attempting to connect.
[17:50:43][E][Request] Request error
Status: 0
Error: Unable to complete SSL connection
Text: Url: https://bgutools.bytedance.com/v2/tool_list?token=
Body: {"tools":[{"name":"com.bytedance.bgdt","version":"3.0.194"},{"name":"com.bytedance.starksdk.unitytools","version":"4.0.4"},{"name":"com.bytedance.starksdk","version":"6.0.8"}],"pageLimit":3,"channel":null,"license":"ti4rs/a/ReBbphgdUb7uow==","projectId":"com.ruixue.sdkpublic"}

[17:50:49][I][NoteManager] ws: >> start
[17:50:49][I][NoteManager] wss://bgutools.bytedance.com/v2/ws/note?token=
[17:50:50][I][NoteManager] ws: << end, Reason: An exception has occurred while attempting to connect.
[17:51:00][I][NoteManager] ws: >> start
[17:51:00][I][NoteManager] wss://bgutools.bytedance.com/v2/ws/note?token=
[17:51:00][I][NoteManager] ws: << end, Reason: An exception has occurred while attempting to connect.
[17:51:10][I][NoteManager] ws: >> start
[17:51:10][I][NoteManager] wss://bgutools.bytedance.com/v2/ws/note?token=
[17:51:10][I][NoteManager] ws: << end, Reason: An exception has occurred while attempting to connect.
[17:51:20][I][NoteManager] ws: >> start
[17:51:20][I][NoteManager] wss://bgutools.bytedance.com/v2/ws/note?token=
[17:51:20][I][NoteManager] ws: << end, Reason: An exception has occurred while attempting to connect.
[17:51:51][I][NoteManager] ws: >> start
[17:51:51][I][NoteManager] wss://bgutools.bytedance.com/v2/ws/note?token=
[17:51:51][I][NoteManager] ws: << end, Reason: An exception has occurred while attempting to connect.
[17:51:54][E][Request] Request error
Status: 0
Error: Unable to complete SSL connection
Text: Url: https://bgutools.bytedance.com/v2/tool_list?token=
Body: {"tools":[{"name":"com.bytedance.bgdt","version":"3.0.194"},{"name":"com.bytedance.starksdk.unitytools","version":"4.0.4"},{"name":"com.bytedance.starksdk","version":"6.0.8"}],"pageLimit":3,"channel":null,"license":"ti4rs/a/ReBbphgdUb7uow==","projectId":"com.ruixue.sdkpublic"}

[17:52:01][I][NoteManager] ws: >> start
[17:52:01][I][NoteManager] wss://bgutools.bytedance.com/v2/ws/note?token=
[17:52:01][I][NoteManager] ws: << end, Reason: An exception has occurred while attempting to connect.
[17:52:11][I][NoteManager] ws: >> start
[17:52:11][I][NoteManager] wss://bgutools.bytedance.com/v2/ws/note?token=
[17:52:11][I][NoteManager] ws: << end, Reason: An exception has occurred while attempting to connect.
[17:52:21][I][NoteManager] ws: >> start
[17:52:21][I][NoteManager] wss://bgutools.bytedance.com/v2/ws/note?token=
[17:52:21][I][NoteManager] ws: << end, Reason: An exception has occurred while attempting to connect.
[17:52:31][I][NoteManager] ws: >> start
[17:52:31][I][NoteManager] wss://bgutools.bytedance.com/v2/ws/note?token=
[17:52:31][I][NoteManager] ws: << end, Reason: An exception has occurred while attempting to connect.
[17:54:51][I][NoteManager] ws: >> start
[17:54:51][I][NoteManager] wss://bgutools.bytedance.com/v2/ws/note?token=
[17:54:51][I][NoteManager] ws: << end, Reason: An exception has occurred while attempting to connect.
[17:54:54][E][Request] Request error
Status: 0
Error: Unable to complete SSL connection
Text: Url: https://bgutools.bytedance.com/v2/tool_list?token=
Body: {"tools":[{"name":"com.bytedance.bgdt","version":"3.0.194"},{"name":"com.bytedance.starksdk.unitytools","version":"4.0.4"},{"name":"com.bytedance.starksdk","version":"6.0.8"}],"pageLimit":3,"channel":null,"license":"ti4rs/a/ReBbphgdUb7uow==","projectId":"com.ruixue.sdkpublic"}

[17:55:01][I][NoteManager] ws: >> start
[17:55:01][I][NoteManager] wss://bgutools.bytedance.com/v2/ws/note?token=
[17:55:01][I][NoteManager] ws: << end, Reason: An exception has occurred while attempting to connect.
[17:55:11][I][NoteManager] ws: >> start
[17:55:11][I][NoteManager] wss://bgutools.bytedance.com/v2/ws/note?token=
[17:55:11][I][NoteManager] ws: << end, Reason: An exception has occurred while attempting to connect.
[17:55:21][I][NoteManager] ws: >> start
[17:55:21][I][NoteManager] wss://bgutools.bytedance.com/v2/ws/note?token=
[17:55:22][I][NoteManager] ws: << end, Reason: An exception has occurred while attempting to connect.
[17:55:32][I][NoteManager] ws: >> start
[17:55:32][I][NoteManager] wss://bgutools.bytedance.com/v2/ws/note?token=
[17:55:32][I][NoteManager] ws: << end, Reason: An exception has occurred while attempting to connect.
[17:56:31][I][NoteManager] ws: >> start
[17:56:31][I][NoteManager] wss://bgutools.bytedance.com/v2/ws/note?token=
[17:56:31][I][NoteManager] ws: << end, Reason: An exception has occurred while attempting to connect.
[17:56:35][E][Request] Request error
Status: 0
Error: Unable to complete SSL connection
Text: Url: https://bgutools.bytedance.com/v2/tool_list?token=
Body: {"tools":[{"name":"com.bytedance.bgdt","version":"3.0.194"},{"name":"com.bytedance.starksdk.unitytools","version":"4.0.4"},{"name":"com.bytedance.starksdk","version":"6.0.8"}],"pageLimit":3,"channel":null,"license":"ti4rs/a/ReBbphgdUb7uow==","projectId":"com.ruixue.sdkpublic"}

[17:56:56][I][NoteManager] ws: >> start
[17:56:56][I][NoteManager] wss://bgutools.bytedance.com/v2/ws/note?token=
[17:56:56][I][NoteManager] ws: << end, Reason: An exception has occurred while attempting to connect.
[17:57:06][I][NoteManager] ws: >> start
[17:57:06][I][NoteManager] wss://bgutools.bytedance.com/v2/ws/note?token=
[17:57:06][I][NoteManager] ws: << end, Reason: An exception has occurred while attempting to connect.
[17:57:16][I][NoteManager] ws: >> start
[17:57:16][I][NoteManager] wss://bgutools.bytedance.com/v2/ws/note?token=
[17:57:16][I][NoteManager] ws: << end, Reason: An exception has occurred while attempting to connect.
[17:57:26][I][NoteManager] ws: >> start
[17:57:26][I][NoteManager] wss://bgutools.bytedance.com/v2/ws/note?token=
[17:57:26][I][NoteManager] ws: << end, Reason: An exception has occurred while attempting to connect.
[17:59:52][I][NoteManager] ws: >> start
[17:59:53][I][NoteManager] wss://bgutools.bytedance.com/v2/ws/note?token=
[17:59:53][I][NoteManager] ws: << end, Reason: An exception has occurred while attempting to connect.
[17:59:55][E][Request] Request error
Status: 0
Error: Unable to complete SSL connection
Text: Url: https://bgutools.bytedance.com/v2/tool_list?token=
Body: {"tools":[{"name":"com.bytedance.bgdt","version":"3.0.194"},{"name":"com.bytedance.starksdk.unitytools","version":"4.0.4"},{"name":"com.bytedance.starksdk","version":"6.0.8"}],"pageLimit":3,"channel":null,"license":"ti4rs/a/ReBbphgdUb7uow==","projectId":"com.ruixue.sdkpublic"}

[18:00:03][I][NoteManager] ws: >> start
[18:00:03][I][NoteManager] wss://bgutools.bytedance.com/v2/ws/note?token=
[18:00:03][I][NoteManager] ws: << end, Reason: An exception has occurred while attempting to connect.
[18:00:13][I][NoteManager] ws: >> start
[18:00:13][I][NoteManager] wss://bgutools.bytedance.com/v2/ws/note?token=
[18:00:13][I][NoteManager] ws: << end, Reason: An exception has occurred while attempting to connect.
[18:00:23][I][NoteManager] ws: >> start
[18:00:23][I][NoteManager] wss://bgutools.bytedance.com/v2/ws/note?token=
[18:00:23][I][NoteManager] ws: << end, Reason: An exception has occurred while attempting to connect.
[18:00:33][I][NoteManager] ws: >> start
[18:00:33][I][NoteManager] wss://bgutools.bytedance.com/v2/ws/note?token=
[18:00:33][I][NoteManager] ws: << end, Reason: An exception has occurred while attempting to connect.
[18:00:43][I][NoteManager] ws: >> start
[18:00:43][I][NoteManager] wss://bgutools.bytedance.com/v2/ws/note?token=
[18:00:44][I][NoteManager] ws: connected
[18:00:44][I][NoteManager] ws: client info >
[18:00:44][I][NoteManager] ws: send client info ok
[18:04:06][E][Request] Request error
Status: 0
Error: Unable to complete SSL connection
Text: Url: https://bgutools.bytedance.com/v2/tool_list?token=
Body: {"tools":[{"name":"com.bytedance.bgdt","version":"3.0.194"},{"name":"com.bytedance.starksdk.unitytools","version":"4.0.4"},{"name":"com.bytedance.starksdk","version":"6.0.8"}],"pageLimit":3,"channel":null,"license":"ti4rs/a/ReBbphgdUb7uow==","projectId":"com.ruixue.sdkpublic"}

[18:05:47][E][Request] Request error
Status: 0
Error: Unable to complete SSL connection
Text: Url: https://bgutools.bytedance.com/v2/tool_list?token=
Body: {"tools":[{"name":"com.bytedance.bgdt","version":"3.0.194"},{"name":"com.bytedance.starksdk.unitytools","version":"4.0.4"},{"name":"com.bytedance.starksdk","version":"6.0.8"}],"pageLimit":3,"channel":null,"license":"ti4rs/a/ReBbphgdUb7uow==","projectId":"com.ruixue.sdkpublic"}

[18:06:51][E][Request] Request error
Status: 0
Error: Unable to complete SSL connection
Text: Url: https://bgutools.bytedance.com/v2/tool_list?token=
Body: {"tools":[{"name":"com.bytedance.bgdt","version":"3.0.194"},{"name":"com.bytedance.starksdk.unitytools","version":"4.0.4"},{"name":"com.bytedance.starksdk","version":"6.0.8"}],"pageLimit":3,"channel":null,"license":"ti4rs/a/ReBbphgdUb7uow==","projectId":"com.ruixue.sdkpublic"}

[18:08:01][E][Request] Request error
Status: 0
Error: Unable to complete SSL connection
Text: Url: https://bgutools.bytedance.com/v2/tool_list?token=
Body: {"tools":[{"name":"com.bytedance.bgdt","version":"3.0.194"},{"name":"com.bytedance.starksdk.unitytools","version":"4.0.4"},{"name":"com.bytedance.starksdk","version":"6.0.8"}],"pageLimit":3,"channel":null,"license":"ti4rs/a/ReBbphgdUb7uow==","projectId":"com.ruixue.sdkpublic"}

[18:09:05][E][Request] Request error
Status: 0
Error: Unable to complete SSL connection
Text: Url: https://bgutools.bytedance.com/v2/tool_list?token=
Body: {"tools":[{"name":"com.bytedance.bgdt","version":"3.0.194"},{"name":"com.bytedance.starksdk.unitytools","version":"4.0.4"},{"name":"com.bytedance.starksdk","version":"6.0.8"}],"pageLimit":3,"channel":null,"license":"ti4rs/a/ReBbphgdUb7uow==","projectId":"com.ruixue.sdkpublic"}

[18:11:00][E][Request] Request error
Status: 0
Error: Unable to complete SSL connection
Text: Url: https://bgutools.bytedance.com/v2/tool_list?token=
Body: {"tools":[{"name":"com.bytedance.bgdt","version":"3.0.194"},{"name":"com.bytedance.starksdk.unitytools","version":"4.0.4"},{"name":"com.bytedance.starksdk","version":"6.0.8"}],"pageLimit":3,"channel":null,"license":"ti4rs/a/ReBbphgdUb7uow==","projectId":"com.ruixue.sdkpublic"}

[18:13:21][E][Request] Request error
Status: 0
Error: Unable to complete SSL connection
Text: Url: https://bgutools.bytedance.com/v2/tool_list?token=
Body: {"tools":[{"name":"com.bytedance.bgdt","version":"3.0.194"},{"name":"com.bytedance.starksdk.unitytools","version":"4.0.4"},{"name":"com.bytedance.starksdk","version":"6.0.8"}],"pageLimit":3,"channel":null,"license":"ti4rs/a/ReBbphgdUb7uow==","projectId":"com.ruixue.sdkpublic"}

[18:13:38][I][NoteManager] ws: << end, Reason: An exception has occurred while receiving.
[18:13:48][I][NoteManager] ws: >> start
[18:13:48][I][NoteManager] wss://bgutools.bytedance.com/v2/ws/note?token=
[18:13:48][I][NoteManager] ws: << end, Reason: An exception has occurred while attempting to connect.
[18:13:58][I][NoteManager] ws: >> start
[18:13:58][I][NoteManager] wss://bgutools.bytedance.com/v2/ws/note?token=
[18:13:58][I][NoteManager] ws: << end, Reason: An exception has occurred while attempting to connect.
[18:14:15][I][NoteManager] ws: >> start
[18:14:15][I][NoteManager] wss://bgutools.bytedance.com/v2/ws/note?token=
[18:14:16][I][NoteManager] ws: << end, Reason: An exception has occurred while attempting to connect.
[18:14:25][E][Request] Request error
Status: 0
Error: Unable to complete SSL connection
Text: Url: https://bgutools.bytedance.com/v2/tool_list?token=
Body: {"tools":[{"name":"com.bytedance.bgdt","version":"3.0.194"},{"name":"com.bytedance.starksdk.unitytools","version":"4.0.4"},{"name":"com.bytedance.starksdk","version":"6.0.8"}],"pageLimit":3,"channel":null,"license":"ti4rs/a/ReBbphgdUb7uow==","projectId":"com.ruixue.sdkpublic"}

[18:14:25][I][NoteManager] ws: >> start
[18:14:26][I][NoteManager] wss://bgutools.bytedance.com/v2/ws/note?token=
[18:14:26][I][NoteManager] ws: << end, Reason: An exception has occurred while attempting to connect.
[18:14:36][I][NoteManager] ws: >> start
[18:14:36][I][NoteManager] wss://bgutools.bytedance.com/v2/ws/note?token=
[18:14:36][I][NoteManager] ws: << end, Reason: An exception has occurred while attempting to connect.
[18:15:21][I][NoteManager] ws: >> start
[18:15:21][I][NoteManager] wss://bgutools.bytedance.com/v2/ws/note?token=
[18:15:21][I][NoteManager] ws: << end, Reason: An exception has occurred while attempting to connect.
[18:15:29][E][Request] Request error
Status: 0
Error: Unable to complete SSL connection
Text: Url: https://bgutools.bytedance.com/v2/tool_list?token=
Body: {"tools":[{"name":"com.bytedance.bgdt","version":"3.0.194"},{"name":"com.bytedance.starksdk.unitytools","version":"4.0.4"},{"name":"com.bytedance.starksdk","version":"6.0.8"}],"pageLimit":3,"channel":null,"license":"ti4rs/a/ReBbphgdUb7uow==","projectId":"com.ruixue.sdkpublic"}

[18:15:31][I][NoteManager] ws: >> start
[18:15:31][I][NoteManager] wss://bgutools.bytedance.com/v2/ws/note?token=
[18:15:31][I][NoteManager] ws: << end, Reason: An exception has occurred while attempting to connect.
[18:15:41][I][NoteManager] ws: >> start
[18:15:42][I][NoteManager] wss://bgutools.bytedance.com/v2/ws/note?token=
[18:15:42][I][NoteManager] ws: << end, Reason: An exception has occurred while attempting to connect.
[18:15:52][I][NoteManager] ws: >> start
[18:15:52][I][NoteManager] wss://bgutools.bytedance.com/v2/ws/note?token=
[18:15:52][I][NoteManager] ws: << end, Reason: An exception has occurred while attempting to connect.
[18:16:02][I][NoteManager] ws: >> start
[18:16:02][I][NoteManager] wss://bgutools.bytedance.com/v2/ws/note?token=
[18:16:02][I][NoteManager] ws: << end, Reason: An exception has occurred while attempting to connect.
[18:17:47][I][NoteManager] ws: >> start
[18:17:47][I][NoteManager] wss://bgutools.bytedance.com/v2/ws/note?token=
[18:17:47][I][NoteManager] ws: << end, Reason: An exception has occurred while attempting to connect.
[18:17:50][E][Request] Request error
Status: 0
Error: Unable to complete SSL connection
Text: Url: https://bgutools.bytedance.com/v2/tool_list?token=
Body: {"tools":[{"name":"com.bytedance.bgdt","version":"3.0.194"},{"name":"com.bytedance.starksdk.unitytools","version":"4.0.4"},{"name":"com.bytedance.starksdk","version":"6.0.8"}],"pageLimit":3,"channel":null,"license":"ti4rs/a/ReBbphgdUb7uow==","projectId":"com.ruixue.sdkpublic"}

[18:17:57][I][NoteManager] ws: >> start
[18:17:57][I][NoteManager] wss://bgutools.bytedance.com/v2/ws/note?token=
[18:17:57][I][NoteManager] ws: << end, Reason: An exception has occurred while attempting to connect.
[18:18:07][I][NoteManager] ws: >> start
[18:18:07][I][NoteManager] wss://bgutools.bytedance.com/v2/ws/note?token=
[18:18:07][I][NoteManager] ws: << end, Reason: An exception has occurred while attempting to connect.
[18:18:17][I][NoteManager] ws: >> start
[18:18:17][I][NoteManager] wss://bgutools.bytedance.com/v2/ws/note?token=
[18:18:17][I][NoteManager] ws: << end, Reason: An exception has occurred while attempting to connect.
[18:18:27][I][NoteManager] ws: >> start
[18:18:27][I][NoteManager] wss://bgutools.bytedance.com/v2/ws/note?token=
[18:18:27][I][NoteManager] ws: << end, Reason: An exception has occurred while attempting to connect.
[18:18:51][I][NoteManager] ws: >> start
[18:18:52][I][NoteManager] wss://bgutools.bytedance.com/v2/ws/note?token=
[18:18:52][I][NoteManager] ws: << end, Reason: An exception has occurred while attempting to connect.
[18:18:55][E][Request] Request error
Status: 0
Error: Unable to complete SSL connection
Text: Url: https://bgutools.bytedance.com/v2/tool_list?token=
Body: {"tools":[{"name":"com.bytedance.bgdt","version":"3.0.194"},{"name":"com.bytedance.starksdk.unitytools","version":"4.0.4"},{"name":"com.bytedance.starksdk","version":"6.0.8"}],"pageLimit":3,"channel":null,"license":"ti4rs/a/ReBbphgdUb7uow==","projectId":"com.ruixue.sdkpublic"}

[18:19:02][I][NoteManager] ws: >> start
[18:19:02][I][NoteManager] wss://bgutools.bytedance.com/v2/ws/note?token=
[18:19:02][I][NoteManager] ws: << end, Reason: An exception has occurred while attempting to connect.
[18:19:12][I][NoteManager] ws: >> start
[18:19:12][I][NoteManager] wss://bgutools.bytedance.com/v2/ws/note?token=
[18:19:12][I][NoteManager] ws: << end, Reason: An exception has occurred while attempting to connect.
[18:19:50][I][NoteManager] ws: >> start
[18:19:50][I][NoteManager] wss://bgutools.bytedance.com/v2/ws/note?token=
[18:19:50][I][NoteManager] ws: << end, Reason: An exception has occurred while attempting to connect.
[18:19:58][E][Request] Request error
Status: 0
Error: Unable to complete SSL connection
Text: Url: https://bgutools.bytedance.com/v2/tool_list?token=
Body: {"tools":[{"name":"com.bytedance.bgdt","version":"3.0.194"},{"name":"com.bytedance.starksdk.unitytools","version":"4.0.4"},{"name":"com.bytedance.starksdk","version":"6.0.8"}],"pageLimit":3,"channel":null,"license":"ti4rs/a/ReBbphgdUb7uow==","projectId":"com.ruixue.sdkpublic"}

[18:20:00][I][NoteManager] ws: >> start
[18:20:00][I][NoteManager] wss://bgutools.bytedance.com/v2/ws/note?token=
[18:20:00][I][NoteManager] ws: << end, Reason: An exception has occurred while attempting to connect.
[18:20:10][I][NoteManager] ws: >> start
[18:20:10][I][NoteManager] wss://bgutools.bytedance.com/v2/ws/note?token=
[18:20:10][I][NoteManager] ws: << end, Reason: An exception has occurred while attempting to connect.
[18:20:20][I][NoteManager] ws: >> start
[18:20:20][I][NoteManager] wss://bgutools.bytedance.com/v2/ws/note?token=
[18:20:21][I][NoteManager] ws: << end, Reason: An exception has occurred while attempting to connect.
[18:20:31][I][NoteManager] ws: >> start
[18:20:31][I][NoteManager] wss://bgutools.bytedance.com/v2/ws/note?token=
[18:20:31][I][NoteManager] ws: << end, Reason: An exception has occurred while attempting to connect.
[18:20:57][I][NoteManager] ws: >> start
[18:20:57][I][NoteManager] wss://bgutools.bytedance.com/v2/ws/note?token=
[18:20:57][I][NoteManager] ws: << end, Reason: An exception has occurred while attempting to connect.
[18:21:02][E][Request] Request error
Status: 0
Error: Unable to complete SSL connection
Text: Url: https://bgutools.bytedance.com/v2/tool_list?token=
Body: {"tools":[{"name":"com.bytedance.bgdt","version":"3.0.194"},{"name":"com.bytedance.starksdk.unitytools","version":"4.0.4"},{"name":"com.bytedance.starksdk","version":"6.0.8"}],"pageLimit":3,"channel":null,"license":"ti4rs/a/ReBbphgdUb7uow==","projectId":"com.ruixue.sdkpublic"}

[18:21:07][I][NoteManager] ws: >> start
[18:21:08][I][NoteManager] wss://bgutools.bytedance.com/v2/ws/note?token=
[18:21:08][I][NoteManager] ws: << end, Reason: An exception has occurred while attempting to connect.
[18:21:18][I][NoteManager] ws: >> start
[18:21:18][I][NoteManager] wss://bgutools.bytedance.com/v2/ws/note?token=
[18:21:18][I][NoteManager] ws: << end, Reason: An exception has occurred while attempting to connect.
[18:21:28][I][NoteManager] ws: >> start
[18:21:28][I][NoteManager] wss://bgutools.bytedance.com/v2/ws/note?token=
[18:21:28][I][NoteManager] ws: << end, Reason: An exception has occurred while attempting to connect.
[18:21:38][I][NoteManager] ws: >> start
[18:21:38][I][NoteManager] wss://bgutools.bytedance.com/v2/ws/note?token=
[18:21:38][I][NoteManager] ws: << end, Reason: An exception has occurred while attempting to connect.
[18:21:48][I][NoteManager] ws: >> start
[18:21:48][I][NoteManager] wss://bgutools.bytedance.com/v2/ws/note?token=
[18:21:49][I][NoteManager] ws: << end, Reason: An exception has occurred while attempting to connect.
[18:21:59][I][NoteManager] ws: >> start
[18:21:59][I][NoteManager] wss://bgutools.bytedance.com/v2/ws/note?token=
[18:21:59][I][NoteManager] ws: << end, Reason: An exception has occurred while attempting to connect.
[18:22:06][E][Request] Request error
Status: 0
Error: Unable to complete SSL connection
Text: Url: https://bgutools.bytedance.com/v2/tool_list?token=
Body: {"tools":[{"name":"com.bytedance.bgdt","version":"3.0.194"},{"name":"com.bytedance.starksdk.unitytools","version":"4.0.4"},{"name":"com.bytedance.starksdk","version":"6.0.8"}],"pageLimit":3,"channel":null,"license":"ti4rs/a/ReBbphgdUb7uow==","projectId":"com.ruixue.sdkpublic"}

[18:22:09][I][NoteManager] ws: >> start
[18:22:09][I][NoteManager] wss://bgutools.bytedance.com/v2/ws/note?token=
[18:22:09][I][NoteManager] ws: << end, Reason: An exception has occurred while attempting to connect.
[18:22:19][I][NoteManager] ws: >> start
[18:22:19][I][NoteManager] wss://bgutools.bytedance.com/v2/ws/note?token=
[18:22:19][I][NoteManager] ws: << end, Reason: An exception has occurred while attempting to connect.
[18:23:13][I][NoteManager] ws: >> start
[18:23:14][I][NoteManager] wss://bgutools.bytedance.com/v2/ws/note?token=
[18:23:14][I][NoteManager] ws: << end, Reason: An exception has occurred while attempting to connect.
[18:23:17][E][Request] Request error
Status: 0
Error: Unable to complete SSL connection
Text: Url: https://bgutools.bytedance.com/v2/tool_list?token=
Body: {"tools":[{"name":"com.bytedance.bgdt","version":"3.0.194"},{"name":"com.bytedance.starksdk.unitytools","version":"4.0.4"},{"name":"com.bytedance.starksdk","version":"6.0.8"}],"pageLimit":3,"channel":null,"license":"ti4rs/a/ReBbphgdUb7uow==","projectId":"com.ruixue.sdkpublic"}

[18:23:24][I][NoteManager] ws: >> start
[18:23:24][I][NoteManager] wss://bgutools.bytedance.com/v2/ws/note?token=
[18:23:24][I][NoteManager] ws: << end, Reason: An exception has occurred while attempting to connect.
[18:23:34][I][NoteManager] ws: >> start
[18:23:34][I][NoteManager] wss://bgutools.bytedance.com/v2/ws/note?token=
[18:23:34][I][NoteManager] ws: << end, Reason: An exception has occurred while attempting to connect.
[18:23:44][I][NoteManager] ws: >> start
[18:23:44][I][NoteManager] wss://bgutools.bytedance.com/v2/ws/note?token=
[18:23:44][I][NoteManager] ws: << end, Reason: An exception has occurred while attempting to connect.
[18:24:18][I][NoteManager] ws: >> start
[18:24:18][I][NoteManager] wss://bgutools.bytedance.com/v2/ws/note?token=
[18:24:18][I][NoteManager] ws: << end, Reason: An exception has occurred while attempting to connect.
[18:24:21][E][Request] Request error
Status: 0
Error: Unable to complete SSL connection
Text: Url: https://bgutools.bytedance.com/v2/tool_list?token=
Body: {"tools":[{"name":"com.bytedance.bgdt","version":"3.0.194"},{"name":"com.bytedance.starksdk.unitytools","version":"4.0.4"},{"name":"com.bytedance.starksdk","version":"6.0.8"}],"pageLimit":3,"channel":null,"license":"ti4rs/a/ReBbphgdUb7uow==","projectId":"com.ruixue.sdkpublic"}

[18:24:28][I][NoteManager] ws: >> start
[18:24:28][I][NoteManager] wss://bgutools.bytedance.com/v2/ws/note?token=
[18:24:28][I][NoteManager] ws: << end, Reason: An exception has occurred while attempting to connect.
[18:24:38][I][NoteManager] ws: >> start
[18:24:38][I][NoteManager] wss://bgutools.bytedance.com/v2/ws/note?token=
[18:24:39][I][NoteManager] ws: << end, Reason: An exception has occurred while attempting to connect.
[18:24:48][I][NoteManager] ws: >> start
[18:24:49][I][NoteManager] wss://bgutools.bytedance.com/v2/ws/note?token=
[18:24:49][I][NoteManager] ws: << end, Reason: An exception has occurred while attempting to connect.
[18:24:59][I][NoteManager] ws: >> start
[18:24:59][I][NoteManager] wss://bgutools.bytedance.com/v2/ws/note?token=
[18:24:59][I][NoteManager] ws: << end, Reason: An exception has occurred while attempting to connect.
[18:25:38][I][NoteManager] ws: >> start
[18:25:39][I][NoteManager] wss://bgutools.bytedance.com/v2/ws/note?token=
[18:25:39][I][NoteManager] ws: << end, Reason: An exception has occurred while attempting to connect.
[18:25:42][E][Request] Request error
Status: 0
Error: Unable to complete SSL connection
Text: Url: https://bgutools.bytedance.com/v2/tool_list?token=
Body: {"tools":[{"name":"com.bytedance.bgdt","version":"3.0.194"},{"name":"com.bytedance.starksdk.unitytools","version":"4.0.4"},{"name":"com.bytedance.starksdk","version":"6.0.8"}],"pageLimit":3,"channel":null,"license":"ti4rs/a/ReBbphgdUb7uow==","projectId":"com.ruixue.sdkpublic"}

[18:25:49][I][NoteManager] ws: >> start
[18:25:49][I][NoteManager] wss://bgutools.bytedance.com/v2/ws/note?token=
[18:25:49][I][NoteManager] ws: << end, Reason: An exception has occurred while attempting to connect.
[18:25:59][I][NoteManager] ws: >> start
[18:25:59][I][NoteManager] wss://bgutools.bytedance.com/v2/ws/note?token=
[18:25:59][I][NoteManager] ws: << end, Reason: An exception has occurred while attempting to connect.
[18:26:09][I][NoteManager] ws: >> start
[18:26:09][I][NoteManager] wss://bgutools.bytedance.com/v2/ws/note?token=
[18:26:09][I][NoteManager] ws: << end, Reason: An exception has occurred while attempting to connect.
[18:26:19][I][NoteManager] ws: >> start
[18:26:20][I][NoteManager] wss://bgutools.bytedance.com/v2/ws/note?token=
[18:26:20][I][NoteManager] ws: << end, Reason: An exception has occurred while attempting to connect.
[18:26:37][I][NoteManager] ws: >> start
[18:26:37][I][NoteManager] wss://bgutools.bytedance.com/v2/ws/note?token=
[18:26:38][I][NoteManager] ws: << end, Reason: An exception has occurred while attempting to connect.
[18:26:45][E][Request] Request error
Status: 0
Error: Unable to complete SSL connection
Text: Url: https://bgutools.bytedance.com/v2/tool_list?token=
Body: {"tools":[{"name":"com.bytedance.bgdt","version":"3.0.194"},{"name":"com.bytedance.starksdk.unitytools","version":"4.0.4"},{"name":"com.bytedance.starksdk","version":"6.0.8"}],"pageLimit":3,"channel":null,"license":"ti4rs/a/ReBbphgdUb7uow==","projectId":"com.ruixue.sdkpublic"}

[18:26:48][I][NoteManager] ws: >> start
[18:26:48][I][NoteManager] wss://bgutools.bytedance.com/v2/ws/note?token=
[18:26:48][I][NoteManager] ws: << end, Reason: An exception has occurred while attempting to connect.
[18:26:58][I][NoteManager] ws: >> start
[18:26:58][I][NoteManager] wss://bgutools.bytedance.com/v2/ws/note?token=
[18:26:58][I][NoteManager] ws: << end, Reason: An exception has occurred while attempting to connect.
[18:27:08][I][NoteManager] ws: >> start
[18:27:08][I][NoteManager] wss://bgutools.bytedance.com/v2/ws/note?token=
[18:27:08][I][NoteManager] ws: << end, Reason: An exception has occurred while attempting to connect.
[18:27:43][I][NoteManager] ws: >> start
[18:27:43][I][NoteManager] wss://bgutools.bytedance.com/v2/ws/note?token=
[18:27:43][I][NoteManager] ws: << end, Reason: An exception has occurred while attempting to connect.
[18:27:49][E][Request] Request error
Status: 0
Error: Unable to complete SSL connection
Text: Url: https://bgutools.bytedance.com/v2/tool_list?token=
Body: {"tools":[{"name":"com.bytedance.bgdt","version":"3.0.194"},{"name":"com.bytedance.starksdk.unitytools","version":"4.0.4"},{"name":"com.bytedance.starksdk","version":"6.0.8"}],"pageLimit":3,"channel":null,"license":"ti4rs/a/ReBbphgdUb7uow==","projectId":"com.ruixue.sdkpublic"}

[18:27:53][I][NoteManager] ws: >> start
[18:27:53][I][NoteManager] wss://bgutools.bytedance.com/v2/ws/note?token=
[18:27:53][I][NoteManager] ws: << end, Reason: An exception has occurred while attempting to connect.
[18:28:03][I][NoteManager] ws: >> start
[18:28:04][I][NoteManager] wss://bgutools.bytedance.com/v2/ws/note?token=
[18:28:04][I][NoteManager] ws: << end, Reason: An exception has occurred while attempting to connect.
[18:28:14][I][NoteManager] ws: >> start
[18:28:14][I][NoteManager] wss://bgutools.bytedance.com/v2/ws/note?token=
[18:28:14][I][NoteManager] ws: << end, Reason: An exception has occurred while attempting to connect.
[18:28:24][I][NoteManager] ws: >> start
[18:28:24][I][NoteManager] wss://bgutools.bytedance.com/v2/ws/note?token=
[18:28:24][I][NoteManager] ws: << end, Reason: An exception has occurred while attempting to connect.
[18:28:55][I][NoteManager] ws: >> start
[18:28:55][I][NoteManager] wss://bgutools.bytedance.com/v2/ws/note?token=
[18:28:55][I][NoteManager] ws: << end, Reason: An exception has occurred while attempting to connect.
[18:28:58][E][Request] Request error
Status: 0
Error: Unable to complete SSL connection
Text: Url: https://bgutools.bytedance.com/v2/tool_list?token=
Body: {"tools":[{"name":"com.bytedance.bgdt","version":"3.0.194"},{"name":"com.bytedance.starksdk.unitytools","version":"4.0.4"},{"name":"com.bytedance.starksdk","version":"6.0.8"}],"pageLimit":3,"channel":null,"license":"ti4rs/a/ReBbphgdUb7uow==","projectId":"com.ruixue.sdkpublic"}

[18:29:05][I][NoteManager] ws: >> start
[18:29:05][I][NoteManager] wss://bgutools.bytedance.com/v2/ws/note?token=
[18:29:05][I][NoteManager] ws: << end, Reason: An exception has occurred while attempting to connect.
[18:29:27][I][NoteManager] ws: >> start
[18:29:27][I][NoteManager] wss://bgutools.bytedance.com/v2/ws/note?token=
[18:29:27][I][NoteManager] ws: << end, Reason: An exception has occurred while attempting to connect.
[18:29:37][I][NoteManager] ws: >> start
[18:29:37][I][NoteManager] wss://bgutools.bytedance.com/v2/ws/note?token=
[18:29:37][I][NoteManager] ws: << end, Reason: An exception has occurred while attempting to connect.
[18:29:47][I][NoteManager] ws: >> start
[18:29:48][I][NoteManager] wss://bgutools.bytedance.com/v2/ws/note?token=
[18:29:48][I][NoteManager] ws: << end, Reason: An exception has occurred while attempting to connect.
[18:31:04][I][NoteManager] ws: >> start
[18:31:04][I][NoteManager] wss://bgutools.bytedance.com/v2/ws/note?token=
[18:31:04][I][NoteManager] ws: << end, Reason: An exception has occurred while attempting to connect.
[18:31:07][E][Request] Request error
Status: 0
Error: Unable to complete SSL connection
Text: Url: https://bgutools.bytedance.com/v2/tool_list?token=
Body: {"tools":[{"name":"com.bytedance.bgdt","version":"3.0.194"},{"name":"com.bytedance.starksdk.unitytools","version":"4.0.4"},{"name":"com.bytedance.starksdk","version":"6.0.8"}],"pageLimit":3,"channel":null,"license":"ti4rs/a/ReBbphgdUb7uow==","projectId":"com.ruixue.sdkpublic"}

[18:31:14][I][NoteManager] ws: >> start
[18:31:14][I][NoteManager] wss://bgutools.bytedance.com/v2/ws/note?token=
[18:31:14][I][NoteManager] ws: << end, Reason: An exception has occurred while attempting to connect.
[18:31:24][I][NoteManager] ws: >> start
[18:31:24][I][NoteManager] wss://bgutools.bytedance.com/v2/ws/note?token=
[18:31:24][I][NoteManager] ws: << end, Reason: An exception has occurred while attempting to connect.
[18:31:37][I][NoteManager] ws: >> start
[18:31:38][I][NoteManager] wss://bgutools.bytedance.com/v2/ws/note?token=
[18:31:38][I][NoteManager] ws: << end, Reason: An exception has occurred while attempting to connect.
[18:31:48][I][NoteManager] ws: >> start
[18:31:48][I][NoteManager] wss://bgutools.bytedance.com/v2/ws/note?token=
[18:31:48][I][NoteManager] ws: << end, Reason: An exception has occurred while attempting to connect.
[18:31:58][I][NoteManager] ws: >> start
[18:31:58][I][NoteManager] wss://bgutools.bytedance.com/v2/ws/note?token=
[18:31:58][I][NoteManager] ws: << end, Reason: An exception has occurred while attempting to connect.
[18:32:08][I][NoteManager] ws: >> start
[18:32:08][I][NoteManager] wss://bgutools.bytedance.com/v2/ws/note?token=
[18:32:08][I][NoteManager] ws: << end, Reason: An exception has occurred while attempting to connect.
[18:32:11][E][Request] Request error
Status: 0
Error: Unable to complete SSL connection
Text: Url: https://bgutools.bytedance.com/v2/tool_list?token=
Body: {"tools":[{"name":"com.bytedance.bgdt","version":"3.0.194"},{"name":"com.bytedance.starksdk.unitytools","version":"4.0.4"},{"name":"com.bytedance.starksdk","version":"6.0.8"}],"pageLimit":3,"channel":null,"license":"ti4rs/a/ReBbphgdUb7uow==","projectId":"com.ruixue.sdkpublic"}

[18:32:18][I][NoteManager] ws: >> start
[18:32:18][I][NoteManager] wss://bgutools.bytedance.com/v2/ws/note?token=
[18:32:18][I][NoteManager] ws: << end, Reason: An exception has occurred while attempting to connect.
[18:32:35][I][NoteManager] ws: >> start
[18:32:35][I][NoteManager] wss://bgutools.bytedance.com/v2/ws/note?token=
[18:32:35][I][NoteManager] ws: << end, Reason: An exception has occurred while attempting to connect.
[18:32:45][I][NoteManager] ws: >> start
[18:32:45][I][NoteManager] wss://bgutools.bytedance.com/v2/ws/note?token=
[18:32:45][I][NoteManager] ws: << end, Reason: An exception has occurred while attempting to connect.
[18:33:45][I][NoteManager] ws: >> start
[18:33:45][I][NoteManager] wss://bgutools.bytedance.com/v2/ws/note?token=
[18:33:45][I][NoteManager] ws: << end, Reason: An exception has occurred while attempting to connect.
[18:33:48][E][Request] Request error
Status: 0
Error: Unable to complete SSL connection
Text: Url: https://bgutools.bytedance.com/v2/tool_list?token=
Body: {"tools":[{"name":"com.bytedance.bgdt","version":"3.0.194"},{"name":"com.bytedance.starksdk.unitytools","version":"4.0.4"},{"name":"com.bytedance.starksdk","version":"6.0.8"}],"pageLimit":3,"channel":null,"license":"ti4rs/a/ReBbphgdUb7uow==","projectId":"com.ruixue.sdkpublic"}

[18:33:55][I][NoteManager] ws: >> start
[18:33:55][I][NoteManager] wss://bgutools.bytedance.com/v2/ws/note?token=
[18:33:55][I][NoteManager] ws: << end, Reason: An exception has occurred while attempting to connect.
[18:34:05][I][NoteManager] ws: >> start
[18:34:05][I][NoteManager] wss://bgutools.bytedance.com/v2/ws/note?token=
[18:34:05][I][NoteManager] ws: << end, Reason: An exception has occurred while attempting to connect.
[18:35:35][I][NoteManager] ws: >> start
[18:35:35][I][NoteManager] wss://bgutools.bytedance.com/v2/ws/note?token=
[18:35:35][I][NoteManager] ws: << end, Reason: An exception has occurred while attempting to connect.
[18:35:39][E][Request] Request error
Status: 0
Error: Unable to complete SSL connection
Text: Url: https://bgutools.bytedance.com/v2/tool_list?token=
Body: {"tools":[{"name":"com.bytedance.bgdt","version":"3.0.194"},{"name":"com.bytedance.starksdk.unitytools","version":"4.0.4"},{"name":"com.bytedance.starksdk","version":"6.0.8"}],"pageLimit":3,"channel":null,"license":"ti4rs/a/ReBbphgdUb7uow==","projectId":"com.ruixue.sdkpublic"}

[18:35:45][I][NoteManager] ws: >> start
[18:35:45][I][NoteManager] wss://bgutools.bytedance.com/v2/ws/note?token=
[18:35:45][I][NoteManager] ws: << end, Reason: An exception has occurred while attempting to connect.
[18:35:55][I][NoteManager] ws: >> start
[18:35:55][I][NoteManager] wss://bgutools.bytedance.com/v2/ws/note?token=
[18:35:55][I][NoteManager] ws: << end, Reason: An exception has occurred while attempting to connect.
[18:36:05][I][NoteManager] ws: >> start
[18:36:05][I][NoteManager] wss://bgutools.bytedance.com/v2/ws/note?token=
[18:36:05][I][NoteManager] ws: << end, Reason: An exception has occurred while attempting to connect.
[18:40:48][I][NoteManager] ws: >> start
[18:40:48][I][NoteManager] wss://bgutools.bytedance.com/v2/ws/note?token=
[18:40:48][I][NoteManager] ws: << end, Reason: An exception has occurred while attempting to connect.
[18:40:51][E][Request] Request error
Status: 0
Error: Unable to complete SSL connection
Text: Url: https://bgutools.bytedance.com/v2/tool_list?token=
Body: {"tools":[{"name":"com.bytedance.bgdt","version":"3.0.194"},{"name":"com.bytedance.starksdk.unitytools","version":"4.0.4"},{"name":"com.bytedance.starksdk","version":"6.0.8"}],"pageLimit":3,"channel":null,"license":"ti4rs/a/ReBbphgdUb7uow==","projectId":"com.ruixue.sdkpublic"}

[18:40:58][I][NoteManager] ws: >> start
[18:40:58][I][NoteManager] wss://bgutools.bytedance.com/v2/ws/note?token=
[18:40:58][I][NoteManager] ws: << end, Reason: An exception has occurred while attempting to connect.
[18:41:08][I][NoteManager] ws: >> start
[18:41:08][I][NoteManager] wss://bgutools.bytedance.com/v2/ws/note?token=
[18:41:09][I][NoteManager] ws: << end, Reason: An exception has occurred while attempting to connect.
[18:41:19][I][NoteManager] ws: >> start
[18:41:19][I][NoteManager] wss://bgutools.bytedance.com/v2/ws/note?token=
[18:41:19][I][NoteManager] ws: << end, Reason: An exception has occurred while attempting to connect.
[18:41:29][I][NoteManager] ws: >> start
[18:41:29][I][NoteManager] wss://bgutools.bytedance.com/v2/ws/note?token=
[18:41:29][I][NoteManager] ws: << end, Reason: An exception has occurred while attempting to connect.
[18:42:30][I][NoteManager] ws: >> start
[18:42:30][I][NoteManager] wss://bgutools.bytedance.com/v2/ws/note?token=
[18:42:30][I][NoteManager] ws: << end, Reason: An exception has occurred while attempting to connect.
[18:42:34][E][Request] Request error
Status: 0
Error: Unable to complete SSL connection
Text: Url: https://bgutools.bytedance.com/v2/tool_list?token=
Body: {"tools":[{"name":"com.bytedance.bgdt","version":"3.0.194"},{"name":"com.bytedance.starksdk.unitytools","version":"4.0.4"},{"name":"com.bytedance.starksdk","version":"6.0.8"}],"pageLimit":3,"channel":null,"license":"ti4rs/a/ReBbphgdUb7uow==","projectId":"com.ruixue.sdkpublic"}

[18:42:40][I][NoteManager] ws: >> start
[18:42:41][I][NoteManager] wss://bgutools.bytedance.com/v2/ws/note?token=
[18:42:41][I][NoteManager] ws: << end, Reason: An exception has occurred while attempting to connect.
[18:42:51][I][NoteManager] ws: >> start
[18:42:51][I][NoteManager] wss://bgutools.bytedance.com/v2/ws/note?token=
[18:42:51][I][NoteManager] ws: << end, Reason: An exception has occurred while attempting to connect.
[18:43:01][I][NoteManager] ws: >> start
[18:43:01][I][NoteManager] wss://bgutools.bytedance.com/v2/ws/note?token=
[18:43:01][I][NoteManager] ws: << end, Reason: An exception has occurred while attempting to connect.
[18:43:11][I][NoteManager] ws: >> start
[18:43:11][I][NoteManager] wss://bgutools.bytedance.com/v2/ws/note?token=
[18:43:11][I][NoteManager] ws: << end, Reason: An exception has occurred while attempting to connect.
[18:43:27][I][NoteManager] ws: >> start
[18:43:28][I][NoteManager] wss://bgutools.bytedance.com/v2/ws/note?token=
[18:43:28][I][NoteManager] ws: << end, Reason: An exception has occurred while attempting to connect.
[18:43:38][I][NoteManager] ws: >> start
[18:43:38][I][NoteManager] wss://bgutools.bytedance.com/v2/ws/note?token=
[18:43:38][I][NoteManager] ws: << end, Reason: An exception has occurred while attempting to connect.
[18:43:38][E][Request] Request error
Status: 0
Error: Unable to complete SSL connection
Text: Url: https://bgutools.bytedance.com/v2/tool_list?token=
Body: {"tools":[{"name":"com.bytedance.bgdt","version":"3.0.194"},{"name":"com.bytedance.starksdk.unitytools","version":"4.0.4"},{"name":"com.bytedance.starksdk","version":"6.0.8"}],"pageLimit":3,"channel":null,"license":"ti4rs/a/ReBbphgdUb7uow==","projectId":"com.ruixue.sdkpublic"}

[18:43:48][I][NoteManager] ws: >> start
[18:43:48][I][NoteManager] wss://bgutools.bytedance.com/v2/ws/note?token=
[18:43:48][I][NoteManager] ws: << end, Reason: An exception has occurred while attempting to connect.
[18:43:58][I][NoteManager] ws: >> start
[18:43:58][I][NoteManager] wss://bgutools.bytedance.com/v2/ws/note?token=
[18:43:58][I][NoteManager] ws: << end, Reason: An exception has occurred while attempting to connect.
[18:44:08][I][NoteManager] ws: >> start
[18:44:08][I][NoteManager] wss://bgutools.bytedance.com/v2/ws/note?token=
[18:44:09][I][NoteManager] ws: << end, Reason: An exception has occurred while attempting to connect.
[18:45:44][I][NoteManager] ws: >> start
[18:45:44][I][NoteManager] wss://bgutools.bytedance.com/v2/ws/note?token=
[18:45:44][I][NoteManager] ws: << end, Reason: An exception has occurred while attempting to connect.
[18:45:47][E][Request] Request error
Status: 0
Error: Unable to complete SSL connection
Text: Url: https://bgutools.bytedance.com/v2/tool_list?token=
Body: {"tools":[{"name":"com.bytedance.bgdt","version":"3.0.194"},{"name":"com.bytedance.starksdk.unitytools","version":"4.0.4"},{"name":"com.bytedance.starksdk","version":"6.0.8"}],"pageLimit":3,"channel":null,"license":"ti4rs/a/ReBbphgdUb7uow==","projectId":"com.ruixue.sdkpublic"}

[18:45:54][I][NoteManager] ws: >> start
[18:45:55][I][NoteManager] wss://bgutools.bytedance.com/v2/ws/note?token=
[18:45:55][I][NoteManager] ws: << end, Reason: An exception has occurred while attempting to connect.
[18:46:08][I][NoteManager] ws: >> start
[18:46:08][I][NoteManager] wss://bgutools.bytedance.com/v2/ws/note?token=
[18:46:08][I][NoteManager] ws: << end, Reason: An exception has occurred while attempting to connect.
[18:46:18][I][NoteManager] ws: >> start
[18:46:18][I][NoteManager] wss://bgutools.bytedance.com/v2/ws/note?token=
[18:46:18][I][NoteManager] ws: << end, Reason: An exception has occurred while attempting to connect.
[18:46:28][I][NoteManager] ws: >> start
[18:46:28][I][NoteManager] wss://bgutools.bytedance.com/v2/ws/note?token=
[18:46:28][I][NoteManager] ws: << end, Reason: An exception has occurred while attempting to connect.
[18:46:38][I][NoteManager] ws: >> start
[18:46:38][I][NoteManager] wss://bgutools.bytedance.com/v2/ws/note?token=
[18:46:38][I][NoteManager] ws: << end, Reason: An exception has occurred while attempting to connect.
[18:46:48][I][NoteManager] ws: >> start
[18:46:49][I][NoteManager] wss://bgutools.bytedance.com/v2/ws/note?token=
[18:46:49][I][NoteManager] ws: << end, Reason: An exception has occurred while attempting to connect.
[18:46:51][E][Request] Request error
Status: 0
Error: Unable to complete SSL connection
Text: Url: https://bgutools.bytedance.com/v2/tool_list?token=
Body: {"tools":[{"name":"com.bytedance.bgdt","version":"3.0.194"},{"name":"com.bytedance.starksdk.unitytools","version":"4.0.4"},{"name":"com.bytedance.starksdk","version":"6.0.8"}],"pageLimit":3,"channel":null,"license":"ti4rs/a/ReBbphgdUb7uow==","projectId":"com.ruixue.sdkpublic"}

[18:49:04][I][NoteManager] ws: >> start
[18:49:04][I][NoteManager] wss://bgutools.bytedance.com/v2/ws/note?token=
[18:49:04][I][NoteManager] ws: << end, Reason: An exception has occurred while attempting to connect.
[18:49:07][E][Request] Request error
Status: 0
Error: Unable to complete SSL connection
Text: Url: https://bgutools.bytedance.com/v2/tool_list?token=
Body: {"tools":[{"name":"com.bytedance.bgdt","version":"3.0.194"},{"name":"com.bytedance.starksdk.unitytools","version":"4.0.4"},{"name":"com.bytedance.starksdk","version":"6.0.8"}],"pageLimit":3,"channel":null,"license":"ti4rs/a/ReBbphgdUb7uow==","projectId":"com.ruixue.sdkpublic"}

[18:49:14][I][NoteManager] ws: >> start
[18:49:14][I][NoteManager] wss://bgutools.bytedance.com/v2/ws/note?token=
[18:49:14][I][NoteManager] ws: << end, Reason: An exception has occurred while attempting to connect.
[18:49:24][I][NoteManager] ws: >> start
[18:49:24][I][NoteManager] wss://bgutools.bytedance.com/v2/ws/note?token=
[18:49:24][I][NoteManager] ws: << end, Reason: An exception has occurred while attempting to connect.
[18:49:34][I][NoteManager] ws: >> start
[18:49:34][I][NoteManager] wss://bgutools.bytedance.com/v2/ws/note?token=
[18:49:34][I][NoteManager] ws: << end, Reason: An exception has occurred while attempting to connect.
[18:52:11][I][NoteManager] ws: >> start
[18:52:12][I][NoteManager] wss://bgutools.bytedance.com/v2/ws/note?token=
[18:52:12][I][NoteManager] ws: << end, Reason: An exception has occurred while attempting to connect.
[18:52:14][E][Request] Request error
Status: 0
Error: Unable to complete SSL connection
Text: Url: https://bgutools.bytedance.com/v2/tool_list?token=
Body: {"tools":[{"name":"com.bytedance.bgdt","version":"3.0.194"},{"name":"com.bytedance.starksdk.unitytools","version":"4.0.4"},{"name":"com.bytedance.starksdk","version":"6.0.8"}],"pageLimit":3,"channel":null,"license":"ti4rs/a/ReBbphgdUb7uow==","projectId":"com.ruixue.sdkpublic"}

[18:52:22][I][NoteManager] ws: >> start
[18:52:22][I][NoteManager] wss://bgutools.bytedance.com/v2/ws/note?token=
[18:52:22][I][NoteManager] ws: << end, Reason: An exception has occurred while attempting to connect.
[18:52:32][I][NoteManager] ws: >> start
[18:52:32][I][NoteManager] wss://bgutools.bytedance.com/v2/ws/note?token=
[18:52:32][I][NoteManager] ws: << end, Reason: An exception has occurred while attempting to connect.
[18:58:29][I][NoteManager] ws: >> start
[18:58:30][I][NoteManager] wss://bgutools.bytedance.com/v2/ws/note?token=
[18:58:30][I][NoteManager] ws: << end, Reason: An exception has occurred while attempting to connect.
[18:58:33][E][Request] Request error
Status: 0
Error: Unable to complete SSL connection
Text: Url: https://bgutools.bytedance.com/v2/tool_list?token=
Body: {"tools":[{"name":"com.bytedance.bgdt","version":"3.0.194"},{"name":"com.bytedance.starksdk.unitytools","version":"4.0.4"},{"name":"com.bytedance.starksdk","version":"6.0.8"}],"pageLimit":3,"channel":null,"license":"ti4rs/a/ReBbphgdUb7uow==","projectId":"com.ruixue.sdkpublic"}

[18:58:40][I][NoteManager] ws: >> start
[18:58:40][I][NoteManager] wss://bgutools.bytedance.com/v2/ws/note?token=
[18:58:40][I][NoteManager] ws: << end, Reason: An exception has occurred while attempting to connect.
[18:58:50][I][NoteManager] ws: >> start
[18:58:50][I][NoteManager] wss://bgutools.bytedance.com/v2/ws/note?token=
[18:58:50][I][NoteManager] ws: << end, Reason: An exception has occurred while attempting to connect.
[19:01:03][I][NoteManager] ws: >> start
[19:01:04][I][NoteManager] wss://bgutools.bytedance.com/v2/ws/note?token=
[19:01:04][I][NoteManager] ws: << end, Reason: An exception has occurred while attempting to connect.
[19:01:07][E][Request] Request error
Status: 0
Error: Unable to complete SSL connection
Text: Url: https://bgutools.bytedance.com/v2/tool_list?token=
Body: {"tools":[{"name":"com.bytedance.bgdt","version":"3.0.194"},{"name":"com.bytedance.starksdk.unitytools","version":"4.0.4"},{"name":"com.bytedance.starksdk","version":"6.0.8"}],"pageLimit":3,"channel":null,"license":"ti4rs/a/ReBbphgdUb7uow==","projectId":"com.ruixue.sdkpublic"}

[19:01:14][I][NoteManager] ws: >> start
[19:01:14][I][NoteManager] wss://bgutools.bytedance.com/v2/ws/note?token=
[19:01:14][I][NoteManager] ws: << end, Reason: An exception has occurred while attempting to connect.
[19:01:24][I][NoteManager] ws: >> start
[19:01:24][I][NoteManager] wss://bgutools.bytedance.com/v2/ws/note?token=
[19:01:24][I][NoteManager] ws: << end, Reason: An exception has occurred while attempting to connect.
[19:01:34][I][NoteManager] ws: >> start
[19:01:34][I][NoteManager] wss://bgutools.bytedance.com/v2/ws/note?token=
[19:01:34][I][NoteManager] ws: << end, Reason: An exception has occurred while attempting to connect.
[19:01:44][I][NoteManager] ws: >> start
[19:01:44][I][NoteManager] wss://bgutools.bytedance.com/v2/ws/note?token=
[19:01:45][I][NoteManager] ws: << end, Reason: An exception has occurred while attempting to connect.
[19:06:49][I][NoteManager] ws: >> start
[19:06:49][I][NoteManager] wss://bgutools.bytedance.com/v2/ws/note?token=
[19:06:49][I][NoteManager] ws: << end, Reason: An exception has occurred while attempting to connect.
[19:06:52][E][Request] Request error
Status: 0
Error: Unable to complete SSL connection
Text: Url: https://bgutools.bytedance.com/v2/tool_list?token=
Body: {"tools":[{"name":"com.bytedance.bgdt","version":"3.0.194"},{"name":"com.bytedance.starksdk.unitytools","version":"4.0.4"},{"name":"com.bytedance.starksdk","version":"6.0.8"}],"pageLimit":3,"channel":null,"license":"ti4rs/a/ReBbphgdUb7uow==","projectId":"com.ruixue.sdkpublic"}

[19:06:59][I][NoteManager] ws: >> start
[19:06:59][I][NoteManager] wss://bgutools.bytedance.com/v2/ws/note?token=
[19:06:59][I][NoteManager] ws: << end, Reason: An exception has occurred while attempting to connect.
[19:07:09][I][NoteManager] ws: >> start
[19:07:09][I][NoteManager] wss://bgutools.bytedance.com/v2/ws/note?token=
[19:07:09][I][NoteManager] ws: << end, Reason: An exception has occurred while attempting to connect.
[19:07:19][I][NoteManager] ws: >> start
[19:07:19][I][NoteManager] wss://bgutools.bytedance.com/v2/ws/note?token=
[19:07:19][I][NoteManager] ws: << end, Reason: An exception has occurred while attempting to connect.
[19:07:29][I][NoteManager] ws: >> start
[19:07:29][I][NoteManager] wss://bgutools.bytedance.com/v2/ws/note?token=
[19:07:29][I][NoteManager] ws: << end, Reason: An exception has occurred while attempting to connect.
[19:10:30][I][NoteManager] ws: >> start
[19:10:30][I][NoteManager] wss://bgutools.bytedance.com/v2/ws/note?token=
[19:10:30][I][NoteManager] ws: << end, Reason: An exception has occurred while attempting to connect.
[19:10:33][E][Request] Request error
Status: 0
Error: Unable to complete SSL connection
Text: Url: https://bgutools.bytedance.com/v2/tool_list?token=
Body: {"tools":[{"name":"com.bytedance.bgdt","version":"3.0.194"},{"name":"com.bytedance.starksdk.unitytools","version":"4.0.4"},{"name":"com.bytedance.starksdk","version":"6.0.8"}],"pageLimit":3,"channel":null,"license":"ti4rs/a/ReBbphgdUb7uow==","projectId":"com.ruixue.sdkpublic"}

[19:10:41][I][NoteManager] ws: >> start
[19:10:41][I][NoteManager] wss://bgutools.bytedance.com/v2/ws/note?token=
[19:10:41][I][NoteManager] ws: connected
[19:10:41][I][NoteManager] ws: client info >
[19:10:41][I][NoteManager] ws: send client info ok
[19:20:41][I][NoteManager] ws: << end, Reason: An exception has occurred while receiving.
[19:20:51][I][NoteManager] ws: >> start
[19:20:51][I][NoteManager] wss://bgutools.bytedance.com/v2/ws/note?token=
[19:20:51][I][NoteManager] ws: connected
[19:20:52][I][NoteManager] ws: client info >
[19:20:52][I][NoteManager] ws: send client info ok
[19:30:51][I][NoteManager] ws: << end, Reason: An exception has occurred while receiving.
[19:31:01][I][NoteManager] ws: >> start
[19:31:02][I][NoteManager] wss://bgutools.bytedance.com/v2/ws/note?token=
[19:31:02][I][NoteManager] ws: connected
[19:31:02][I][NoteManager] ws: client info >
[19:31:02][I][NoteManager] ws: send client info ok
[19:41:02][I][NoteManager] ws: << end, Reason: An exception has occurred while receiving.
[19:41:12][I][NoteManager] ws: >> start
[19:41:12][I][NoteManager] wss://bgutools.bytedance.com/v2/ws/note?token=
[19:41:12][I][NoteManager] ws: connected
[19:41:12][I][NoteManager] ws: client info >
[19:41:12][I][NoteManager] ws: send client info ok
[19:51:12][I][NoteManager] ws: << end, Reason: An exception has occurred while receiving.
[19:51:22][I][NoteManager] ws: >> start
[19:51:22][I][NoteManager] wss://bgutools.bytedance.com/v2/ws/note?token=
[19:51:22][I][NoteManager] ws: connected
[19:51:23][I][NoteManager] ws: client info >
[19:51:23][I][NoteManager] ws: send client info ok
[01:54:19][I][NoteManager] ws: << end, Reason: An exception has occurred while receiving.
[02:11:48][I][NoteManager] ws: >> start
[02:11:49][I][NoteManager] wss://bgutools.bytedance.com/v2/ws/note?token=
[02:11:50][I][NoteManager] ws: connected
[02:11:50][I][NoteManager] ws: client info >
[02:11:50][I][NoteManager] ws: send client info ok
[07:53:17][E][Request] Request error
Status: 0
Error: Unable to complete SSL connection
Text: Url: https://bgutools.bytedance.com/v2/tool_list?token=
Body: {"tools":[{"name":"com.bytedance.bgdt","version":"3.0.194"},{"name":"com.bytedance.starksdk.unitytools","version":"4.0.4"},{"name":"com.bytedance.starksdk","version":"6.0.8"}],"pageLimit":3,"channel":null,"license":"ti4rs/a/ReBbphgdUb7uow==","projectId":"com.ruixue.sdkpublic"}

[07:53:52][I][NoteManager] ws: << end, Reason: An exception has occurred while receiving.
[07:59:28][I][NoteManager] ws: >> start
[07:59:28][I][NoteManager] wss://bgutools.bytedance.com/v2/ws/note?token=
[07:59:29][I][NoteManager] ws: << end, Reason: An exception has occurred while attempting to connect.
[07:59:32][E][Request] Request error
Status: 0
Error: Unable to complete SSL connection
Text: Url: https://bgutools.bytedance.com/v2/tool_list?token=
Body: {"tools":[{"name":"com.bytedance.bgdt","version":"3.0.194"},{"name":"com.bytedance.starksdk.unitytools","version":"4.0.4"},{"name":"com.bytedance.starksdk","version":"6.0.8"}],"pageLimit":3,"channel":null,"license":"ti4rs/a/ReBbphgdUb7uow==","projectId":"com.ruixue.sdkpublic"}

[07:59:38][I][NoteManager] ws: >> start
[07:59:39][I][NoteManager] wss://bgutools.bytedance.com/v2/ws/note?token=
[07:59:39][I][NoteManager] ws: << end, Reason: An exception has occurred while attempting to connect.
[08:00:25][I][NoteManager] ws: >> start
[08:00:25][I][NoteManager] wss://bgutools.bytedance.com/v2/ws/note?token=
[08:00:25][I][NoteManager] ws: << end, Reason: An exception has occurred while attempting to connect.
[08:00:35][E][Request] Request error
Status: 0
Error: Unable to complete SSL connection
Text: Url: https://bgutools.bytedance.com/v2/tool_list?token=
Body: {"tools":[{"name":"com.bytedance.bgdt","version":"3.0.194"},{"name":"com.bytedance.starksdk.unitytools","version":"4.0.4"},{"name":"com.bytedance.starksdk","version":"6.0.8"}],"pageLimit":3,"channel":null,"license":"ti4rs/a/ReBbphgdUb7uow==","projectId":"com.ruixue.sdkpublic"}

[08:00:35][I][NoteManager] ws: >> start
[08:00:35][I][NoteManager] wss://bgutools.bytedance.com/v2/ws/note?token=
[08:00:35][I][NoteManager] ws: << end, Reason: An exception has occurred while attempting to connect.
[08:00:45][I][NoteManager] ws: >> start
[08:00:45][I][NoteManager] wss://bgutools.bytedance.com/v2/ws/note?token=
[08:00:45][I][NoteManager] ws: << end, Reason: An exception has occurred while attempting to connect.
[08:00:55][I][NoteManager] ws: >> start
[08:00:56][I][NoteManager] wss://bgutools.bytedance.com/v2/ws/note?token=
[08:00:56][I][NoteManager] ws: << end, Reason: An exception has occurred while attempting to connect.
[08:01:06][I][NoteManager] ws: >> start
[08:01:06][I][NoteManager] wss://bgutools.bytedance.com/v2/ws/note?token=
[08:01:06][I][NoteManager] ws: << end, Reason: An exception has occurred while attempting to connect.
[08:01:48][I][NoteManager] ws: >> start
[08:01:48][I][NoteManager] wss://bgutools.bytedance.com/v2/ws/note?token=
[08:01:48][I][NoteManager] ws: << end, Reason: An exception has occurred while attempting to connect.
[08:01:50][E][Request] Request error
Status: 0
Error: Unable to complete SSL connection
Text: Url: https://bgutools.bytedance.com/v2/tool_list?token=
Body: {"tools":[{"name":"com.bytedance.bgdt","version":"3.0.194"},{"name":"com.bytedance.starksdk.unitytools","version":"4.0.4"},{"name":"com.bytedance.starksdk","version":"6.0.8"}],"pageLimit":3,"channel":null,"license":"ti4rs/a/ReBbphgdUb7uow==","projectId":"com.ruixue.sdkpublic"}

[08:01:58][I][NoteManager] ws: >> start
[08:01:58][I][NoteManager] wss://bgutools.bytedance.com/v2/ws/note?token=
[08:01:59][I][NoteManager] ws: << end, Reason: An exception has occurred while attempting to connect.
[08:02:09][I][NoteManager] ws: >> start
[08:02:09][I][NoteManager] wss://bgutools.bytedance.com/v2/ws/note?token=
[08:02:09][I][NoteManager] ws: << end, Reason: An exception has occurred while attempting to connect.
[08:02:23][I][NoteManager] ws: >> start
[08:02:23][I][NoteManager] wss://bgutools.bytedance.com/v2/ws/note?token=
[08:02:23][I][NoteManager] ws: << end, Reason: An exception has occurred while attempting to connect.
[08:02:33][I][NoteManager] ws: >> start
[08:02:33][I][NoteManager] wss://bgutools.bytedance.com/v2/ws/note?token=
[08:02:33][I][NoteManager] ws: << end, Reason: An exception has occurred while attempting to connect.
[08:02:43][I][NoteManager] ws: >> start
[08:02:43][I][NoteManager] wss://bgutools.bytedance.com/v2/ws/note?token=
[08:02:44][I][NoteManager] ws: << end, Reason: An exception has occurred while attempting to connect.
[08:02:53][E][Request] Request error
Status: 0
Error: Unable to complete SSL connection
Text: Url: https://bgutools.bytedance.com/v2/tool_list?token=
Body: {"tools":[{"name":"com.bytedance.bgdt","version":"3.0.194"},{"name":"com.bytedance.starksdk.unitytools","version":"4.0.4"},{"name":"com.bytedance.starksdk","version":"6.0.8"}],"pageLimit":3,"channel":null,"license":"ti4rs/a/ReBbphgdUb7uow==","projectId":"com.ruixue.sdkpublic"}

[08:02:54][I][NoteManager] ws: >> start
[08:02:54][I][NoteManager] wss://bgutools.bytedance.com/v2/ws/note?token=
[08:02:54][I][NoteManager] ws: << end, Reason: An exception has occurred while attempting to connect.
[08:03:04][I][NoteManager] ws: >> start
[08:03:04][I][NoteManager] wss://bgutools.bytedance.com/v2/ws/note?token=
[08:03:04][I][NoteManager] ws: << end, Reason: An exception has occurred while attempting to connect.
[08:03:14][I][NoteManager] ws: >> start
[08:03:14][I][NoteManager] wss://bgutools.bytedance.com/v2/ws/note?token=
[08:03:14][I][NoteManager] ws: << end, Reason: An exception has occurred while attempting to connect.
[08:03:24][I][NoteManager] ws: >> start
[08:03:24][I][NoteManager] wss://bgutools.bytedance.com/v2/ws/note?token=
[08:03:24][I][NoteManager] ws: << end, Reason: An exception has occurred while attempting to connect.
[08:03:34][I][NoteManager] ws: >> start
[08:03:34][I][NoteManager] wss://bgutools.bytedance.com/v2/ws/note?token=
[08:03:34][I][NoteManager] ws: << end, Reason: An exception has occurred while attempting to connect.
[08:05:54][I][NoteManager] ws: >> start
[08:05:54][I][NoteManager] wss://bgutools.bytedance.com/v2/ws/note?token=
[08:05:54][I][NoteManager] ws: << end, Reason: An exception has occurred while attempting to connect.
[08:05:57][E][Request] Request error
Status: 0
Error: Unable to complete SSL connection
Text: Url: https://bgutools.bytedance.com/v2/tool_list?token=
Body: {"tools":[{"name":"com.bytedance.bgdt","version":"3.0.194"},{"name":"com.bytedance.starksdk.unitytools","version":"4.0.4"},{"name":"com.bytedance.starksdk","version":"6.0.8"}],"pageLimit":3,"channel":null,"license":"ti4rs/a/ReBbphgdUb7uow==","projectId":"com.ruixue.sdkpublic"}

[08:06:04][I][NoteManager] ws: >> start
[08:06:04][I][NoteManager] wss://bgutools.bytedance.com/v2/ws/note?token=
[08:06:04][I][NoteManager] ws: << end, Reason: An exception has occurred while attempting to connect.
[08:09:49][I][NoteManager] ws: >> start
[08:09:49][I][NoteManager] wss://bgutools.bytedance.com/v2/ws/note?token=
[08:09:49][I][NoteManager] ws: << end, Reason: An exception has occurred while attempting to connect.
[08:09:52][E][Request] Request error
Status: 0
Error: Unable to complete SSL connection
Text: Url: https://bgutools.bytedance.com/v2/tool_list?token=
Body: {"tools":[{"name":"com.bytedance.bgdt","version":"3.0.194"},{"name":"com.bytedance.starksdk.unitytools","version":"4.0.4"},{"name":"com.bytedance.starksdk","version":"6.0.8"}],"pageLimit":3,"channel":null,"license":"ti4rs/a/ReBbphgdUb7uow==","projectId":"com.ruixue.sdkpublic"}

[08:09:59][I][NoteManager] ws: >> start
[08:09:59][I][NoteManager] wss://bgutools.bytedance.com/v2/ws/note?token=
[08:10:00][I][NoteManager] ws: << end, Reason: An exception has occurred while attempting to connect.
[08:13:39][I][NoteManager] ws: >> start
[08:13:39][I][NoteManager] wss://bgutools.bytedance.com/v2/ws/note?token=
[08:13:39][I][NoteManager] ws: << end, Reason: An exception has occurred while attempting to connect.
[08:13:41][E][Request] Request error
Status: 0
Error: Unable to complete SSL connection
Text: Url: https://bgutools.bytedance.com/v2/tool_list?token=
Body: {"tools":[{"name":"com.bytedance.bgdt","version":"3.0.194"},{"name":"com.bytedance.starksdk.unitytools","version":"4.0.4"},{"name":"com.bytedance.starksdk","version":"6.0.8"}],"pageLimit":3,"channel":null,"license":"ti4rs/a/ReBbphgdUb7uow==","projectId":"com.ruixue.sdkpublic"}

[08:13:49][I][NoteManager] ws: >> start
[08:13:49][I][NoteManager] wss://bgutools.bytedance.com/v2/ws/note?token=
[08:13:49][I][NoteManager] ws: << end, Reason: An exception has occurred while attempting to connect.
[08:14:41][I][NoteManager] ws: >> start
[08:14:41][I][NoteManager] wss://bgutools.bytedance.com/v2/ws/note?token=
[08:14:41][I][NoteManager] ws: << end, Reason: An exception has occurred while attempting to connect.
[08:14:44][E][Request] Request error
Status: 0
Error: Unable to complete SSL connection
Text: Url: https://bgutools.bytedance.com/v2/tool_list?token=
Body: {"tools":[{"name":"com.bytedance.bgdt","version":"3.0.194"},{"name":"com.bytedance.starksdk.unitytools","version":"4.0.4"},{"name":"com.bytedance.starksdk","version":"6.0.8"}],"pageLimit":3,"channel":null,"license":"ti4rs/a/ReBbphgdUb7uow==","projectId":"com.ruixue.sdkpublic"}

[08:14:51][I][NoteManager] ws: >> start
[08:14:51][I][NoteManager] wss://bgutools.bytedance.com/v2/ws/note?token=
[08:14:51][I][NoteManager] ws: << end, Reason: An exception has occurred while attempting to connect.
[08:15:01][I][NoteManager] ws: >> start
[08:15:02][I][NoteManager] wss://bgutools.bytedance.com/v2/ws/note?token=
[08:15:02][I][NoteManager] ws: << end, Reason: An exception has occurred while attempting to connect.
[08:15:12][I][NoteManager] ws: >> start
[08:15:12][I][NoteManager] wss://bgutools.bytedance.com/v2/ws/note?token=
[08:15:12][I][NoteManager] ws: << end, Reason: An exception has occurred while attempting to connect.
[08:15:23][I][NoteManager] ws: >> start
[08:15:23][I][NoteManager] wss://bgutools.bytedance.com/v2/ws/note?token=
[08:15:23][I][NoteManager] ws: << end, Reason: An exception has occurred while attempting to connect.
[08:15:33][I][NoteManager] ws: >> start
[08:15:33][I][NoteManager] wss://bgutools.bytedance.com/v2/ws/note?token=
[08:15:33][I][NoteManager] ws: << end, Reason: An exception has occurred while attempting to connect.
[08:15:50][I][NoteManager] ws: >> start
[08:15:51][I][NoteManager] wss://bgutools.bytedance.com/v2/ws/note?token=
[08:15:51][I][NoteManager] ws: << end, Reason: An exception has occurred while attempting to connect.
[08:15:53][E][Request] Request error
Status: 0
Error: Unable to complete SSL connection
Text: Url: https://bgutools.bytedance.com/v2/tool_list?token=
Body: {"tools":[{"name":"com.bytedance.bgdt","version":"3.0.194"},{"name":"com.bytedance.starksdk.unitytools","version":"4.0.4"},{"name":"com.bytedance.starksdk","version":"6.0.8"}],"pageLimit":3,"channel":null,"license":"ti4rs/a/ReBbphgdUb7uow==","projectId":"com.ruixue.sdkpublic"}

[08:16:01][I][NoteManager] ws: >> start
[08:16:01][I][NoteManager] wss://bgutools.bytedance.com/v2/ws/note?token=
[08:16:01][I][NoteManager] ws: << end, Reason: An exception has occurred while attempting to connect.
[08:16:11][I][NoteManager] ws: >> start
[08:16:11][I][NoteManager] wss://bgutools.bytedance.com/v2/ws/note?token=
[08:16:11][I][NoteManager] ws: << end, Reason: An exception has occurred while attempting to connect.
[08:16:24][I][NoteManager] ws: >> start
[08:16:24][I][NoteManager] wss://bgutools.bytedance.com/v2/ws/note?token=
[08:16:24][I][NoteManager] ws: << end, Reason: An exception has occurred while attempting to connect.
[08:16:34][I][NoteManager] ws: >> start
[08:16:34][I][NoteManager] wss://bgutools.bytedance.com/v2/ws/note?token=
[08:16:34][I][NoteManager] ws: << end, Reason: An exception has occurred while attempting to connect.
[08:16:44][I][NoteManager] ws: >> start
[08:16:44][I][NoteManager] wss://bgutools.bytedance.com/v2/ws/note?token=
[08:16:44][I][NoteManager] ws: << end, Reason: An exception has occurred while attempting to connect.
[08:16:54][I][NoteManager] ws: >> start
[08:16:54][I][NoteManager] wss://bgutools.bytedance.com/v2/ws/note?token=
[08:16:55][I][NoteManager] ws: << end, Reason: An exception has occurred while attempting to connect.
[08:16:56][E][Request] Request error
Status: 0
Error: Unable to complete SSL connection
Text: Url: https://bgutools.bytedance.com/v2/tool_list?token=
Body: {"tools":[{"name":"com.bytedance.bgdt","version":"3.0.194"},{"name":"com.bytedance.starksdk.unitytools","version":"4.0.4"},{"name":"com.bytedance.starksdk","version":"6.0.8"}],"pageLimit":3,"channel":null,"license":"ti4rs/a/ReBbphgdUb7uow==","projectId":"com.ruixue.sdkpublic"}

[08:17:05][I][NoteManager] ws: >> start
[08:17:05][I][NoteManager] wss://bgutools.bytedance.com/v2/ws/note?token=
[08:17:05][I][NoteManager] ws: << end, Reason: An exception has occurred while attempting to connect.
[08:17:15][I][NoteManager] ws: >> start
[08:17:15][I][NoteManager] wss://bgutools.bytedance.com/v2/ws/note?token=
[08:17:15][I][NoteManager] ws: << end, Reason: An exception has occurred while attempting to connect.
[08:17:25][I][NoteManager] ws: >> start
[08:17:25][I][NoteManager] wss://bgutools.bytedance.com/v2/ws/note?token=
[08:17:25][I][NoteManager] ws: << end, Reason: An exception has occurred while attempting to connect.
[08:17:35][I][NoteManager] ws: >> start
[08:17:35][I][NoteManager] wss://bgutools.bytedance.com/v2/ws/note?token=
[08:17:35][I][NoteManager] ws: << end, Reason: An exception has occurred while attempting to connect.
[08:18:02][I][NoteManager] ws: >> start
[08:18:02][I][NoteManager] wss://bgutools.bytedance.com/v2/ws/note?token=
[08:18:02][I][NoteManager] ws: << end, Reason: An exception has occurred while attempting to connect.
[08:18:06][E][Request] Request error
Status: 0
Error: Unable to complete SSL connection
Text: Url: https://bgutools.bytedance.com/v2/tool_list?token=
Body: {"tools":[{"name":"com.bytedance.bgdt","version":"3.0.194"},{"name":"com.bytedance.starksdk.unitytools","version":"4.0.4"},{"name":"com.bytedance.starksdk","version":"6.0.8"}],"pageLimit":3,"channel":null,"license":"ti4rs/a/ReBbphgdUb7uow==","projectId":"com.ruixue.sdkpublic"}

[08:18:12][I][NoteManager] ws: >> start
[08:18:12][I][NoteManager] wss://bgutools.bytedance.com/v2/ws/note?token=
[08:18:12][I][NoteManager] ws: << end, Reason: An exception has occurred while attempting to connect.
[08:18:22][I][NoteManager] ws: >> start
[08:18:23][I][NoteManager] wss://bgutools.bytedance.com/v2/ws/note?token=
[08:18:23][I][NoteManager] ws: << end, Reason: An exception has occurred while attempting to connect.
[08:18:33][I][NoteManager] ws: >> start
[08:18:33][I][NoteManager] wss://bgutools.bytedance.com/v2/ws/note?token=
[08:18:33][I][NoteManager] ws: << end, Reason: An exception has occurred while attempting to connect.
[08:18:43][I][NoteManager] ws: >> start
[08:18:43][I][NoteManager] wss://bgutools.bytedance.com/v2/ws/note?token=
[08:18:43][I][NoteManager] ws: << end, Reason: An exception has occurred while attempting to connect.
[08:18:55][I][NoteManager] ws: >> start
[08:18:55][I][NoteManager] wss://bgutools.bytedance.com/v2/ws/note?token=
[08:18:55][I][NoteManager] ws: << end, Reason: An exception has occurred while attempting to connect.
[08:19:05][I][NoteManager] ws: >> start
[08:19:05][I][NoteManager] wss://bgutools.bytedance.com/v2/ws/note?token=
[08:19:05][I][NoteManager] ws: << end, Reason: An exception has occurred while attempting to connect.
[08:19:09][E][Request] Request error
Status: 0
Error: Unable to complete SSL connection
Text: Url: https://bgutools.bytedance.com/v2/tool_list?token=
Body: {"tools":[{"name":"com.bytedance.bgdt","version":"3.0.194"},{"name":"com.bytedance.starksdk.unitytools","version":"4.0.4"},{"name":"com.bytedance.starksdk","version":"6.0.8"}],"pageLimit":3,"channel":null,"license":"ti4rs/a/ReBbphgdUb7uow==","projectId":"com.ruixue.sdkpublic"}

[08:19:15][I][NoteManager] ws: >> start
[08:19:16][I][NoteManager] wss://bgutools.bytedance.com/v2/ws/note?token=
[08:19:16][I][NoteManager] ws: << end, Reason: An exception has occurred while attempting to connect.
[08:19:26][I][NoteManager] ws: >> start
[08:19:26][I][NoteManager] wss://bgutools.bytedance.com/v2/ws/note?token=
[08:19:26][I][NoteManager] ws: << end, Reason: An exception has occurred while attempting to connect.
[08:19:36][I][NoteManager] ws: >> start
[08:19:36][I][NoteManager] wss://bgutools.bytedance.com/v2/ws/note?token=
[08:19:36][I][NoteManager] ws: << end, Reason: An exception has occurred while attempting to connect.
[08:19:46][I][NoteManager] ws: >> start
[08:19:46][I][NoteManager] wss://bgutools.bytedance.com/v2/ws/note?token=
[08:19:46][I][NoteManager] ws: << end, Reason: An exception has occurred while attempting to connect.
[08:19:56][I][NoteManager] ws: >> start
[08:19:57][I][NoteManager] wss://bgutools.bytedance.com/v2/ws/note?token=
[08:19:59][I][NoteManager] ws: << end, Reason: An exception has occurred while attempting to connect.
[08:20:09][I][NoteManager] ws: >> start
[08:20:09][I][NoteManager] wss://bgutools.bytedance.com/v2/ws/note?token=
[08:20:10][I][NoteManager] ws: connected
[08:20:10][I][NoteManager] ws: client info >
[08:20:10][I][NoteManager] ws: send client info ok
[08:30:10][I][NoteManager] ws: << end, Reason: An exception has occurred while receiving.
[08:30:20][I][NoteManager] ws: >> start
[08:30:20][I][NoteManager] wss://bgutools.bytedance.com/v2/ws/note?token=
[08:30:20][I][NoteManager] ws: connected
[08:30:20][I][NoteManager] ws: client info >
[08:30:20][I][NoteManager] ws: send client info ok
[08:40:20][I][NoteManager] ws: << end, Reason: An exception has occurred while receiving.
[08:40:30][I][NoteManager] ws: >> start
[08:40:30][I][NoteManager] wss://bgutools.bytedance.com/v2/ws/note?token=
[08:40:30][I][NoteManager] ws: connected
[08:40:30][I][NoteManager] ws: client info >
[08:40:30][I][NoteManager] ws: send client info ok
[08:50:30][I][NoteManager] ws: << end, Reason: An exception has occurred while receiving.
[08:50:40][I][NoteManager] ws: >> start
[08:50:40][I][NoteManager] wss://bgutools.bytedance.com/v2/ws/note?token=
[08:50:41][I][NoteManager] ws: connected
[08:50:41][I][NoteManager] ws: client info >
[08:50:41][I][NoteManager] ws: send client info ok
[09:00:41][I][NoteManager] ws: << end, Reason: An exception has occurred while receiving.
[09:00:50][I][NoteManager] ws: >> start
[09:00:50][I][NoteManager] wss://bgutools.bytedance.com/v2/ws/note?token=
[09:00:51][I][NoteManager] ws: connected
[09:00:51][I][NoteManager] ws: client info >
[09:00:51][I][NoteManager] ws: send client info ok
[09:10:51][I][NoteManager] ws: << end, Reason: An exception has occurred while receiving.
[09:11:01][I][NoteManager] ws: >> start
[09:11:01][I][NoteManager] wss://bgutools.bytedance.com/v2/ws/note?token=
[09:11:01][I][NoteManager] ws: connected
[09:11:01][I][NoteManager] ws: client info >
[09:11:01][I][NoteManager] ws: send client info ok
[09:21:01][I][NoteManager] ws: << end, Reason: An exception has occurred while receiving.
[09:21:11][I][NoteManager] ws: >> start
[09:21:11][I][NoteManager] wss://bgutools.bytedance.com/v2/ws/note?token=
[09:21:11][I][NoteManager] ws: connected
[09:21:11][I][NoteManager] ws: client info >
[09:21:11][I][NoteManager] ws: send client info ok
[09:31:11][I][NoteManager] ws: << end, Reason: An exception has occurred while receiving.
[09:31:21][I][NoteManager] ws: >> start
[09:31:21][I][NoteManager] wss://bgutools.bytedance.com/v2/ws/note?token=
[09:31:22][I][NoteManager] ws: connected
[09:31:22][I][NoteManager] ws: client info >
[09:31:22][I][NoteManager] ws: send client info ok
[09:41:22][I][NoteManager] ws: << end, Reason: An exception has occurred while receiving.
[09:41:32][I][NoteManager] ws: >> start
[09:41:32][I][NoteManager] wss://bgutools.bytedance.com/v2/ws/note?token=
[09:41:32][I][NoteManager] ws: connected
[09:41:32][I][NoteManager] ws: client info >
[09:41:32][I][NoteManager] ws: send client info ok
[09:51:32][I][NoteManager] ws: << end, Reason: An exception has occurred while receiving.
[09:51:42][I][NoteManager] ws: >> start
[09:51:42][I][NoteManager] wss://bgutools.bytedance.com/v2/ws/note?token=
[09:51:42][I][NoteManager] ws: connected
[09:51:43][I][NoteManager] ws: client info >
[09:51:43][I][NoteManager] ws: send client info ok
[10:01:42][I][NoteManager] ws: << end, Reason: An exception has occurred while receiving.
[10:01:52][I][NoteManager] ws: >> start
[10:01:52][I][NoteManager] wss://bgutools.bytedance.com/v2/ws/note?token=
[10:01:53][I][NoteManager] ws: connected
[10:01:53][I][NoteManager] ws: client info >
[10:01:53][I][NoteManager] ws: send client info ok
[10:11:53][I][NoteManager] ws: << end, Reason: An exception has occurred while receiving.
[10:12:03][I][NoteManager] ws: >> start
[10:12:03][I][NoteManager] wss://bgutools.bytedance.com/v2/ws/note?token=
[10:12:03][I][NoteManager] ws: connected
[10:12:03][I][NoteManager] ws: client info >
[10:12:03][I][NoteManager] ws: send client info ok
[10:22:03][I][NoteManager] ws: << end, Reason: An exception has occurred while receiving.
[10:22:13][I][NoteManager] ws: >> start
[10:22:13][I][NoteManager] wss://bgutools.bytedance.com/v2/ws/note?token=
[10:22:13][I][NoteManager] ws: connected
[10:22:13][I][NoteManager] ws: client info >
[10:22:13][I][NoteManager] ws: send client info ok
[10:32:13][I][NoteManager] ws: << end, Reason: An exception has occurred while receiving.
[10:32:23][I][NoteManager] ws: >> start
[10:32:23][I][NoteManager] wss://bgutools.bytedance.com/v2/ws/note?token=
[10:32:23][I][NoteManager] ws: connected
[10:32:23][I][NoteManager] ws: client info >
[10:32:23][I][NoteManager] ws: send client info ok
[10:33:48][E][Request] Request error
Status: 0
Error: Unknown Error
Text: Url: https://bgutools.bytedance.com/v2/tool_list?token=
Body: {"tools":[{"name":"com.bytedance.bgdt","version":"3.0.194"},{"name":"com.bytedance.starksdk.unitytools","version":"4.0.4"},{"name":"com.bytedance.starksdk","version":"6.0.8"}],"pageLimit":3,"channel":null,"license":"ti4rs/a/ReBbphgdUb7uow==","projectId":"com.ruixue.sdkpublic"}

[10:38:02][I][NoteManager] ws: << end, Reason: An exception has occurred while receiving.
[10:38:12][I][NoteManager] ws: >> start
[10:38:12][I][NoteManager] wss://bgutools.bytedance.com/v2/ws/note?token=
[10:38:12][I][NoteManager] ws: connected
[10:38:12][I][NoteManager] ws: client info >
[10:38:12][I][NoteManager] ws: send client info ok
[10:48:12][I][NoteManager] ws: << end, Reason: An exception has occurred while receiving.
[10:48:22][I][NoteManager] ws: >> start
[10:48:22][I][NoteManager] wss://bgutools.bytedance.com/v2/ws/note?token=
[10:48:23][I][NoteManager] ws: connected
[10:48:23][I][NoteManager] ws: client info >
[10:48:23][I][NoteManager] ws: send client info ok
[10:58:22][I][NoteManager] ws: << end, Reason: An exception has occurred while receiving.
[10:58:32][I][NoteManager] ws: >> start
[10:58:33][I][NoteManager] wss://bgutools.bytedance.com/v2/ws/note?token=
[10:58:33][I][NoteManager] ws: connected
[10:58:33][I][NoteManager] ws: client info >
[10:58:33][I][NoteManager] ws: send client info ok
[11:08:33][I][NoteManager] ws: << end, Reason: An exception has occurred while receiving.
[11:08:43][I][NoteManager] ws: >> start
[11:08:43][I][NoteManager] wss://bgutools.bytedance.com/v2/ws/note?token=
[11:08:43][I][NoteManager] ws: connected
[11:08:43][I][NoteManager] ws: client info >
[11:08:43][I][NoteManager] ws: send client info ok
[11:18:43][I][NoteManager] ws: << end, Reason: An exception has occurred while receiving.
[11:18:53][I][NoteManager] ws: >> start
[11:18:53][I][NoteManager] wss://bgutools.bytedance.com/v2/ws/note?token=
[11:18:54][I][NoteManager] ws: connected
[11:18:54][I][NoteManager] ws: client info >
[11:18:54][I][NoteManager] ws: send client info ok
[11:28:54][I][NoteManager] ws: << end, Reason: An exception has occurred while receiving.
[11:29:03][I][NoteManager] ws: >> start
[11:29:04][I][NoteManager] wss://bgutools.bytedance.com/v2/ws/note?token=
[11:29:04][I][NoteManager] ws: connected
[11:29:04][I][NoteManager] ws: client info >
[11:29:04][I][NoteManager] ws: send client info ok
[11:39:04][I][NoteManager] ws: << end, Reason: An exception has occurred while receiving.
[11:39:14][I][NoteManager] ws: >> start
[11:39:14][I][NoteManager] wss://bgutools.bytedance.com/v2/ws/note?token=
[11:39:14][I][NoteManager] ws: connected
[11:39:14][I][NoteManager] ws: client info >
[11:39:14][I][NoteManager] ws: send client info ok
[11:49:14][I][NoteManager] ws: << end, Reason: An exception has occurred while receiving.
[11:49:24][I][NoteManager] ws: >> start
[11:49:24][I][NoteManager] wss://bgutools.bytedance.com/v2/ws/note?token=
[11:49:24][I][NoteManager] ws: connected
[11:49:24][I][NoteManager] ws: client info >
[11:49:24][I][NoteManager] ws: send client info ok
[11:59:24][I][NoteManager] ws: << end, Reason: An exception has occurred while receiving.
[11:59:34][I][NoteManager] ws: >> start
[11:59:34][I][NoteManager] wss://bgutools.bytedance.com/v2/ws/note?token=
[11:59:35][I][NoteManager] ws: connected
[11:59:35][I][NoteManager] ws: client info >
[11:59:35][I][NoteManager] ws: send client info ok
[12:09:35][I][NoteManager] ws: << end, Reason: An exception has occurred while receiving.
[12:09:45][I][NoteManager] ws: >> start
[12:09:45][I][NoteManager] wss://bgutools.bytedance.com/v2/ws/note?token=
[12:09:45][I][NoteManager] ws: connected
[12:09:45][I][NoteManager] ws: client info >
[12:09:45][I][NoteManager] ws: send client info ok
[12:19:45][I][NoteManager] ws: << end, Reason: An exception has occurred while receiving.
[12:19:55][I][NoteManager] ws: >> start
[12:19:55][I][NoteManager] wss://bgutools.bytedance.com/v2/ws/note?token=
[12:19:55][I][NoteManager] ws: connected
[12:19:55][I][NoteManager] ws: client info >
[12:19:55][I][NoteManager] ws: send client info ok
[12:29:55][I][NoteManager] ws: << end, Reason: An exception has occurred while receiving.
[12:30:05][I][NoteManager] ws: >> start
[12:30:05][I][NoteManager] wss://bgutools.bytedance.com/v2/ws/note?token=
[12:30:06][I][NoteManager] ws: connected
[12:30:06][I][NoteManager] ws: client info >
[12:30:06][I][NoteManager] ws: send client info ok
[12:40:06][I][NoteManager] ws: << end, Reason: An exception has occurred while receiving.
[12:40:15][I][NoteManager] ws: >> start
[12:40:16][I][NoteManager] wss://bgutools.bytedance.com/v2/ws/note?token=
[12:40:16][I][NoteManager] ws: connected
[12:40:16][I][NoteManager] ws: client info >
[12:40:16][I][NoteManager] ws: send client info ok
[12:50:16][I][NoteManager] ws: << end, Reason: An exception has occurred while receiving.
[12:50:26][I][NoteManager] ws: >> start
[12:50:26][I][NoteManager] wss://bgutools.bytedance.com/v2/ws/note?token=
[12:50:26][I][NoteManager] ws: connected
[12:50:26][I][NoteManager] ws: client info >
[12:50:26][I][NoteManager] ws: send client info ok
[13:00:26][I][NoteManager] ws: << end, Reason: An exception has occurred while receiving.
[13:00:36][I][NoteManager] ws: >> start
[13:00:36][I][NoteManager] wss://bgutools.bytedance.com/v2/ws/note?token=
[13:00:36][I][NoteManager] ws: connected
[13:00:36][I][NoteManager] ws: client info >
[13:00:36][I][NoteManager] ws: send client info ok
[13:10:36][I][NoteManager] ws: << end, Reason: An exception has occurred while receiving.
[13:10:46][I][NoteManager] ws: >> start
[13:10:46][I][NoteManager] wss://bgutools.bytedance.com/v2/ws/note?token=
[13:10:47][I][NoteManager] ws: connected
[13:10:47][I][NoteManager] ws: client info >
[13:10:47][I][NoteManager] ws: send client info ok
[13:20:47][I][NoteManager] ws: << end, Reason: An exception has occurred while receiving.
[13:20:57][I][NoteManager] ws: >> start
[13:20:57][I][NoteManager] wss://bgutools.bytedance.com/v2/ws/note?token=
[13:20:57][I][NoteManager] ws: connected
[13:20:57][I][NoteManager] ws: client info >
[13:20:57][I][NoteManager] ws: send client info ok
[13:30:57][I][NoteManager] ws: << end, Reason: An exception has occurred while receiving.
[13:31:07][I][NoteManager] ws: >> start
[13:31:07][I][NoteManager] wss://bgutools.bytedance.com/v2/ws/note?token=
[13:31:07][I][NoteManager] ws: connected
[13:31:07][I][NoteManager] ws: client info >
[13:31:07][I][NoteManager] ws: send client info ok
[13:41:07][I][NoteManager] ws: << end, Reason: An exception has occurred while receiving.
[13:41:17][I][NoteManager] ws: >> start
[13:41:17][I][NoteManager] wss://bgutools.bytedance.com/v2/ws/note?token=
[13:41:18][I][NoteManager] ws: connected
[13:41:18][I][NoteManager] ws: client info >
[13:41:18][I][NoteManager] ws: send client info ok
[13:51:18][I][NoteManager] ws: << end, Reason: An exception has occurred while receiving.
[13:51:28][I][NoteManager] ws: >> start
[13:51:28][I][NoteManager] wss://bgutools.bytedance.com/v2/ws/note?token=
[13:51:28][I][NoteManager] ws: connected
[13:51:28][I][NoteManager] ws: client info >
[13:51:28][I][NoteManager] ws: send client info ok
[14:01:28][I][NoteManager] ws: << end, Reason: An exception has occurred while receiving.
[14:01:38][I][NoteManager] ws: >> start
[14:01:38][I][NoteManager] wss://bgutools.bytedance.com/v2/ws/note?token=
[14:01:38][I][NoteManager] ws: connected
[14:01:38][I][NoteManager] ws: client info >
[14:01:38][I][NoteManager] ws: send client info ok
[14:11:38][I][NoteManager] ws: << end, Reason: An exception has occurred while receiving.
[14:11:48][I][NoteManager] ws: >> start
[14:11:48][I][NoteManager] wss://bgutools.bytedance.com/v2/ws/note?token=
[14:11:48][I][NoteManager] ws: connected
[14:11:48][I][NoteManager] ws: client info >
[14:11:48][I][NoteManager] ws: send client info ok
[14:21:48][I][NoteManager] ws: << end, Reason: An exception has occurred while receiving.
[14:21:58][I][NoteManager] ws: >> start
[14:21:59][I][NoteManager] wss://bgutools.bytedance.com/v2/ws/note?token=
[14:21:59][I][NoteManager] ws: connected
[14:21:59][I][NoteManager] ws: client info >
[14:21:59][I][NoteManager] ws: send client info ok
[14:31:59][I][NoteManager] ws: << end, Reason: An exception has occurred while receiving.
[14:32:09][I][NoteManager] ws: >> start
[14:32:09][I][NoteManager] wss://bgutools.bytedance.com/v2/ws/note?token=
[14:32:09][I][NoteManager] ws: connected
[14:32:09][I][NoteManager] ws: client info >
[14:32:09][I][NoteManager] ws: send client info ok
[14:42:09][I][NoteManager] ws: << end, Reason: An exception has occurred while receiving.
[14:42:19][I][NoteManager] ws: >> start
[14:42:19][I][NoteManager] wss://bgutools.bytedance.com/v2/ws/note?token=
[14:42:19][I][NoteManager] ws: connected
[14:42:19][I][NoteManager] ws: client info >
[14:42:19][I][NoteManager] ws: send client info ok
[14:52:19][I][NoteManager] ws: << end, Reason: An exception has occurred while receiving.
[14:52:29][I][NoteManager] ws: >> start
[14:52:29][I][NoteManager] wss://bgutools.bytedance.com/v2/ws/note?token=
[14:52:30][I][NoteManager] ws: connected
[14:52:30][I][NoteManager] ws: client info >
[14:52:30][I][NoteManager] ws: send client info ok
[15:02:30][I][NoteManager] ws: << end, Reason: An exception has occurred while receiving.
[15:02:40][I][NoteManager] ws: >> start
[15:02:40][I][NoteManager] wss://bgutools.bytedance.com/v2/ws/note?token=
[15:02:40][I][NoteManager] ws: connected
[15:02:40][I][NoteManager] ws: client info >
[15:02:40][I][NoteManager] ws: send client info ok
[15:12:40][I][NoteManager] ws: << end, Reason: An exception has occurred while receiving.
[15:12:50][I][NoteManager] ws: >> start
[15:12:50][I][NoteManager] wss://bgutools.bytedance.com/v2/ws/note?token=
[15:12:50][I][NoteManager] ws: connected
[15:12:50][I][NoteManager] ws: client info >
[15:12:50][I][NoteManager] ws: send client info ok
[15:22:50][I][NoteManager] ws: << end, Reason: An exception has occurred while receiving.
[15:23:00][I][NoteManager] ws: >> start
[15:23:00][I][NoteManager] wss://bgutools.bytedance.com/v2/ws/note?token=
[15:23:01][I][NoteManager] ws: connected
[15:23:01][I][NoteManager] ws: client info >
[15:23:01][I][NoteManager] ws: send client info ok
[15:33:01][I][NoteManager] ws: << end, Reason: An exception has occurred while receiving.
[15:33:11][I][NoteManager] ws: >> start
[15:33:11][I][NoteManager] wss://bgutools.bytedance.com/v2/ws/note?token=
[15:33:11][I][NoteManager] ws: connected
[15:33:11][I][NoteManager] ws: client info >
[15:33:11][I][NoteManager] ws: send client info ok
[15:43:11][I][NoteManager] ws: << end, Reason: An exception has occurred while receiving.
[15:43:21][I][NoteManager] ws: >> start
[15:43:21][I][NoteManager] wss://bgutools.bytedance.com/v2/ws/note?token=
[15:43:21][I][NoteManager] ws: connected
[15:43:21][I][NoteManager] ws: client info >
[15:43:21][I][NoteManager] ws: send client info ok
[15:53:21][I][NoteManager] ws: << end, Reason: An exception has occurred while receiving.
[15:53:31][I][NoteManager] ws: >> start
[15:53:31][I][NoteManager] wss://bgutools.bytedance.com/v2/ws/note?token=
[15:53:31][I][NoteManager] ws: connected
[15:53:32][I][NoteManager] ws: client info >
[15:53:32][I][NoteManager] ws: send client info ok
[16:03:31][I][NoteManager] ws: << end, Reason: An exception has occurred while receiving.
[16:03:41][I][NoteManager] ws: >> start
[16:03:42][I][NoteManager] wss://bgutools.bytedance.com/v2/ws/note?token=
[16:03:42][I][NoteManager] ws: connected
[16:03:42][I][NoteManager] ws: client info >
[16:03:42][I][NoteManager] ws: send client info ok
[16:13:42][I][NoteManager] ws: << end, Reason: An exception has occurred while receiving.
[16:13:52][I][NoteManager] ws: >> start
[16:13:52][I][NoteManager] wss://bgutools.bytedance.com/v2/ws/note?token=
[16:13:52][I][NoteManager] ws: connected
[16:13:52][I][NoteManager] ws: client info >
[16:13:52][I][NoteManager] ws: send client info ok
[16:23:52][I][NoteManager] ws: << end, Reason: An exception has occurred while receiving.
[16:24:02][I][NoteManager] ws: >> start
[16:24:02][I][NoteManager] wss://bgutools.bytedance.com/v2/ws/note?token=
[16:24:02][I][NoteManager] ws: connected
[16:24:02][I][NoteManager] ws: client info >
[16:24:02][I][NoteManager] ws: send client info ok
[16:34:02][I][NoteManager] ws: << end, Reason: An exception has occurred while receiving.
[16:34:12][I][NoteManager] ws: >> start
[16:34:12][I][NoteManager] wss://bgutools.bytedance.com/v2/ws/note?token=
[16:34:13][I][NoteManager] ws: connected
[16:34:13][I][NoteManager] ws: client info >
[16:34:13][I][NoteManager] ws: send client info ok
[16:44:13][I][NoteManager] ws: << end, Reason: An exception has occurred while receiving.
[16:44:23][I][NoteManager] ws: >> start
[16:44:23][I][NoteManager] wss://bgutools.bytedance.com/v2/ws/note?token=
[16:44:23][I][NoteManager] ws: connected
[16:44:23][I][NoteManager] ws: client info >
[16:44:23][I][NoteManager] ws: send client info ok
[16:45:33][E][Request] Request error
Status: 502
Error: HTTP/1.1 502 Bad Gateway
Text: <html>
<head><title>502 Bad Gateway</title></head>
<body>
<center><h1>502 Bad Gateway</h1></center>
<hr><center>TLB</center>
</body>
</html>
Url: https://bgutools.bytedance.com/v2/tool_list?token=
Body: {"tools":[{"name":"com.bytedance.bgdt","version":"3.0.194"},{"name":"com.bytedance.starksdk.unitytools","version":"4.0.4"},{"name":"com.bytedance.starksdk","version":"6.0.8"}],"pageLimit":3,"channel":null,"license":"ti4rs/a/ReBbphgdUb7uow==","projectId":"com.ruixue.sdkpublic"}

[16:45:33][E][Request] Request error
Status: 502
Error: HTTP/1.1 502 Bad Gateway
Text: <html>
<head><title>502 Bad Gateway</title></head>
<body>
<center><h1>502 Bad Gateway</h1></center>
<hr><center>TLB</center>
</body>
</html>
Url: https://bgutools.bytedance.com/v2/tool_list?token=
Body: {"tools":[{"name":"com.bytedance.bgdt","version":"3.0.194"},{"name":"com.bytedance.starksdk.unitytools","version":"4.0.4"},{"name":"com.bytedance.starksdk","version":"6.0.8"}],"pageLimit":3,"channel":null,"license":"ti4rs/a/ReBbphgdUb7uow==","projectId":"com.ruixue.sdkpublic"}

[16:45:33][E][Request] Request error
Status: 502
Error: HTTP/1.1 502 Bad Gateway
Text: <html>
<head><title>502 Bad Gateway</title></head>
<body>
<center><h1>502 Bad Gateway</h1></center>
<hr><center>TLB</center>
</body>
</html>
Url: https://bgutools.bytedance.com/v2/tool_list?token=
Body: {"tools":[{"name":"com.bytedance.bgdt","version":"3.0.194"},{"name":"com.bytedance.starksdk.unitytools","version":"4.0.4"},{"name":"com.bytedance.starksdk","version":"6.0.8"}],"pageLimit":3,"channel":null,"license":"ti4rs/a/ReBbphgdUb7uow==","projectId":"com.ruixue.sdkpublic"}

[16:54:23][I][NoteManager] ws: << end, Reason: An exception has occurred while receiving.
[16:54:33][I][NoteManager] ws: >> start
[16:54:33][I][NoteManager] wss://bgutools.bytedance.com/v2/ws/note?token=
[16:54:33][I][NoteManager] ws: connected
[16:54:33][I][NoteManager] ws: client info >
[16:54:33][I][NoteManager] ws: send client info ok
[16:58:34][E][Request] Request error
Status: 504
Error: HTTP/1.1 504 Gateway Timeout
Text: <html>
<head><title>504 Gateway Time-out</title></head>
<body>
<center><h1>504 Gateway Time-out</h1></center>
<hr><center>TLB</center>
</body>
</html>
Url: https://bgutools.bytedance.com/v2/tool_list?token=
Body: {"tools":[{"name":"com.bytedance.bgdt","version":"3.0.194"},{"name":"com.bytedance.starksdk.unitytools","version":"4.0.4"},{"name":"com.bytedance.starksdk","version":"6.0.8"}],"pageLimit":3,"channel":null,"license":"ti4rs/a/ReBbphgdUb7uow==","projectId":"com.ruixue.sdkpublic"}

[16:59:34][E][Request] Request error
Status: 504
Error: HTTP/1.1 504 Gateway Timeout
Text: <html>
<head><title>504 Gateway Time-out</title></head>
<body>
<center><h1>504 Gateway Time-out</h1></center>
<hr><center>TLB</center>
</body>
</html>
Url: https://bgutools.bytedance.com/v2/tool_list?token=
Body: {"tools":[{"name":"com.bytedance.bgdt","version":"3.0.194"},{"name":"com.bytedance.starksdk.unitytools","version":"4.0.4"},{"name":"com.bytedance.starksdk","version":"6.0.8"}],"pageLimit":3,"channel":null,"license":"ti4rs/a/ReBbphgdUb7uow==","projectId":"com.ruixue.sdkpublic"}

[17:01:35][E][Request] Request error
Status: 504
Error: HTTP/1.1 504 Gateway Timeout
Text: <html>
<head><title>504 Gateway Time-out</title></head>
<body>
<center><h1>504 Gateway Time-out</h1></center>
<hr><center>TLB</center>
</body>
</html>
Url: https://bgutools.bytedance.com/v2/tool_list?token=
Body: {"tools":[{"name":"com.bytedance.bgdt","version":"3.0.194"},{"name":"com.bytedance.starksdk.unitytools","version":"4.0.4"},{"name":"com.bytedance.starksdk","version":"6.0.8"}],"pageLimit":3,"channel":null,"license":"ti4rs/a/ReBbphgdUb7uow==","projectId":"com.ruixue.sdkpublic"}

[17:02:48][E][Request] Request error
Status: 502
Error: HTTP/1.1 502 Bad Gateway
Text: <html>
<head><title>502 Bad Gateway</title></head>
<body>
<center><h1>502 Bad Gateway</h1></center>
<hr><center>TLB</center>
</body>
</html>
Url: https://bgutools.bytedance.com/v2/tool_list?token=
Body: {"tools":[{"name":"com.bytedance.bgdt","version":"3.0.194"},{"name":"com.bytedance.starksdk.unitytools","version":"4.0.4"},{"name":"com.bytedance.starksdk","version":"6.0.8"}],"pageLimit":3,"channel":null,"license":"ti4rs/a/ReBbphgdUb7uow==","projectId":"com.ruixue.sdkpublic"}

[17:02:48][E][Request] Request error
Status: 502
Error: HTTP/1.1 502 Bad Gateway
Text: <html>
<head><title>502 Bad Gateway</title></head>
<body>
<center><h1>502 Bad Gateway</h1></center>
<hr><center>TLB</center>
</body>
</html>
Url: https://bgutools.bytedance.com/v2/tool_list?token=
Body: {"tools":[{"name":"com.bytedance.bgdt","version":"3.0.194"},{"name":"com.bytedance.starksdk.unitytools","version":"4.0.4"},{"name":"com.bytedance.starksdk","version":"6.0.8"}],"pageLimit":3,"channel":null,"license":"ti4rs/a/ReBbphgdUb7uow==","projectId":"com.ruixue.sdkpublic"}

[17:03:29][E][Request] Request error
Status: 502
Error: HTTP/1.1 502 Bad Gateway
Text: <html>
<head><title>502 Bad Gateway</title></head>
<body>
<center><h1>502 Bad Gateway</h1></center>
<hr><center>TLB</center>
</body>
</html>
Url: https://bgutools.bytedance.com/v2/tool_list?token=
Body: {"tools":[{"name":"com.bytedance.bgdt","version":"3.0.194"},{"name":"com.bytedance.starksdk.unitytools","version":"4.0.4"},{"name":"com.bytedance.starksdk","version":"6.0.8"}],"pageLimit":3,"channel":null,"license":"ti4rs/a/ReBbphgdUb7uow==","projectId":"com.ruixue.sdkpublic"}

[17:03:29][E][Request] Request error
Status: 502
Error: HTTP/1.1 502 Bad Gateway
Text: <html>
<head><title>502 Bad Gateway</title></head>
<body>
<center><h1>502 Bad Gateway</h1></center>
<hr><center>TLB</center>
</body>
</html>
Url: https://bgutools.bytedance.com/v2/tool_list?token=
Body: {"tools":[{"name":"com.bytedance.bgdt","version":"3.0.194"},{"name":"com.bytedance.starksdk.unitytools","version":"4.0.4"},{"name":"com.bytedance.starksdk","version":"6.0.8"}],"pageLimit":3,"channel":null,"license":"ti4rs/a/ReBbphgdUb7uow==","projectId":"com.ruixue.sdkpublic"}

[17:04:33][I][NoteManager] ws: << end, Reason: An exception has occurred while receiving.
[17:04:43][I][NoteManager] ws: >> start
[17:04:43][I][NoteManager] wss://bgutools.bytedance.com/v2/ws/note?token=
[17:04:44][I][NoteManager] ws: connected
[17:04:44][I][NoteManager] ws: client info >
[17:04:44][I][NoteManager] ws: send client info ok
[17:14:44][I][NoteManager] ws: << end, Reason: An exception has occurred while receiving.
[17:14:54][I][NoteManager] ws: >> start
[17:14:54][I][NoteManager] wss://bgutools.bytedance.com/v2/ws/note?token=
[17:14:54][I][NoteManager] ws: connected
[17:14:54][I][NoteManager] ws: client info >
[17:14:54][I][NoteManager] ws: send client info ok
[17:17:25][E][Request] Request error
Status: 504
Error: HTTP/1.1 504 Gateway Timeout
Text: <html>
<head><title>504 Gateway Time-out</title></head>
<body>
<center><h1>504 Gateway Time-out</h1></center>
<hr><center>TLB</center>
</body>
</html>
Url: https://bgutools.bytedance.com/v2/tool_list?token=
Body: {"tools":[{"name":"com.bytedance.bgdt","version":"3.0.194"},{"name":"com.bytedance.starksdk.unitytools","version":"4.0.4"},{"name":"com.bytedance.starksdk","version":"6.0.8"}],"pageLimit":3,"channel":null,"license":"ti4rs/a/ReBbphgdUb7uow==","projectId":"com.ruixue.sdkpublic"}

[17:17:33][E][Request] Request error
Status: 502
Error: HTTP/1.1 502 Bad Gateway
Text: <html>
<head><title>502 Bad Gateway</title></head>
<body>
<center><h1>502 Bad Gateway</h1></center>
<hr><center>TLB</center>
</body>
</html>
Url: https://bgutools.bytedance.com/v2/tool_list?token=
Body: {"tools":[{"name":"com.bytedance.bgdt","version":"3.0.194"},{"name":"com.bytedance.starksdk.unitytools","version":"4.0.4"},{"name":"com.bytedance.starksdk","version":"6.0.8"}],"pageLimit":3,"channel":null,"license":"ti4rs/a/ReBbphgdUb7uow==","projectId":"com.ruixue.sdkpublic"}

[17:17:33][E][Request] Request error
Status: 502
Error: HTTP/1.1 502 Bad Gateway
Text: <html>
<head><title>502 Bad Gateway</title></head>
<body>
<center><h1>502 Bad Gateway</h1></center>
<hr><center>TLB</center>
</body>
</html>
Url: https://bgutools.bytedance.com/v2/tool_list?token=
Body: {"tools":[{"name":"com.bytedance.bgdt","version":"3.0.194"},{"name":"com.bytedance.starksdk.unitytools","version":"4.0.4"},{"name":"com.bytedance.starksdk","version":"6.0.8"}],"pageLimit":3,"channel":null,"license":"ti4rs/a/ReBbphgdUb7uow==","projectId":"com.ruixue.sdkpublic"}

[17:17:33][E][Request] Request error
Status: 502
Error: HTTP/1.1 502 Bad Gateway
Text: <html>
<head><title>502 Bad Gateway</title></head>
<body>
<center><h1>502 Bad Gateway</h1></center>
<hr><center>TLB</center>
</body>
</html>
Url: https://bgutools.bytedance.com/v2/tool_list?token=
Body: {"tools":[{"name":"com.bytedance.bgdt","version":"3.0.194"},{"name":"com.bytedance.starksdk.unitytools","version":"4.0.4"},{"name":"com.bytedance.starksdk","version":"6.0.8"}],"pageLimit":3,"channel":null,"license":"ti4rs/a/ReBbphgdUb7uow==","projectId":"com.ruixue.sdkpublic"}

[17:20:26][E][Request] Request error
Status: 504
Error: HTTP/1.1 504 Gateway Timeout
Text: <html>
<head><title>504 Gateway Time-out</title></head>
<body>
<center><h1>504 Gateway Time-out</h1></center>
<hr><center>TLB</center>
</body>
</html>
Url: https://bgutools.bytedance.com/v2/tool_list?token=
Body: {"tools":[{"name":"com.bytedance.bgdt","version":"3.0.194"},{"name":"com.bytedance.starksdk.unitytools","version":"4.0.4"},{"name":"com.bytedance.starksdk","version":"6.0.8"}],"pageLimit":3,"channel":null,"license":"ti4rs/a/ReBbphgdUb7uow==","projectId":"com.ruixue.sdkpublic"}

[17:25:40][E][Request] Request error
Status: 0
Error: Unable to complete SSL connection
Text: Url: https://bgutools.bytedance.com/v2/tool_list?token=
Body: {"tools":[{"name":"com.bytedance.bgdt","version":"3.0.194"},{"name":"com.bytedance.starksdk.unitytools","version":"4.0.4"},{"name":"com.bytedance.starksdk","version":"6.0.8"}],"pageLimit":3,"channel":null,"license":"ti4rs/a/ReBbphgdUb7uow==","projectId":"com.ruixue.sdkpublic"}

[17:30:16][E][Request] Request error
Status: 0
Error: Unable to complete SSL connection
Text: Url: https://bgutools.bytedance.com/v2/tool_list?token=
Body: {"tools":[{"name":"com.bytedance.bgdt","version":"3.0.194"},{"name":"com.bytedance.starksdk.unitytools","version":"4.0.4"},{"name":"com.bytedance.starksdk","version":"6.0.8"}],"pageLimit":3,"channel":null,"license":"ti4rs/a/ReBbphgdUb7uow==","projectId":"com.ruixue.sdkpublic"}

[17:31:38][E][Request] Request error
Status: 0
Error: Unable to complete SSL connection
Text: Url: https://bgutools.bytedance.com/v2/tool_list?token=
Body: {"tools":[{"name":"com.bytedance.bgdt","version":"3.0.194"},{"name":"com.bytedance.starksdk.unitytools","version":"4.0.4"},{"name":"com.bytedance.starksdk","version":"6.0.8"}],"pageLimit":3,"channel":null,"license":"ti4rs/a/ReBbphgdUb7uow==","projectId":"com.ruixue.sdkpublic"}

[17:35:02][E][Request] Request error
Status: 0
Error: Unable to complete SSL connection
Text: Url: https://bgutools.bytedance.com/v2/tool_list?token=
Body: {"tools":[{"name":"com.bytedance.bgdt","version":"3.0.194"},{"name":"com.bytedance.starksdk.unitytools","version":"4.0.4"},{"name":"com.bytedance.starksdk","version":"6.0.8"}],"pageLimit":3,"channel":null,"license":"ti4rs/a/ReBbphgdUb7uow==","projectId":"com.ruixue.sdkpublic"}

[17:35:03][E][Request] Request error
Status: 0
Error: Unable to complete SSL connection
Text: Url: https://bgutools.bytedance.com/v2/tool_list?token=
Body: {"tools":[{"name":"com.bytedance.bgdt","version":"3.0.194"},{"name":"com.bytedance.starksdk.unitytools","version":"4.0.4"},{"name":"com.bytedance.starksdk","version":"6.0.8"}],"pageLimit":3,"channel":null,"license":"ti4rs/a/ReBbphgdUb7uow==","projectId":"com.ruixue.sdkpublic"}

[17:38:03][E][Request] Request error
Status: 0
Error: Unable to complete SSL connection
Text: Url: https://bgutools.bytedance.com/v2/tool_list?token=
Body: {"tools":[{"name":"com.bytedance.bgdt","version":"3.0.194"},{"name":"com.bytedance.starksdk.unitytools","version":"4.0.4"},{"name":"com.bytedance.starksdk","version":"6.0.8"}],"pageLimit":3,"channel":null,"license":"ti4rs/a/ReBbphgdUb7uow==","projectId":"com.ruixue.sdkpublic"}

[17:39:06][E][Request] Request error
Status: 0
Error: Unable to complete SSL connection
Text: Url: https://bgutools.bytedance.com/v2/tool_list?token=
Body: {"tools":[{"name":"com.bytedance.bgdt","version":"3.0.194"},{"name":"com.bytedance.starksdk.unitytools","version":"4.0.4"},{"name":"com.bytedance.starksdk","version":"6.0.8"}],"pageLimit":3,"channel":null,"license":"ti4rs/a/ReBbphgdUb7uow==","projectId":"com.ruixue.sdkpublic"}

[17:39:08][I][NoteManager] ws: << end, Reason: An exception has occurred while receiving.
[17:39:54][I][NoteManager] ws: >> start
[17:39:54][I][NoteManager] wss://bgutools.bytedance.com/v2/ws/note?token=
[17:39:54][I][NoteManager] ws: << end, Reason: An exception has occurred while attempting to connect.
[17:40:04][I][NoteManager] ws: >> start
[17:40:04][I][NoteManager] wss://bgutools.bytedance.com/v2/ws/note?token=
[17:40:04][I][NoteManager] ws: << end, Reason: An exception has occurred while attempting to connect.
[17:40:10][E][Request] Request error
Status: 0
Error: Unable to complete SSL connection
Text: Url: https://bgutools.bytedance.com/v2/tool_list?token=
Body: {"tools":[{"name":"com.bytedance.bgdt","version":"3.0.194"},{"name":"com.bytedance.starksdk.unitytools","version":"4.0.4"},{"name":"com.bytedance.starksdk","version":"6.0.8"}],"pageLimit":3,"channel":null,"license":"ti4rs/a/ReBbphgdUb7uow==","projectId":"com.ruixue.sdkpublic"}

[17:40:14][I][NoteManager] ws: >> start
[17:40:14][I][NoteManager] wss://bgutools.bytedance.com/v2/ws/note?token=
[17:40:14][I][NoteManager] ws: << end, Reason: An exception has occurred while attempting to connect.
[17:44:36][I][NoteManager] ws: >> start
[17:44:36][I][NoteManager] wss://bgutools.bytedance.com/v2/ws/note?token=
[17:44:36][I][NoteManager] ws: << end, Reason: An exception has occurred while attempting to connect.
[17:44:39][E][Request] Request error
Status: 0
Error: Unable to complete SSL connection
Text: Url: https://bgutools.bytedance.com/v2/tool_list?token=
Body: {"tools":[{"name":"com.bytedance.bgdt","version":"3.0.194"},{"name":"com.bytedance.starksdk.unitytools","version":"4.0.4"},{"name":"com.bytedance.starksdk","version":"6.0.8"}],"pageLimit":3,"channel":null,"license":"ti4rs/a/ReBbphgdUb7uow==","projectId":"com.ruixue.sdkpublic"}

[17:44:46][I][NoteManager] ws: >> start
[17:44:46][I][NoteManager] wss://bgutools.bytedance.com/v2/ws/note?token=
[17:44:46][I][NoteManager] ws: << end, Reason: An exception has occurred while attempting to connect.
[17:44:56][I][NoteManager] ws: >> start
[17:44:56][I][NoteManager] wss://bgutools.bytedance.com/v2/ws/note?token=
[17:44:56][I][NoteManager] ws: << end, Reason: An exception has occurred while attempting to connect.
[17:45:06][I][NoteManager] ws: >> start
[17:45:07][I][NoteManager] wss://bgutools.bytedance.com/v2/ws/note?token=
[17:45:07][I][NoteManager] ws: << end, Reason: An exception has occurred while attempting to connect.
[17:45:17][I][NoteManager] ws: >> start
[17:45:17][I][NoteManager] wss://bgutools.bytedance.com/v2/ws/note?token=
[17:45:17][I][NoteManager] ws: << end, Reason: An exception has occurred while attempting to connect.
[17:45:27][I][NoteManager] ws: >> start
[17:45:27][I][NoteManager] wss://bgutools.bytedance.com/v2/ws/note?token=
[17:45:27][I][NoteManager] ws: << end, Reason: An exception has occurred while attempting to connect.
[17:45:49][I][NoteManager] ws: >> start
[17:45:49][I][NoteManager] wss://bgutools.bytedance.com/v2/ws/note?token=
[17:45:50][I][NoteManager] ws: << end, Reason: An exception has occurred while attempting to connect.
[17:45:53][E][Request] Request error
Status: 0
Error: Unable to complete SSL connection
Text: Url: https://bgutools.bytedance.com/v2/tool_list?token=
Body: {"tools":[{"name":"com.bytedance.bgdt","version":"3.0.194"},{"name":"com.bytedance.starksdk.unitytools","version":"4.0.4"},{"name":"com.bytedance.starksdk","version":"6.0.8"}],"pageLimit":3,"channel":null,"license":"ti4rs/a/ReBbphgdUb7uow==","projectId":"com.ruixue.sdkpublic"}

[17:45:59][I][NoteManager] ws: >> start
[17:46:00][I][NoteManager] wss://bgutools.bytedance.com/v2/ws/note?token=
[17:46:00][I][NoteManager] ws: << end, Reason: An exception has occurred while attempting to connect.
[17:46:10][I][NoteManager] ws: >> start
[17:46:10][I][NoteManager] wss://bgutools.bytedance.com/v2/ws/note?token=
[17:46:10][I][NoteManager] ws: << end, Reason: An exception has occurred while attempting to connect.
[17:46:20][I][NoteManager] ws: >> start
[17:46:20][I][NoteManager] wss://bgutools.bytedance.com/v2/ws/note?token=
[17:46:20][I][NoteManager] ws: << end, Reason: An exception has occurred while attempting to connect.
[17:48:37][I][NoteManager] ws: >> start
[17:48:37][I][NoteManager] wss://bgutools.bytedance.com/v2/ws/note?token=
[17:48:37][I][NoteManager] ws: << end, Reason: An exception has occurred while attempting to connect.
[17:48:39][E][Request] Request error
Status: 0
Error: Unable to complete SSL connection
Text: Url: https://bgutools.bytedance.com/v2/tool_list?token=
Body: {"tools":[{"name":"com.bytedance.bgdt","version":"3.0.194"},{"name":"com.bytedance.starksdk.unitytools","version":"4.0.4"},{"name":"com.bytedance.starksdk","version":"6.0.8"}],"pageLimit":3,"channel":null,"license":"ti4rs/a/ReBbphgdUb7uow==","projectId":"com.ruixue.sdkpublic"}

[17:48:47][I][NoteManager] ws: >> start
[17:48:47][I][NoteManager] wss://bgutools.bytedance.com/v2/ws/note?token=
[17:48:47][I][NoteManager] ws: << end, Reason: An exception has occurred while attempting to connect.
[17:50:47][I][NoteManager] ws: >> start
[17:50:47][I][NoteManager] wss://bgutools.bytedance.com/v2/ws/note?token=
[17:50:47][I][NoteManager] ws: << end, Reason: An exception has occurred while attempting to connect.
[17:50:50][E][Request] Request error
Status: 0
Error: Unable to complete SSL connection
Text: Url: https://bgutools.bytedance.com/v2/tool_list?token=
Body: {"tools":[{"name":"com.bytedance.bgdt","version":"3.0.194"},{"name":"com.bytedance.starksdk.unitytools","version":"4.0.4"},{"name":"com.bytedance.starksdk","version":"6.0.8"}],"pageLimit":3,"channel":null,"license":"ti4rs/a/ReBbphgdUb7uow==","projectId":"com.ruixue.sdkpublic"}

[17:50:57][I][NoteManager] ws: >> start
[17:50:57][I][NoteManager] wss://bgutools.bytedance.com/v2/ws/note?token=
[17:50:57][I][NoteManager] ws: << end, Reason: An exception has occurred while attempting to connect.
[17:51:07][I][NoteManager] ws: >> start
[17:51:07][I][NoteManager] wss://bgutools.bytedance.com/v2/ws/note?token=
[17:51:07][I][NoteManager] ws: << end, Reason: An exception has occurred while attempting to connect.
[17:51:17][I][NoteManager] ws: >> start
[17:51:18][I][NoteManager] wss://bgutools.bytedance.com/v2/ws/note?token=
[17:51:18][I][NoteManager] ws: << end, Reason: An exception has occurred while attempting to connect.
[17:51:28][I][NoteManager] ws: >> start
[17:51:28][I][NoteManager] wss://bgutools.bytedance.com/v2/ws/note?token=
[17:51:28][I][NoteManager] ws: << end, Reason: An exception has occurred while attempting to connect.
[17:55:00][I][NoteManager] ws: >> start
[17:55:00][I][NoteManager] wss://bgutools.bytedance.com/v2/ws/note?token=
[17:55:00][I][NoteManager] ws: << end, Reason: An exception has occurred while attempting to connect.
[17:55:04][E][Request] Request error
Status: 0
Error: Unable to complete SSL connection
Text: Url: https://bgutools.bytedance.com/v2/tool_list?token=
Body: {"tools":[{"name":"com.bytedance.bgdt","version":"3.0.194"},{"name":"com.bytedance.starksdk.unitytools","version":"4.0.4"},{"name":"com.bytedance.starksdk","version":"6.0.8"}],"pageLimit":3,"channel":null,"license":"ti4rs/a/ReBbphgdUb7uow==","projectId":"com.ruixue.sdkpublic"}

[17:55:10][I][NoteManager] ws: >> start
[17:55:10][I][NoteManager] wss://bgutools.bytedance.com/v2/ws/note?token=
[17:55:10][I][NoteManager] ws: << end, Reason: An exception has occurred while attempting to connect.
[17:55:20][I][NoteManager] ws: >> start
[17:55:21][I][NoteManager] wss://bgutools.bytedance.com/v2/ws/note?token=
[17:55:21][I][NoteManager] ws: << end, Reason: An exception has occurred while attempting to connect.
[17:58:32][I][NoteManager] ws: >> start
[17:58:32][I][NoteManager] wss://bgutools.bytedance.com/v2/ws/note?token=
[17:58:32][I][NoteManager] ws: << end, Reason: An exception has occurred while attempting to connect.
[17:58:36][E][Request] Request error
Status: 0
Error: Unable to complete SSL connection
Text: Url: https://bgutools.bytedance.com/v2/tool_list?token=
Body: {"tools":[{"name":"com.bytedance.bgdt","version":"3.0.194"},{"name":"com.bytedance.starksdk.unitytools","version":"4.0.4"},{"name":"com.bytedance.starksdk","version":"6.0.8"}],"pageLimit":3,"channel":null,"license":"ti4rs/a/ReBbphgdUb7uow==","projectId":"com.ruixue.sdkpublic"}

[17:58:42][I][NoteManager] ws: >> start
[17:58:42][I][NoteManager] wss://bgutools.bytedance.com/v2/ws/note?token=
[17:58:42][I][NoteManager] ws: << end, Reason: An exception has occurred while attempting to connect.
[17:58:52][I][NoteManager] ws: >> start
[17:58:53][I][NoteManager] wss://bgutools.bytedance.com/v2/ws/note?token=
[17:58:53][I][NoteManager] ws: << end, Reason: An exception has occurred while attempting to connect.
[18:01:54][I][NoteManager] ws: >> start
[18:01:54][I][NoteManager] wss://bgutools.bytedance.com/v2/ws/note?token=
[18:01:54][I][NoteManager] ws: << end, Reason: An exception has occurred while attempting to connect.
[18:01:56][E][Request] Request error
Status: 0
Error: Unable to complete SSL connection
Text: Url: https://bgutools.bytedance.com/v2/tool_list?token=
Body: {"tools":[{"name":"com.bytedance.bgdt","version":"3.0.194"},{"name":"com.bytedance.starksdk.unitytools","version":"4.0.4"},{"name":"com.bytedance.starksdk","version":"6.0.8"}],"pageLimit":3,"channel":null,"license":"ti4rs/a/ReBbphgdUb7uow==","projectId":"com.ruixue.sdkpublic"}

[18:02:04][I][NoteManager] ws: >> start
[18:02:04][I][NoteManager] wss://bgutools.bytedance.com/v2/ws/note?token=
[18:02:04][I][NoteManager] ws: << end, Reason: An exception has occurred while attempting to connect.
[18:02:14][I][NoteManager] ws: >> start
[18:02:14][I][NoteManager] wss://bgutools.bytedance.com/v2/ws/note?token=
[18:02:14][I][NoteManager] ws: << end, Reason: An exception has occurred while attempting to connect.
[18:02:27][I][NoteManager] ws: >> start
[18:02:27][I][NoteManager] wss://bgutools.bytedance.com/v2/ws/note?token=
[18:02:27][I][NoteManager] ws: << end, Reason: An exception has occurred while attempting to connect.
[18:02:37][I][NoteManager] ws: >> start
[18:02:37][I][NoteManager] wss://bgutools.bytedance.com/v2/ws/note?token=
[18:02:37][I][NoteManager] ws: << end, Reason: An exception has occurred while attempting to connect.
[18:02:47][I][NoteManager] ws: >> start
[18:02:47][I][NoteManager] wss://bgutools.bytedance.com/v2/ws/note?token=
[18:02:47][I][NoteManager] ws: << end, Reason: An exception has occurred while attempting to connect.
[18:02:57][I][NoteManager] ws: >> start
[18:02:57][I][NoteManager] wss://bgutools.bytedance.com/v2/ws/note?token=
[18:02:57][I][NoteManager] ws: << end, Reason: An exception has occurred while attempting to connect.
[18:02:59][E][Request] Request error
Status: 0
Error: Unable to complete SSL connection
Text: Url: https://bgutools.bytedance.com/v2/tool_list?token=
Body: {"tools":[{"name":"com.bytedance.bgdt","version":"3.0.194"},{"name":"com.bytedance.starksdk.unitytools","version":"4.0.4"},{"name":"com.bytedance.starksdk","version":"6.0.8"}],"pageLimit":3,"channel":null,"license":"ti4rs/a/ReBbphgdUb7uow==","projectId":"com.ruixue.sdkpublic"}

[18:03:07][I][NoteManager] ws: >> start
[18:03:08][I][NoteManager] wss://bgutools.bytedance.com/v2/ws/note?token=
[18:03:08][I][NoteManager] ws: << end, Reason: An exception has occurred while attempting to connect.
[18:04:33][I][NoteManager] ws: >> start
[18:04:33][I][NoteManager] wss://bgutools.bytedance.com/v2/ws/note?token=
[18:04:33][I][NoteManager] ws: << end, Reason: An exception has occurred while attempting to connect.
[18:04:36][E][Request] Request error
Status: 0
Error: Unable to complete SSL connection
Text: Url: https://bgutools.bytedance.com/v2/tool_list?token=
Body: {"tools":[{"name":"com.bytedance.bgdt","version":"3.0.194"},{"name":"com.bytedance.starksdk.unitytools","version":"4.0.4"},{"name":"com.bytedance.starksdk","version":"6.0.8"}],"pageLimit":3,"channel":null,"license":"ti4rs/a/ReBbphgdUb7uow==","projectId":"com.ruixue.sdkpublic"}

[18:04:43][I][NoteManager] ws: >> start
[18:04:43][I][NoteManager] wss://bgutools.bytedance.com/v2/ws/note?token=
[18:04:43][I][NoteManager] ws: << end, Reason: An exception has occurred while attempting to connect.
[18:04:54][I][NoteManager] ws: >> start
[18:04:54][I][NoteManager] wss://bgutools.bytedance.com/v2/ws/note?token=
[18:04:54][I][NoteManager] ws: << end, Reason: An exception has occurred while attempting to connect.
[18:05:04][I][NoteManager] ws: >> start
[18:05:04][I][NoteManager] wss://bgutools.bytedance.com/v2/ws/note?token=
[18:05:04][I][NoteManager] ws: << end, Reason: An exception has occurred while attempting to connect.
[18:05:33][I][NoteManager] ws: >> start
[18:05:33][I][NoteManager] wss://bgutools.bytedance.com/v2/ws/note?token=
[18:05:33][I][NoteManager] ws: << end, Reason: An exception has occurred while attempting to connect.
[18:05:40][E][Request] Request error
Status: 0
Error: Unable to complete SSL connection
Text: Url: https://bgutools.bytedance.com/v2/tool_list?token=
Body: {"tools":[{"name":"com.bytedance.bgdt","version":"3.0.194"},{"name":"com.bytedance.starksdk.unitytools","version":"4.0.4"},{"name":"com.bytedance.starksdk","version":"6.0.8"}],"pageLimit":3,"channel":null,"license":"ti4rs/a/ReBbphgdUb7uow==","projectId":"com.ruixue.sdkpublic"}

[18:05:43][I][NoteManager] ws: >> start
[18:05:43][I][NoteManager] wss://bgutools.bytedance.com/v2/ws/note?token=
[18:05:44][I][NoteManager] ws: << end, Reason: An exception has occurred while attempting to connect.
[18:05:54][I][NoteManager] ws: >> start
[18:05:54][I][NoteManager] wss://bgutools.bytedance.com/v2/ws/note?token=
[18:05:54][I][NoteManager] ws: << end, Reason: An exception has occurred while attempting to connect.
[18:06:04][I][NoteManager] ws: >> start
[18:06:04][I][NoteManager] wss://bgutools.bytedance.com/v2/ws/note?token=
[18:06:04][I][NoteManager] ws: connected
[18:06:05][I][NoteManager] ws: client info >
[18:06:05][I][NoteManager] ws: send client info ok
[18:18:33][E][Request] Request error
Status: 0
Error: Unable to complete SSL connection
Text: Url: https://bgutools.bytedance.com/v2/tool_list?token=
Body: {"tools":[{"name":"com.bytedance.bgdt","version":"3.0.194"},{"name":"com.bytedance.starksdk.unitytools","version":"4.0.4"},{"name":"com.bytedance.starksdk","version":"6.0.8"}],"pageLimit":3,"channel":null,"license":"ti4rs/a/ReBbphgdUb7uow==","projectId":"com.ruixue.sdkpublic"}

[18:31:35][E][Request] Request error
Status: 0
Error: Unable to complete SSL connection
Text: Url: https://bgutools.bytedance.com/v2/tool_list?token=
Body: {"tools":[{"name":"com.bytedance.bgdt","version":"3.0.194"},{"name":"com.bytedance.starksdk.unitytools","version":"4.0.4"},{"name":"com.bytedance.starksdk","version":"6.0.8"}],"pageLimit":3,"channel":null,"license":"ti4rs/a/ReBbphgdUb7uow==","projectId":"com.ruixue.sdkpublic"}

[18:32:18][E][Request] Request error
Status: 0
Error: Unknown Error
Text: Url: https://bgutools.bytedance.com/v2/tool_list?token=
Body: {"tools":[{"name":"com.bytedance.bgdt","version":"3.0.194"},{"name":"com.bytedance.starksdk.unitytools","version":"4.0.4"},{"name":"com.bytedance.starksdk","version":"6.0.8"}],"pageLimit":3,"channel":null,"license":"ti4rs/a/ReBbphgdUb7uow==","projectId":"com.ruixue.sdkpublic"}

[18:32:19][E][Request] Request error
Status: 0
Error: Unknown Error
Text: Url: https://bgutools.bytedance.com/v2/tool_list?token=
Body: {"tools":[{"name":"com.bytedance.bgdt","version":"3.0.194"},{"name":"com.bytedance.starksdk.unitytools","version":"4.0.4"},{"name":"com.bytedance.starksdk","version":"6.0.8"}],"pageLimit":3,"channel":null,"license":"ti4rs/a/ReBbphgdUb7uow==","projectId":"com.ruixue.sdkpublic"}

[18:32:51][I][NoteManager] ws: << end, Reason: An exception has occurred while receiving.
[18:33:01][I][NoteManager] ws: >> start
[18:33:01][I][NoteManager] wss://bgutools.bytedance.com/v2/ws/note?token=
[18:33:02][I][NoteManager] ws: connected
[18:33:02][I][NoteManager] ws: client info >
[18:33:02][I][NoteManager] ws: send client info ok
[18:56:36][E][Request] Request error
Status: 0
Error: Unable to complete SSL connection
Text: Url: https://bgutools.bytedance.com/v2/tool_list?token=
Body: {"tools":[{"name":"com.bytedance.bgdt","version":"3.0.194"},{"name":"com.bytedance.starksdk.unitytools","version":"4.0.4"},{"name":"com.bytedance.starksdk","version":"6.0.8"}],"pageLimit":3,"channel":null,"license":"ti4rs/a/ReBbphgdUb7uow==","projectId":"com.ruixue.sdkpublic"}

[19:01:20][I][NoteManager] ws: << end, Reason: An exception has occurred while receiving.
[19:01:30][I][NoteManager] ws: >> start
[19:01:30][I][NoteManager] wss://bgutools.bytedance.com/v2/ws/note?token=
[19:01:30][I][NoteManager] ws: connected
[19:01:30][I][NoteManager] ws: client info >
[19:01:30][I][NoteManager] ws: send client info ok
[19:11:30][I][NoteManager] ws: << end, Reason: An exception has occurred while receiving.
[19:11:40][I][NoteManager] ws: >> start
[19:11:40][I][NoteManager] wss://bgutools.bytedance.com/v2/ws/note?token=
[19:11:41][I][NoteManager] ws: connected
[19:11:41][I][NoteManager] ws: client info >
[19:11:41][I][NoteManager] ws: send client info ok
[02:43:57][I][NoteManager] ws: << end, Reason: An exception has occurred while receiving.
[02:59:34][I][NoteManager] ws: >> start
[02:59:35][I][NoteManager] wss://bgutools.bytedance.com/v2/ws/note?token=
[02:59:35][I][NoteManager] ws: connected
[02:59:35][I][NoteManager] ws: client info >
[02:59:35][I][NoteManager] ws: send client info ok
[08:07:17][I][NoteManager] ws: << end, Reason: An exception has occurred while receiving.
[08:23:25][I][NoteManager] ws: >> start
[08:23:25][I][NoteManager] wss://bgutools.bytedance.com/v2/ws/note?token=
[08:23:26][I][NoteManager] ws: connected
[08:23:26][I][NoteManager] ws: client info >
[08:23:26][I][NoteManager] ws: send client info ok
[10:55:20][I][NoteManager] ws: << end, Reason: An exception has occurred while receiving.
[10:55:30][I][NoteManager] ws: >> start
[10:55:30][I][NoteManager] wss://bgutools.bytedance.com/v2/ws/note?token=
[10:55:30][I][NoteManager] ws: connected
[10:55:30][I][NoteManager] ws: client info >
[10:55:30][I][NoteManager] ws: send client info ok
[11:05:30][I][NoteManager] ws: << end, Reason: An exception has occurred while receiving.
[11:05:40][I][NoteManager] ws: >> start
[11:05:41][I][NoteManager] wss://bgutools.bytedance.com/v2/ws/note?token=
[11:05:41][I][NoteManager] ws: connected
[11:05:41][I][NoteManager] ws: client info >
[11:05:41][I][NoteManager] ws: send client info ok
[11:15:41][I][NoteManager] ws: << end, Reason: An exception has occurred while receiving.
[11:15:51][I][NoteManager] ws: >> start
[11:15:51][I][NoteManager] wss://bgutools.bytedance.com/v2/ws/note?token=
[11:15:51][I][NoteManager] ws: connected
[11:15:51][I][NoteManager] ws: client info >
[11:15:51][I][NoteManager] ws: send client info ok
[11:25:51][I][NoteManager] ws: << end, Reason: An exception has occurred while receiving.
[11:26:01][I][NoteManager] ws: >> start
[11:26:01][I][NoteManager] wss://bgutools.bytedance.com/v2/ws/note?token=
[11:26:01][I][NoteManager] ws: connected
[11:26:01][I][NoteManager] ws: client info >
[11:26:01][I][NoteManager] ws: send client info ok
[11:36:01][I][NoteManager] ws: << end, Reason: An exception has occurred while receiving.
[11:36:11][I][NoteManager] ws: >> start
[11:36:11][I][NoteManager] wss://bgutools.bytedance.com/v2/ws/note?token=
[11:36:12][I][NoteManager] ws: connected
[11:36:12][I][NoteManager] ws: client info >
[11:36:12][I][NoteManager] ws: send client info ok
[11:46:12][I][NoteManager] ws: << end, Reason: An exception has occurred while receiving.
[11:46:21][I][NoteManager] ws: >> start
[11:46:22][I][NoteManager] wss://bgutools.bytedance.com/v2/ws/note?token=
[11:46:22][I][NoteManager] ws: connected
[11:46:22][I][NoteManager] ws: client info >
[11:46:22][I][NoteManager] ws: send client info ok
[16:52:58][I][NoteManager] ws: << end, Reason: An exception has occurred while receiving.
[17:09:31][I][NoteManager] ws: >> start
[17:09:31][I][NoteManager] wss://bgutools.bytedance.com/v2/ws/note?token=
[17:09:32][I][NoteManager] ws: connected
[17:09:32][I][NoteManager] ws: client info >
[17:09:32][I][NoteManager] ws: send client info ok
[19:55:45][I][NoteManager] ws: << end, Reason: An exception has occurred while receiving.
[19:55:55][I][NoteManager] ws: >> start
[19:55:55][I][NoteManager] wss://bgutools.bytedance.com/v2/ws/note?token=
[19:55:55][I][NoteManager] ws: connected
[19:55:55][I][NoteManager] ws: client info >
[19:55:55][I][NoteManager] ws: send client info ok
[01:55:25][I][NoteManager] ws: << end, Reason: An exception has occurred while receiving.
[02:12:29][I][NoteManager] ws: >> start
[02:12:30][I][NoteManager] wss://bgutools.bytedance.com/v2/ws/note?token=
[02:12:30][I][NoteManager] ws: connected
[02:12:30][I][NoteManager] ws: client info >
[02:12:30][I][NoteManager] ws: send client info ok
[08:31:44][I][NoteManager] ws: << end, Reason: An exception has occurred while receiving.
[08:45:00][I][NoteManager] ws: >> start
[08:45:00][I][NoteManager] wss://bgutools.bytedance.com/v2/ws/note?token=
[08:45:00][I][NoteManager] ws: connected
[08:45:00][I][NoteManager] ws: client info >
[08:45:00][I][NoteManager] ws: send client info ok
[11:48:09][I][NoteManager] ws: << end, Reason: An exception has occurred while receiving.
[11:48:19][I][NoteManager] ws: >> start
[11:48:19][I][NoteManager] wss://bgutools.bytedance.com/v2/ws/note?token=
[11:48:19][I][NoteManager] ws: connected
[11:48:19][I][NoteManager] ws: client info >
[11:48:19][I][NoteManager] ws: send client info ok
[16:44:03][I][NoteManager] ws: << end, Reason: An exception has occurred while receiving.
[16:59:47][I][NoteManager] ws: >> start
[16:59:47][I][NoteManager] wss://bgutools.bytedance.com/v2/ws/note?token=
[16:59:48][I][NoteManager] ws: connected
[16:59:48][I][NoteManager] ws: client info >
[16:59:48][I][NoteManager] ws: send client info ok
[18:39:13][E][Request] Request error
Status: 0
Error: Unknown Error
Text: Url: https://bgutools.bytedance.com/v2/tool_list?token=
Body: {"tools":[{"name":"com.bytedance.bgdt","version":"3.0.194"},{"name":"com.bytedance.starksdk.unitytools","version":"4.0.4"},{"name":"com.bytedance.starksdk","version":"6.0.8"}],"pageLimit":3,"channel":null,"license":"ti4rs/a/ReBbphgdUb7uow==","projectId":"com.ruixue.sdkpublic"}

[19:40:54][I][NoteManager] ws: << end, Reason: An exception has occurred while receiving.
[19:58:33][I][NoteManager] ws: >> start
[19:58:33][I][NoteManager] wss://bgutools.bytedance.com/v2/ws/note?token=
[19:58:34][I][NoteManager] ws: connected
[19:58:34][I][NoteManager] ws: client info >
[19:58:34][I][NoteManager] ws: send client info ok
[00:23:48][I][NoteManager] ws: << end, Reason: An exception has occurred while receiving.
[00:40:45][I][NoteManager] ws: >> start
[00:40:45][I][NoteManager] wss://bgutools.bytedance.com/v2/ws/note?token=
[00:40:46][I][NoteManager] ws: connected
[00:40:46][I][NoteManager] ws: client info >
[00:40:46][I][NoteManager] ws: send client info ok
[07:48:11][E][Request] Request error
Status: 0
Error: Unable to complete SSL connection
Text: Url: https://bgutools.bytedance.com/v2/tool_list?token=
Body: {"tools":[{"name":"com.bytedance.bgdt","version":"3.0.194"},{"name":"com.bytedance.starksdk.unitytools","version":"4.0.4"},{"name":"com.bytedance.starksdk","version":"6.0.8"}],"pageLimit":3,"channel":null,"license":"ti4rs/a/ReBbphgdUb7uow==","projectId":"com.ruixue.sdkpublic"}

[07:52:02][E][Request] Request error
Status: 0
Error: Unable to complete SSL connection
Text: Url: https://bgutools.bytedance.com/v2/tool_list?token=
Body: {"tools":[{"name":"com.bytedance.bgdt","version":"3.0.194"},{"name":"com.bytedance.starksdk.unitytools","version":"4.0.4"},{"name":"com.bytedance.starksdk","version":"6.0.8"}],"pageLimit":3,"channel":null,"license":"ti4rs/a/ReBbphgdUb7uow==","projectId":"com.ruixue.sdkpublic"}

[07:52:19][I][NoteManager] ws: << end, Reason: An exception has occurred while receiving.
[07:52:29][I][NoteManager] ws: >> start
[07:52:29][I][NoteManager] wss://bgutools.bytedance.com/v2/ws/note?token=
[07:52:29][I][NoteManager] ws: << end, Reason: An exception has occurred while attempting to connect.
[07:52:39][I][NoteManager] ws: >> start
[07:52:39][I][NoteManager] wss://bgutools.bytedance.com/v2/ws/note?token=
[07:52:39][I][NoteManager] ws: << end, Reason: An exception has occurred while attempting to connect.
[07:52:53][I][NoteManager] ws: >> start
[07:52:53][I][NoteManager] wss://bgutools.bytedance.com/v2/ws/note?token=
[07:52:53][I][NoteManager] ws: << end, Reason: An exception has occurred while attempting to connect.
[07:53:03][I][NoteManager] ws: >> start
[07:53:03][I][NoteManager] wss://bgutools.bytedance.com/v2/ws/note?token=
[07:53:03][I][NoteManager] ws: << end, Reason: An exception has occurred while attempting to connect.
[07:53:06][E][Request] Request error
Status: 0
Error: Unable to complete SSL connection
Text: Url: https://bgutools.bytedance.com/v2/tool_list?token=
Body: {"tools":[{"name":"com.bytedance.bgdt","version":"3.0.194"},{"name":"com.bytedance.starksdk.unitytools","version":"4.0.4"},{"name":"com.bytedance.starksdk","version":"6.0.8"}],"pageLimit":3,"channel":null,"license":"ti4rs/a/ReBbphgdUb7uow==","projectId":"com.ruixue.sdkpublic"}

[07:53:13][I][NoteManager] ws: >> start
[07:53:13][I][NoteManager] wss://bgutools.bytedance.com/v2/ws/note?token=
[07:53:13][I][NoteManager] ws: << end, Reason: An exception has occurred while attempting to connect.
[07:53:23][I][NoteManager] ws: >> start
[07:53:23][I][NoteManager] wss://bgutools.bytedance.com/v2/ws/note?token=
[07:53:23][I][NoteManager] ws: << end, Reason: An exception has occurred while attempting to connect.
[07:53:33][I][NoteManager] ws: >> start
[07:53:34][I][NoteManager] wss://bgutools.bytedance.com/v2/ws/note?token=
[07:53:34][I][NoteManager] ws: << end, Reason: An exception has occurred while attempting to connect.
[07:59:12][I][NoteManager] ws: >> start
[07:59:12][I][NoteManager] wss://bgutools.bytedance.com/v2/ws/note?token=
[07:59:12][I][NoteManager] ws: << end, Reason: An exception has occurred while attempting to connect.
[07:59:15][E][Request] Request error
Status: 0
Error: Unable to complete SSL connection
Text: Url: https://bgutools.bytedance.com/v2/tool_list?token=
Body: {"tools":[{"name":"com.bytedance.bgdt","version":"3.0.194"},{"name":"com.bytedance.starksdk.unitytools","version":"4.0.4"},{"name":"com.bytedance.starksdk","version":"6.0.8"}],"pageLimit":3,"channel":null,"license":"ti4rs/a/ReBbphgdUb7uow==","projectId":"com.ruixue.sdkpublic"}

[07:59:22][I][NoteManager] ws: >> start
[07:59:23][I][NoteManager] wss://bgutools.bytedance.com/v2/ws/note?token=
[07:59:23][I][NoteManager] ws: << end, Reason: An exception has occurred while attempting to connect.
[07:59:33][I][NoteManager] ws: >> start
[07:59:33][I][NoteManager] wss://bgutools.bytedance.com/v2/ws/note?token=
[07:59:33][I][NoteManager] ws: << end, Reason: An exception has occurred while attempting to connect.
[07:59:43][I][NoteManager] ws: >> start
[07:59:43][I][NoteManager] wss://bgutools.bytedance.com/v2/ws/note?token=
[07:59:43][I][NoteManager] ws: << end, Reason: An exception has occurred while attempting to connect.
[07:59:56][I][NoteManager] ws: >> start
[07:59:56][I][NoteManager] wss://bgutools.bytedance.com/v2/ws/note?token=
[07:59:56][I][NoteManager] ws: << end, Reason: An exception has occurred while attempting to connect.
[08:00:06][I][NoteManager] ws: >> start
[08:00:06][I][NoteManager] wss://bgutools.bytedance.com/v2/ws/note?token=
[08:00:06][I][NoteManager] ws: << end, Reason: An exception has occurred while attempting to connect.
[08:00:16][I][NoteManager] ws: >> start
[08:00:16][I][NoteManager] wss://bgutools.bytedance.com/v2/ws/note?token=
[08:00:16][I][NoteManager] ws: << end, Reason: An exception has occurred while attempting to connect.
[08:00:18][E][Request] Request error
Status: 0
Error: Unable to complete SSL connection
Text: Url: https://bgutools.bytedance.com/v2/tool_list?token=
Body: {"tools":[{"name":"com.bytedance.bgdt","version":"3.0.194"},{"name":"com.bytedance.starksdk.unitytools","version":"4.0.4"},{"name":"com.bytedance.starksdk","version":"6.0.8"}],"pageLimit":3,"channel":null,"license":"ti4rs/a/ReBbphgdUb7uow==","projectId":"com.ruixue.sdkpublic"}

[08:00:26][I][NoteManager] ws: >> start
[08:00:26][I][NoteManager] wss://bgutools.bytedance.com/v2/ws/note?token=
[08:00:26][I][NoteManager] ws: << end, Reason: An exception has occurred while attempting to connect.
[08:00:36][I][NoteManager] ws: >> start
[08:00:37][I][NoteManager] wss://bgutools.bytedance.com/v2/ws/note?token=
[08:00:37][I][NoteManager] ws: << end, Reason: An exception has occurred while attempting to connect.
[08:00:47][I][NoteManager] ws: >> start
[08:00:47][I][NoteManager] wss://bgutools.bytedance.com/v2/ws/note?token=
[08:00:47][I][NoteManager] ws: << end, Reason: An exception has occurred while attempting to connect.
[08:00:57][I][NoteManager] ws: >> start
[08:00:57][I][NoteManager] wss://bgutools.bytedance.com/v2/ws/note?token=
[08:00:57][I][NoteManager] ws: << end, Reason: An exception has occurred while attempting to connect.
[08:01:07][I][NoteManager] ws: >> start
[08:01:07][I][NoteManager] wss://bgutools.bytedance.com/v2/ws/note?token=
[08:01:07][I][NoteManager] ws: << end, Reason: An exception has occurred while attempting to connect.
[08:01:17][I][NoteManager] ws: >> start
[08:01:17][I][NoteManager] wss://bgutools.bytedance.com/v2/ws/note?token=
[08:01:18][I][NoteManager] ws: << end, Reason: An exception has occurred while attempting to connect.
[08:01:21][E][Request] Request error
Status: 0
Error: Unable to complete SSL connection
Text: Url: https://bgutools.bytedance.com/v2/tool_list?token=
Body: {"tools":[{"name":"com.bytedance.bgdt","version":"3.0.194"},{"name":"com.bytedance.starksdk.unitytools","version":"4.0.4"},{"name":"com.bytedance.starksdk","version":"6.0.8"}],"pageLimit":3,"channel":null,"license":"ti4rs/a/ReBbphgdUb7uow==","projectId":"com.ruixue.sdkpublic"}

[08:01:28][I][NoteManager] ws: >> start
[08:01:28][I][NoteManager] wss://bgutools.bytedance.com/v2/ws/note?token=
[08:01:28][I][NoteManager] ws: << end, Reason: An exception has occurred while attempting to connect.
[08:01:40][I][NoteManager] ws: >> start
[08:01:40][I][NoteManager] wss://bgutools.bytedance.com/v2/ws/note?token=
[08:01:40][I][NoteManager] ws: << end, Reason: An exception has occurred while attempting to connect.
[08:02:03][I][NoteManager] ws: >> start
[08:02:03][I][NoteManager] wss://bgutools.bytedance.com/v2/ws/note?token=
[08:02:04][I][NoteManager] ws: << end, Reason: An exception has occurred while attempting to connect.
[08:02:14][I][NoteManager] ws: >> start
[08:02:14][I][NoteManager] wss://bgutools.bytedance.com/v2/ws/note?token=
[08:02:14][I][NoteManager] ws: << end, Reason: An exception has occurred while attempting to connect.
[08:02:24][I][NoteManager] ws: >> start
[08:02:24][I][NoteManager] wss://bgutools.bytedance.com/v2/ws/note?token=
[08:02:24][I][NoteManager] ws: << end, Reason: An exception has occurred while attempting to connect.
[08:02:30][E][Request] Request error
Status: 0
Error: Unable to complete SSL connection
Text: Url: https://bgutools.bytedance.com/v2/tool_list?token=
Body: {"tools":[{"name":"com.bytedance.bgdt","version":"3.0.194"},{"name":"com.bytedance.starksdk.unitytools","version":"4.0.4"},{"name":"com.bytedance.starksdk","version":"6.0.8"}],"pageLimit":3,"channel":null,"license":"ti4rs/a/ReBbphgdUb7uow==","projectId":"com.ruixue.sdkpublic"}

[08:02:34][I][NoteManager] ws: >> start
[08:02:34][I][NoteManager] wss://bgutools.bytedance.com/v2/ws/note?token=
[08:02:34][I][NoteManager] ws: << end, Reason: An exception has occurred while attempting to connect.
[08:02:44][I][NoteManager] ws: >> start
[08:02:44][I][NoteManager] wss://bgutools.bytedance.com/v2/ws/note?token=
[08:02:44][I][NoteManager] ws: << end, Reason: An exception has occurred while attempting to connect.
[08:06:52][I][NoteManager] ws: >> start
[08:06:52][I][NoteManager] wss://bgutools.bytedance.com/v2/ws/note?token=
[08:06:52][I][NoteManager] ws: << end, Reason: An exception has occurred while attempting to connect.
[08:06:54][E][Request] Request error
Status: 0
Error: Unable to complete SSL connection
Text: Url: https://bgutools.bytedance.com/v2/tool_list?token=
Body: {"tools":[{"name":"com.bytedance.bgdt","version":"3.0.194"},{"name":"com.bytedance.starksdk.unitytools","version":"4.0.4"},{"name":"com.bytedance.starksdk","version":"6.0.8"}],"pageLimit":3,"channel":null,"license":"ti4rs/a/ReBbphgdUb7uow==","projectId":"com.ruixue.sdkpublic"}

[08:07:02][I][NoteManager] ws: >> start
[08:07:02][I][NoteManager] wss://bgutools.bytedance.com/v2/ws/note?token=
[08:07:02][I][NoteManager] ws: << end, Reason: An exception has occurred while attempting to connect.
[08:07:12][I][NoteManager] ws: >> start
[08:07:12][I][NoteManager] wss://bgutools.bytedance.com/v2/ws/note?token=
[08:07:12][I][NoteManager] ws: << end, Reason: An exception has occurred while attempting to connect.
[08:07:22][I][NoteManager] ws: >> start
[08:07:22][I][NoteManager] wss://bgutools.bytedance.com/v2/ws/note?token=
[08:07:22][I][NoteManager] ws: << end, Reason: An exception has occurred while attempting to connect.
[08:07:32][I][NoteManager] ws: >> start
[08:07:32][I][NoteManager] wss://bgutools.bytedance.com/v2/ws/note?token=
[08:07:32][I][NoteManager] ws: << end, Reason: An exception has occurred while attempting to connect.
[08:07:42][I][NoteManager] ws: >> start
[08:07:43][I][NoteManager] wss://bgutools.bytedance.com/v2/ws/note?token=
[08:07:43][I][NoteManager] ws: << end, Reason: An exception has occurred while attempting to connect.
[08:07:55][I][NoteManager] ws: >> start
[08:07:55][I][NoteManager] wss://bgutools.bytedance.com/v2/ws/note?token=
[08:07:55][I][NoteManager] ws: << end, Reason: An exception has occurred while attempting to connect.
[08:07:58][E][Request] Request error
Status: 0
Error: Unable to complete SSL connection
Text: Url: https://bgutools.bytedance.com/v2/tool_list?token=
Body: {"tools":[{"name":"com.bytedance.bgdt","version":"3.0.194"},{"name":"com.bytedance.starksdk.unitytools","version":"4.0.4"},{"name":"com.bytedance.starksdk","version":"6.0.8"}],"pageLimit":3,"channel":null,"license":"ti4rs/a/ReBbphgdUb7uow==","projectId":"com.ruixue.sdkpublic"}

[08:08:05][I][NoteManager] ws: >> start
[08:08:05][I][NoteManager] wss://bgutools.bytedance.com/v2/ws/note?token=
[08:08:05][I][NoteManager] ws: << end, Reason: An exception has occurred while attempting to connect.
[08:08:15][I][NoteManager] ws: >> start
[08:08:22][I][NoteManager] wss://bgutools.bytedance.com/v2/ws/note?token=
[08:08:22][I][NoteManager] ws: << end, Reason: An exception has occurred while attempting to connect.
[08:08:32][I][NoteManager] ws: >> start
[08:08:32][I][NoteManager] wss://bgutools.bytedance.com/v2/ws/note?token=
[08:08:32][I][NoteManager] ws: << end, Reason: An exception has occurred while attempting to connect.
[08:09:01][I][NoteManager] ws: >> start
[08:09:01][I][NoteManager] wss://bgutools.bytedance.com/v2/ws/note?token=
[08:09:01][I][NoteManager] ws: << end, Reason: An exception has occurred while attempting to connect.
[08:09:04][E][Request] Request error
Status: 0
Error: Unable to complete SSL connection
Text: Url: https://bgutools.bytedance.com/v2/tool_list?token=
Body: {"tools":[{"name":"com.bytedance.bgdt","version":"3.0.194"},{"name":"com.bytedance.starksdk.unitytools","version":"4.0.4"},{"name":"com.bytedance.starksdk","version":"6.0.8"}],"pageLimit":3,"channel":null,"license":"ti4rs/a/ReBbphgdUb7uow==","projectId":"com.ruixue.sdkpublic"}

[08:09:11][I][NoteManager] ws: >> start
[08:09:11][I][NoteManager] wss://bgutools.bytedance.com/v2/ws/note?token=
[08:09:11][I][NoteManager] ws: << end, Reason: An exception has occurred while attempting to connect.
[08:09:21][I][NoteManager] ws: >> start
[08:09:21][I][NoteManager] wss://bgutools.bytedance.com/v2/ws/note?token=
[08:09:21][I][NoteManager] ws: << end, Reason: An exception has occurred while attempting to connect.
[08:09:31][I][NoteManager] ws: >> start
[08:09:31][I][NoteManager] wss://bgutools.bytedance.com/v2/ws/note?token=
[08:09:31][I][NoteManager] ws: << end, Reason: An exception has occurred while attempting to connect.
[08:09:41][I][NoteManager] ws: >> start
[08:09:41][I][NoteManager] wss://bgutools.bytedance.com/v2/ws/note?token=
[08:09:42][I][NoteManager] ws: << end, Reason: An exception has occurred while attempting to connect.
[08:11:59][I][NoteManager] ws: >> start
[08:11:59][I][NoteManager] wss://bgutools.bytedance.com/v2/ws/note?token=
[08:11:59][I][NoteManager] ws: << end, Reason: An exception has occurred while attempting to connect.
[08:12:02][E][Request] Request error
Status: 0
Error: Unable to complete SSL connection
Text: Url: https://bgutools.bytedance.com/v2/tool_list?token=
Body: {"tools":[{"name":"com.bytedance.bgdt","version":"3.0.194"},{"name":"com.bytedance.starksdk.unitytools","version":"4.0.4"},{"name":"com.bytedance.starksdk","version":"6.0.8"}],"pageLimit":3,"channel":null,"license":"ti4rs/a/ReBbphgdUb7uow==","projectId":"com.ruixue.sdkpublic"}

[08:12:09][I][NoteManager] ws: >> start
[08:12:09][I][NoteManager] wss://bgutools.bytedance.com/v2/ws/note?token=
[08:12:09][I][NoteManager] ws: << end, Reason: An exception has occurred while attempting to connect.
[08:12:19][I][NoteManager] ws: >> start
[08:12:20][I][NoteManager] wss://bgutools.bytedance.com/v2/ws/note?token=
[08:12:20][I][NoteManager] ws: << end, Reason: An exception has occurred while attempting to connect.
[08:12:30][I][NoteManager] ws: >> start
[08:12:30][I][NoteManager] wss://bgutools.bytedance.com/v2/ws/note?token=
[08:12:30][I][NoteManager] ws: << end, Reason: An exception has occurred while attempting to connect.
[08:12:41][I][NoteManager] ws: >> start
[08:12:41][I][NoteManager] wss://bgutools.bytedance.com/v2/ws/note?token=
[08:12:41][I][NoteManager] ws: << end, Reason: An exception has occurred while attempting to connect.
[08:15:50][I][NoteManager] ws: >> start
[08:15:50][I][NoteManager] wss://bgutools.bytedance.com/v2/ws/note?token=
[08:15:50][I][NoteManager] ws: << end, Reason: An exception has occurred while attempting to connect.
[08:15:54][E][Request] Request error
Status: 0
Error: Unable to complete SSL connection
Text: Url: https://bgutools.bytedance.com/v2/tool_list?token=
Body: {"tools":[{"name":"com.bytedance.bgdt","version":"3.0.194"},{"name":"com.bytedance.starksdk.unitytools","version":"4.0.4"},{"name":"com.bytedance.starksdk","version":"6.0.8"}],"pageLimit":3,"channel":null,"license":"ti4rs/a/ReBbphgdUb7uow==","projectId":"com.ruixue.sdkpublic"}

[08:16:00][I][NoteManager] ws: >> start
[08:16:00][I][NoteManager] wss://bgutools.bytedance.com/v2/ws/note?token=
[08:16:00][I][NoteManager] ws: << end, Reason: An exception has occurred while attempting to connect.
[08:16:10][I][NoteManager] ws: >> start
[08:16:10][I][NoteManager] wss://bgutools.bytedance.com/v2/ws/note?token=
[08:16:10][I][NoteManager] ws: << end, Reason: An exception has occurred while attempting to connect.
[08:19:38][I][NoteManager] ws: >> start
[08:19:38][I][NoteManager] wss://bgutools.bytedance.com/v2/ws/note?token=
[08:19:38][I][NoteManager] ws: << end, Reason: An exception has occurred while attempting to connect.
[08:19:42][E][Request] Request error
Status: 0
Error: Unable to complete SSL connection
Text: Url: https://bgutools.bytedance.com/v2/tool_list?token=
Body: {"tools":[{"name":"com.bytedance.bgdt","version":"3.0.194"},{"name":"com.bytedance.starksdk.unitytools","version":"4.0.4"},{"name":"com.bytedance.starksdk","version":"6.0.8"}],"pageLimit":3,"channel":null,"license":"ti4rs/a/ReBbphgdUb7uow==","projectId":"com.ruixue.sdkpublic"}

[08:19:48][I][NoteManager] ws: >> start
[08:19:48][I][NoteManager] wss://bgutools.bytedance.com/v2/ws/note?token=
[08:19:49][I][NoteManager] ws: << end, Reason: An exception has occurred while attempting to connect.
[08:19:59][I][NoteManager] ws: >> start
[08:19:59][I][NoteManager] wss://bgutools.bytedance.com/v2/ws/note?token=
[08:19:59][I][NoteManager] ws: << end, Reason: An exception has occurred while attempting to connect.
[08:20:09][I][NoteManager] ws: >> start
[08:20:09][I][NoteManager] wss://bgutools.bytedance.com/v2/ws/note?token=
[08:20:09][I][NoteManager] ws: << end, Reason: An exception has occurred while attempting to connect.
[08:20:19][I][NoteManager] ws: >> start
[08:20:19][I][NoteManager] wss://bgutools.bytedance.com/v2/ws/note?token=
[08:20:19][I][NoteManager] ws: << end, Reason: An exception has occurred while attempting to connect.
[08:20:29][I][NoteManager] ws: >> start
[08:20:29][I][NoteManager] wss://bgutools.bytedance.com/v2/ws/note?token=
[08:20:30][I][NoteManager] ws: << end, Reason: An exception has occurred while attempting to connect.
[08:20:40][I][NoteManager] ws: >> start
[08:20:40][I][NoteManager] wss://bgutools.bytedance.com/v2/ws/note?token=
[08:20:40][I][NoteManager] ws: << end, Reason: An exception has occurred while attempting to connect.
[08:20:45][E][Request] Request error
Status: 0
Error: Unable to complete SSL connection
Text: Url: https://bgutools.bytedance.com/v2/tool_list?token=
Body: {"tools":[{"name":"com.bytedance.bgdt","version":"3.0.194"},{"name":"com.bytedance.starksdk.unitytools","version":"4.0.4"},{"name":"com.bytedance.starksdk","version":"6.0.8"}],"pageLimit":3,"channel":null,"license":"ti4rs/a/ReBbphgdUb7uow==","projectId":"com.ruixue.sdkpublic"}

[08:20:50][I][NoteManager] ws: >> start
[08:20:50][I][NoteManager] wss://bgutools.bytedance.com/v2/ws/note?token=
[08:20:50][I][NoteManager] ws: << end, Reason: An exception has occurred while attempting to connect.
[08:21:00][I][NoteManager] ws: >> start
[08:21:00][I][NoteManager] wss://bgutools.bytedance.com/v2/ws/note?token=
[08:21:00][I][NoteManager] ws: << end, Reason: An exception has occurred while attempting to connect.
[08:21:11][I][NoteManager] ws: >> start
[08:21:11][I][NoteManager] wss://bgutools.bytedance.com/v2/ws/note?token=
[08:21:12][I][NoteManager] ws: << end, Reason: An exception has occurred while attempting to connect.
[08:21:22][I][NoteManager] ws: >> start
[08:21:22][I][NoteManager] wss://bgutools.bytedance.com/v2/ws/note?token=
[08:21:22][I][NoteManager] ws: << end, Reason: An exception has occurred while attempting to connect.
[08:21:32][I][NoteManager] ws: >> start
[08:21:32][I][NoteManager] wss://bgutools.bytedance.com/v2/ws/note?token=
[08:21:32][I][NoteManager] ws: << end, Reason: An exception has occurred while attempting to connect.
[08:21:42][I][NoteManager] ws: >> start
[08:21:42][I][NoteManager] wss://bgutools.bytedance.com/v2/ws/note?token=
[08:21:42][I][NoteManager] ws: << end, Reason: An exception has occurred while attempting to connect.
[08:21:56][I][NoteManager] ws: >> start
[08:21:56][I][NoteManager] wss://bgutools.bytedance.com/v2/ws/note?token=
[08:21:56][I][NoteManager] ws: << end, Reason: An exception has occurred while attempting to connect.
[08:21:58][E][Request] Request error
Status: 0
Error: Unable to complete SSL connection
Text: Url: https://bgutools.bytedance.com/v2/tool_list?token=
Body: {"tools":[{"name":"com.bytedance.bgdt","version":"3.0.194"},{"name":"com.bytedance.starksdk.unitytools","version":"4.0.4"},{"name":"com.bytedance.starksdk","version":"6.0.8"}],"pageLimit":3,"channel":null,"license":"ti4rs/a/ReBbphgdUb7uow==","projectId":"com.ruixue.sdkpublic"}

[08:22:06][I][NoteManager] ws: >> start
[08:22:07][I][NoteManager] wss://bgutools.bytedance.com/v2/ws/note?token=
[08:22:07][I][NoteManager] ws: << end, Reason: An exception has occurred while attempting to connect.
[08:22:47][I][NoteManager] ws: >> start
[08:22:47][I][NoteManager] wss://bgutools.bytedance.com/v2/ws/note?token=
[08:22:48][I][NoteManager] ws: << end, Reason: An exception has occurred while attempting to connect.
[08:22:58][I][NoteManager] ws: >> start
[08:22:58][I][NoteManager] wss://bgutools.bytedance.com/v2/ws/note?token=
[08:22:58][I][NoteManager] ws: << end, Reason: An exception has occurred while attempting to connect.
[08:23:01][E][Request] Request error
Status: 0
Error: Unable to complete SSL connection
Text: Url: https://bgutools.bytedance.com/v2/tool_list?token=
Body: {"tools":[{"name":"com.bytedance.bgdt","version":"3.0.194"},{"name":"com.bytedance.starksdk.unitytools","version":"4.0.4"},{"name":"com.bytedance.starksdk","version":"6.0.8"}],"pageLimit":3,"channel":null,"license":"ti4rs/a/ReBbphgdUb7uow==","projectId":"com.ruixue.sdkpublic"}

[08:23:08][I][NoteManager] ws: >> start
[08:23:08][I][NoteManager] wss://bgutools.bytedance.com/v2/ws/note?token=
[08:23:08][I][NoteManager] ws: << end, Reason: An exception has occurred while attempting to connect.
[08:23:53][I][NoteManager] ws: >> start
[08:23:53][I][NoteManager] wss://bgutools.bytedance.com/v2/ws/note?token=
[08:23:53][I][NoteManager] ws: << end, Reason: An exception has occurred while attempting to connect.
[08:24:54][I][NoteManager] ws: >> start
[08:24:54][I][NoteManager] wss://bgutools.bytedance.com/v2/ws/note?token=
[08:24:54][I][NoteManager] ws: << end, Reason: An exception has occurred while attempting to connect.
[08:24:56][E][Request] Request error
Status: 0
Error: Unable to complete SSL connection
Text: Url: https://bgutools.bytedance.com/v2/tool_list?token=
Body: {"tools":[{"name":"com.bytedance.bgdt","version":"3.0.194"},{"name":"com.bytedance.starksdk.unitytools","version":"4.0.4"},{"name":"com.bytedance.starksdk","version":"6.0.8"}],"pageLimit":3,"channel":null,"license":"ti4rs/a/ReBbphgdUb7uow==","projectId":"com.ruixue.sdkpublic"}

[08:25:04][I][NoteManager] ws: >> start
[08:25:05][I][NoteManager] wss://bgutools.bytedance.com/v2/ws/note?token=
[08:25:05][I][NoteManager] ws: << end, Reason: An exception has occurred while attempting to connect.
[08:25:15][I][NoteManager] ws: >> start
[08:25:15][I][NoteManager] wss://bgutools.bytedance.com/v2/ws/note?token=
[08:25:15][I][NoteManager] ws: << end, Reason: An exception has occurred while attempting to connect.
[08:25:25][I][NoteManager] ws: >> start
[08:25:25][I][NoteManager] wss://bgutools.bytedance.com/v2/ws/note?token=
[08:25:25][I][NoteManager] ws: << end, Reason: An exception has occurred while attempting to connect.
[08:25:35][I][NoteManager] ws: >> start
[08:25:35][I][NoteManager] wss://bgutools.bytedance.com/v2/ws/note?token=
[08:25:35][I][NoteManager] ws: << end, Reason: An exception has occurred while attempting to connect.
[08:27:24][I][NoteManager] ws: >> start
[08:27:25][I][NoteManager] wss://bgutools.bytedance.com/v2/ws/note?token=
[08:27:25][I][NoteManager] ws: << end, Reason: An exception has occurred while attempting to connect.
[08:27:28][E][Request] Request error
Status: 0
Error: Unable to complete SSL connection
Text: Url: https://bgutools.bytedance.com/v2/tool_list?token=
Body: {"tools":[{"name":"com.bytedance.bgdt","version":"3.0.194"},{"name":"com.bytedance.starksdk.unitytools","version":"4.0.4"},{"name":"com.bytedance.starksdk","version":"6.0.8"}],"pageLimit":3,"channel":null,"license":"ti4rs/a/ReBbphgdUb7uow==","projectId":"com.ruixue.sdkpublic"}

[08:27:35][I][NoteManager] ws: >> start
[08:27:35][I][NoteManager] wss://bgutools.bytedance.com/v2/ws/note?token=
[08:27:35][I][NoteManager] ws: << end, Reason: An exception has occurred while attempting to connect.
[08:27:45][I][NoteManager] ws: >> start
[08:27:45][I][NoteManager] wss://bgutools.bytedance.com/v2/ws/note?token=
[08:27:45][I][NoteManager] ws: << end, Reason: An exception has occurred while attempting to connect.
[08:27:58][I][NoteManager] ws: >> start
[08:27:58][I][NoteManager] wss://bgutools.bytedance.com/v2/ws/note?token=
[08:27:59][I][NoteManager] ws: << end, Reason: An exception has occurred while attempting to connect.
[08:28:09][I][NoteManager] ws: >> start
[08:28:09][I][NoteManager] wss://bgutools.bytedance.com/v2/ws/note?token=
[08:28:09][I][NoteManager] ws: << end, Reason: An exception has occurred while attempting to connect.
[08:28:19][I][NoteManager] ws: >> start
[08:28:19][I][NoteManager] wss://bgutools.bytedance.com/v2/ws/note?token=
[08:28:19][I][NoteManager] ws: << end, Reason: An exception has occurred while attempting to connect.
[08:28:29][I][NoteManager] ws: >> start
[08:28:29][I][NoteManager] wss://bgutools.bytedance.com/v2/ws/note?token=
[08:28:29][I][NoteManager] ws: << end, Reason: An exception has occurred while attempting to connect.
[08:28:31][E][Request] Request error
Status: 0
Error: Unable to complete SSL connection
Text: Url: https://bgutools.bytedance.com/v2/tool_list?token=
Body: {"tools":[{"name":"com.bytedance.bgdt","version":"3.0.194"},{"name":"com.bytedance.starksdk.unitytools","version":"4.0.4"},{"name":"com.bytedance.starksdk","version":"6.0.8"}],"pageLimit":3,"channel":null,"license":"ti4rs/a/ReBbphgdUb7uow==","projectId":"com.ruixue.sdkpublic"}

[08:28:39][I][NoteManager] ws: >> start
[08:28:39][I][NoteManager] wss://bgutools.bytedance.com/v2/ws/note?token=
[08:28:39][I][NoteManager] ws: << end, Reason: An exception has occurred while attempting to connect.
[08:28:49][I][NoteManager] ws: >> start
[08:28:50][I][NoteManager] wss://bgutools.bytedance.com/v2/ws/note?token=
[08:28:50][I][NoteManager] ws: << end, Reason: An exception has occurred while attempting to connect.
[08:29:00][I][NoteManager] ws: >> start
[08:29:00][I][NoteManager] wss://bgutools.bytedance.com/v2/ws/note?token=
[08:29:00][I][NoteManager] ws: << end, Reason: An exception has occurred while attempting to connect.
[08:29:10][I][NoteManager] ws: >> start
[08:29:10][I][NoteManager] wss://bgutools.bytedance.com/v2/ws/note?token=
[08:29:10][I][NoteManager] ws: << end, Reason: An exception has occurred while attempting to connect.
[08:29:20][I][NoteManager] ws: >> start
[08:29:29][I][NoteManager] wss://bgutools.bytedance.com/v2/ws/note?token=
[08:29:29][I][NoteManager] ws: << end, Reason: An exception has occurred while attempting to connect.
[08:29:35][E][Request] Request error
Status: 0
Error: Unable to complete SSL connection
Text: Url: https://bgutools.bytedance.com/v2/tool_list?token=
Body: {"tools":[{"name":"com.bytedance.bgdt","version":"3.0.194"},{"name":"com.bytedance.starksdk.unitytools","version":"4.0.4"},{"name":"com.bytedance.starksdk","version":"6.0.8"}],"pageLimit":3,"channel":null,"license":"ti4rs/a/ReBbphgdUb7uow==","projectId":"com.ruixue.sdkpublic"}

[08:29:39][I][NoteManager] ws: >> start
[08:29:39][I][NoteManager] wss://bgutools.bytedance.com/v2/ws/note?token=
[08:29:40][I][NoteManager] ws: << end, Reason: An exception has occurred while attempting to connect.
[08:30:14][I][NoteManager] ws: >> start
[08:30:15][I][NoteManager] wss://bgutools.bytedance.com/v2/ws/note?token=
[08:30:15][I][NoteManager] ws: << end, Reason: An exception has occurred while attempting to connect.
[08:30:25][I][NoteManager] ws: >> start
[08:30:25][I][NoteManager] wss://bgutools.bytedance.com/v2/ws/note?token=
[08:30:25][I][NoteManager] ws: << end, Reason: An exception has occurred while attempting to connect.
[08:30:35][I][NoteManager] ws: >> start
[08:30:35][I][NoteManager] wss://bgutools.bytedance.com/v2/ws/note?token=
[08:30:35][I][NoteManager] ws: << end, Reason: An exception has occurred while attempting to connect.
[08:30:37][E][Request] Request error
Status: 0
Error: Unable to complete SSL connection
Text: Url: https://bgutools.bytedance.com/v2/tool_list?token=
Body: {"tools":[{"name":"com.bytedance.bgdt","version":"3.0.194"},{"name":"com.bytedance.starksdk.unitytools","version":"4.0.4"},{"name":"com.bytedance.starksdk","version":"6.0.8"}],"pageLimit":3,"channel":null,"license":"ti4rs/a/ReBbphgdUb7uow==","projectId":"com.ruixue.sdkpublic"}

[08:30:45][I][NoteManager] ws: >> start
[08:30:45][I][NoteManager] wss://bgutools.bytedance.com/v2/ws/note?token=
[08:30:45][I][NoteManager] ws: << end, Reason: An exception has occurred while attempting to connect.
[08:30:55][I][NoteManager] ws: >> start
[08:30:56][I][NoteManager] wss://bgutools.bytedance.com/v2/ws/note?token=
[08:30:56][I][NoteManager] ws: << end, Reason: An exception has occurred while attempting to connect.
[08:31:06][I][NoteManager] ws: >> start
[08:31:06][I][NoteManager] wss://bgutools.bytedance.com/v2/ws/note?token=
[08:31:06][I][NoteManager] ws: << end, Reason: An exception has occurred while attempting to connect.
[08:31:58][I][NoteManager] ws: >> start
[08:31:58][I][NoteManager] wss://bgutools.bytedance.com/v2/ws/note?token=
[08:31:58][I][NoteManager] ws: << end, Reason: An exception has occurred while attempting to connect.
[08:31:59][E][Request] Request error
Status: 0
Error: Unable to complete SSL connection
Text: Url: https://bgutools.bytedance.com/v2/tool_list?token=
Body: {"tools":[{"name":"com.bytedance.bgdt","version":"3.0.194"},{"name":"com.bytedance.starksdk.unitytools","version":"4.0.4"},{"name":"com.bytedance.starksdk","version":"6.0.8"}],"pageLimit":3,"channel":null,"license":"ti4rs/a/ReBbphgdUb7uow==","projectId":"com.ruixue.sdkpublic"}

[08:32:08][I][NoteManager] ws: >> start
[08:32:08][I][NoteManager] wss://bgutools.bytedance.com/v2/ws/note?token=
[08:32:11][I][NoteManager] ws: << end, Reason: An exception has occurred while attempting to connect.
[08:32:21][I][NoteManager] ws: >> start
[08:32:21][I][NoteManager] wss://bgutools.bytedance.com/v2/ws/note?token=
[08:32:22][I][NoteManager] ws: connected
[08:32:22][I][NoteManager] ws: client info >
[08:32:22][I][NoteManager] ws: send client info ok
[08:42:22][I][NoteManager] ws: << end, Reason: An exception has occurred while receiving.
[08:42:32][I][NoteManager] ws: >> start
[08:42:32][I][NoteManager] wss://bgutools.bytedance.com/v2/ws/note?token=
[08:42:32][I][NoteManager] ws: connected
[08:42:32][I][NoteManager] ws: client info >
[08:42:32][I][NoteManager] ws: send client info ok
[08:52:32][I][NoteManager] ws: << end, Reason: An exception has occurred while receiving.
[08:52:42][I][NoteManager] ws: >> start
[08:52:42][I][NoteManager] wss://bgutools.bytedance.com/v2/ws/note?token=
[08:52:42][I][NoteManager] ws: connected
[08:52:42][I][NoteManager] ws: client info >
[08:52:42][I][NoteManager] ws: send client info ok
[09:02:16][E][Request] Request error
Status: 0
Error: Unable to complete SSL connection
Text: Url: https://bgutools.bytedance.com/v2/tool_list?token=
Body: {"tools":[{"name":"com.bytedance.bgdt","version":"3.0.194"},{"name":"com.bytedance.starksdk.unitytools","version":"4.0.4"},{"name":"com.bytedance.starksdk","version":"6.0.8"}],"pageLimit":3,"channel":null,"license":"ti4rs/a/ReBbphgdUb7uow==","projectId":"com.ruixue.sdkpublic"}

[09:02:46][I][NoteManager] ws: << end, Reason: An exception has occurred while receiving.
[09:02:56][I][NoteManager] ws: >> start
[09:02:56][I][NoteManager] wss://bgutools.bytedance.com/v2/ws/note?token=
[09:03:02][I][NoteManager] ws: connected
[09:03:02][I][NoteManager] ws: client info >
[09:03:02][I][NoteManager] ws: send client info ok
[09:13:02][I][NoteManager] ws: << end, Reason: An exception has occurred while receiving.
[09:13:12][I][NoteManager] ws: >> start
[09:13:12][I][NoteManager] wss://bgutools.bytedance.com/v2/ws/note?token=
[09:13:12][I][NoteManager] ws: connected
[09:13:12][I][NoteManager] ws: client info >
[09:13:12][I][NoteManager] ws: send client info ok
[09:23:12][I][NoteManager] ws: << end, Reason: An exception has occurred while receiving.
[09:23:22][I][NoteManager] ws: >> start
[09:23:22][I][NoteManager] wss://bgutools.bytedance.com/v2/ws/note?token=
[09:23:23][I][NoteManager] ws: connected
[09:23:23][I][NoteManager] ws: client info >
[09:23:23][I][NoteManager] ws: send client info ok
[09:33:23][I][NoteManager] ws: << end, Reason: An exception has occurred while receiving.
[09:33:33][I][NoteManager] ws: >> start
[09:33:33][I][NoteManager] wss://bgutools.bytedance.com/v2/ws/note?token=
[09:33:33][I][NoteManager] ws: connected
[09:33:33][I][NoteManager] ws: client info >
[09:33:33][I][NoteManager] ws: send client info ok
[09:43:33][I][NoteManager] ws: << end, Reason: An exception has occurred while receiving.
[09:43:43][I][NoteManager] ws: >> start
[09:43:43][I][NoteManager] wss://bgutools.bytedance.com/v2/ws/note?token=
[09:43:43][I][NoteManager] ws: connected
[09:43:43][I][NoteManager] ws: client info >
[09:43:43][I][NoteManager] ws: send client info ok
