0 verbose cli /Users/chenhan/.hermes/node/bin/node /Users/chenhan/.local/bin/npm
1 info using npm@10.9.8
2 info using node@v22.23.1
3 silly config load:file:/Users/chenhan/.hermes/node/lib/node_modules/npm/npmrc
4 silly config load:file:/Users/chenhan/Desktop/Git/WSDoc/.npmrc
5 silly config load:file:/Users/chenhan/.npmrc
6 silly config load:file:/Users/chenhan/.npm-global/etc/npmrc
7 verbose title npm ci
8 verbose argv "ci" "--prefer-offline" "--cache" ".npm" "--ignore-scripts"
9 verbose logfile logs-max:10 dir:/Users/chenhan/Desktop/Git/WSDoc/.npm/_logs/2026-07-15T07_39_35_028Z-
10 verbose logfile /Users/chenhan/Desktop/Git/WSDoc/.npm/_logs/2026-07-15T07_39_35_028Z-debug-0.log
11 silly logfile done cleaning log files
12 silly packumentCache heap:4345298944 maxSize:1086324736 maxEntrySize:543162368
13 silly idealTree buildDeps
14 silly reify moves {}
15 silly audit bulk request {
15 silly audit   '@algolia/abtesting': [ '1.19.0' ],
15 silly audit   '@algolia/autocomplete-core': [ '1.19.8', '1.19.2' ],
15 silly audit   '@algolia/autocomplete-plugin-algolia-insights': [ '1.19.8', '1.19.2' ],
15 silly audit   '@algolia/autocomplete-shared': [ '1.19.8', '1.19.2' ],
15 silly audit   '@algolia/client-abtesting': [ '5.53.0' ],
15 silly audit   '@algolia/client-analytics': [ '5.53.0' ],
15 silly audit   '@algolia/client-common': [ '5.53.0' ],
15 silly audit   '@algolia/client-insights': [ '5.53.0' ],
15 silly audit   '@algolia/client-personalization': [ '5.53.0' ],
15 silly audit   '@algolia/client-query-suggestions': [ '5.53.0' ],
15 silly audit   '@algolia/client-search': [ '5.53.0' ],
15 silly audit   '@algolia/events': [ '4.0.1' ],
15 silly audit   '@algolia/ingestion': [ '1.53.0' ],
15 silly audit   '@algolia/monitoring': [ '1.53.0' ],
15 silly audit   '@algolia/recommend': [ '5.53.0' ],
15 silly audit   '@algolia/requester-browser-xhr': [ '5.53.0' ],
15 silly audit   '@algolia/requester-fetch': [ '5.53.0' ],
15 silly audit   '@algolia/requester-node-http': [ '5.53.0' ],
15 silly audit   '@antfu/install-pkg': [ '1.1.0' ],
15 silly audit   '@babel/code-frame': [ '7.29.7' ],
15 silly audit   '@babel/compat-data': [ '7.29.7' ],
15 silly audit   '@babel/core': [ '7.29.7' ],
15 silly audit   semver: [ '6.3.1', '7.8.1' ],
15 silly audit   '@babel/generator': [ '7.29.7' ],
15 silly audit   '@babel/helper-annotate-as-pure': [ '7.29.7' ],
15 silly audit   '@babel/helper-compilation-targets': [ '7.29.7' ],
15 silly audit   '@babel/helper-create-class-features-plugin': [ '7.29.7' ],
15 silly audit   '@babel/helper-create-regexp-features-plugin': [ '7.29.7' ],
15 silly audit   '@babel/helper-define-polyfill-provider': [ '0.6.8' ],
15 silly audit   '@babel/helper-globals': [ '7.29.7' ],
15 silly audit   '@babel/helper-member-expression-to-functions': [ '7.29.7' ],
15 silly audit   '@babel/helper-module-imports': [ '7.29.7' ],
15 silly audit   '@babel/helper-module-transforms': [ '7.29.7' ],
15 silly audit   '@babel/helper-optimise-call-expression': [ '7.29.7' ],
15 silly audit   '@babel/helper-plugin-utils': [ '7.29.7' ],
15 silly audit   '@babel/helper-remap-async-to-generator': [ '7.29.7' ],
15 silly audit   '@babel/helper-replace-supers': [ '7.29.7' ],
15 silly audit   '@babel/helper-skip-transparent-expression-wrappers': [ '7.29.7' ],
15 silly audit   '@babel/helper-string-parser': [ '7.29.7' ],
15 silly audit   '@babel/helper-validator-identifier': [ '7.29.7' ],
15 silly audit   '@babel/helper-validator-option': [ '7.29.7' ],
15 silly audit   '@babel/helper-wrap-function': [ '7.29.7' ],
15 silly audit   '@babel/helpers': [ '7.29.7' ],
15 silly audit   '@babel/parser': [ '7.29.7' ],
15 silly audit   '@babel/plugin-bugfix-firefox-class-in-computed-class-key': [ '7.29.7' ],
15 silly audit   '@babel/plugin-bugfix-safari-class-field-initializer-scope': [ '7.29.7' ],
15 silly audit   '@babel/plugin-bugfix-safari-id-destructuring-collision-in-function-expression': [ '7.29.7' ],
15 silly audit   '@babel/plugin-bugfix-safari-rest-destructuring-rhs-array': [ '7.29.7' ],
15 silly audit   '@babel/plugin-bugfix-v8-spread-parameters-in-optional-chaining': [ '7.29.7' ],
15 silly audit   '@babel/plugin-bugfix-v8-static-class-fields-redefine-readonly': [ '7.29.7' ],
15 silly audit   '@babel/plugin-proposal-private-property-in-object': [ '7.21.0-placeholder-for-preset-env.2' ],
15 silly audit   '@babel/plugin-syntax-dynamic-import': [ '7.8.3' ],
15 silly audit   '@babel/plugin-syntax-import-assertions': [ '7.29.7' ],
15 silly audit   '@babel/plugin-syntax-import-attributes': [ '7.29.7' ],
15 silly audit   '@babel/plugin-syntax-jsx': [ '7.29.7' ],
15 silly audit   '@babel/plugin-syntax-typescript': [ '7.29.7' ],
15 silly audit   '@babel/plugin-syntax-unicode-sets-regex': [ '7.18.6' ],
15 silly audit   '@babel/plugin-transform-arrow-functions': [ '7.29.7' ],
15 silly audit   '@babel/plugin-transform-async-generator-functions': [ '7.29.7' ],
15 silly audit   '@babel/plugin-transform-async-to-generator': [ '7.29.7' ],
15 silly audit   '@babel/plugin-transform-block-scoped-functions': [ '7.29.7' ],
15 silly audit   '@babel/plugin-transform-block-scoping': [ '7.29.7' ],
15 silly audit   '@babel/plugin-transform-class-properties': [ '7.29.7' ],
15 silly audit   '@babel/plugin-transform-class-static-block': [ '7.29.7' ],
15 silly audit   '@babel/plugin-transform-classes': [ '7.29.7' ],
15 silly audit   '@babel/plugin-transform-computed-properties': [ '7.29.7' ],
15 silly audit   '@babel/plugin-transform-destructuring': [ '7.29.7' ],
15 silly audit   '@babel/plugin-transform-dotall-regex': [ '7.29.7' ],
15 silly audit   '@babel/plugin-transform-duplicate-keys': [ '7.29.7' ],
15 silly audit   '@babel/plugin-transform-duplicate-named-capturing-groups-regex': [ '7.29.7' ],
15 silly audit   '@babel/plugin-transform-dynamic-import': [ '7.29.7' ],
15 silly audit   '@babel/plugin-transform-explicit-resource-management': [ '7.29.7' ],
15 silly audit   '@babel/plugin-transform-exponentiation-operator': [ '7.29.7' ],
15 silly audit   '@babel/plugin-transform-export-namespace-from': [ '7.29.7' ],
15 silly audit   '@babel/plugin-transform-for-of': [ '7.29.7' ],
15 silly audit   '@babel/plugin-transform-function-name': [ '7.29.7' ],
15 silly audit   '@babel/plugin-transform-json-strings': [ '7.29.7' ],
15 silly audit   '@babel/plugin-transform-literals': [ '7.29.7' ],
15 silly audit   '@babel/plugin-transform-logical-assignment-operators': [ '7.29.7' ],
15 silly audit   '@babel/plugin-transform-member-expression-literals': [ '7.29.7' ],
15 silly audit   '@babel/plugin-transform-modules-amd': [ '7.29.7' ],
15 silly audit   '@babel/plugin-transform-modules-commonjs': [ '7.29.7' ],
15 silly audit   '@babel/plugin-transform-modules-systemjs': [ '7.29.7' ],
15 silly audit   '@babel/plugin-transform-modules-umd': [ '7.29.7' ],
15 silly audit   '@babel/plugin-transform-named-capturing-groups-regex': [ '7.29.7' ],
15 silly audit   '@babel/plugin-transform-new-target': [ '7.29.7' ],
15 silly audit   '@babel/plugin-transform-nullish-coalescing-operator': [ '7.29.7' ],
15 silly audit   '@babel/plugin-transform-numeric-separator': [ '7.29.7' ],
15 silly audit   '@babel/plugin-transform-object-rest-spread': [ '7.29.7' ],
15 silly audit   '@babel/plugin-transform-object-super': [ '7.29.7' ],
15 silly audit   '@babel/plugin-transform-optional-catch-binding': [ '7.29.7' ],
15 silly audit   '@babel/plugin-transform-optional-chaining': [ '7.29.7' ],
15 silly audit   '@babel/plugin-transform-parameters': [ '7.29.7' ],
15 silly audit   '@babel/plugin-transform-private-methods': [ '7.29.7' ],
15 silly audit   '@babel/plugin-transform-private-property-in-object': [ '7.29.7' ],
15 silly audit   '@babel/plugin-transform-property-literals': [ '7.29.7' ],
15 silly audit   '@babel/plugin-transform-react-constant-elements': [ '7.29.7' ],
15 silly audit   '@babel/plugin-transform-react-display-name': [ '7.29.7' ],
15 silly audit   '@babel/plugin-transform-react-jsx': [ '7.29.7' ],
15 silly audit   '@babel/plugin-transform-react-jsx-development': [ '7.29.7' ],
15 silly audit   '@babel/plugin-transform-react-pure-annotations': [ '7.29.7' ],
15 silly audit   '@babel/plugin-transform-regenerator': [ '7.29.7' ],
15 silly audit   '@babel/plugin-transform-regexp-modifiers': [ '7.29.7' ],
15 silly audit   '@babel/plugin-transform-reserved-words': [ '7.29.7' ],
15 silly audit   '@babel/plugin-transform-runtime': [ '7.29.7' ],
15 silly audit   '@babel/plugin-transform-shorthand-properties': [ '7.29.7' ],
15 silly audit   '@babel/plugin-transform-spread': [ '7.29.7' ],
15 silly audit   '@babel/plugin-transform-sticky-regex': [ '7.29.7' ],
15 silly audit   '@babel/plugin-transform-template-literals': [ '7.29.7' ],
15 silly audit   '@babel/plugin-transform-typeof-symbol': [ '7.29.7' ],
15 silly audit   '@babel/plugin-transform-typescript': [ '7.29.7' ],
15 silly audit   '@babel/plugin-transform-unicode-escapes': [ '7.29.7' ],
15 silly audit   '@babel/plugin-transform-unicode-property-regex': [ '7.29.7' ],
15 silly audit   '@babel/plugin-transform-unicode-regex': [ '7.29.7' ],
15 silly audit   '@babel/plugin-transform-unicode-sets-regex': [ '7.29.7' ],
15 silly audit   '@babel/preset-env': [ '7.29.7' ],
15 silly audit   'babel-plugin-polyfill-corejs3': [ '0.14.2', '0.13.0' ],
15 silly audit   '@babel/preset-modules': [ '0.1.6-no-external-plugins' ],
15 silly audit   '@babel/preset-react': [ '7.29.7' ],
15 silly audit   '@babel/preset-typescript': [ '7.29.7' ],
15 silly audit   '@babel/runtime': [ '7.29.7' ],
15 silly audit   '@babel/template': [ '7.29.7' ],
15 silly audit   '@babel/traverse': [ '7.29.7' ],
15 silly audit   '@babel/types': [ '7.29.7' ],
15 silly audit   '@braintree/sanitize-url': [ '7.1.2' ],
15 silly audit   '@chevrotain/types': [ '11.1.2' ],
15 silly audit   '@colors/colors': [ '1.5.0' ],
15 silly audit   '@csstools/cascade-layer-name-parser': [ '2.0.5' ],
15 silly audit   '@csstools/color-helpers': [ '5.1.0' ],
15 silly audit   '@csstools/css-calc': [ '2.1.4' ],
15 silly audit   '@csstools/css-color-parser': [ '3.1.0' ],
15 silly audit   '@csstools/css-parser-algorithms': [ '3.0.5' ],
15 silly audit   '@csstools/css-tokenizer': [ '3.0.4' ],
15 silly audit   '@csstools/media-query-list-parser': [ '4.0.3' ],
15 silly audit   '@csstools/postcss-alpha-function': [ '1.0.1' ],
15 silly audit   '@csstools/postcss-cascade-layers': [ '5.0.2' ],
15 silly audit   '@csstools/selector-specificity': [ '5.0.0' ],
15 silly audit   'postcss-selector-parser': [ '7.1.1', '6.1.2' ],
15 silly audit   '@csstools/postcss-color-function': [ '4.0.12' ],
15 silly audit   '@csstools/postcss-color-function-display-p3-linear': [ '1.0.1' ],
15 silly audit   '@csstools/postcss-color-mix-function': [ '3.0.12' ],
15 silly audit   '@csstools/postcss-color-mix-variadic-function-arguments': [ '1.0.2' ],
15 silly audit   '@csstools/postcss-content-alt-text': [ '2.0.8' ],
15 silly audit   '@csstools/postcss-contrast-color-function': [ '2.0.12' ],
15 silly audit   '@csstools/postcss-exponential-functions': [ '2.0.9' ],
15 silly audit   '@csstools/postcss-font-format-keywords': [ '4.0.0' ],
15 silly audit   '@csstools/postcss-gamut-mapping': [ '2.0.11' ],
15 silly audit   '@csstools/postcss-gradients-interpolation-method': [ '5.0.12' ],
15 silly audit   '@csstools/postcss-hwb-function': [ '4.0.12' ],
15 silly audit   '@csstools/postcss-ic-unit': [ '4.0.4' ],
15 silly audit   '@csstools/postcss-initial': [ '2.0.1' ],
15 silly audit   '@csstools/postcss-is-pseudo-class': [ '5.0.3' ],
15 silly audit   '@csstools/postcss-light-dark-function': [ '2.0.11' ],
15 silly audit   '@csstools/postcss-logical-float-and-clear': [ '3.0.0' ],
15 silly audit   '@csstools/postcss-logical-overflow': [ '2.0.0' ],
15 silly audit   '@csstools/postcss-logical-overscroll-behavior': [ '2.0.0' ],
15 silly audit   '@csstools/postcss-logical-resize': [ '3.0.0' ],
15 silly audit   '@csstools/postcss-logical-viewport-units': [ '3.0.4' ],
15 silly audit   '@csstools/postcss-media-minmax': [ '2.0.9' ],
15 silly audit   '@csstools/postcss-media-queries-aspect-ratio-number-values': [ '3.0.5' ],
15 silly audit   '@csstools/postcss-nested-calc': [ '4.0.0' ],
15 silly audit   '@csstools/postcss-normalize-display-values': [ '4.0.1' ],
15 silly audit   '@csstools/postcss-oklab-function': [ '4.0.12' ],
15 silly audit   '@csstools/postcss-position-area-property': [ '1.0.0' ],
15 silly audit   '@csstools/postcss-progressive-custom-properties': [ '4.2.1' ],
15 silly audit   '@csstools/postcss-property-rule-prelude-list': [ '1.0.0' ],
15 silly audit   '@csstools/postcss-random-function': [ '2.0.1' ],
15 silly audit   '@csstools/postcss-relative-color-syntax': [ '3.0.12' ],
15 silly audit   '@csstools/postcss-scope-pseudo-class': [ '4.0.1' ],
15 silly audit   '@csstools/postcss-sign-functions': [ '1.1.4' ],
15 silly audit   '@csstools/postcss-stepped-value-functions': [ '4.0.9' ],
15 silly audit   '@csstools/postcss-syntax-descriptor-syntax-production': [ '1.0.1' ],
15 silly audit   '@csstools/postcss-system-ui-font-family': [ '1.0.0' ],
15 silly audit   '@csstools/postcss-text-decoration-shorthand': [ '4.0.3' ],
15 silly audit   '@csstools/postcss-trigonometric-functions': [ '4.0.9' ],
15 silly audit   '@csstools/postcss-unset-value': [ '4.0.0' ],
15 silly audit   '@csstools/utilities': [ '2.0.0' ],
15 silly audit   '@discoveryjs/json-ext': [ '0.5.7' ],
15 silly audit   '@docsearch/core': [ '4.6.3' ],
15 silly audit   '@docsearch/css': [ '4.6.3' ],
15 silly audit   '@docsearch/react': [ '4.6.3' ],
15 silly audit   '@docusaurus/babel': [ '3.10.1' ],
15 silly audit   '@docusaurus/bundler': [ '3.10.1' ],
15 silly audit   '@docusaurus/core': [ '3.10.1' ],
15 silly audit   '@docusaurus/cssnano-preset': [ '3.10.1' ],
15 silly audit   '@docusaurus/faster': [ '3.10.1' ],
15 silly audit   '@docusaurus/logger': [ '3.10.1' ],
15 silly audit   '@docusaurus/mdx-loader': [ '3.10.1' ],
15 silly audit   '@docusaurus/module-type-aliases': [ '3.10.1' ],
15 silly audit   '@docusaurus/plugin-client-redirects': [ '3.10.1' ],
15 silly audit   '@docusaurus/plugin-content-blog': [ '3.10.1' ],
15 silly audit   '@docusaurus/plugin-content-docs': [ '3.10.1' ],
15 silly audit   '@docusaurus/plugin-content-pages': [ '3.10.1' ],
15 silly audit   '@docusaurus/plugin-css-cascade-layers': [ '3.10.1' ],
15 silly audit   '@docusaurus/plugin-debug': [ '3.10.1' ],
15 silly audit   '@docusaurus/plugin-google-analytics': [ '3.10.1' ],
15 silly audit   '@docusaurus/plugin-google-gtag': [ '3.10.1' ],
15 silly audit   '@docusaurus/plugin-google-tag-manager': [ '3.10.1' ],
15 silly audit   '@docusaurus/plugin-sitemap': [ '3.10.1' ],
15 silly audit   '@docusaurus/plugin-svgr': [ '3.10.1' ],
15 silly audit   '@docusaurus/preset-classic': [ '3.10.1' ],
15 silly audit   '@docusaurus/theme-classic': [ '3.10.1' ],
15 silly audit   '@docusaurus/theme-common': [ '3.10.1' ],
15 silly audit   '@docusaurus/theme-live-codeblock': [ '3.10.1' ],
15 silly audit   '@docusaurus/theme-mermaid': [ '3.10.1' ],
15 silly audit   '@docusaurus/theme-search-algolia': [ '3.10.1' ],
15 silly audit   '@docusaurus/theme-translations': [ '3.10.1' ],
15 silly audit   '@docusaurus/tsconfig': [ '3.10.1' ],
15 silly audit   '@docusaurus/types': [ '3.10.1' ],
15 silly audit   'webpack-merge': [ '5.10.0', '6.0.1' ],
15 silly audit   '@docusaurus/utils': [ '3.10.1' ],
15 silly audit   '@docusaurus/utils-common': [ '3.10.1' ],
15 silly audit   '@docusaurus/utils-validation': [ '3.10.1' ],
15 silly audit   '@easyops-cn/autocomplete.js': [ '0.38.1' ],
15 silly audit   '@easyops-cn/docusaurus-search-local': [ '0.55.2' ],
15 silly audit   cheerio: [ '1.2.0', '1.0.0-rc.12' ],
15 silly audit   entities: [ '7.0.1', '4.5.0', '6.0.1', '2.2.0' ],
15 silly audit   'fs-extra': [ '10.1.0', '11.3.5' ],
15 silly audit   htmlparser2: [ '10.1.0', '8.0.2', '6.1.0' ],
15 silly audit   '@emnapi/core': [ '1.10.0' ],
15 silly audit   '@emnapi/runtime': [ '1.10.0' ],
15 silly audit   '@emnapi/wasi-threads': [ '1.2.1' ],
15 silly audit   '@hapi/hoek': [ '9.3.0' ],
15 silly audit   '@hapi/topo': [ '5.1.0' ],
15 silly audit   '@iconify/types': [ '2.0.0' ],
15 silly audit   '@iconify/utils': [ '3.1.3' ],
15 silly audit   '@jest/schemas': [ '29.6.3' ],
15 silly audit   '@jest/types': [ '29.6.3' ],
15 silly audit   '@jridgewell/gen-mapping': [ '0.3.13' ],
15 silly audit   '@jridgewell/remapping': [ '2.3.5' ],
15 silly audit   '@jridgewell/resolve-uri': [ '3.1.2' ],
15 silly audit   '@jridgewell/source-map': [ '0.3.11' ],
15 silly audit   '@jridgewell/sourcemap-codec': [ '1.5.5' ],
15 silly audit   '@jridgewell/trace-mapping': [ '0.3.31' ],
15 silly audit   '@jsonjoy.com/base64': [ '1.1.2', '17.67.0' ],
15 silly audit   '@jsonjoy.com/buffers': [ '17.67.0', '1.2.1' ],
15 silly audit   '@jsonjoy.com/codegen': [ '1.0.0', '17.67.0' ],
15 silly audit   '@jsonjoy.com/fs-core': [ '4.57.3' ],
15 silly audit   '@jsonjoy.com/fs-fsa': [ '4.57.3' ],
15 silly audit   '@jsonjoy.com/fs-node': [ '4.57.3' ],
15 silly audit   '@jsonjoy.com/fs-node-builtins': [ '4.57.3' ],
15 silly audit   '@jsonjoy.com/fs-node-to-fsa': [ '4.57.3' ],
15 silly audit   '@jsonjoy.com/fs-node-utils': [ '4.57.3' ],
15 silly audit   '@jsonjoy.com/fs-print': [ '4.57.3' ],
15 silly audit   '@jsonjoy.com/fs-snapshot': [ '4.57.3' ],
15 silly audit   '@jsonjoy.com/json-pack': [ '17.67.0', '1.21.0' ],
15 silly audit   '@jsonjoy.com/json-pointer': [ '17.67.0', '1.0.2' ],
15 silly audit   '@jsonjoy.com/util': [ '17.67.0', '1.9.0' ],
15 silly audit   '@leichtgewicht/ip-codec': [ '2.0.5' ],
15 silly audit   '@mdx-js/mdx': [ '3.1.1' ],
15 silly audit   '@mdx-js/react': [ '3.1.1' ],
15 silly audit   '@mermaid-js/parser': [ '1.1.1' ],
15 silly audit   '@module-federation/error-codes': [ '0.22.0' ],
15 silly audit   '@module-federation/runtime': [ '0.22.0' ],
15 silly audit   '@module-federation/runtime-core': [ '0.22.0' ],
15 silly audit   '@module-federation/runtime-tools': [ '0.22.0' ],
15 silly audit   '@module-federation/sdk': [ '0.22.0' ],
15 silly audit   '@module-federation/webpack-bundler-runtime': [ '0.22.0' ],
15 silly audit   '@napi-rs/wasm-runtime': [ '1.0.7', '0.2.12' ],
15 silly audit   '@noble/hashes': [ '1.4.0' ],
15 silly audit   '@node-rs/jieba': [ '1.10.4' ],
15 silly audit   '@node-rs/jieba-android-arm-eabi': [ '1.10.4' ],
15 silly audit   '@node-rs/jieba-android-arm64': [ '1.10.4' ],
15 silly audit   '@node-rs/jieba-darwin-arm64': [ '1.10.4' ],
15 silly audit   '@node-rs/jieba-darwin-x64': [ '1.10.4' ],
15 silly audit   '@node-rs/jieba-freebsd-x64': [ '1.10.4' ],
15 silly audit   '@node-rs/jieba-linux-arm-gnueabihf': [ '1.10.4' ],
15 silly audit   '@node-rs/jieba-linux-arm64-gnu': [ '1.10.4' ],
15 silly audit   '@node-rs/jieba-linux-arm64-musl': [ '1.10.4' ],
15 silly audit   '@node-rs/jieba-linux-x64-gnu': [ '1.10.4' ],
15 silly audit   '@node-rs/jieba-linux-x64-musl': [ '1.10.4' ],
15 silly audit   '@node-rs/jieba-wasm32-wasi': [ '1.10.4' ],
15 silly audit   '@node-rs/jieba-win32-arm64-msvc': [ '1.10.4' ],
15 silly audit   '@node-rs/jieba-win32-ia32-msvc': [ '1.10.4' ],
15 silly audit   '@node-rs/jieba-win32-x64-msvc': [ '1.10.4' ],
15 silly audit   '@nodelib/fs.scandir': [ '2.1.5' ],
15 silly audit   '@nodelib/fs.stat': [ '2.0.5' ],
15 silly audit   '@nodelib/fs.walk': [ '1.2.8' ],
15 silly audit   '@peculiar/asn1-cms': [ '2.7.0' ],
15 silly audit   '@peculiar/asn1-csr': [ '2.7.0' ],
15 silly audit   '@peculiar/asn1-ecc': [ '2.7.0' ],
15 silly audit   '@peculiar/asn1-pfx': [ '2.7.0' ],
15 silly audit   '@peculiar/asn1-pkcs8': [ '2.7.0' ],
15 silly audit   '@peculiar/asn1-pkcs9': [ '2.7.0' ],
15 silly audit   '@peculiar/asn1-rsa': [ '2.7.0' ],
15 silly audit   '@peculiar/asn1-schema': [ '2.7.0' ],
15 silly audit   '@peculiar/asn1-x509': [ '2.7.0' ],
15 silly audit   '@peculiar/asn1-x509-attr': [ '2.7.0' ],
15 silly audit   '@peculiar/utils': [ '2.0.3' ],
15 silly audit   '@peculiar/x509': [ '1.14.3' ],
15 silly audit   '@philpl/buble': [ '0.19.7' ],
15 silly audit   acorn: [ '6.4.2', '8.16.0' ],
15 silly audit   'acorn-class-fields': [ '0.2.1' ],
15 silly audit   'acorn-dynamic-import': [ '4.0.0' ],
15 silly audit   'ansi-styles': [ '3.2.1', '4.3.0', '6.2.3' ],
15 silly audit   chalk: [ '2.4.2', '4.1.2', '5.6.2' ],
15 silly audit   'color-convert': [ '1.9.3', '2.0.1' ],
15 silly audit   'color-name': [ '1.1.3', '1.1.4' ],
15 silly audit   'escape-string-regexp': [ '1.0.5', '4.0.0', '5.0.0' ],
15 silly audit   'has-flag': [ '3.0.0', '4.0.0' ],
15 silly audit   jsesc: [ '0.5.0', '3.1.0' ],
15 silly audit   'regenerate-unicode-properties': [ '9.0.0', '10.2.2' ],
15 silly audit   'regexpu-core': [ '4.8.0', '6.4.0' ],
15 silly audit   regjsgen: [ '0.5.2', '0.8.0' ],
15 silly audit   regjsparser: [ '0.7.0', '0.13.1' ],
15 silly audit   'supports-color': [ '5.5.0', '8.1.1', '7.2.0' ],
15 silly audit   '@pnpm/config.env-replace': [ '1.1.0' ],
15 silly audit   '@pnpm/network.ca-file': [ '1.0.2' ],
15 silly audit   'graceful-fs': [ '4.2.10', '4.2.11' ],
15 silly audit   '@pnpm/npm-conf': [ '3.0.2' ],
15 silly audit   '@polka/url': [ '1.0.0-next.29' ],
15 silly audit   '@rspack/binding': [ '1.7.11' ],
15 silly audit   '@rspack/binding-darwin-arm64': [ '1.7.11' ],
15 silly audit   '@rspack/binding-darwin-x64': [ '1.7.11' ],
15 silly audit   '@rspack/binding-linux-arm64-gnu': [ '1.7.11' ],
15 silly audit   '@rspack/binding-linux-arm64-musl': [ '1.7.11' ],
15 silly audit   '@rspack/binding-linux-x64-gnu': [ '1.7.11' ],
15 silly audit   '@rspack/binding-linux-x64-musl': [ '1.7.11' ],
15 silly audit   '@rspack/binding-wasm32-wasi': [ '1.7.11' ],
15 silly audit   '@rspack/binding-win32-arm64-msvc': [ '1.7.11' ],
15 silly audit   '@rspack/binding-win32-ia32-msvc': [ '1.7.11' ],
15 silly audit   '@rspack/binding-win32-x64-msvc': [ '1.7.11' ],
15 silly audit   '@rspack/core': [ '1.7.11' ],
15 silly audit   '@rspack/lite-tapable': [ '1.1.0' ],
15 silly audit   '@sideway/address': [ '4.1.5' ],
15 silly audit   '@sideway/formula': [ '3.0.1' ],
15 silly audit   '@sideway/pinpoint': [ '2.0.0' ],
15 silly audit   '@sinclair/typebox': [ '0.27.10' ],
15 silly audit   '@sindresorhus/is': [ '4.6.0', '5.6.0' ],
15 silly audit   '@slorber/remark-comment': [ '1.0.0' ],
15 silly audit   '@svgr/babel-plugin-add-jsx-attribute': [ '8.0.0' ],
15 silly audit   '@svgr/babel-plugin-remove-jsx-attribute': [ '8.0.0' ],
15 silly audit   '@svgr/babel-plugin-remove-jsx-empty-expression': [ '8.0.0' ],
15 silly audit   '@svgr/babel-plugin-replace-jsx-attribute-value': [ '8.0.0' ],
15 silly audit   '@svgr/babel-plugin-svg-dynamic-title': [ '8.0.0' ],
15 silly audit   '@svgr/babel-plugin-svg-em-dimensions': [ '8.0.0' ],
15 silly audit   '@svgr/babel-plugin-transform-react-native-svg': [ '8.1.0' ],
15 silly audit   '@svgr/babel-plugin-transform-svg-component': [ '8.0.0' ],
15 silly audit   '@svgr/babel-preset': [ '8.1.0' ],
15 silly audit   '@svgr/core': [ '8.1.0' ],
15 silly audit   '@svgr/hast-util-to-babel-ast': [ '8.0.0' ],
15 silly audit   '@svgr/plugin-jsx': [ '8.1.0' ],
15 silly audit   '@svgr/plugin-svgo': [ '8.1.0' ],
15 silly audit   '@svgr/webpack': [ '8.1.0' ],
15 silly audit   '@swc/core': [ '1.15.40' ],
15 silly audit   '@swc/core-darwin-arm64': [ '1.15.40' ],
15 silly audit   '@swc/core-darwin-x64': [ '1.15.40' ],
15 silly audit   '@swc/core-linux-arm-gnueabihf': [ '1.15.40' ],
15 silly audit   '@swc/core-linux-arm64-gnu': [ '1.15.40' ],
15 silly audit   '@swc/core-linux-arm64-musl': [ '1.15.40' ],
15 silly audit   '@swc/core-linux-ppc64-gnu': [ '1.15.40' ],
15 silly audit   '@swc/core-linux-s390x-gnu': [ '1.15.40' ],
15 silly audit   '@swc/core-linux-x64-gnu': [ '1.15.40' ],
15 silly audit   '@swc/core-linux-x64-musl': [ '1.15.40' ],
15 silly audit   '@swc/core-win32-arm64-msvc': [ '1.15.40' ],
15 silly audit   '@swc/core-win32-ia32-msvc': [ '1.15.40' ],
15 silly audit   '@swc/core-win32-x64-msvc': [ '1.15.40' ],
15 silly audit   '@swc/counter': [ '0.1.3' ],
15 silly audit   '@swc/html': [ '1.15.40' ],
15 silly audit   '@swc/html-darwin-arm64': [ '1.15.40' ],
15 silly audit   '@swc/html-darwin-x64': [ '1.15.40' ],
15 silly audit   '@swc/html-linux-arm-gnueabihf': [ '1.15.40' ],
15 silly audit   '@swc/html-linux-arm64-gnu': [ '1.15.40' ],
15 silly audit   '@swc/html-linux-arm64-musl': [ '1.15.40' ],
15 silly audit   '@swc/html-linux-ppc64-gnu': [ '1.15.40' ],
15 silly audit   '@swc/html-linux-s390x-gnu': [ '1.15.40' ],
15 silly audit   '@swc/html-linux-x64-gnu': [ '1.15.40' ],
15 silly audit   '@swc/html-linux-x64-musl': [ '1.15.40' ],
15 silly audit   '@swc/html-win32-arm64-msvc': [ '1.15.40' ],
15 silly audit   '@swc/html-win32-ia32-msvc': [ '1.15.40' ],
15 silly audit   '@swc/html-win32-x64-msvc': [ '1.15.40' ],
15 silly audit   '@swc/types': [ '0.1.26' ],
15 silly audit   '@szmarczak/http-timer': [ '5.0.1' ],
15 silly audit   '@tybys/wasm-util': [ '0.10.2' ],
15 silly audit   '@types/body-parser': [ '1.19.6' ],
15 silly audit   '@types/bonjour': [ '3.5.13' ],
15 silly audit   '@types/connect': [ '3.4.38' ],
15 silly audit   '@types/connect-history-api-fallback': [ '1.5.4' ],
15 silly audit   '@types/d3': [ '7.4.3' ],
15 silly audit   '@types/d3-array': [ '3.2.2' ],
15 silly audit   '@types/d3-axis': [ '3.0.6' ],
15 silly audit   '@types/d3-brush': [ '3.0.6' ],
15 silly audit   '@types/d3-chord': [ '3.0.6' ],
15 silly audit   '@types/d3-color': [ '3.1.3' ],
15 silly audit   '@types/d3-contour': [ '3.0.6' ],
15 silly audit   '@types/d3-delaunay': [ '6.0.4' ],
15 silly audit   '@types/d3-dispatch': [ '3.0.7' ],
15 silly audit   '@types/d3-drag': [ '3.0.7' ],
15 silly audit   '@types/d3-dsv': [ '3.0.7' ],
15 silly audit   '@types/d3-ease': [ '3.0.2' ],
15 silly audit   '@types/d3-fetch': [ '3.0.7' ],
15 silly audit   '@types/d3-force': [ '3.0.10' ],
15 silly audit   '@types/d3-format': [ '3.0.4' ],
15 silly audit   '@types/d3-geo': [ '3.1.0' ],
15 silly audit   '@types/d3-hierarchy': [ '3.1.7' ],
15 silly audit   '@types/d3-interpolate': [ '3.0.4' ],
15 silly audit   '@types/d3-path': [ '3.1.1' ],
15 silly audit   '@types/d3-polygon': [ '3.0.2' ],
15 silly audit   '@types/d3-quadtree': [ '3.0.6' ],
15 silly audit   '@types/d3-random': [ '3.0.3' ],
15 silly audit   '@types/d3-scale': [ '4.0.9' ],
15 silly audit   '@types/d3-scale-chromatic': [ '3.1.0' ],
15 silly audit   '@types/d3-selection': [ '3.0.11' ],
15 silly audit   '@types/d3-shape': [ '3.1.8' ],
15 silly audit   '@types/d3-time': [ '3.0.4' ],
15 silly audit   '@types/d3-time-format': [ '4.0.3' ],
15 silly audit   '@types/d3-timer': [ '3.0.2' ],
15 silly audit   '@types/d3-transition': [ '3.0.9' ],
15 silly audit   '@types/d3-zoom': [ '3.0.8' ],
15 silly audit   '@types/debug': [ '4.1.13' ],
15 silly audit   '@types/estree': [ '1.0.9' ],
15 silly audit   '@types/estree-jsx': [ '1.0.5' ],
15 silly audit   '@types/express': [ '4.17.25' ],
15 silly audit   '@types/express-serve-static-core': [ '4.19.8' ],
15 silly audit   '@types/geojson': [ '7946.0.16' ],
15 silly audit   '@types/gtag.js': [ '0.0.20' ],
15 silly audit   '@types/hast': [ '3.0.4' ],
15 silly audit   '@types/history': [ '4.7.11' ],
15 silly audit   '@types/html-minifier-terser': [ '6.1.0' ],
15 silly audit   '@types/http-cache-semantics': [ '4.2.0' ],
15 silly audit   '@types/http-errors': [ '2.0.5' ],
15 silly audit   '@types/http-proxy': [ '1.17.17' ],
15 silly audit   '@types/istanbul-lib-coverage': [ '2.0.6' ],
15 silly audit   '@types/istanbul-lib-report': [ '3.0.3' ],
15 silly audit   '@types/istanbul-reports': [ '3.0.4' ],
15 silly audit   '@types/json-schema': [ '7.0.15' ],
15 silly audit   '@types/mdast': [ '4.0.4' ],
15 silly audit   '@types/mdx': [ '2.0.13' ],
15 silly audit   '@types/mime': [ '1.3.5' ],
15 silly audit   '@types/ms': [ '2.1.0' ],
15 silly audit   '@types/node': [ '25.9.1', '17.0.45' ],
15 silly audit   '@types/prismjs': [ '1.26.6' ],
15 silly audit   '@types/qs': [ '6.15.1' ],
15 silly audit   '@types/range-parser': [ '1.2.7' ],
15 silly audit   '@types/react': [ '19.2.15' ],
15 silly audit   '@types/react-router': [ '5.1.20' ],
15 silly audit   '@types/react-router-config': [ '5.0.11' ],
15 silly audit   '@types/react-router-dom': [ '5.3.3' ],
15 silly audit   '@types/retry': [ '0.12.2' ],
15 silly audit   '@types/sax': [ '1.2.7' ],
15 silly audit   '@types/send': [ '1.2.1', '0.17.6' ],
15 silly audit   '@types/serve-index': [ '1.9.4' ],
15 silly audit   '@types/serve-static': [ '1.15.10' ],
15 silly audit   '@types/sockjs': [ '0.3.36' ],
15 silly audit   '@types/trusted-types': [ '2.0.7' ],
15 silly audit   '@types/unist': [ '3.0.3', '2.0.11' ],
15 silly audit   '@types/ws': [ '8.18.1' ],
15 silly audit   '@types/yargs': [ '17.0.35' ],
15 silly audit   '@types/yargs-parser': [ '21.0.3' ],
15 silly audit   '@ungap/structured-clone': [ '1.3.1' ],
15 silly audit   '@upsetjs/venn.js': [ '2.0.0' ],
15 silly audit   '@webassemblyjs/ast': [ '1.14.1' ],
15 silly audit   '@webassemblyjs/floating-point-hex-parser': [ '1.13.2' ],
15 silly audit   '@webassemblyjs/helper-api-error': [ '1.13.2' ],
15 silly audit   '@webassemblyjs/helper-buffer': [ '1.14.1' ],
15 silly audit   '@webassemblyjs/helper-numbers': [ '1.13.2' ],
15 silly audit   '@webassemblyjs/helper-wasm-bytecode': [ '1.13.2' ],
15 silly audit   '@webassemblyjs/helper-wasm-section': [ '1.14.1' ],
15 silly audit   '@webassemblyjs/ieee754': [ '1.13.2' ],
15 silly audit   '@webassemblyjs/leb128': [ '1.13.2' ],
15 silly audit   '@webassemblyjs/utf8': [ '1.13.2' ],
15 silly audit   '@webassemblyjs/wasm-edit': [ '1.14.1' ],
15 silly audit   '@webassemblyjs/wasm-gen': [ '1.14.1' ],
15 silly audit   '@webassemblyjs/wasm-opt': [ '1.14.1' ],
15 silly audit   '@webassemblyjs/wasm-parser': [ '1.14.1' ],
15 silly audit   '@webassemblyjs/wast-printer': [ '1.14.1' ],
15 silly audit   '@xtuc/ieee754': [ '1.2.0' ],
15 silly audit   '@xtuc/long': [ '4.2.2' ],
15 silly audit   accepts: [ '1.3.8' ],
15 silly audit   'mime-db': [ '1.52.0', '1.54.0', '1.33.0' ],
15 silly audit   'mime-types': [ '2.1.35', '2.1.18', '3.0.2' ],
15 silly audit   negotiator: [ '0.6.3', '0.6.4' ],
15 silly audit   'acorn-import-phases': [ '1.0.4' ],
15 silly audit   'acorn-jsx': [ '5.3.2' ],
15 silly audit   'acorn-walk': [ '8.3.5' ],
15 silly audit   address: [ '1.2.2' ],
15 silly audit   'aggregate-error': [ '3.1.0' ],
15 silly audit   ajv: [ '8.20.0', '6.15.0' ],
15 silly audit   'ajv-formats': [ '2.1.1' ],
15 silly audit   'ajv-keywords': [ '5.1.0', '3.5.2' ],
15 silly audit   algoliasearch: [ '5.53.0' ],
15 silly audit   'algoliasearch-helper': [ '3.29.1' ],
15 silly audit   'ansi-align': [ '3.0.1' ],
15 silly audit   'emoji-regex': [ '8.0.0', '9.2.2' ],
15 silly audit   'string-width': [ '4.2.3', '5.1.2' ],
15 silly audit   'ansi-html-community': [ '0.0.8' ],
15 silly audit   'ansi-regex': [ '5.0.1', '6.2.2' ],
15 silly audit   ansis: [ '3.17.0' ],
15 silly audit   'any-promise': [ '1.3.0' ],
15 silly audit   anymatch: [ '3.1.3' ],
15 silly audit   arg: [ '5.0.2' ],
15 silly audit   argparse: [ '2.0.1', '1.0.10' ],
15 silly audit   'array-flatten': [ '1.1.1' ],
15 silly audit   'array-union': [ '2.1.0' ],
15 silly audit   asn1js: [ '3.0.10' ],
15 silly audit   astring: [ '1.9.0' ],
15 silly audit   autoprefixer: [ '10.5.0' ],
15 silly audit   'babel-loader': [ '9.2.1' ],
15 silly audit   'babel-plugin-dynamic-import-node': [ '2.3.3' ],
15 silly audit   'babel-plugin-polyfill-corejs2': [ '0.4.17' ],
15 silly audit   'babel-plugin-polyfill-regenerator': [ '0.6.8' ],
15 silly audit   bail: [ '2.0.2' ],
15 silly audit   'balanced-match': [ '1.0.2' ],
15 silly audit   'baseline-browser-mapping': [ '2.10.33' ],
15 silly audit   batch: [ '0.6.1' ],
15 silly audit   'big.js': [ '5.2.2' ],
15 silly audit   'binary-extensions': [ '2.3.0' ],
15 silly audit   'body-parser': [ '1.20.5' ],
15 silly audit   bytes: [ '3.1.2', '3.0.0' ],
15 silly audit   debug: [ '2.6.9', '4.4.3' ],
15 silly audit   ms: [ '2.0.0', '2.1.3' ],
15 silly audit   'bonjour-service': [ '1.4.0' ],
15 silly audit   boolbase: [ '1.0.0' ],
15 silly audit   boxen: [ '6.2.1', '7.1.1' ],
15 silly audit   'brace-expansion': [ '1.1.15', '2.1.1' ],
15 silly audit   braces: [ '3.0.3' ],
15 silly audit   browserslist: [ '4.28.2' ],
15 silly audit   'buffer-from': [ '1.1.2' ],
15 silly audit   'bundle-name': [ '4.1.0' ],
15 silly audit   bytestreamjs: [ '2.0.1' ],
15 silly audit   'cacheable-lookup': [ '7.0.0' ],
15 silly audit   'cacheable-request': [ '10.2.14' ],
15 silly audit   'call-bind': [ '1.0.9' ],
15 silly audit   'call-bind-apply-helpers': [ '1.0.2' ],
15 silly audit   'call-bound': [ '1.0.4' ],
15 silly audit   callsites: [ '3.1.0' ],
15 silly audit   'camel-case': [ '4.1.2' ],
15 silly audit   camelcase: [ '6.3.0', '7.0.1' ],
15 silly audit   'caniuse-api': [ '3.0.0' ],
15 silly audit   'caniuse-lite': [ '1.0.30001793' ],
15 silly audit   ccount: [ '2.0.1' ],
15 silly audit   'char-regex': [ '1.0.2' ],
15 silly audit   'character-entities': [ '2.0.2' ],
15 silly audit   'character-entities-html4': [ '2.1.0' ],
15 silly audit   'character-entities-legacy': [ '3.0.0' ],
15 silly audit   'character-reference-invalid': [ '2.0.1' ],
15 silly audit   'cheerio-select': [ '2.1.0' ],
15 silly audit   chokidar: [ '3.6.0' ],
15 silly audit   'chrome-trace-event': [ '1.0.4' ],
15 silly audit   'ci-info': [ '3.9.0' ],
15 silly audit   'clean-css': [ '5.3.3' ],
15 silly audit   'source-map': [ '0.6.1', '0.7.6' ],
15 silly audit   'clean-stack': [ '2.2.0' ],
15 silly audit   'cli-boxes': [ '3.0.0' ],
15 silly audit   'cli-table3': [ '0.6.5' ],
15 silly audit   'clone-deep': [ '4.0.1' ],
15 silly audit   clsx: [ '2.1.1' ],
15 silly audit   'collapse-white-space': [ '2.1.0' ],
15 silly audit   colord: [ '2.9.3' ],
15 silly audit   colorette: [ '2.0.20' ],
15 silly audit   'combine-promises': [ '1.2.0' ],
15 silly audit   comlink: [ '4.4.2' ],
15 silly audit   'comma-separated-tokens': [ '2.0.3' ],
15 silly audit   commander: [ '5.1.0', '7.2.0', '10.0.1', '8.3.0', '4.1.1', '2.20.3' ],
15 silly audit   'common-path-prefix': [ '3.0.0' ],
15 silly audit   compressible: [ '2.0.18' ],
15 silly audit   compression: [ '1.8.1' ],
15 silly audit   'concat-map': [ '0.0.1' ],
15 silly audit   'config-chain': [ '1.1.13' ],
15 silly audit   ini: [ '1.3.8', '2.0.0' ],
15 silly audit   configstore: [ '6.0.0' ],
15 silly audit   'connect-history-api-fallback': [ '2.0.0' ],
15 silly audit   consola: [ '3.4.2' ],
15 silly audit   'content-disposition': [ '0.5.2', '0.5.4' ],
15 silly audit   'content-type': [ '1.0.5' ],
15 silly audit   'convert-source-map': [ '2.0.0' ],
15 silly audit   cookie: [ '0.7.2' ],
15 silly audit   'cookie-signature': [ '1.0.7' ],
15 silly audit   'copy-text-to-clipboard': [ '3.2.2' ],
15 silly audit   'copy-webpack-plugin': [ '11.0.0' ],
15 silly audit   'glob-parent': [ '6.0.2', '5.1.2' ],
15 silly audit   globby: [ '13.2.2', '11.1.0' ],
15 silly audit   slash: [ '4.0.0', '3.0.0' ],
15 silly audit   'core-js': [ '3.49.0' ],
15 silly audit   'core-js-compat': [ '3.49.0' ],
15 silly audit   'core-util-is': [ '1.0.3' ],
15 silly audit   'cose-base': [ '1.0.3', '2.2.0' ],
15 silly audit   cosmiconfig: [ '8.3.6' ],
15 silly audit   'cross-spawn': [ '7.0.6' ],
15 silly audit   'crypto-random-string': [ '4.0.0' ],
15 silly audit   'type-fest': [ '1.4.0', '2.19.0' ],
15 silly audit   'css-blank-pseudo': [ '7.0.1' ],
15 silly audit   'css-declaration-sorter': [ '7.4.0' ],
15 silly audit   'css-has-pseudo': [ '7.0.3' ],
15 silly audit   'css-loader': [ '6.11.0' ],
15 silly audit   'css-minimizer-webpack-plugin': [ '5.0.1' ],
15 silly audit   'css-prefers-color-scheme': [ '10.0.0' ],
15 silly audit   'css-select': [ '5.2.2', '4.3.0' ],
15 silly audit   'css-tree': [ '2.3.1', '2.2.1' ],
15 silly audit   'css-what': [ '6.2.2' ],
15 silly audit   cssdb: [ '8.9.0' ],
15 silly audit   cssesc: [ '3.0.0' ],
15 silly audit   cssnano: [ '6.1.2' ],
15 silly audit   'cssnano-preset-advanced': [ '6.1.2' ],
15 silly audit   'cssnano-preset-default': [ '6.1.2' ],
15 silly audit   'cssnano-utils': [ '4.0.2' ],
15 silly audit   csso: [ '5.0.5' ],
15 silly audit   'mdn-data': [ '2.0.28', '2.0.30' ],
15 silly audit   csstype: [ '3.2.3' ],
15 silly audit   cytoscape: [ '3.33.4' ],
15 silly audit   'cytoscape-cose-bilkent': [ '4.1.0' ],
15 silly audit   'cytoscape-fcose': [ '2.2.0' ],
15 silly audit   'layout-base': [ '2.0.1', '1.0.2' ],
15 silly audit   d3: [ '7.9.0' ],
15 silly audit   'd3-array': [ '3.2.4', '2.12.1' ],
15 silly audit   'd3-axis': [ '3.0.0' ],
15 silly audit   'd3-brush': [ '3.0.0' ],
15 silly audit   'd3-chord': [ '3.0.1' ],
15 silly audit   'd3-color': [ '3.1.0' ],
15 silly audit   'd3-contour': [ '4.0.2' ],
15 silly audit   'd3-delaunay': [ '6.0.4' ],
15 silly audit   'd3-dispatch': [ '3.0.1' ],
15 silly audit   'd3-drag': [ '3.0.0' ],
15 silly audit   'd3-dsv': [ '3.0.1' ],
15 silly audit   'iconv-lite': [ '0.6.3', '0.4.24' ],
15 silly audit   'd3-ease': [ '3.0.1' ],
15 silly audit   'd3-fetch': [ '3.0.1' ],
15 silly audit   'd3-force': [ '3.0.0' ],
15 silly audit   'd3-format': [ '3.1.2' ],
15 silly audit   'd3-geo': [ '3.1.1' ],
15 silly audit   'd3-hierarchy': [ '3.1.2' ],
15 silly audit   'd3-interpolate': [ '3.0.1' ],
15 silly audit   'd3-path': [ '3.1.0', '1.0.9' ],
15 silly audit   'd3-polygon': [ '3.0.1' ],
15 silly audit   'd3-quadtree': [ '3.0.1' ],
15 silly audit   'd3-random': [ '3.0.1' ],
15 silly audit   'd3-sankey': [ '0.12.3' ],
15 silly audit   'd3-shape': [ '1.3.7', '3.2.0' ],
15 silly audit   internmap: [ '1.0.1', '2.0.3' ],
15 silly audit   'd3-scale': [ '4.0.2' ],
15 silly audit   'd3-scale-chromatic': [ '3.1.0' ],
15 silly audit   'd3-selection': [ '3.0.0' ],
15 silly audit   'd3-time': [ '3.1.0' ],
15 silly audit   'd3-time-format': [ '4.1.0' ],
15 silly audit   'd3-timer': [ '3.0.1' ],
15 silly audit   'd3-transition': [ '3.0.1' ],
15 silly audit   'd3-zoom': [ '3.0.0' ],
15 silly audit   'dagre-d3-es': [ '7.0.14' ],
15 silly audit   dayjs: [ '1.11.21' ],
15 silly audit   debounce: [ '1.2.1' ],
15 silly audit   'decode-named-character-reference': [ '1.3.0' ],
15 silly audit   'decompress-response': [ '6.0.0' ],
15 silly audit   'mimic-response': [ '3.1.0', '4.0.0' ],
15 silly audit   'deep-extend': [ '0.6.0' ],
15 silly audit   deepmerge: [ '4.3.1' ],
15 silly audit   'default-browser': [ '5.5.0' ],
15 silly audit   'default-browser-id': [ '5.0.1' ],
15 silly audit   'defer-to-connect': [ '2.0.1' ],
15 silly audit   'define-data-property': [ '1.1.4' ],
15 silly audit   'define-lazy-prop': [ '2.0.0', '3.0.0' ],
15 silly audit   'define-properties': [ '1.2.1' ],
15 silly audit   delaunator: [ '5.1.0' ],
15 silly audit   depd: [ '2.0.0', '1.1.2' ],
15 silly audit   dequal: [ '2.0.3' ],
15 silly audit   destroy: [ '1.2.0' ],
15 silly audit   'detect-libc': [ '2.1.2' ],
15 silly audit   'detect-node': [ '2.1.0' ],
15 silly audit   'detect-port': [ '1.6.1' ],
15 silly audit   devlop: [ '1.1.0' ],
15 silly audit   'dir-glob': [ '3.0.1' ],
15 silly audit   'dns-packet': [ '5.6.1' ],
15 silly audit   'docusaurus-plugin-llms': [ '0.4.0' ],
15 silly audit   minimatch: [ '9.0.9', '3.1.5' ],
15 silly audit   'docusaurus-remark-plugin-tab-blocks': [ '4.0.0' ],
15 silly audit   'dom-converter': [ '0.2.0' ],
15 silly audit   'dom-serializer': [ '2.0.0', '1.4.1' ],
15 silly audit   domelementtype: [ '2.3.0' ],
15 silly audit   domhandler: [ '5.0.3', '4.3.1' ],
15 silly audit   dompurify: [ '3.4.7' ],
15 silly audit   domutils: [ '3.2.2', '2.8.0' ],
15 silly audit   'dot-case': [ '3.0.4' ],
15 silly audit   'dot-prop': [ '6.0.1' ],
15 silly audit   'is-obj': [ '2.0.0', '1.0.1' ],
15 silly audit   'dunder-proto': [ '1.0.1' ],
15 silly audit   duplexer: [ '0.1.2' ],
15 silly audit   eastasianwidth: [ '0.2.0' ],
15 silly audit   'ee-first': [ '1.1.1' ],
15 silly audit   'electron-to-chromium': [ '1.5.364' ],
15 silly audit   emojilib: [ '2.4.0' ],
15 silly audit   'emojis-list': [ '3.0.0' ],
15 silly audit   emoticon: [ '4.1.0' ],
15 silly audit   encodeurl: [ '2.0.0' ],
15 silly audit   'encoding-sniffer': [ '0.2.1' ],
15 silly audit   'enhanced-resolve': [ '5.22.1' ],
15 silly audit   'error-ex': [ '1.3.4' ],
15 silly audit   'es-define-property': [ '1.0.1' ],
15 silly audit   'es-errors': [ '1.3.0' ],
15 silly audit   'es-module-lexer': [ '2.1.0' ],
15 silly audit   'es-object-atoms': [ '1.1.2' ],
15 silly audit   'es-toolkit': [ '1.47.0' ],
15 silly audit   'esast-util-from-estree': [ '2.0.0' ],
15 silly audit   'esast-util-from-js': [ '2.0.1' ],
15 silly audit   escalade: [ '3.2.0' ],
15 silly audit   'escape-goat': [ '4.0.0' ],
15 silly audit   'escape-html': [ '1.0.3' ],
15 silly audit   'eslint-scope': [ '5.1.1' ],
15 silly audit   esprima: [ '4.0.1' ],
15 silly audit   esrecurse: [ '4.3.0' ],
15 silly audit   estraverse: [ '5.3.0', '4.3.0' ],
15 silly audit   'estree-util-attach-comments': [ '3.0.0' ],
15 silly audit   'estree-util-build-jsx': [ '3.0.1' ],
15 silly audit   'estree-util-is-identifier-name': [ '3.0.0' ],
15 silly audit   'estree-util-scope': [ '1.0.0' ],
15 silly audit   'estree-util-to-js': [ '2.0.0' ],
15 silly audit   'estree-util-value-to-estree': [ '3.5.0' ],
15 silly audit   'estree-util-visit': [ '2.0.0' ],
15 silly audit   'estree-walker': [ '3.0.3' ],
15 silly audit   esutils: [ '2.0.3' ],
15 silly audit   eta: [ '2.2.0' ],
15 silly audit   etag: [ '1.8.1' ],
15 silly audit   eval: [ '0.1.8' ],
15 silly audit   eventemitter3: [ '4.0.7' ],
15 silly audit   events: [ '3.3.0' ],
15 silly audit   execa: [ '5.1.1' ],
15 silly audit   express: [ '4.22.2' ],
15 silly audit   'path-to-regexp': [ '0.1.13', '1.9.0', '3.3.0' ],
15 silly audit   'range-parser': [ '1.2.1', '1.2.0' ],
15 silly audit   extend: [ '3.0.2' ],
15 silly audit   'extend-shallow': [ '2.0.1' ],
15 silly audit   'fast-deep-equal': [ '3.1.3' ],
15 silly audit   'fast-glob': [ '3.3.3' ],
15 silly audit   'fast-json-stable-stringify': [ '2.1.0' ],
15 silly audit   'fast-uri': [ '3.1.2' ],
15 silly audit   fastq: [ '1.20.1' ],
15 silly audit   fault: [ '2.0.1' ],
15 silly audit   'faye-websocket': [ '0.11.4' ],
15 silly audit   feed: [ '4.2.2' ],
15 silly audit   'file-loader': [ '6.2.0' ],
15 silly audit   'json-schema-traverse': [ '0.4.1', '1.0.0' ],
15 silly audit   'schema-utils': [ '3.3.0', '4.3.3' ],
15 silly audit   'fill-range': [ '7.1.1' ],
15 silly audit   finalhandler: [ '1.3.2' ],
15 silly audit   'find-cache-dir': [ '4.0.0' ],
15 silly audit   'find-up': [ '6.3.0' ],
15 silly audit   flat: [ '5.0.2' ],
15 silly audit   'follow-redirects': [ '1.16.0' ],
15 silly audit   'form-data-encoder': [ '2.1.4' ],
15 silly audit   format: [ '0.2.2' ],
15 silly audit   forwarded: [ '0.2.0' ],
15 silly audit   'fraction.js': [ '5.3.4' ],
15 silly audit   fresh: [ '0.5.2' ],
15 silly audit   fsevents: [ '2.3.3' ],
15 silly audit   'function-bind': [ '1.1.2' ],
15 silly audit   gensync: [ '1.0.0-beta.2' ],
15 silly audit   'get-intrinsic': [ '1.3.0' ],
15 silly audit   'get-own-enumerable-property-symbols': [ '3.0.2' ],
15 silly audit   'get-proto': [ '1.0.1' ],
15 silly audit   'get-stream': [ '6.0.1' ],
15 silly audit   'github-slugger': [ '1.5.0' ],
15 silly audit   'glob-to-regex.js': [ '1.2.0' ],
15 silly audit   'glob-to-regexp': [ '0.4.1' ],
15 silly audit   'global-dirs': [ '3.0.1' ],
15 silly audit   gopd: [ '1.2.0' ],
15 silly audit   got: [ '12.6.1' ],
15 silly audit   'gray-matter': [ '4.0.3' ],
15 silly audit   'js-yaml': [ '3.14.2', '4.2.0' ],
15 silly audit   'gzip-size': [ '6.0.0' ],
15 silly audit   'hachure-fill': [ '0.5.2' ],
15 silly audit   'handle-thing': [ '2.0.1' ],
15 silly audit   'has-property-descriptors': [ '1.0.2' ],
15 silly audit   'has-symbols': [ '1.1.0' ],
15 silly audit   'has-yarn': [ '3.0.0' ],
15 silly audit   hasown: [ '2.0.4' ],
15 silly audit   'hast-util-definition-list': [ '2.1.0' ],
15 silly audit   'hast-util-embedded': [ '3.0.0' ],
15 silly audit   'hast-util-from-parse5': [ '8.0.3' ],
15 silly audit   'hast-util-has-property': [ '3.0.0' ],
15 silly audit   'hast-util-is-body-ok-link': [ '3.0.1' ],
15 silly audit   'hast-util-is-element': [ '3.0.0' ],
15 silly audit   'hast-util-minify-whitespace': [ '1.0.1' ],
15 silly audit   'hast-util-parse-selector': [ '4.0.0' ],
15 silly audit   'hast-util-phrasing': [ '3.0.1' ],
15 silly audit   'hast-util-raw': [ '9.1.0' ],
15 silly audit   'hast-util-to-estree': [ '3.1.3' ],
15 silly audit   'hast-util-to-html': [ '9.0.5' ],
15 silly audit   'hast-util-to-jsx-runtime': [ '2.3.6' ],
15 silly audit   'hast-util-to-mdast': [ '10.1.2' ],
15 silly audit   'hast-util-to-parse5': [ '8.0.1' ],
15 silly audit   'hast-util-to-text': [ '4.0.2' ],
15 silly audit   'hast-util-whitespace': [ '3.0.0' ],
15 silly audit   hastscript: [ '9.0.1' ],
15 silly audit   he: [ '1.2.0' ],
15 silly audit   history: [ '4.10.1' ],
15 silly audit   'hoist-non-react-statics': [ '3.3.2' ],
15 silly audit   'hpack.js': [ '2.1.6' ],
15 silly audit   isarray: [ '1.0.0', '0.0.1' ],
15 silly audit   'readable-stream': [ '2.3.8', '3.6.2' ],
15 silly audit   'safe-buffer': [ '5.1.2', '5.2.1' ],
15 silly audit   string_decoder: [ '1.1.1', '1.3.0' ],
15 silly audit   'html-escaper': [ '2.0.2' ],
15 silly audit   'html-minifier-terser': [ '7.2.0', '6.1.0' ],
15 silly audit   'html-tags': [ '3.3.1' ],
15 silly audit   'html-void-elements': [ '3.0.0' ],
15 silly audit   'html-webpack-plugin': [ '5.6.7' ],
15 silly audit   'http-cache-semantics': [ '4.2.0' ],
15 silly audit   'http-deceiver': [ '1.2.7' ],
15 silly audit   'http-errors': [ '2.0.1', '1.8.1' ],
15 silly audit   'http-parser-js': [ '0.5.10' ],
15 silly audit   'http-proxy': [ '1.18.1' ],
15 silly audit   'http-proxy-middleware': [ '2.0.9' ],
15 silly audit   'is-plain-obj': [ '3.0.0', '4.1.0' ],
15 silly audit   'http2-wrapper': [ '2.2.1' ],
15 silly audit   'human-signals': [ '2.1.0' ],
15 silly audit   hyperdyperid: [ '1.2.0' ],
15 silly audit   'icss-utils': [ '5.1.0' ],
15 silly audit   ignore: [ '5.3.2' ],
15 silly audit   'image-size': [ '2.0.2' ],
15 silly audit   immediate: [ '3.3.0' ],
15 silly audit   'import-fresh': [ '3.3.1' ],
15 silly audit   'import-lazy': [ '4.0.0' ],
15 silly audit   'import-meta-resolve': [ '4.2.0' ],
15 silly audit   imurmurhash: [ '0.1.4' ],
15 silly audit   'indent-string': [ '4.0.0' ],
15 silly audit   infima: [ '0.2.0-alpha.45' ],
15 silly audit   inherits: [ '2.0.4' ],
15 silly audit   'inline-style-parser': [ '0.2.7' ],
15 silly audit   invariant: [ '2.2.4' ],
15 silly audit   'ipaddr.js': [ '2.4.0', '1.9.1' ],
15 silly audit   'is-alphabetical': [ '2.0.1' ],
15 silly audit   'is-alphanumerical': [ '2.0.1' ],
15 silly audit   'is-arrayish': [ '0.2.1' ],
15 silly audit   'is-binary-path': [ '2.1.0' ],
15 silly audit   'is-ci': [ '3.0.1' ],
15 silly audit   'is-core-module': [ '2.16.2' ],
15 silly audit   'is-decimal': [ '2.0.1' ],
15 silly audit   'is-docker': [ '2.2.1', '3.0.0' ],
15 silly audit   'is-extendable': [ '0.1.1' ],
15 silly audit   'is-extglob': [ '2.1.1' ],
15 silly audit   'is-fullwidth-code-point': [ '3.0.0' ],
15 silly audit   'is-glob': [ '4.0.3' ],
15 silly audit   'is-hexadecimal': [ '2.0.1' ],
15 silly audit   'is-inside-container': [ '1.0.0' ],
15 silly audit   'is-installed-globally': [ '0.4.0' ],
15 silly audit   'is-network-error': [ '1.3.2' ],
15 silly audit   'is-npm': [ '6.1.0' ],
15 silly audit   'is-number': [ '7.0.0' ],
15 silly audit   'is-path-inside': [ '3.0.3' ],
15 silly audit   'is-plain-object': [ '2.0.4' ],
15 silly audit   'is-regexp': [ '1.0.0' ],
15 silly audit   'is-stream': [ '2.0.1' ],
15 silly audit   'is-typedarray': [ '1.0.0' ],
15 silly audit   'is-wsl': [ '2.2.0', '3.1.1' ],
15 silly audit   'is-yarn-global': [ '0.4.1' ],
15 silly audit   isexe: [ '2.0.0' ],
15 silly audit   isobject: [ '3.0.1' ],
15 silly audit   'jest-util': [ '29.7.0' ],
15 silly audit   'jest-worker': [ '29.7.0', '27.5.1' ],
15 silly audit   jiti: [ '1.21.7' ],
15 silly audit   joi: [ '17.13.3' ],
15 silly audit   'js-tokens': [ '4.0.0' ],
15 silly audit   'json-buffer': [ '3.0.1' ],
15 silly audit   'json-parse-even-better-errors': [ '2.3.1' ],
15 silly audit   json5: [ '2.2.3' ],
15 silly audit   jsonfile: [ '6.2.1' ],
15 silly audit   katex: [ '0.16.47' ],
15 silly audit   keyv: [ '4.5.4' ],
15 silly audit   khroma: [ '2.1.0' ],
15 silly audit   'kind-of': [ '6.0.3' ],
15 silly audit   'klaw-sync': [ '6.0.0' ],
15 silly audit   kleur: [ '3.0.3' ],
15 silly audit   'latest-version': [ '7.0.0' ],
15 silly audit   'launch-editor': [ '2.14.0' ],
15 silly audit   leven: [ '3.1.0' ],
15 silly audit   lightningcss: [ '1.32.0' ],
15 silly audit   'lightningcss-android-arm64': [ '1.32.0' ],
15 silly audit   'lightningcss-darwin-arm64': [ '1.32.0' ],
15 silly audit   'lightningcss-darwin-x64': [ '1.32.0' ],
15 silly audit   'lightningcss-freebsd-x64': [ '1.32.0' ],
15 silly audit   'lightningcss-linux-arm-gnueabihf': [ '1.32.0' ],
15 silly audit   'lightningcss-linux-arm64-gnu': [ '1.32.0' ],
15 silly audit   'lightningcss-linux-arm64-musl': [ '1.32.0' ],
15 silly audit   'lightningcss-linux-x64-gnu': [ '1.32.0' ],
15 silly audit   'lightningcss-linux-x64-musl': [ '1.32.0' ],
15 silly audit   'lightningcss-win32-arm64-msvc': [ '1.32.0' ],
15 silly audit   'lightningcss-win32-x64-msvc': [ '1.32.0' ],
15 silly audit   lilconfig: [ '3.1.3' ],
15 silly audit   'lines-and-columns': [ '1.2.4' ],
15 silly audit   'loader-runner': [ '4.3.2' ],
15 silly audit   'loader-utils': [ '2.0.4' ],
15 silly audit   'locate-path': [ '7.2.0' ],
15 silly audit   lodash: [ '4.18.1' ],
15 silly audit   'lodash-es': [ '4.18.1' ],
15 silly audit   'lodash.debounce': [ '4.0.8' ],
15 silly audit   'lodash.memoize': [ '4.1.2' ],
15 silly audit   'lodash.uniq': [ '4.5.0' ],
15 silly audit   'longest-streak': [ '3.1.0' ],
15 silly audit   'loose-envify': [ '1.4.0' ],
15 silly audit   'lower-case': [ '2.0.2' ],
15 silly audit   'lowercase-keys': [ '3.0.0' ],
15 silly audit   'lru-cache': [ '5.1.1' ],
15 silly audit   lunr: [ '2.3.9' ],
15 silly audit   'lunr-languages': [ '1.20.0' ],
15 silly audit   'magic-string': [ '0.25.9' ],
15 silly audit   'mark.js': [ '8.11.1' ],
15 silly audit   'markdown-extensions': [ '2.0.0' ],
15 silly audit   'markdown-table': [ '3.0.4' ],
15 silly audit   marked: [ '16.4.2' ],
15 silly audit   'math-intrinsics': [ '1.1.0' ],
15 silly audit   'mdast-util-definition-list': [ '2.0.0' ],
15 silly audit   'mdast-util-directive': [ '3.1.0' ],
15 silly audit   'mdast-util-find-and-replace': [ '3.0.2' ],
15 silly audit   'mdast-util-from-markdown': [ '2.0.3' ],
15 silly audit   'micromark-util-symbol': [ '2.0.1', '1.1.0' ],
15 silly audit   'mdast-util-frontmatter': [ '2.0.1' ],
15 silly audit   'mdast-util-gfm': [ '3.1.0' ],
15 silly audit   'mdast-util-gfm-autolink-literal': [ '2.0.1' ],
15 silly audit   'micromark-util-character': [ '2.1.1', '1.2.0' ],
15 silly audit   'mdast-util-gfm-footnote': [ '2.1.0' ],
15 silly audit   'mdast-util-gfm-strikethrough': [ '2.0.0' ],
15 silly audit   'mdast-util-gfm-table': [ '2.0.0' ],
15 silly audit   'mdast-util-gfm-task-list-item': [ '2.0.0' ],
15 silly audit   'mdast-util-mdx': [ '3.0.0' ],
15 silly audit   'mdast-util-mdx-expression': [ '2.0.1' ],
15 silly audit   'mdast-util-mdx-jsx': [ '3.2.0' ],
15 silly audit   'mdast-util-mdxjs-esm': [ '2.0.1' ],
15 silly audit   'mdast-util-phrasing': [ '4.1.0' ],
15 silly audit   'mdast-util-to-hast': [ '13.2.1' ],
15 silly audit   'mdast-util-to-markdown': [ '2.1.2' ],
15 silly audit   'mdast-util-to-string': [ '4.0.0' ],
15 silly audit   'media-typer': [ '0.3.0' ],
15 silly audit   memfs: [ '4.57.3' ],
15 silly audit   'merge-descriptors': [ '1.0.3' ],
15 silly audit   'merge-stream': [ '2.0.0' ],
15 silly audit   merge2: [ '1.4.1' ],
15 silly audit   mermaid: [ '11.15.0' ],
15 silly audit   uuid: [ '14.0.0', '8.3.2' ],
15 silly audit   methods: [ '1.1.2' ],
15 silly audit   micromark: [ '4.0.2' ],
15 silly audit   'micromark-core-commonmark': [ '2.0.3' ],
15 silly audit   'micromark-factory-space': [ '2.0.1', '1.1.0' ],
15 silly audit   'micromark-extension-definition-list': [ '2.0.1' ],
15 silly audit   'micromark-extension-directive': [ '3.0.2' ],
15 silly audit   'micromark-extension-frontmatter': [ '2.0.0' ],
15 silly audit   'micromark-extension-gfm': [ '3.0.0' ],
15 silly audit   'micromark-extension-gfm-autolink-literal': [ '2.1.0' ],
15 silly audit   'micromark-extension-gfm-footnote': [ '2.1.0' ],
15 silly audit   'micromark-extension-gfm-strikethrough': [ '2.1.0' ],
15 silly audit   'micromark-extension-gfm-table': [ '2.1.1' ],
15 silly audit   'micromark-extension-gfm-tagfilter': [ '2.0.0' ],
15 silly audit   'micromark-extension-gfm-task-list-item': [ '2.1.0' ],
15 silly audit   'micromark-extension-mdx-expression': [ '3.0.1' ],
15 silly audit   'micromark-extension-mdx-jsx': [ '3.0.2' ],
15 silly audit   'micromark-extension-mdx-md': [ '2.0.0' ],
15 silly audit   'micromark-extension-mdxjs': [ '3.0.0' ],
15 silly audit   'micromark-extension-mdxjs-esm': [ '3.0.0' ],
15 silly audit   'micromark-factory-destination': [ '2.0.1' ],
15 silly audit   'micromark-factory-label': [ '2.0.1' ],
15 silly audit   'micromark-factory-mdx-expression': [ '2.0.3' ],
15 silly audit   'micromark-util-types': [ '1.1.0', '2.0.2' ],
15 silly audit   'micromark-factory-title': [ '2.0.1' ],
15 silly audit   'micromark-factory-whitespace': [ '2.0.1' ],
15 silly audit   'micromark-util-chunked': [ '2.0.1' ],
15 silly audit   'micromark-util-classify-character': [ '2.0.1' ],
15 silly audit   'micromark-util-combine-extensions': [ '2.0.1' ],
15 silly audit   'micromark-util-decode-numeric-character-reference': [ '2.0.2' ],
15 silly audit   'micromark-util-decode-string': [ '2.0.1' ],
15 silly audit   'micromark-util-encode': [ '2.0.1' ],
15 silly audit   'micromark-util-events-to-acorn': [ '2.0.3' ],
15 silly audit   'micromark-util-html-tag-name': [ '2.0.1' ],
15 silly audit   'micromark-util-normalize-identifier': [ '2.0.1' ],
15 silly audit   'micromark-util-resolve-all': [ '2.0.1' ],
15 silly audit   'micromark-util-sanitize-uri': [ '2.0.1' ],
15 silly audit   'micromark-util-subtokenize': [ '2.1.0' ],
15 silly audit   micromatch: [ '4.0.8' ],
15 silly audit   mime: [ '1.6.0' ],
15 silly audit   'mimic-fn': [ '2.1.0' ],
15 silly audit   'mini-css-extract-plugin': [ '2.10.2' ],
15 silly audit   'minimalistic-assert': [ '1.0.1' ],
15 silly audit   minimist: [ '1.2.8' ],
15 silly audit   mrmime: [ '2.0.1' ],
15 silly audit   'multicast-dns': [ '7.2.5' ],
15 silly audit   mz: [ '2.7.0' ],
15 silly audit   nanoid: [ '3.3.12' ],
15 silly audit   'neo-async': [ '2.6.2' ],
15 silly audit   'no-case': [ '3.0.4' ],
15 silly audit   'node-emoji': [ '2.2.0' ],
15 silly audit   'node-releases': [ '2.0.46' ],
15 silly audit   'normalize-path': [ '3.0.0' ],
15 silly audit   'normalize-url': [ '8.1.1' ],
15 silly audit   'npm-run-path': [ '4.0.1' ],
15 silly audit   nprogress: [ '0.2.0' ],
15 silly audit   'nth-check': [ '2.1.1' ],
15 silly audit   'null-loader': [ '4.0.1' ],
15 silly audit   'object-assign': [ '4.1.1' ],
15 silly audit   'object-inspect': [ '1.13.4' ],
15 silly audit   'object-keys': [ '1.1.1' ],
15 silly audit   'object.assign': [ '4.1.7' ],
15 silly audit   obuf: [ '1.1.2' ],
15 silly audit   'on-finished': [ '2.4.1' ],
15 silly audit   'on-headers': [ '1.1.0' ],
15 silly audit   onetime: [ '5.1.2' ],
15 silly audit   open: [ '8.4.2', '10.2.0' ],
15 silly audit   opener: [ '1.5.2' ],
15 silly audit   'os-homedir': [ '1.0.2' ],
15 silly audit   'p-cancelable': [ '3.0.0' ],
15 silly audit   'p-finally': [ '1.0.0' ],
15 silly audit   'p-limit': [ '4.0.0' ],
15 silly audit   'p-locate': [ '6.0.0' ],
15 silly audit   'p-map': [ '4.0.0' ],
15 silly audit   'p-queue': [ '6.6.2' ],
15 silly audit   'p-retry': [ '6.2.1' ],
15 silly audit   'p-timeout': [ '3.2.0' ],
15 silly audit   'package-json': [ '8.1.1' ],
15 silly audit   'package-manager-detector': [ '1.6.0' ],
15 silly audit   'param-case': [ '3.0.4' ],
15 silly audit   'parent-module': [ '1.0.1' ],
15 silly audit   'parse-entities': [ '4.0.2' ],
15 silly audit   'parse-json': [ '5.2.0' ],
15 silly audit   'parse-numeric-range': [ '1.3.0' ],
15 silly audit   parse5: [ '7.3.0' ],
15 silly audit   'parse5-htmlparser2-tree-adapter': [ '7.1.0' ],
15 silly audit   'parse5-parser-stream': [ '7.1.2' ],
15 silly audit   parseurl: [ '1.3.3' ],
15 silly audit   'pascal-case': [ '3.1.2' ],
15 silly audit   'path-data-parser': [ '0.1.0' ],
15 silly audit   'path-exists': [ '5.0.0' ],
15 silly audit   'path-is-inside': [ '1.0.2' ],
15 silly audit   'path-key': [ '3.1.1' ],
15 silly audit   'path-parse': [ '1.0.7' ],
15 silly audit   'path-type': [ '4.0.0' ],
15 silly audit   picocolors: [ '1.1.1' ],
15 silly audit   picomatch: [ '2.3.2', '4.0.4' ],
15 silly audit   pirates: [ '4.0.7' ],
15 silly audit   'pkg-dir': [ '7.0.0' ],
15 silly audit   pkijs: [ '3.4.0' ],
15 silly audit   'points-on-curve': [ '0.2.0' ],
15 silly audit   'points-on-path': [ '0.2.1' ],
15 silly audit   postcss: [ '8.5.15' ],
15 silly audit   'postcss-attribute-case-insensitive': [ '7.0.1' ],
15 silly audit   'postcss-calc': [ '9.0.1' ],
15 silly audit   'postcss-clamp': [ '4.1.0' ],
15 silly audit   'postcss-color-functional-notation': [ '7.0.12' ],
15 silly audit   'postcss-color-hex-alpha': [ '10.0.0' ],
15 silly audit   'postcss-color-rebeccapurple': [ '10.0.0' ],
15 silly audit   'postcss-colormin': [ '6.1.0' ],
15 silly audit   'postcss-convert-values': [ '6.1.0' ],
15 silly audit   'postcss-custom-media': [ '11.0.6' ],
15 silly audit   'postcss-custom-properties': [ '14.0.6' ],
15 silly audit   'postcss-custom-selectors': [ '8.0.5' ],
15 silly audit   'postcss-dir-pseudo-class': [ '9.0.1' ],
15 silly audit   'postcss-discard-comments': [ '6.0.2' ],
15 silly audit   'postcss-discard-duplicates': [ '6.0.3' ],
15 silly audit   'postcss-discard-empty': [ '6.0.3' ],
15 silly audit   'postcss-discard-overridden': [ '6.0.2' ],
15 silly audit   'postcss-discard-unused': [ '6.0.5' ],
15 silly audit   'postcss-double-position-gradients': [ '6.0.4' ],
15 silly audit   'postcss-focus-visible': [ '10.0.1' ],
15 silly audit   'postcss-focus-within': [ '9.0.1' ],
15 silly audit   'postcss-font-variant': [ '5.0.0' ],
15 silly audit   'postcss-gap-properties': [ '6.0.0' ],
15 silly audit   'postcss-image-set-function': [ '7.0.0' ],
15 silly audit   'postcss-lab-function': [ '7.0.12' ],
15 silly audit   'postcss-loader': [ '7.3.4' ],
15 silly audit   'postcss-logical': [ '8.1.0' ],
15 silly audit   'postcss-merge-idents': [ '6.0.3' ],
15 silly audit   'postcss-merge-longhand': [ '6.0.5' ],
15 silly audit   'postcss-merge-rules': [ '6.1.1' ],
15 silly audit   'postcss-minify-font-values': [ '6.1.0' ],
15 silly audit   'postcss-minify-gradients': [ '6.0.3' ],
15 silly audit   'postcss-minify-params': [ '6.1.0' ],
15 silly audit   'postcss-minify-selectors': [ '6.0.4' ],
15 silly audit   'postcss-modules-extract-imports': [ '3.1.0' ],
15 silly audit   'postcss-modules-local-by-default': [ '4.2.0' ],
15 silly audit   'postcss-modules-scope': [ '3.2.1' ],
15 silly audit   'postcss-modules-values': [ '4.0.0' ],
15 silly audit   'postcss-nesting': [ '13.0.2' ],
15 silly audit   '@csstools/selector-resolve-nested': [ '3.1.0' ],
15 silly audit   'postcss-normalize-charset': [ '6.0.2' ],
15 silly audit   'postcss-normalize-display-values': [ '6.0.2' ],
15 silly audit   'postcss-normalize-positions': [ '6.0.2' ],
15 silly audit   'postcss-normalize-repeat-style': [ '6.0.2' ],
15 silly audit   'postcss-normalize-string': [ '6.0.2' ],
15 silly audit   'postcss-normalize-timing-functions': [ '6.0.2' ],
15 silly audit   'postcss-normalize-unicode': [ '6.1.0' ],
15 silly audit   'postcss-normalize-url': [ '6.0.2' ],
15 silly audit   'postcss-normalize-whitespace': [ '6.0.2' ],
15 silly audit   'postcss-opacity-percentage': [ '3.0.0' ],
15 silly audit   'postcss-ordered-values': [ '6.0.2' ],
15 silly audit   'postcss-overflow-shorthand': [ '6.0.0' ],
15 silly audit   'postcss-page-break': [ '3.0.4' ],
15 silly audit   'postcss-place': [ '10.0.0' ],
15 silly audit   'postcss-preset-env': [ '10.6.1' ],
15 silly audit   'postcss-pseudo-class-any-link': [ '10.0.1' ],
15 silly audit   'postcss-reduce-idents': [ '6.0.3' ],
15 silly audit   'postcss-reduce-initial': [ '6.1.0' ],
15 silly audit   'postcss-reduce-transforms': [ '6.0.2' ],
15 silly audit   'postcss-replace-overflow-wrap': [ '4.0.0' ],
15 silly audit   'postcss-selector-not': [ '8.0.1' ],
15 silly audit   'postcss-sort-media-queries': [ '5.2.0' ],
15 silly audit   'postcss-svgo': [ '6.0.3' ],
15 silly audit   'postcss-unique-selectors': [ '6.0.4' ],
15 silly audit   'postcss-value-parser': [ '4.2.0' ],
15 silly audit   'postcss-zindex': [ '6.0.2' ],
15 silly audit   'pretty-error': [ '4.0.0' ],
15 silly audit   'pretty-time': [ '1.1.0' ],
15 silly audit   'prism-react-renderer': [ '2.4.1' ],
15 silly audit   prismjs: [ '1.30.0' ],
15 silly audit   'process-nextick-args': [ '2.0.1' ],
15 silly audit   prompts: [ '2.4.2' ],
15 silly audit   'prop-types': [ '15.8.1' ],
15 silly audit   'property-information': [ '7.1.0' ],
15 silly audit   'proto-list': [ '1.2.4' ],
15 silly audit   'proxy-addr': [ '2.0.7' ],
15 silly audit   punycode: [ '2.3.1' ],
15 silly audit   pupa: [ '3.3.0' ],
15 silly audit   pvtsutils: [ '1.3.6' ],
15 silly audit   pvutils: [ '1.1.5' ],
15 silly audit   qs: [ '6.15.2' ],
15 silly audit   'queue-microtask': [ '1.2.3' ],
15 silly audit   'quick-lru': [ '5.1.1' ],
15 silly audit   randombytes: [ '2.1.0' ],
15 silly audit   'raw-body': [ '2.5.3' ],
15 silly audit   rc: [ '1.2.8' ],
15 silly audit   'strip-json-comments': [ '2.0.1', '3.1.1' ],
15 silly audit   react: [ '19.2.6' ],
15 silly audit   'react-dom': [ '19.2.6' ],
15 silly audit   'react-fast-compare': [ '3.2.2' ],
15 silly audit   '@slorber/react-helmet-async': [ '1.3.0' ],
15 silly audit   'react-is': [ '16.13.1' ],
15 silly audit   'react-json-view-lite': [ '2.5.0' ],
15 silly audit   'react-live': [ '4.1.8' ],
15 silly audit   '@docusaurus/react-loadable': [ '6.0.0' ],
15 silly audit   'react-loadable-ssr-addon-v5-slorber': [ '1.0.3' ],
15 silly audit   'react-router': [ '5.3.4' ],
15 silly audit   'react-router-config': [ '5.1.1' ],
15 silly audit   'react-router-dom': [ '5.3.4' ],
15 silly audit   readdirp: [ '3.6.0' ],
15 silly audit   'recma-build-jsx': [ '1.0.0' ],
15 silly audit   'recma-jsx': [ '1.0.1' ],
15 silly audit   'recma-parse': [ '1.0.0' ],
15 silly audit   'recma-stringify': [ '1.0.0' ],
15 silly audit   'reflect-metadata': [ '0.2.2' ],
15 silly audit   regenerate: [ '1.4.2' ],
15 silly audit   'registry-auth-token': [ '5.1.1' ],
15 silly audit   'registry-url': [ '6.0.1' ],
15 silly audit   'rehype-minify-whitespace': [ '6.0.2' ],
15 silly audit   'rehype-raw': [ '7.0.0' ],
15 silly audit   'rehype-recma': [ '1.0.0' ],
15 silly audit   relateurl: [ '0.2.7' ],
15 silly audit   'remark-definition-list': [ '2.0.0' ],
15 silly audit   'remark-directive': [ '3.0.1' ],
15 silly audit   'remark-emoji': [ '4.0.1' ],
15 silly audit   'remark-frontmatter': [ '5.0.0' ],
15 silly audit   'remark-gfm': [ '4.0.1' ],
15 silly audit   'remark-mdx': [ '3.1.1' ],
15 silly audit   'remark-parse': [ '11.0.0' ],
15 silly audit   'remark-rehype': [ '11.1.2' ],
15 silly audit   'remark-stringify': [ '11.0.0' ],
15 silly audit   renderkid: [ '3.0.0' ],
15 silly audit   'require-from-string': [ '2.0.2' ],
15 silly audit   'require-like': [ '0.1.2' ],
15 silly audit   'requires-port': [ '1.0.0' ],
15 silly audit   resolve: [ '1.22.12' ],
15 silly audit   'resolve-alpn': [ '1.2.1' ],
15 silly audit   'resolve-from': [ '4.0.0' ],
15 silly audit   'resolve-pathname': [ '3.0.0' ],
15 silly audit   responselike: [ '3.0.0' ],
15 silly audit   retry: [ '0.13.1' ],
15 silly audit   reusify: [ '1.1.0' ],
15 silly audit   'robust-predicates': [ '3.0.3' ],
15 silly audit   roughjs: [ '4.6.6' ],
15 silly audit   rtlcss: [ '4.3.0' ],
15 silly audit   'run-applescript': [ '7.1.0' ],
15 silly audit   'run-parallel': [ '1.2.0' ],
15 silly audit   rw: [ '1.3.3' ],
15 silly audit   'safer-buffer': [ '2.1.2' ],
15 silly audit   sax: [ '1.6.0' ],
15 silly audit   scheduler: [ '0.27.0' ],
15 silly audit   'schema-dts': [ '1.1.5' ],
15 silly audit   'search-insights': [ '2.17.3' ],
15 silly audit   'section-matter': [ '1.0.0' ],
15 silly audit   'select-hose': [ '2.0.0' ],
15 silly audit   selfsigned: [ '5.5.0' ],
15 silly audit   'semver-diff': [ '4.0.0' ],
15 silly audit   send: [ '0.19.2' ],
15 silly audit   'serialize-javascript': [ '6.0.2' ],
15 silly audit   'serve-handler': [ '6.1.7' ],
15 silly audit   'serve-index': [ '1.9.2' ],
15 silly audit   statuses: [ '1.5.0', '2.0.2' ],
15 silly audit   'serve-static': [ '1.16.3' ],
15 silly audit   'set-function-length': [ '1.2.2' ],
15 silly audit   setprototypeof: [ '1.2.0' ],
15 silly audit   'shallow-clone': [ '3.0.1' ],
15 silly audit   shallowequal: [ '1.1.0' ],
15 silly audit   'shebang-command': [ '2.0.0' ],
15 silly audit   'shebang-regex': [ '3.0.0' ],
15 silly audit   'shell-quote': [ '1.8.4' ],
15 silly audit   'side-channel': [ '1.1.0' ],
15 silly audit   'side-channel-list': [ '1.0.1' ],
15 silly audit   'side-channel-map': [ '1.0.1' ],
15 silly audit   'side-channel-weakmap': [ '1.0.2' ],
15 silly audit   'signal-exit': [ '3.0.7' ],
15 silly audit   sirv: [ '2.0.4' ],
15 silly audit   sisteransi: [ '1.0.5' ],
15 silly audit   sitemap: [ '7.1.3' ],
15 silly audit   'skin-tone': [ '2.0.0' ],
15 silly audit   'snake-case': [ '3.0.4' ],
15 silly audit   sockjs: [ '0.3.24' ],
15 silly audit   'sort-css-media-queries': [ '2.2.0' ],
15 silly audit   'source-map-js': [ '1.2.1' ],
15 silly audit   'source-map-support': [ '0.5.21' ],
15 silly audit   'sourcemap-codec': [ '1.4.8' ],
15 silly audit   'space-separated-tokens': [ '2.0.2' ],
15 silly audit   spdy: [ '4.0.2' ],
15 silly audit   'spdy-transport': [ '3.0.0' ],
15 silly audit   'sprintf-js': [ '1.0.3' ],
15 silly audit   srcset: [ '4.0.0' ],
15 silly audit   'std-env': [ '3.10.0' ],
15 silly audit   'strip-ansi': [ '7.2.0', '6.0.1' ],
15 silly audit   'stringify-entities': [ '4.0.4' ],
15 silly audit   'stringify-object': [ '3.3.0' ],
15 silly audit   'strip-bom-string': [ '1.0.0' ],
15 silly audit   'strip-final-newline': [ '2.0.0' ],
15 silly audit   'style-to-js': [ '1.1.21' ],
15 silly audit   'style-to-object': [ '1.0.14' ],
15 silly audit   stylehacks: [ '6.1.1' ],
15 silly audit   stylis: [ '4.4.0' ],
15 silly audit   sucrase: [ '3.35.1' ],
15 silly audit   'supports-preserve-symlinks-flag': [ '1.0.0' ],
15 silly audit   'svg-parser': [ '2.0.4' ],
15 silly audit   svgo: [ '3.3.3' ],
15 silly audit   'swc-loader': [ '0.2.7' ],
15 silly audit   tapable: [ '2.3.3' ],
15 silly audit   terser: [ '5.48.0' ],
15 silly audit   'terser-webpack-plugin': [ '5.6.1' ],
15 silly audit   thenify: [ '3.3.1' ],
15 silly audit   'thenify-all': [ '1.6.0' ],
15 silly audit   thingies: [ '2.6.0' ],
15 silly audit   thunky: [ '1.1.0' ],
15 silly audit   'tiny-invariant': [ '1.3.3' ],
15 silly audit   'tiny-warning': [ '1.0.3' ],
15 silly audit   tinyexec: [ '1.2.4' ],
15 silly audit   tinyglobby: [ '0.2.17' ],
15 silly audit   fdir: [ '6.5.0' ],
15 silly audit   tinypool: [ '1.1.1' ],
15 silly audit   'to-regex-range': [ '5.0.1' ],
15 silly audit   toidentifier: [ '1.0.1' ],
15 silly audit   totalist: [ '3.0.1' ],
15 silly audit   'tree-dump': [ '1.1.0' ],
15 silly audit   'trim-lines': [ '3.0.1' ],
15 silly audit   'trim-trailing-lines': [ '2.1.0' ],
15 silly audit   trough: [ '2.2.0' ],
15 silly audit   'ts-dedent': [ '2.2.0' ],
15 silly audit   'ts-interface-checker': [ '0.1.13' ],
15 silly audit   tslib: [ '2.8.1', '1.14.1' ],
15 silly audit   tsyringe: [ '4.10.0' ],
15 silly audit   'type-is': [ '1.6.18' ],
15 silly audit   'typedarray-to-buffer': [ '3.1.5' ],
15 silly audit   typescript: [ '6.0.3' ],
15 silly audit   undici: [ '7.27.0' ],
15 silly audit   'undici-types': [ '7.24.6' ],
15 silly audit   'unicode-canonical-property-names-ecmascript': [ '2.0.1' ],
15 silly audit   'unicode-emoji-modifier-base': [ '1.0.0' ],
15 silly audit   'unicode-match-property-ecmascript': [ '2.0.0' ],
15 silly audit   'unicode-match-property-value-ecmascript': [ '2.2.1' ],
15 silly audit   'unicode-property-aliases-ecmascript': [ '2.2.0' ],
15 silly audit   unified: [ '11.0.5' ],
15 silly audit   'unique-string': [ '3.0.0' ],
15 silly audit   'unist-builder': [ '4.0.0' ],
15 silly audit   'unist-util-find-after': [ '5.0.0' ],
15 silly audit   'unist-util-is': [ '6.0.1' ],
15 silly audit   'unist-util-position': [ '5.0.0' ],
15 silly audit   'unist-util-position-from-estree': [ '2.0.0' ],
15 silly audit   'unist-util-stringify-position': [ '4.0.0' ],
15 silly audit   'unist-util-visit': [ '5.1.0' ],
15 silly audit   'unist-util-visit-parents': [ '6.0.2' ],
15 silly audit   universalify: [ '2.0.1' ],
15 silly audit   unpipe: [ '1.0.0' ],
15 silly audit   'update-browserslist-db': [ '1.2.3' ],
15 silly audit   'update-notifier': [ '6.0.2' ],
15 silly audit   'uri-js': [ '4.4.1' ],
15 silly audit   'url-loader': [ '4.1.1' ],
15 silly audit   'use-editable': [ '2.3.3' ],
15 silly audit   'util-deprecate': [ '1.0.2' ],
15 silly audit   utila: [ '0.4.0' ],
15 silly audit   'utility-types': [ '3.11.0' ],
15 silly audit   'utils-merge': [ '1.0.1' ],
15 silly audit   'value-equal': [ '1.0.1' ],
15 silly audit   vary: [ '1.1.2' ],
15 silly audit   vfile: [ '6.0.3' ],
15 silly audit   'vfile-location': [ '5.0.3' ],
15 silly audit   'vfile-message': [ '4.0.3' ],
15 silly audit   watchpack: [ '2.5.1' ],
15 silly audit   wbuf: [ '1.7.3' ],
15 silly audit   'web-namespaces': [ '2.0.1' ],
15 silly audit   webpack: [ '5.107.2' ],
15 silly audit   'webpack-bundle-analyzer': [ '4.10.2' ],
15 silly audit   'webpack-dev-middleware': [ '7.4.5' ],
15 silly audit   'webpack-dev-server': [ '5.2.4' ],
15 silly audit   ws: [ '8.21.0', '7.5.11' ],
15 silly audit   'webpack-sources': [ '3.5.0' ],
15 silly audit   webpackbar: [ '7.0.0' ],
15 silly audit   'websocket-driver': [ '0.7.4' ],
15 silly audit   'websocket-extensions': [ '0.1.4' ],
15 silly audit   'whatwg-encoding': [ '3.1.1' ],
15 silly audit   'whatwg-mimetype': [ '4.0.0' ],
15 silly audit   which: [ '2.0.2' ],
15 silly audit   'widest-line': [ '4.0.1' ],
15 silly audit   wildcard: [ '2.0.1' ],
15 silly audit   'wrap-ansi': [ '8.1.0' ],
15 silly audit   'write-file-atomic': [ '3.0.3' ],
15 silly audit   'wsl-utils': [ '0.1.0' ],
15 silly audit   'xdg-basedir': [ '5.1.0' ],
15 silly audit   'xml-js': [ '1.6.11' ],
15 silly audit   yallist: [ '3.1.1' ],
15 silly audit   yaml: [ '2.9.0' ],
15 silly audit   'yocto-queue': [ '1.2.2' ],
15 silly audit   zwitch: [ '2.0.4' ]
15 silly audit }
16 verbose reify failed optional dependency /Users/chenhan/Desktop/Git/WSDoc/node_modules/lightningcss-win32-x64-msvc
17 silly reify mark deleted [
17 silly reify   '/Users/chenhan/Desktop/Git/WSDoc/node_modules/lightningcss-win32-x64-msvc'
17 silly reify ]
18 verbose reify failed optional dependency /Users/chenhan/Desktop/Git/WSDoc/node_modules/lightningcss-win32-arm64-msvc
19 silly reify mark deleted [
19 silly reify   '/Users/chenhan/Desktop/Git/WSDoc/node_modules/lightningcss-win32-arm64-msvc'
19 silly reify ]
20 verbose reify failed optional dependency /Users/chenhan/Desktop/Git/WSDoc/node_modules/lightningcss-linux-x64-musl
21 silly reify mark deleted [
21 silly reify   '/Users/chenhan/Desktop/Git/WSDoc/node_modules/lightningcss-linux-x64-musl'
21 silly reify ]
22 verbose reify failed optional dependency /Users/chenhan/Desktop/Git/WSDoc/node_modules/lightningcss-linux-x64-gnu
23 silly reify mark deleted [
23 silly reify   '/Users/chenhan/Desktop/Git/WSDoc/node_modules/lightningcss-linux-x64-gnu'
23 silly reify ]
24 verbose reify failed optional dependency /Users/chenhan/Desktop/Git/WSDoc/node_modules/lightningcss-linux-arm64-musl
25 silly reify mark deleted [
25 silly reify   '/Users/chenhan/Desktop/Git/WSDoc/node_modules/lightningcss-linux-arm64-musl'
25 silly reify ]
26 verbose reify failed optional dependency /Users/chenhan/Desktop/Git/WSDoc/node_modules/lightningcss-linux-arm64-gnu
27 silly reify mark deleted [
27 silly reify   '/Users/chenhan/Desktop/Git/WSDoc/node_modules/lightningcss-linux-arm64-gnu'
27 silly reify ]
28 verbose reify failed optional dependency /Users/chenhan/Desktop/Git/WSDoc/node_modules/lightningcss-linux-arm-gnueabihf
29 silly reify mark deleted [
29 silly reify   '/Users/chenhan/Desktop/Git/WSDoc/node_modules/lightningcss-linux-arm-gnueabihf'
29 silly reify ]
30 verbose reify failed optional dependency /Users/chenhan/Desktop/Git/WSDoc/node_modules/lightningcss-freebsd-x64
31 silly reify mark deleted [
31 silly reify   '/Users/chenhan/Desktop/Git/WSDoc/node_modules/lightningcss-freebsd-x64'
31 silly reify ]
32 verbose reify failed optional dependency /Users/chenhan/Desktop/Git/WSDoc/node_modules/lightningcss-darwin-x64
33 silly reify mark deleted [
33 silly reify   '/Users/chenhan/Desktop/Git/WSDoc/node_modules/lightningcss-darwin-x64'
33 silly reify ]
34 verbose reify failed optional dependency /Users/chenhan/Desktop/Git/WSDoc/node_modules/lightningcss-android-arm64
35 silly reify mark deleted [
35 silly reify   '/Users/chenhan/Desktop/Git/WSDoc/node_modules/lightningcss-android-arm64'
35 silly reify ]
36 verbose reify failed optional dependency /Users/chenhan/Desktop/Git/WSDoc/node_modules/@swc/html-win32-x64-msvc
37 silly reify mark deleted [
37 silly reify   '/Users/chenhan/Desktop/Git/WSDoc/node_modules/@swc/html-win32-x64-msvc'
37 silly reify ]
38 verbose reify failed optional dependency /Users/chenhan/Desktop/Git/WSDoc/node_modules/@swc/html-win32-ia32-msvc
39 silly reify mark deleted [
39 silly reify   '/Users/chenhan/Desktop/Git/WSDoc/node_modules/@swc/html-win32-ia32-msvc'
39 silly reify ]
40 verbose reify failed optional dependency /Users/chenhan/Desktop/Git/WSDoc/node_modules/@swc/html-win32-arm64-msvc
41 silly reify mark deleted [
41 silly reify   '/Users/chenhan/Desktop/Git/WSDoc/node_modules/@swc/html-win32-arm64-msvc'
41 silly reify ]
42 verbose reify failed optional dependency /Users/chenhan/Desktop/Git/WSDoc/node_modules/@swc/html-linux-x64-musl
43 silly reify mark deleted [
43 silly reify   '/Users/chenhan/Desktop/Git/WSDoc/node_modules/@swc/html-linux-x64-musl'
43 silly reify ]
44 verbose reify failed optional dependency /Users/chenhan/Desktop/Git/WSDoc/node_modules/@swc/html-linux-x64-gnu
45 silly reify mark deleted [
45 silly reify   '/Users/chenhan/Desktop/Git/WSDoc/node_modules/@swc/html-linux-x64-gnu'
45 silly reify ]
46 verbose reify failed optional dependency /Users/chenhan/Desktop/Git/WSDoc/node_modules/@swc/html-linux-s390x-gnu
47 silly reify mark deleted [
47 silly reify   '/Users/chenhan/Desktop/Git/WSDoc/node_modules/@swc/html-linux-s390x-gnu'
47 silly reify ]
48 verbose reify failed optional dependency /Users/chenhan/Desktop/Git/WSDoc/node_modules/@swc/html-linux-ppc64-gnu
49 silly reify mark deleted [
49 silly reify   '/Users/chenhan/Desktop/Git/WSDoc/node_modules/@swc/html-linux-ppc64-gnu'
49 silly reify ]
50 verbose reify failed optional dependency /Users/chenhan/Desktop/Git/WSDoc/node_modules/@swc/html-linux-arm64-musl
51 silly reify mark deleted [
51 silly reify   '/Users/chenhan/Desktop/Git/WSDoc/node_modules/@swc/html-linux-arm64-musl'
51 silly reify ]
52 verbose reify failed optional dependency /Users/chenhan/Desktop/Git/WSDoc/node_modules/@swc/html-linux-arm64-gnu
53 silly reify mark deleted [
53 silly reify   '/Users/chenhan/Desktop/Git/WSDoc/node_modules/@swc/html-linux-arm64-gnu'
53 silly reify ]
54 verbose reify failed optional dependency /Users/chenhan/Desktop/Git/WSDoc/node_modules/@swc/html-linux-arm-gnueabihf
55 silly reify mark deleted [
55 silly reify   '/Users/chenhan/Desktop/Git/WSDoc/node_modules/@swc/html-linux-arm-gnueabihf'
55 silly reify ]
56 verbose reify failed optional dependency /Users/chenhan/Desktop/Git/WSDoc/node_modules/@swc/html-darwin-x64
57 silly reify mark deleted [
57 silly reify   '/Users/chenhan/Desktop/Git/WSDoc/node_modules/@swc/html-darwin-x64'
57 silly reify ]
58 verbose reify failed optional dependency /Users/chenhan/Desktop/Git/WSDoc/node_modules/@swc/core-win32-x64-msvc
59 silly reify mark deleted [
59 silly reify   '/Users/chenhan/Desktop/Git/WSDoc/node_modules/@swc/core-win32-x64-msvc'
59 silly reify ]
60 verbose reify failed optional dependency /Users/chenhan/Desktop/Git/WSDoc/node_modules/@swc/core-win32-ia32-msvc
61 silly reify mark deleted [
61 silly reify   '/Users/chenhan/Desktop/Git/WSDoc/node_modules/@swc/core-win32-ia32-msvc'
61 silly reify ]
62 verbose reify failed optional dependency /Users/chenhan/Desktop/Git/WSDoc/node_modules/@swc/core-win32-arm64-msvc
63 silly reify mark deleted [
63 silly reify   '/Users/chenhan/Desktop/Git/WSDoc/node_modules/@swc/core-win32-arm64-msvc'
63 silly reify ]
64 verbose reify failed optional dependency /Users/chenhan/Desktop/Git/WSDoc/node_modules/@swc/core-linux-x64-musl
65 silly reify mark deleted [
65 silly reify   '/Users/chenhan/Desktop/Git/WSDoc/node_modules/@swc/core-linux-x64-musl'
65 silly reify ]
66 verbose reify failed optional dependency /Users/chenhan/Desktop/Git/WSDoc/node_modules/@swc/core-linux-x64-gnu
67 silly reify mark deleted [
67 silly reify   '/Users/chenhan/Desktop/Git/WSDoc/node_modules/@swc/core-linux-x64-gnu'
67 silly reify ]
68 verbose reify failed optional dependency /Users/chenhan/Desktop/Git/WSDoc/node_modules/@swc/core-linux-s390x-gnu
69 silly reify mark deleted [
69 silly reify   '/Users/chenhan/Desktop/Git/WSDoc/node_modules/@swc/core-linux-s390x-gnu'
69 silly reify ]
70 verbose reify failed optional dependency /Users/chenhan/Desktop/Git/WSDoc/node_modules/@swc/core-linux-ppc64-gnu
71 silly reify mark deleted [
71 silly reify   '/Users/chenhan/Desktop/Git/WSDoc/node_modules/@swc/core-linux-ppc64-gnu'
71 silly reify ]
72 verbose reify failed optional dependency /Users/chenhan/Desktop/Git/WSDoc/node_modules/@swc/core-linux-arm64-musl
73 silly reify mark deleted [
73 silly reify   '/Users/chenhan/Desktop/Git/WSDoc/node_modules/@swc/core-linux-arm64-musl'
73 silly reify ]
74 verbose reify failed optional dependency /Users/chenhan/Desktop/Git/WSDoc/node_modules/@swc/core-linux-arm64-gnu
75 silly reify mark deleted [
75 silly reify   '/Users/chenhan/Desktop/Git/WSDoc/node_modules/@swc/core-linux-arm64-gnu'
75 silly reify ]
76 verbose reify failed optional dependency /Users/chenhan/Desktop/Git/WSDoc/node_modules/@swc/core-linux-arm-gnueabihf
77 silly reify mark deleted [
77 silly reify   '/Users/chenhan/Desktop/Git/WSDoc/node_modules/@swc/core-linux-arm-gnueabihf'
77 silly reify ]
78 verbose reify failed optional dependency /Users/chenhan/Desktop/Git/WSDoc/node_modules/@swc/core-darwin-x64
79 silly reify mark deleted [
79 silly reify   '/Users/chenhan/Desktop/Git/WSDoc/node_modules/@swc/core-darwin-x64'
79 silly reify ]
80 verbose reify failed optional dependency /Users/chenhan/Desktop/Git/WSDoc/node_modules/@rspack/binding-win32-x64-msvc
81 silly reify mark deleted [
81 silly reify   '/Users/chenhan/Desktop/Git/WSDoc/node_modules/@rspack/binding-win32-x64-msvc'
81 silly reify ]
82 verbose reify failed optional dependency /Users/chenhan/Desktop/Git/WSDoc/node_modules/@rspack/binding-win32-ia32-msvc
83 silly reify mark deleted [
83 silly reify   '/Users/chenhan/Desktop/Git/WSDoc/node_modules/@rspack/binding-win32-ia32-msvc'
83 silly reify ]
84 verbose reify failed optional dependency /Users/chenhan/Desktop/Git/WSDoc/node_modules/@rspack/binding-win32-arm64-msvc
85 silly reify mark deleted [
85 silly reify   '/Users/chenhan/Desktop/Git/WSDoc/node_modules/@rspack/binding-win32-arm64-msvc'
85 silly reify ]
86 verbose reify failed optional dependency /Users/chenhan/Desktop/Git/WSDoc/node_modules/@rspack/binding-wasm32-wasi
87 silly reify mark deleted [
87 silly reify   '/Users/chenhan/Desktop/Git/WSDoc/node_modules/@rspack/binding-wasm32-wasi'
87 silly reify ]
88 verbose reify failed optional dependency /Users/chenhan/Desktop/Git/WSDoc/node_modules/@napi-rs/wasm-runtime
89 silly reify mark deleted [
89 silly reify   '/Users/chenhan/Desktop/Git/WSDoc/node_modules/@napi-rs/wasm-runtime'
89 silly reify ]
90 verbose reify failed optional dependency /Users/chenhan/Desktop/Git/WSDoc/node_modules/@rspack/binding-linux-x64-musl
91 silly reify mark deleted [
91 silly reify   '/Users/chenhan/Desktop/Git/WSDoc/node_modules/@rspack/binding-linux-x64-musl'
91 silly reify ]
92 verbose reify failed optional dependency /Users/chenhan/Desktop/Git/WSDoc/node_modules/@rspack/binding-linux-x64-gnu
93 silly reify mark deleted [
93 silly reify   '/Users/chenhan/Desktop/Git/WSDoc/node_modules/@rspack/binding-linux-x64-gnu'
93 silly reify ]
94 verbose reify failed optional dependency /Users/chenhan/Desktop/Git/WSDoc/node_modules/@rspack/binding-linux-arm64-musl
95 silly reify mark deleted [
95 silly reify   '/Users/chenhan/Desktop/Git/WSDoc/node_modules/@rspack/binding-linux-arm64-musl'
95 silly reify ]
96 verbose reify failed optional dependency /Users/chenhan/Desktop/Git/WSDoc/node_modules/@rspack/binding-linux-arm64-gnu
97 silly reify mark deleted [
97 silly reify   '/Users/chenhan/Desktop/Git/WSDoc/node_modules/@rspack/binding-linux-arm64-gnu'
97 silly reify ]
98 verbose reify failed optional dependency /Users/chenhan/Desktop/Git/WSDoc/node_modules/@rspack/binding-darwin-x64
99 silly reify mark deleted [
99 silly reify   '/Users/chenhan/Desktop/Git/WSDoc/node_modules/@rspack/binding-darwin-x64'
99 silly reify ]
100 verbose reify failed optional dependency /Users/chenhan/Desktop/Git/WSDoc/node_modules/@node-rs/jieba-win32-x64-msvc
101 silly reify mark deleted [
101 silly reify   '/Users/chenhan/Desktop/Git/WSDoc/node_modules/@node-rs/jieba-win32-x64-msvc'
101 silly reify ]
102 verbose reify failed optional dependency /Users/chenhan/Desktop/Git/WSDoc/node_modules/@node-rs/jieba-win32-ia32-msvc
103 silly reify mark deleted [
103 silly reify   '/Users/chenhan/Desktop/Git/WSDoc/node_modules/@node-rs/jieba-win32-ia32-msvc'
103 silly reify ]
104 verbose reify failed optional dependency /Users/chenhan/Desktop/Git/WSDoc/node_modules/@node-rs/jieba-win32-arm64-msvc
105 silly reify mark deleted [
105 silly reify   '/Users/chenhan/Desktop/Git/WSDoc/node_modules/@node-rs/jieba-win32-arm64-msvc'
105 silly reify ]
106 verbose reify failed optional dependency /Users/chenhan/Desktop/Git/WSDoc/node_modules/@node-rs/jieba-wasm32-wasi
107 silly reify mark deleted [
107 silly reify   '/Users/chenhan/Desktop/Git/WSDoc/node_modules/@node-rs/jieba-wasm32-wasi'
107 silly reify ]
108 verbose reify failed optional dependency /Users/chenhan/Desktop/Git/WSDoc/node_modules/@node-rs/jieba-wasm32-wasi/node_modules/@napi-rs/wasm-runtime
109 silly reify mark deleted [
109 silly reify   '/Users/chenhan/Desktop/Git/WSDoc/node_modules/@node-rs/jieba-wasm32-wasi/node_modules/@napi-rs/wasm-runtime'
109 silly reify ]
110 verbose reify failed optional dependency /Users/chenhan/Desktop/Git/WSDoc/node_modules/@node-rs/jieba-linux-x64-musl
111 silly reify mark deleted [
111 silly reify   '/Users/chenhan/Desktop/Git/WSDoc/node_modules/@node-rs/jieba-linux-x64-musl'
111 silly reify ]
112 verbose reify failed optional dependency /Users/chenhan/Desktop/Git/WSDoc/node_modules/@node-rs/jieba-linux-x64-gnu
113 silly reify mark deleted [
113 silly reify   '/Users/chenhan/Desktop/Git/WSDoc/node_modules/@node-rs/jieba-linux-x64-gnu'
113 silly reify ]
114 verbose reify failed optional dependency /Users/chenhan/Desktop/Git/WSDoc/node_modules/@node-rs/jieba-linux-arm64-musl
115 silly reify mark deleted [
115 silly reify   '/Users/chenhan/Desktop/Git/WSDoc/node_modules/@node-rs/jieba-linux-arm64-musl'
115 silly reify ]
116 verbose reify failed optional dependency /Users/chenhan/Desktop/Git/WSDoc/node_modules/@node-rs/jieba-linux-arm64-gnu
117 silly reify mark deleted [
117 silly reify   '/Users/chenhan/Desktop/Git/WSDoc/node_modules/@node-rs/jieba-linux-arm64-gnu'
117 silly reify ]
118 verbose reify failed optional dependency /Users/chenhan/Desktop/Git/WSDoc/node_modules/@node-rs/jieba-linux-arm-gnueabihf
119 silly reify mark deleted [
119 silly reify   '/Users/chenhan/Desktop/Git/WSDoc/node_modules/@node-rs/jieba-linux-arm-gnueabihf'
119 silly reify ]
120 verbose reify failed optional dependency /Users/chenhan/Desktop/Git/WSDoc/node_modules/@node-rs/jieba-freebsd-x64
121 silly reify mark deleted [
121 silly reify   '/Users/chenhan/Desktop/Git/WSDoc/node_modules/@node-rs/jieba-freebsd-x64'
121 silly reify ]
122 verbose reify failed optional dependency /Users/chenhan/Desktop/Git/WSDoc/node_modules/@node-rs/jieba-darwin-x64
123 silly reify mark deleted [
123 silly reify   '/Users/chenhan/Desktop/Git/WSDoc/node_modules/@node-rs/jieba-darwin-x64'
123 silly reify ]
124 verbose reify failed optional dependency /Users/chenhan/Desktop/Git/WSDoc/node_modules/@node-rs/jieba-android-arm64
125 silly reify mark deleted [
125 silly reify   '/Users/chenhan/Desktop/Git/WSDoc/node_modules/@node-rs/jieba-android-arm64'
125 silly reify ]
126 verbose reify failed optional dependency /Users/chenhan/Desktop/Git/WSDoc/node_modules/@node-rs/jieba-android-arm-eabi
127 silly reify mark deleted [
127 silly reify   '/Users/chenhan/Desktop/Git/WSDoc/node_modules/@node-rs/jieba-android-arm-eabi'
127 silly reify ]
128 http cache zwitch@https://registry.npmjs.org/zwitch/-/zwitch-2.0.4.tgz 0ms (cache hit)
129 http cache yocto-queue@https://registry.npmjs.org/yocto-queue/-/yocto-queue-1.2.2.tgz 0ms (cache hit)
130 http cache yaml@https://registry.npmjs.org/yaml/-/yaml-2.9.0.tgz 0ms (cache hit)
131 http cache xml-js@https://registry.npmjs.org/xml-js/-/xml-js-1.6.11.tgz 0ms (cache hit)
132 http cache yallist@https://registry.npmjs.org/yallist/-/yallist-3.1.1.tgz 0ms (cache hit)
133 http cache wsl-utils@https://registry.npmjs.org/wsl-utils/-/wsl-utils-0.1.0.tgz 0ms (cache hit)
134 http cache xdg-basedir@https://registry.npmjs.org/xdg-basedir/-/xdg-basedir-5.1.0.tgz 0ms (cache hit)
135 http cache wrap-ansi@https://registry.npmjs.org/wrap-ansi/-/wrap-ansi-8.1.0.tgz 0ms (cache hit)
136 http cache widest-line@https://registry.npmjs.org/widest-line/-/widest-line-4.0.1.tgz 0ms (cache hit)
137 http cache wildcard@https://registry.npmjs.org/wildcard/-/wildcard-2.0.1.tgz 0ms (cache hit)
138 http cache which@https://registry.npmjs.org/which/-/which-2.0.2.tgz 0ms (cache hit)
139 http cache ws@https://registry.npmjs.org/ws/-/ws-7.5.11.tgz 0ms (cache hit)
140 http cache write-file-atomic@https://registry.npmjs.org/write-file-atomic/-/write-file-atomic-3.0.3.tgz 0ms (cache hit)
141 http cache whatwg-encoding@https://registry.npmjs.org/whatwg-encoding/-/whatwg-encoding-3.1.1.tgz 0ms (cache hit)
142 http cache websocket-extensions@https://registry.npmjs.org/websocket-extensions/-/websocket-extensions-0.1.4.tgz 0ms (cache hit)
143 http cache webpack-sources@https://registry.npmjs.org/webpack-sources/-/webpack-sources-3.5.0.tgz 0ms (cache hit)
144 http cache webpackbar@https://registry.npmjs.org/webpackbar/-/webpackbar-7.0.0.tgz 0ms (cache hit)
145 http cache whatwg-mimetype@https://registry.npmjs.org/whatwg-mimetype/-/whatwg-mimetype-4.0.0.tgz 0ms (cache hit)
146 http cache webpack-dev-middleware@https://registry.npmjs.org/webpack-dev-middleware/-/webpack-dev-middleware-7.4.5.tgz 0ms (cache hit)
147 http cache web-namespaces@https://registry.npmjs.org/web-namespaces/-/web-namespaces-2.0.1.tgz 0ms (cache hit)
148 http cache websocket-driver@https://registry.npmjs.org/websocket-driver/-/websocket-driver-0.7.4.tgz 0ms (cache hit)
149 http cache webpack@https://registry.npmjs.org/webpack/-/webpack-5.107.2.tgz 0ms (cache hit)
150 http cache webpack-bundle-analyzer@https://registry.npmjs.org/webpack-bundle-analyzer/-/webpack-bundle-analyzer-4.10.2.tgz 0ms (cache hit)
151 http cache webpack-dev-server@https://registry.npmjs.org/webpack-dev-server/-/webpack-dev-server-5.2.4.tgz 0ms (cache hit)
152 http cache vfile@https://registry.npmjs.org/vfile/-/vfile-6.0.3.tgz 0ms (cache hit)
153 http cache webpack-merge@https://registry.npmjs.org/webpack-merge/-/webpack-merge-6.0.1.tgz 0ms (cache hit)
154 http cache watchpack@https://registry.npmjs.org/watchpack/-/watchpack-2.5.1.tgz 0ms (cache hit)
155 http cache wbuf@https://registry.npmjs.org/wbuf/-/wbuf-1.7.3.tgz 0ms (cache hit)
156 http cache vary@https://registry.npmjs.org/vary/-/vary-1.1.2.tgz 0ms (cache hit)
157 http cache vfile-location@https://registry.npmjs.org/vfile-location/-/vfile-location-5.0.3.tgz 0ms (cache hit)
158 http cache vfile-message@https://registry.npmjs.org/vfile-message/-/vfile-message-4.0.3.tgz 0ms (cache hit)
159 http cache value-equal@https://registry.npmjs.org/value-equal/-/value-equal-1.0.1.tgz 0ms (cache hit)
160 http cache utility-types@https://registry.npmjs.org/utility-types/-/utility-types-3.11.0.tgz 0ms (cache hit)
161 http cache uuid@https://registry.npmjs.org/uuid/-/uuid-8.3.2.tgz 0ms (cache hit)
162 http cache util-deprecate@https://registry.npmjs.org/util-deprecate/-/util-deprecate-1.0.2.tgz 0ms (cache hit)
163 http cache utils-merge@https://registry.npmjs.org/utils-merge/-/utils-merge-1.0.1.tgz 0ms (cache hit)
164 http cache use-editable@https://registry.npmjs.org/use-editable/-/use-editable-2.3.3.tgz 0ms (cache hit)
165 http cache url-loader@https://registry.npmjs.org/url-loader/-/url-loader-4.1.1.tgz 0ms (cache hit)
166 http cache utila@https://registry.npmjs.org/utila/-/utila-0.4.0.tgz 0ms (cache hit)
167 http cache uri-js@https://registry.npmjs.org/uri-js/-/uri-js-4.4.1.tgz 0ms (cache hit)
168 http cache update-browserslist-db@https://registry.npmjs.org/update-browserslist-db/-/update-browserslist-db-1.2.3.tgz 0ms (cache hit)
169 http cache update-notifier@https://registry.npmjs.org/update-notifier/-/update-notifier-6.0.2.tgz 0ms (cache hit)
170 http cache unist-util-visit@https://registry.npmjs.org/unist-util-visit/-/unist-util-visit-5.1.0.tgz 0ms (cache hit)
171 http cache unist-util-visit-parents@https://registry.npmjs.org/unist-util-visit-parents/-/unist-util-visit-parents-6.0.2.tgz 0ms (cache hit)
172 http cache unpipe@https://registry.npmjs.org/unpipe/-/unpipe-1.0.0.tgz 0ms (cache hit)
173 http cache unist-util-stringify-position@https://registry.npmjs.org/unist-util-stringify-position/-/unist-util-stringify-position-4.0.0.tgz 0ms (cache hit)
174 http cache unist-util-position@https://registry.npmjs.org/unist-util-position/-/unist-util-position-5.0.0.tgz 0ms (cache hit)
175 http cache unist-util-is@https://registry.npmjs.org/unist-util-is/-/unist-util-is-6.0.1.tgz 0ms (cache hit)
176 http cache unified@https://registry.npmjs.org/unified/-/unified-11.0.5.tgz 0ms (cache hit)
177 http cache unist-util-find-after@https://registry.npmjs.org/unist-util-find-after/-/unist-util-find-after-5.0.0.tgz 0ms (cache hit)
178 http cache unist-util-position-from-estree@https://registry.npmjs.org/unist-util-position-from-estree/-/unist-util-position-from-estree-2.0.0.tgz 0ms (cache hit)
179 http cache universalify@https://registry.npmjs.org/universalify/-/universalify-2.0.1.tgz 0ms (cache hit)
180 http cache unicode-match-property-value-ecmascript@https://registry.npmjs.org/unicode-match-property-value-ecmascript/-/unicode-match-property-value-ecmascript-2.2.1.tgz 0ms (cache hit)
181 http cache unique-string@https://registry.npmjs.org/unique-string/-/unique-string-3.0.0.tgz 0ms (cache hit)
182 http cache unicode-emoji-modifier-base@https://registry.npmjs.org/unicode-emoji-modifier-base/-/unicode-emoji-modifier-base-1.0.0.tgz 0ms (cache hit)
183 http cache unicode-match-property-ecmascript@https://registry.npmjs.org/unicode-match-property-ecmascript/-/unicode-match-property-ecmascript-2.0.0.tgz 0ms (cache hit)
184 http cache unicode-property-aliases-ecmascript@https://registry.npmjs.org/unicode-property-aliases-ecmascript/-/unicode-property-aliases-ecmascript-2.2.0.tgz 0ms (cache hit)
185 http cache unicode-canonical-property-names-ecmascript@https://registry.npmjs.org/unicode-canonical-property-names-ecmascript/-/unicode-canonical-property-names-ecmascript-2.0.1.tgz 0ms (cache hit)
186 http cache typescript@https://registry.npmjs.org/typescript/-/typescript-6.0.3.tgz 0ms (cache hit)
187 http cache undici@https://registry.npmjs.org/undici/-/undici-7.27.0.tgz 0ms (cache hit)
188 http cache type-fest@https://registry.npmjs.org/type-fest/-/type-fest-2.19.0.tgz 0ms (cache hit)
189 http cache tslib@https://registry.npmjs.org/tslib/-/tslib-2.8.1.tgz 0ms (cache hit)
190 http cache unist-builder@https://registry.npmjs.org/unist-builder/-/unist-builder-4.0.0.tgz 0ms (cache hit)
191 http cache typedarray-to-buffer@https://registry.npmjs.org/typedarray-to-buffer/-/typedarray-to-buffer-3.1.5.tgz 0ms (cache hit)
192 http cache undici-types@https://registry.npmjs.org/undici-types/-/undici-types-7.24.6.tgz 0ms (cache hit)
193 http cache ts-interface-checker@https://registry.npmjs.org/ts-interface-checker/-/ts-interface-checker-0.1.13.tgz 0ms (cache hit)
194 http cache type-is@https://registry.npmjs.org/type-is/-/type-is-1.6.18.tgz 0ms (cache hit)
195 http cache tsyringe@https://registry.npmjs.org/tsyringe/-/tsyringe-4.10.0.tgz 0ms (cache hit)
196 http cache ts-dedent@https://registry.npmjs.org/ts-dedent/-/ts-dedent-2.2.0.tgz 0ms (cache hit)
197 http cache trim-trailing-lines@https://registry.npmjs.org/trim-trailing-lines/-/trim-trailing-lines-2.1.0.tgz 0ms (cache hit)
198 http cache trim-lines@https://registry.npmjs.org/trim-lines/-/trim-lines-3.0.1.tgz 0ms (cache hit)
199 http cache trough@https://registry.npmjs.org/trough/-/trough-2.2.0.tgz 0ms (cache hit)
200 http cache tree-dump@https://registry.npmjs.org/tree-dump/-/tree-dump-1.1.0.tgz 0ms (cache hit)
201 http cache totalist@https://registry.npmjs.org/totalist/-/totalist-3.0.1.tgz 0ms (cache hit)
202 http cache to-regex-range@https://registry.npmjs.org/to-regex-range/-/to-regex-range-5.0.1.tgz 0ms (cache hit)
203 http cache toidentifier@https://registry.npmjs.org/toidentifier/-/toidentifier-1.0.1.tgz 0ms (cache hit)
204 http cache tinypool@https://registry.npmjs.org/tinypool/-/tinypool-1.1.1.tgz 0ms (cache hit)
205 http cache tinyglobby@https://registry.npmjs.org/tinyglobby/-/tinyglobby-0.2.17.tgz 0ms (cache hit)
206 http cache tiny-invariant@https://registry.npmjs.org/tiny-invariant/-/tiny-invariant-1.3.3.tgz 0ms (cache hit)
207 http cache tiny-warning@https://registry.npmjs.org/tiny-warning/-/tiny-warning-1.0.3.tgz 0ms (cache hit)
208 http cache thingies@https://registry.npmjs.org/thingies/-/thingies-2.6.0.tgz 0ms (cache hit)
209 http cache thunky@https://registry.npmjs.org/thunky/-/thunky-1.1.0.tgz 0ms (cache hit)
210 http cache tinyexec@https://registry.npmjs.org/tinyexec/-/tinyexec-1.2.4.tgz 0ms (cache hit)
211 http cache thenify@https://registry.npmjs.org/thenify/-/thenify-3.3.1.tgz 0ms (cache hit)
212 http cache swc-loader@https://registry.npmjs.org/swc-loader/-/swc-loader-0.2.7.tgz 0ms (cache hit)
213 http cache terser-webpack-plugin@https://registry.npmjs.org/terser-webpack-plugin/-/terser-webpack-plugin-5.6.1.tgz 0ms (cache hit)
214 http cache terser@https://registry.npmjs.org/terser/-/terser-5.48.0.tgz 0ms (cache hit)
215 http cache svgo@https://registry.npmjs.org/svgo/-/svgo-3.3.3.tgz 0ms (cache hit)
216 http cache tapable@https://registry.npmjs.org/tapable/-/tapable-2.3.3.tgz 0ms (cache hit)
217 http cache thenify-all@https://registry.npmjs.org/thenify-all/-/thenify-all-1.6.0.tgz 0ms (cache hit)
218 http cache svg-parser@https://registry.npmjs.org/svg-parser/-/svg-parser-2.0.4.tgz 0ms (cache hit)
219 http cache supports-color@https://registry.npmjs.org/supports-color/-/supports-color-7.2.0.tgz 0ms (cache hit)
220 http cache style-to-object@https://registry.npmjs.org/style-to-object/-/style-to-object-1.0.14.tgz 0ms (cache hit)
221 http cache sucrase@https://registry.npmjs.org/sucrase/-/sucrase-3.35.1.tgz 0ms (cache hit)
222 http cache stylis@https://registry.npmjs.org/stylis/-/stylis-4.4.0.tgz 0ms (cache hit)
223 http cache strip-json-comments@https://registry.npmjs.org/strip-json-comments/-/strip-json-comments-3.1.1.tgz 0ms (cache hit)
224 http cache supports-preserve-symlinks-flag@https://registry.npmjs.org/supports-preserve-symlinks-flag/-/supports-preserve-symlinks-flag-1.0.0.tgz 0ms (cache hit)
225 http cache style-to-js@https://registry.npmjs.org/style-to-js/-/style-to-js-1.1.21.tgz 0ms (cache hit)
226 http cache strip-bom-string@https://registry.npmjs.org/strip-bom-string/-/strip-bom-string-1.0.0.tgz 0ms (cache hit)
227 http cache stylehacks@https://registry.npmjs.org/stylehacks/-/stylehacks-6.1.1.tgz 0ms (cache hit)
228 http cache stringify-object@https://registry.npmjs.org/stringify-object/-/stringify-object-3.3.0.tgz 0ms (cache hit)
229 http cache strip-ansi@https://registry.npmjs.org/strip-ansi/-/strip-ansi-6.0.1.tgz 0ms (cache hit)
230 http cache string_decoder@https://registry.npmjs.org/string_decoder/-/string_decoder-1.3.0.tgz 0ms (cache hit)
231 http cache strip-final-newline@https://registry.npmjs.org/strip-final-newline/-/strip-final-newline-2.0.0.tgz 0ms (cache hit)
232 http cache string-width@https://registry.npmjs.org/string-width/-/string-width-5.1.2.tgz 0ms (cache hit)
233 http cache statuses@https://registry.npmjs.org/statuses/-/statuses-2.0.2.tgz 0ms (cache hit)
234 http cache std-env@https://registry.npmjs.org/std-env/-/std-env-3.10.0.tgz 0ms (cache hit)
235 http cache srcset@https://registry.npmjs.org/srcset/-/srcset-4.0.0.tgz 0ms (cache hit)
236 http cache spdy-transport@https://registry.npmjs.org/spdy-transport/-/spdy-transport-3.0.0.tgz 0ms (cache hit)
237 http cache stringify-entities@https://registry.npmjs.org/stringify-entities/-/stringify-entities-4.0.4.tgz 0ms (cache hit)
238 http cache space-separated-tokens@https://registry.npmjs.org/space-separated-tokens/-/space-separated-tokens-2.0.2.tgz 0ms (cache hit)
239 http cache sprintf-js@https://registry.npmjs.org/sprintf-js/-/sprintf-js-1.0.3.tgz 0ms (cache hit)
240 http cache sourcemap-codec@https://registry.npmjs.org/sourcemap-codec/-/sourcemap-codec-1.4.8.tgz 0ms (cache hit)
241 http cache source-map-js@https://registry.npmjs.org/source-map-js/-/source-map-js-1.2.1.tgz 0ms (cache hit)
242 http cache source-map-support@https://registry.npmjs.org/source-map-support/-/source-map-support-0.5.21.tgz 0ms (cache hit)
243 http cache source-map@https://registry.npmjs.org/source-map/-/source-map-0.7.6.tgz 0ms (cache hit)
244 http cache slash@https://registry.npmjs.org/slash/-/slash-3.0.0.tgz 0ms (cache hit)
245 http cache spdy@https://registry.npmjs.org/spdy/-/spdy-4.0.2.tgz 0ms (cache hit)
246 http cache sockjs@https://registry.npmjs.org/sockjs/-/sockjs-0.3.24.tgz 0ms (cache hit)
247 http cache sort-css-media-queries@https://registry.npmjs.org/sort-css-media-queries/-/sort-css-media-queries-2.2.0.tgz 0ms (cache hit)
248 http cache sitemap@https://registry.npmjs.org/sitemap/-/sitemap-7.1.3.tgz 0ms (cache hit)
249 http cache snake-case@https://registry.npmjs.org/snake-case/-/snake-case-3.0.4.tgz 0ms (cache hit)
250 http cache sirv@https://registry.npmjs.org/sirv/-/sirv-2.0.4.tgz 0ms (cache hit)
251 http cache skin-tone@https://registry.npmjs.org/skin-tone/-/skin-tone-2.0.0.tgz 0ms (cache hit)
252 http cache side-channel-map@https://registry.npmjs.org/side-channel-map/-/side-channel-map-1.0.1.tgz 0ms (cache hit)
253 http cache sisteransi@https://registry.npmjs.org/sisteransi/-/sisteransi-1.0.5.tgz 0ms (cache hit)
254 http cache signal-exit@https://registry.npmjs.org/signal-exit/-/signal-exit-3.0.7.tgz 0ms (cache hit)
255 http cache side-channel-weakmap@https://registry.npmjs.org/side-channel-weakmap/-/side-channel-weakmap-1.0.2.tgz 0ms (cache hit)
256 http cache side-channel-list@https://registry.npmjs.org/side-channel-list/-/side-channel-list-1.0.1.tgz 0ms (cache hit)
257 http cache shebang-regex@https://registry.npmjs.org/shebang-regex/-/shebang-regex-3.0.0.tgz 0ms (cache hit)
258 http cache shallowequal@https://registry.npmjs.org/shallowequal/-/shallowequal-1.1.0.tgz 0ms (cache hit)
259 http cache shell-quote@https://registry.npmjs.org/shell-quote/-/shell-quote-1.8.4.tgz 0ms (cache hit)
260 http cache shallow-clone@https://registry.npmjs.org/shallow-clone/-/shallow-clone-3.0.1.tgz 0ms (cache hit)
261 http cache shebang-command@https://registry.npmjs.org/shebang-command/-/shebang-command-2.0.0.tgz 0ms (cache hit)
262 http cache setprototypeof@https://registry.npmjs.org/setprototypeof/-/setprototypeof-1.2.0.tgz 0ms (cache hit)
263 http cache side-channel@https://registry.npmjs.org/side-channel/-/side-channel-1.1.0.tgz 0ms (cache hit)
264 http cache serve-static@https://registry.npmjs.org/serve-static/-/serve-static-1.16.3.tgz 0ms (cache hit)
265 http cache serve-index@https://registry.npmjs.org/serve-index/-/serve-index-1.9.2.tgz 0ms (cache hit)
266 http cache send@https://registry.npmjs.org/send/-/send-0.19.2.tgz 0ms (cache hit)
267 http cache serialize-javascript@https://registry.npmjs.org/serialize-javascript/-/serialize-javascript-6.0.2.tgz 0ms (cache hit)
268 http cache set-function-length@https://registry.npmjs.org/set-function-length/-/set-function-length-1.2.2.tgz 0ms (cache hit)
269 http cache semver-diff@https://registry.npmjs.org/semver-diff/-/semver-diff-4.0.0.tgz 0ms (cache hit)
270 http cache section-matter@https://registry.npmjs.org/section-matter/-/section-matter-1.0.0.tgz 0ms (cache hit)
271 http cache semver@https://registry.npmjs.org/semver/-/semver-7.8.1.tgz 0ms (cache hit)
272 http cache select-hose@https://registry.npmjs.org/select-hose/-/select-hose-2.0.0.tgz 0ms (cache hit)
273 http cache schema-dts@https://registry.npmjs.org/schema-dts/-/schema-dts-1.1.5.tgz 0ms (cache hit)
274 http cache serve-handler@https://registry.npmjs.org/serve-handler/-/serve-handler-6.1.7.tgz 0ms (cache hit)
275 http cache selfsigned@https://registry.npmjs.org/selfsigned/-/selfsigned-5.5.0.tgz 0ms (cache hit)
276 http cache search-insights@https://registry.npmjs.org/search-insights/-/search-insights-2.17.3.tgz 0ms (cache hit)
277 http cache schema-utils@https://registry.npmjs.org/schema-utils/-/schema-utils-4.3.3.tgz 0ms (cache hit)
278 http cache safer-buffer@https://registry.npmjs.org/safer-buffer/-/safer-buffer-2.1.2.tgz 0ms (cache hit)
279 http cache sax@https://registry.npmjs.org/sax/-/sax-1.6.0.tgz 0ms (cache hit)
280 http cache safe-buffer@https://registry.npmjs.org/safe-buffer/-/safe-buffer-5.2.1.tgz 0ms (cache hit)
281 http cache run-applescript@https://registry.npmjs.org/run-applescript/-/run-applescript-7.1.0.tgz 0ms (cache hit)
282 http cache scheduler@https://registry.npmjs.org/scheduler/-/scheduler-0.27.0.tgz 0ms (cache hit)
283 http cache run-parallel@https://registry.npmjs.org/run-parallel/-/run-parallel-1.2.0.tgz 0ms (cache hit)
284 http cache rw@https://registry.npmjs.org/rw/-/rw-1.3.3.tgz 0ms (cache hit)
285 http cache roughjs@https://registry.npmjs.org/roughjs/-/roughjs-4.6.6.tgz 0ms (cache hit)
286 http cache rtlcss@https://registry.npmjs.org/rtlcss/-/rtlcss-4.3.0.tgz 0ms (cache hit)
287 http cache responselike@https://registry.npmjs.org/responselike/-/responselike-3.0.0.tgz 0ms (cache hit)
288 http cache robust-predicates@https://registry.npmjs.org/robust-predicates/-/robust-predicates-3.0.3.tgz 0ms (cache hit)
289 http cache retry@https://registry.npmjs.org/retry/-/retry-0.13.1.tgz 0ms (cache hit)
290 http cache reusify@https://registry.npmjs.org/reusify/-/reusify-1.1.0.tgz 0ms (cache hit)
291 http cache resolve-from@https://registry.npmjs.org/resolve-from/-/resolve-from-4.0.0.tgz 0ms (cache hit)
292 http cache resolve@https://registry.npmjs.org/resolve/-/resolve-1.22.12.tgz 0ms (cache hit)
293 http cache resolve-pathname@https://registry.npmjs.org/resolve-pathname/-/resolve-pathname-3.0.0.tgz 0ms (cache hit)
294 http cache resolve-alpn@https://registry.npmjs.org/resolve-alpn/-/resolve-alpn-1.2.1.tgz 0ms (cache hit)
295 http cache requires-port@https://registry.npmjs.org/requires-port/-/requires-port-1.0.0.tgz 0ms (cache hit)
296 http cache require-from-string@https://registry.npmjs.org/require-from-string/-/require-from-string-2.0.2.tgz 0ms (cache hit)
297 http cache renderkid@https://registry.npmjs.org/renderkid/-/renderkid-3.0.0.tgz 0ms (cache hit)
298 http cache remark-stringify@https://registry.npmjs.org/remark-stringify/-/remark-stringify-11.0.0.tgz 0ms (cache hit)
299 http cache remark-parse@https://registry.npmjs.org/remark-parse/-/remark-parse-11.0.0.tgz 0ms (cache hit)
300 http cache remark-rehype@https://registry.npmjs.org/remark-rehype/-/remark-rehype-11.1.2.tgz 0ms (cache hit)
301 http cache remark-mdx@https://registry.npmjs.org/remark-mdx/-/remark-mdx-3.1.1.tgz 0ms (cache hit)
302 http cache remark-frontmatter@https://registry.npmjs.org/remark-frontmatter/-/remark-frontmatter-5.0.0.tgz 0ms (cache hit)
303 http cache require-like@https://registry.npmjs.org/require-like/-/require-like-0.1.2.tgz 0ms (cache hit)
304 http cache remark-emoji@https://registry.npmjs.org/remark-emoji/-/remark-emoji-4.0.1.tgz 0ms (cache hit)
305 http cache remark-gfm@https://registry.npmjs.org/remark-gfm/-/remark-gfm-4.0.1.tgz 0ms (cache hit)
306 http cache remark-directive@https://registry.npmjs.org/remark-directive/-/remark-directive-3.0.1.tgz 0ms (cache hit)
307 http cache remark-definition-list@https://registry.npmjs.org/remark-definition-list/-/remark-definition-list-2.0.0.tgz 0ms (cache hit)
308 http cache relateurl@https://registry.npmjs.org/relateurl/-/relateurl-0.2.7.tgz 0ms (cache hit)
309 http cache regjsparser@https://registry.npmjs.org/regjsparser/-/regjsparser-0.13.1.tgz 0ms (cache hit)
310 http cache rehype-minify-whitespace@https://registry.npmjs.org/rehype-minify-whitespace/-/rehype-minify-whitespace-6.0.2.tgz 0ms (cache hit)
311 http cache rehype-raw@https://registry.npmjs.org/rehype-raw/-/rehype-raw-7.0.0.tgz 0ms (cache hit)
312 http cache rehype-recma@https://registry.npmjs.org/rehype-recma/-/rehype-recma-1.0.0.tgz 0ms (cache hit)
313 http cache registry-auth-token@https://registry.npmjs.org/registry-auth-token/-/registry-auth-token-5.1.1.tgz 0ms (cache hit)
314 http cache registry-url@https://registry.npmjs.org/registry-url/-/registry-url-6.0.1.tgz 0ms (cache hit)
315 http cache regjsgen@https://registry.npmjs.org/regjsgen/-/regjsgen-0.8.0.tgz 0ms (cache hit)
316 http cache regenerate@https://registry.npmjs.org/regenerate/-/regenerate-1.4.2.tgz 0ms (cache hit)
317 http cache reflect-metadata@https://registry.npmjs.org/reflect-metadata/-/reflect-metadata-0.2.2.tgz 0ms (cache hit)
318 http cache regexpu-core@https://registry.npmjs.org/regexpu-core/-/regexpu-core-6.4.0.tgz 0ms (cache hit)
319 http cache regenerate-unicode-properties@https://registry.npmjs.org/regenerate-unicode-properties/-/regenerate-unicode-properties-10.2.2.tgz 0ms (cache hit)
320 http cache recma-jsx@https://registry.npmjs.org/recma-jsx/-/recma-jsx-1.0.1.tgz 0ms (cache hit)
321 http cache recma-build-jsx@https://registry.npmjs.org/recma-build-jsx/-/recma-build-jsx-1.0.0.tgz 0ms (cache hit)
322 http cache recma-parse@https://registry.npmjs.org/recma-parse/-/recma-parse-1.0.0.tgz 0ms (cache hit)
323 http cache recma-stringify@https://registry.npmjs.org/recma-stringify/-/recma-stringify-1.0.0.tgz 0ms (cache hit)
324 http cache readdirp@https://registry.npmjs.org/readdirp/-/readdirp-3.6.0.tgz 0ms (cache hit)
325 http cache readable-stream@https://registry.npmjs.org/readable-stream/-/readable-stream-3.6.2.tgz 0ms (cache hit)
326 http cache react-router@https://registry.npmjs.org/react-router/-/react-router-5.3.4.tgz 0ms (cache hit)
327 http cache react-router-dom@https://registry.npmjs.org/react-router-dom/-/react-router-dom-5.3.4.tgz 0ms (cache hit)
328 http cache react-loadable-ssr-addon-v5-slorber@https://registry.npmjs.org/react-loadable-ssr-addon-v5-slorber/-/react-loadable-ssr-addon-v5-slorber-1.0.3.tgz 0ms (cache hit)
329 http cache react-router-config@https://registry.npmjs.org/react-router-config/-/react-router-config-5.1.1.tgz 0ms (cache hit)
330 http cache react-live@https://registry.npmjs.org/react-live/-/react-live-4.1.8.tgz 0ms (cache hit)
331 http cache react-is@https://registry.npmjs.org/react-is/-/react-is-16.13.1.tgz 0ms (cache hit)
332 http cache react-loadable@https://registry.npmjs.org/@docusaurus/react-loadable/-/react-loadable-6.0.0.tgz 0ms (cache hit)
333 http cache react-json-view-lite@https://registry.npmjs.org/react-json-view-lite/-/react-json-view-lite-2.5.0.tgz 0ms (cache hit)
334 http cache react@https://registry.npmjs.org/react/-/react-19.2.6.tgz 0ms (cache hit)
335 http cache react-fast-compare@https://registry.npmjs.org/react-fast-compare/-/react-fast-compare-3.2.2.tgz 0ms (cache hit)
336 http cache react-dom@https://registry.npmjs.org/react-dom/-/react-dom-19.2.6.tgz 0ms (cache hit)
337 http cache react-helmet-async@https://registry.npmjs.org/@slorber/react-helmet-async/-/react-helmet-async-1.3.0.tgz 0ms (cache hit)
338 http cache quick-lru@https://registry.npmjs.org/quick-lru/-/quick-lru-5.1.1.tgz 0ms (cache hit)
339 http cache rc@https://registry.npmjs.org/rc/-/rc-1.2.8.tgz 0ms (cache hit)
340 http cache raw-body@https://registry.npmjs.org/raw-body/-/raw-body-2.5.3.tgz 0ms (cache hit)
341 http cache range-parser@https://registry.npmjs.org/range-parser/-/range-parser-1.2.0.tgz 0ms (cache hit)
342 http cache qs@https://registry.npmjs.org/qs/-/qs-6.15.2.tgz 0ms (cache hit)
343 http cache randombytes@https://registry.npmjs.org/randombytes/-/randombytes-2.1.0.tgz 0ms (cache hit)
344 http cache queue-microtask@https://registry.npmjs.org/queue-microtask/-/queue-microtask-1.2.3.tgz 0ms (cache hit)
345 http cache pvtsutils@https://registry.npmjs.org/pvtsutils/-/pvtsutils-1.3.6.tgz 0ms (cache hit)
346 http cache property-information@https://registry.npmjs.org/property-information/-/property-information-7.1.0.tgz 0ms (cache hit)
347 http cache pvutils@https://registry.npmjs.org/pvutils/-/pvutils-1.1.5.tgz 0ms (cache hit)
348 http cache pupa@https://registry.npmjs.org/pupa/-/pupa-3.3.0.tgz 0ms (cache hit)
349 http cache proto-list@https://registry.npmjs.org/proto-list/-/proto-list-1.2.4.tgz 0ms (cache hit)
350 http cache prop-types@https://registry.npmjs.org/prop-types/-/prop-types-15.8.1.tgz 0ms (cache hit)
351 http cache proxy-addr@https://registry.npmjs.org/proxy-addr/-/proxy-addr-2.0.7.tgz 0ms (cache hit)
352 http cache prismjs@https://registry.npmjs.org/prismjs/-/prismjs-1.30.0.tgz 0ms (cache hit)
353 http cache prompts@https://registry.npmjs.org/prompts/-/prompts-2.4.2.tgz 0ms (cache hit)
354 http cache punycode@https://registry.npmjs.org/punycode/-/punycode-2.3.1.tgz 0ms (cache hit)
355 http cache pretty-time@https://registry.npmjs.org/pretty-time/-/pretty-time-1.1.0.tgz 0ms (cache hit)
356 http cache process-nextick-args@https://registry.npmjs.org/process-nextick-args/-/process-nextick-args-2.0.1.tgz 0ms (cache hit)
357 http cache prism-react-renderer@https://registry.npmjs.org/prism-react-renderer/-/prism-react-renderer-2.4.1.tgz 0ms (cache hit)
358 http cache pretty-error@https://registry.npmjs.org/pretty-error/-/pretty-error-4.0.0.tgz 0ms (cache hit)
359 http cache postcss-svgo@https://registry.npmjs.org/postcss-svgo/-/postcss-svgo-6.0.3.tgz 0ms (cache hit)
360 http cache postcss-zindex@https://registry.npmjs.org/postcss-zindex/-/postcss-zindex-6.0.2.tgz 0ms (cache hit)
361 http cache postcss-value-parser@https://registry.npmjs.org/postcss-value-parser/-/postcss-value-parser-4.2.0.tgz 0ms (cache hit)
362 http cache postcss-unique-selectors@https://registry.npmjs.org/postcss-unique-selectors/-/postcss-unique-selectors-6.0.4.tgz 0ms (cache hit)
363 http cache postcss-replace-overflow-wrap@https://registry.npmjs.org/postcss-replace-overflow-wrap/-/postcss-replace-overflow-wrap-4.0.0.tgz 0ms (cache hit)
364 http cache postcss-sort-media-queries@https://registry.npmjs.org/postcss-sort-media-queries/-/postcss-sort-media-queries-5.2.0.tgz 0ms (cache hit)
365 http cache postcss-reduce-transforms@https://registry.npmjs.org/postcss-reduce-transforms/-/postcss-reduce-transforms-6.0.2.tgz 0ms (cache hit)
366 http cache postcss-selector-not@https://registry.npmjs.org/postcss-selector-not/-/postcss-selector-not-8.0.1.tgz 0ms (cache hit)
367 http cache postcss-pseudo-class-any-link@https://registry.npmjs.org/postcss-pseudo-class-any-link/-/postcss-pseudo-class-any-link-10.0.1.tgz 0ms (cache hit)
368 http cache postcss-selector-parser@https://registry.npmjs.org/postcss-selector-parser/-/postcss-selector-parser-6.1.2.tgz 0ms (cache hit)
369 http cache postcss-reduce-initial@https://registry.npmjs.org/postcss-reduce-initial/-/postcss-reduce-initial-6.1.0.tgz 0ms (cache hit)
370 http cache postcss-place@https://registry.npmjs.org/postcss-place/-/postcss-place-10.0.0.tgz 0ms (cache hit)
371 http cache postcss-page-break@https://registry.npmjs.org/postcss-page-break/-/postcss-page-break-3.0.4.tgz 0ms (cache hit)
372 http cache postcss-opacity-percentage@https://registry.npmjs.org/postcss-opacity-percentage/-/postcss-opacity-percentage-3.0.0.tgz 0ms (cache hit)
373 http cache postcss-preset-env@https://registry.npmjs.org/postcss-preset-env/-/postcss-preset-env-10.6.1.tgz 0ms (cache hit)
374 http cache postcss-ordered-values@https://registry.npmjs.org/postcss-ordered-values/-/postcss-ordered-values-6.0.2.tgz 0ms (cache hit)
375 http cache postcss-overflow-shorthand@https://registry.npmjs.org/postcss-overflow-shorthand/-/postcss-overflow-shorthand-6.0.0.tgz 0ms (cache hit)
376 http cache postcss-normalize-whitespace@https://registry.npmjs.org/postcss-normalize-whitespace/-/postcss-normalize-whitespace-6.0.2.tgz 0ms (cache hit)
377 http cache postcss-reduce-idents@https://registry.npmjs.org/postcss-reduce-idents/-/postcss-reduce-idents-6.0.3.tgz 0ms (cache hit)
378 http cache postcss-normalize-url@https://registry.npmjs.org/postcss-normalize-url/-/postcss-normalize-url-6.0.2.tgz 0ms (cache hit)
379 http cache postcss-normalize-string@https://registry.npmjs.org/postcss-normalize-string/-/postcss-normalize-string-6.0.2.tgz 0ms (cache hit)
380 http cache postcss-normalize-unicode@https://registry.npmjs.org/postcss-normalize-unicode/-/postcss-normalize-unicode-6.1.0.tgz 0ms (cache hit)
381 http cache postcss-normalize-repeat-style@https://registry.npmjs.org/postcss-normalize-repeat-style/-/postcss-normalize-repeat-style-6.0.2.tgz 0ms (cache hit)
382 http cache postcss-normalize-display-values@https://registry.npmjs.org/postcss-normalize-display-values/-/postcss-normalize-display-values-6.0.2.tgz 0ms (cache hit)
383 http cache postcss-normalize-charset@https://registry.npmjs.org/postcss-normalize-charset/-/postcss-normalize-charset-6.0.2.tgz 0ms (cache hit)
384 http cache postcss-normalize-positions@https://registry.npmjs.org/postcss-normalize-positions/-/postcss-normalize-positions-6.0.2.tgz 0ms (cache hit)
385 http cache postcss-nesting@https://registry.npmjs.org/postcss-nesting/-/postcss-nesting-13.0.2.tgz 0ms (cache hit)
386 http cache postcss-modules-values@https://registry.npmjs.org/postcss-modules-values/-/postcss-modules-values-4.0.0.tgz 0ms (cache hit)
387 http cache postcss-normalize-timing-functions@https://registry.npmjs.org/postcss-normalize-timing-functions/-/postcss-normalize-timing-functions-6.0.2.tgz 0ms (cache hit)
388 http cache postcss-modules-extract-imports@https://registry.npmjs.org/postcss-modules-extract-imports/-/postcss-modules-extract-imports-3.1.0.tgz 0ms (cache hit)
389 http cache postcss-modules-scope@https://registry.npmjs.org/postcss-modules-scope/-/postcss-modules-scope-3.2.1.tgz 0ms (cache hit)
390 http cache postcss-minify-selectors@https://registry.npmjs.org/postcss-minify-selectors/-/postcss-minify-selectors-6.0.4.tgz 0ms (cache hit)
391 http cache postcss-modules-local-by-default@https://registry.npmjs.org/postcss-modules-local-by-default/-/postcss-modules-local-by-default-4.2.0.tgz 0ms (cache hit)
392 http cache postcss-minify-gradients@https://registry.npmjs.org/postcss-minify-gradients/-/postcss-minify-gradients-6.0.3.tgz 0ms (cache hit)
393 http cache postcss-merge-rules@https://registry.npmjs.org/postcss-merge-rules/-/postcss-merge-rules-6.1.1.tgz 0ms (cache hit)
394 http cache postcss-merge-longhand@https://registry.npmjs.org/postcss-merge-longhand/-/postcss-merge-longhand-6.0.5.tgz 0ms (cache hit)
395 http cache postcss-minify-params@https://registry.npmjs.org/postcss-minify-params/-/postcss-minify-params-6.1.0.tgz 0ms (cache hit)
396 http cache postcss-minify-font-values@https://registry.npmjs.org/postcss-minify-font-values/-/postcss-minify-font-values-6.1.0.tgz 0ms (cache hit)
397 http cache postcss-logical@https://registry.npmjs.org/postcss-logical/-/postcss-logical-8.1.0.tgz 0ms (cache hit)
398 http cache postcss-lab-function@https://registry.npmjs.org/postcss-lab-function/-/postcss-lab-function-7.0.12.tgz 0ms (cache hit)
399 http cache postcss-image-set-function@https://registry.npmjs.org/postcss-image-set-function/-/postcss-image-set-function-7.0.0.tgz 0ms (cache hit)
400 http cache postcss-loader@https://registry.npmjs.org/postcss-loader/-/postcss-loader-7.3.4.tgz 0ms (cache hit)
401 http cache postcss-merge-idents@https://registry.npmjs.org/postcss-merge-idents/-/postcss-merge-idents-6.0.3.tgz 0ms (cache hit)
402 http cache postcss-font-variant@https://registry.npmjs.org/postcss-font-variant/-/postcss-font-variant-5.0.0.tgz 0ms (cache hit)
403 http cache postcss-gap-properties@https://registry.npmjs.org/postcss-gap-properties/-/postcss-gap-properties-6.0.0.tgz 0ms (cache hit)
404 http cache postcss-focus-within@https://registry.npmjs.org/postcss-focus-within/-/postcss-focus-within-9.0.1.tgz 0ms (cache hit)
405 http cache postcss-focus-visible@https://registry.npmjs.org/postcss-focus-visible/-/postcss-focus-visible-10.0.1.tgz 0ms (cache hit)
406 http cache postcss-double-position-gradients@https://registry.npmjs.org/postcss-double-position-gradients/-/postcss-double-position-gradients-6.0.4.tgz 0ms (cache hit)
407 http cache postcss-discard-overridden@https://registry.npmjs.org/postcss-discard-overridden/-/postcss-discard-overridden-6.0.2.tgz 0ms (cache hit)
408 http cache postcss-discard-duplicates@https://registry.npmjs.org/postcss-discard-duplicates/-/postcss-discard-duplicates-6.0.3.tgz 0ms (cache hit)
409 http cache postcss-discard-unused@https://registry.npmjs.org/postcss-discard-unused/-/postcss-discard-unused-6.0.5.tgz 0ms (cache hit)
410 http cache postcss-discard-empty@https://registry.npmjs.org/postcss-discard-empty/-/postcss-discard-empty-6.0.3.tgz 0ms (cache hit)
411 http cache postcss-discard-comments@https://registry.npmjs.org/postcss-discard-comments/-/postcss-discard-comments-6.0.2.tgz 0ms (cache hit)
412 http cache postcss-dir-pseudo-class@https://registry.npmjs.org/postcss-dir-pseudo-class/-/postcss-dir-pseudo-class-9.0.1.tgz 0ms (cache hit)
413 http cache postcss-custom-selectors@https://registry.npmjs.org/postcss-custom-selectors/-/postcss-custom-selectors-8.0.5.tgz 0ms (cache hit)
414 http cache postcss-convert-values@https://registry.npmjs.org/postcss-convert-values/-/postcss-convert-values-6.1.0.tgz 0ms (cache hit)
415 http cache postcss-color-rebeccapurple@https://registry.npmjs.org/postcss-color-rebeccapurple/-/postcss-color-rebeccapurple-10.0.0.tgz 0ms (cache hit)
416 http cache postcss-color-hex-alpha@https://registry.npmjs.org/postcss-color-hex-alpha/-/postcss-color-hex-alpha-10.0.0.tgz 0ms (cache hit)
417 http cache postcss-colormin@https://registry.npmjs.org/postcss-colormin/-/postcss-colormin-6.1.0.tgz 0ms (cache hit)
418 http cache postcss-color-functional-notation@https://registry.npmjs.org/postcss-color-functional-notation/-/postcss-color-functional-notation-7.0.12.tgz 0ms (cache hit)
419 http cache postcss-custom-media@https://registry.npmjs.org/postcss-custom-media/-/postcss-custom-media-11.0.6.tgz 0ms (cache hit)
420 http cache postcss-calc@https://registry.npmjs.org/postcss-calc/-/postcss-calc-9.0.1.tgz 0ms (cache hit)
421 http cache postcss-custom-properties@https://registry.npmjs.org/postcss-custom-properties/-/postcss-custom-properties-14.0.6.tgz 0ms (cache hit)
422 http cache postcss-attribute-case-insensitive@https://registry.npmjs.org/postcss-attribute-case-insensitive/-/postcss-attribute-case-insensitive-7.0.1.tgz 0ms (cache hit)
423 http cache postcss-clamp@https://registry.npmjs.org/postcss-clamp/-/postcss-clamp-4.1.0.tgz 0ms (cache hit)
424 http cache pkg-dir@https://registry.npmjs.org/pkg-dir/-/pkg-dir-7.0.0.tgz 0ms (cache hit)
425 http cache postcss@https://registry.npmjs.org/postcss/-/postcss-8.5.15.tgz 0ms (cache hit)
426 http cache picomatch@https://registry.npmjs.org/picomatch/-/picomatch-2.3.2.tgz 0ms (cache hit)
427 http cache pirates@https://registry.npmjs.org/pirates/-/pirates-4.0.7.tgz 0ms (cache hit)
428 http cache points-on-path@https://registry.npmjs.org/points-on-path/-/points-on-path-0.2.1.tgz 0ms (cache hit)
429 http cache points-on-curve@https://registry.npmjs.org/points-on-curve/-/points-on-curve-0.2.0.tgz 0ms (cache hit)
430 http cache pkijs@https://registry.npmjs.org/pkijs/-/pkijs-3.4.0.tgz 0ms (cache hit)
431 http cache path-parse@https://registry.npmjs.org/path-parse/-/path-parse-1.0.7.tgz 0ms (cache hit)
432 http cache path-to-regexp@https://registry.npmjs.org/path-to-regexp/-/path-to-regexp-1.9.0.tgz 0ms (cache hit)
433 http cache picocolors@https://registry.npmjs.org/picocolors/-/picocolors-1.1.1.tgz 0ms (cache hit)
434 http cache path-type@https://registry.npmjs.org/path-type/-/path-type-4.0.0.tgz 0ms (cache hit)
435 http cache path-exists@https://registry.npmjs.org/path-exists/-/path-exists-5.0.0.tgz 0ms (cache hit)
436 http cache path-is-inside@https://registry.npmjs.org/path-is-inside/-/path-is-inside-1.0.2.tgz 0ms (cache hit)
437 http cache path-key@https://registry.npmjs.org/path-key/-/path-key-3.1.1.tgz 0ms (cache hit)
438 http cache path-data-parser@https://registry.npmjs.org/path-data-parser/-/path-data-parser-0.1.0.tgz 0ms (cache hit)
439 http cache parse5@https://registry.npmjs.org/parse5/-/parse5-7.3.0.tgz 0ms (cache hit)
440 http cache pascal-case@https://registry.npmjs.org/pascal-case/-/pascal-case-3.1.2.tgz 0ms (cache hit)
441 http cache parseurl@https://registry.npmjs.org/parseurl/-/parseurl-1.3.3.tgz 0ms (cache hit)
442 http cache parse5-htmlparser2-tree-adapter@https://registry.npmjs.org/parse5-htmlparser2-tree-adapter/-/parse5-htmlparser2-tree-adapter-7.1.0.tgz 0ms (cache hit)
443 http cache parse-numeric-range@https://registry.npmjs.org/parse-numeric-range/-/parse-numeric-range-1.3.0.tgz 0ms (cache hit)
444 http cache parse5-parser-stream@https://registry.npmjs.org/parse5-parser-stream/-/parse5-parser-stream-7.1.2.tgz 0ms (cache hit)
445 http cache package-manager-detector@https://registry.npmjs.org/package-manager-detector/-/package-manager-detector-1.6.0.tgz 0ms (cache hit)
446 http cache parent-module@https://registry.npmjs.org/parent-module/-/parent-module-1.0.1.tgz 0ms (cache hit)
447 http cache parse-json@https://registry.npmjs.org/parse-json/-/parse-json-5.2.0.tgz 0ms (cache hit)
448 http cache package-json@https://registry.npmjs.org/package-json/-/package-json-8.1.1.tgz 0ms (cache hit)
449 http cache p-timeout@https://registry.npmjs.org/p-timeout/-/p-timeout-3.2.0.tgz 0ms (cache hit)
450 http cache param-case@https://registry.npmjs.org/param-case/-/param-case-3.0.4.tgz 0ms (cache hit)
451 http cache p-queue@https://registry.npmjs.org/p-queue/-/p-queue-6.6.2.tgz 0ms (cache hit)
452 http cache p-retry@https://registry.npmjs.org/p-retry/-/p-retry-6.2.1.tgz 0ms (cache hit)
453 http cache parse-entities@https://registry.npmjs.org/parse-entities/-/parse-entities-4.0.2.tgz 0ms (cache hit)
454 http cache os-homedir@https://registry.npmjs.org/os-homedir/-/os-homedir-1.0.2.tgz 0ms (cache hit)
455 http cache p-map@https://registry.npmjs.org/p-map/-/p-map-4.0.0.tgz 0ms (cache hit)
456 http cache p-finally@https://registry.npmjs.org/p-finally/-/p-finally-1.0.0.tgz 0ms (cache hit)
457 http cache p-limit@https://registry.npmjs.org/p-limit/-/p-limit-4.0.0.tgz 0ms (cache hit)
458 http cache p-cancelable@https://registry.npmjs.org/p-cancelable/-/p-cancelable-3.0.0.tgz 0ms (cache hit)
459 http cache open@https://registry.npmjs.org/open/-/open-8.4.2.tgz 0ms (cache hit)
460 http cache onetime@https://registry.npmjs.org/onetime/-/onetime-5.1.2.tgz 0ms (cache hit)
461 http cache p-locate@https://registry.npmjs.org/p-locate/-/p-locate-6.0.0.tgz 0ms (cache hit)
462 http cache on-finished@https://registry.npmjs.org/on-finished/-/on-finished-2.4.1.tgz 0ms (cache hit)
463 http cache opener@https://registry.npmjs.org/opener/-/opener-1.5.2.tgz 0ms (cache hit)
464 http cache obuf@https://registry.npmjs.org/obuf/-/obuf-1.1.2.tgz 0ms (cache hit)
465 http cache object-keys@https://registry.npmjs.org/object-keys/-/object-keys-1.1.1.tgz 0ms (cache hit)
466 http cache on-headers@https://registry.npmjs.org/on-headers/-/on-headers-1.1.0.tgz 0ms (cache hit)
467 http cache object-inspect@https://registry.npmjs.org/object-inspect/-/object-inspect-1.13.4.tgz 0ms (cache hit)
468 http cache object.assign@https://registry.npmjs.org/object.assign/-/object.assign-4.1.7.tgz 0ms (cache hit)
469 http cache null-loader@https://registry.npmjs.org/null-loader/-/null-loader-4.0.1.tgz 0ms (cache hit)
470 http cache normalize-url@https://registry.npmjs.org/normalize-url/-/normalize-url-8.1.1.tgz 0ms (cache hit)
471 http cache npm-run-path@https://registry.npmjs.org/npm-run-path/-/npm-run-path-4.0.1.tgz 0ms (cache hit)
472 http cache nth-check@https://registry.npmjs.org/nth-check/-/nth-check-2.1.1.tgz 0ms (cache hit)
473 http cache nprogress@https://registry.npmjs.org/nprogress/-/nprogress-0.2.0.tgz 0ms (cache hit)
474 http cache node-releases@https://registry.npmjs.org/node-releases/-/node-releases-2.0.46.tgz 0ms (cache hit)
475 http cache normalize-path@https://registry.npmjs.org/normalize-path/-/normalize-path-3.0.0.tgz 0ms (cache hit)
476 http cache node-emoji@https://registry.npmjs.org/node-emoji/-/node-emoji-2.2.0.tgz 0ms (cache hit)
477 http cache object-assign@https://registry.npmjs.org/object-assign/-/object-assign-4.1.1.tgz 0ms (cache hit)
478 http cache nanoid@https://registry.npmjs.org/nanoid/-/nanoid-3.3.12.tgz 0ms (cache hit)
479 http cache no-case@https://registry.npmjs.org/no-case/-/no-case-3.0.4.tgz 0ms (cache hit)
480 http cache negotiator@https://registry.npmjs.org/negotiator/-/negotiator-0.6.4.tgz 0ms (cache hit)
481 http cache multicast-dns@https://registry.npmjs.org/multicast-dns/-/multicast-dns-7.2.5.tgz 0ms (cache hit)
482 http cache neo-async@https://registry.npmjs.org/neo-async/-/neo-async-2.6.2.tgz 0ms (cache hit)
483 http cache ms@https://registry.npmjs.org/ms/-/ms-2.1.3.tgz 0ms (cache hit)
484 http cache mrmime@https://registry.npmjs.org/mrmime/-/mrmime-2.0.1.tgz 0ms (cache hit)
485 http cache mz@https://registry.npmjs.org/mz/-/mz-2.7.0.tgz 0ms (cache hit)
486 http cache mini-css-extract-plugin@https://registry.npmjs.org/mini-css-extract-plugin/-/mini-css-extract-plugin-2.10.2.tgz 0ms (cache hit)
487 http cache minimalistic-assert@https://registry.npmjs.org/minimalistic-assert/-/minimalistic-assert-1.0.1.tgz 0ms (cache hit)
488 http cache mimic-response@https://registry.npmjs.org/mimic-response/-/mimic-response-4.0.0.tgz 0ms (cache hit)
489 http cache minimatch@https://registry.npmjs.org/minimatch/-/minimatch-3.1.5.tgz 0ms (cache hit)
490 http cache mime-types@https://registry.npmjs.org/mime-types/-/mime-types-2.1.18.tgz 0ms (cache hit)
491 http cache mime-db@https://registry.npmjs.org/mime-db/-/mime-db-1.33.0.tgz 0ms (cache hit)
492 http cache mimic-fn@https://registry.npmjs.org/mimic-fn/-/mimic-fn-2.1.0.tgz 0ms (cache hit)
493 http cache mime@https://registry.npmjs.org/mime/-/mime-1.6.0.tgz 0ms (cache hit)
494 http cache micromark-util-symbol@https://registry.npmjs.org/micromark-util-symbol/-/micromark-util-symbol-1.1.0.tgz 0ms (cache hit)
495 http cache micromatch@https://registry.npmjs.org/micromatch/-/micromatch-4.0.8.tgz 0ms (cache hit)
496 http cache micromark-util-resolve-all@https://registry.npmjs.org/micromark-util-resolve-all/-/micromark-util-resolve-all-2.0.1.tgz 0ms (cache hit)
497 http cache micromark-util-types@https://registry.npmjs.org/micromark-util-types/-/micromark-util-types-2.0.2.tgz 0ms (cache hit)
498 http cache micromark-util-html-tag-name@https://registry.npmjs.org/micromark-util-html-tag-name/-/micromark-util-html-tag-name-2.0.1.tgz 0ms (cache hit)
499 http cache micromark-util-normalize-identifier@https://registry.npmjs.org/micromark-util-normalize-identifier/-/micromark-util-normalize-identifier-2.0.1.tgz 0ms (cache hit)
500 http cache micromark-util-events-to-acorn@https://registry.npmjs.org/micromark-util-events-to-acorn/-/micromark-util-events-to-acorn-2.0.3.tgz 0ms (cache hit)
501 http cache micromark-util-subtokenize@https://registry.npmjs.org/micromark-util-subtokenize/-/micromark-util-subtokenize-2.1.0.tgz 0ms (cache hit)
502 http cache minimist@https://registry.npmjs.org/minimist/-/minimist-1.2.8.tgz 0ms (cache hit)
503 http cache micromark-util-encode@https://registry.npmjs.org/micromark-util-encode/-/micromark-util-encode-2.0.1.tgz 0ms (cache hit)
504 http cache micromark-util-decode-string@https://registry.npmjs.org/micromark-util-decode-string/-/micromark-util-decode-string-2.0.1.tgz 0ms (cache hit)
505 http cache micromark-util-classify-character@https://registry.npmjs.org/micromark-util-classify-character/-/micromark-util-classify-character-2.0.1.tgz 0ms (cache hit)
506 http cache micromark-util-combine-extensions@https://registry.npmjs.org/micromark-util-combine-extensions/-/micromark-util-combine-extensions-2.0.1.tgz 0ms (cache hit)
507 http cache micromark-util-decode-numeric-character-reference@https://registry.npmjs.org/micromark-util-decode-numeric-character-reference/-/micromark-util-decode-numeric-character-reference-2.0.2.tgz 0ms (cache hit)
508 http cache micromark-util-sanitize-uri@https://registry.npmjs.org/micromark-util-sanitize-uri/-/micromark-util-sanitize-uri-2.0.1.tgz 0ms (cache hit)
509 http cache micromark-factory-whitespace@https://registry.npmjs.org/micromark-factory-whitespace/-/micromark-factory-whitespace-2.0.1.tgz 0ms (cache hit)
510 http cache micromark-factory-title@https://registry.npmjs.org/micromark-factory-title/-/micromark-factory-title-2.0.1.tgz 0ms (cache hit)
511 http cache micromark-util-chunked@https://registry.npmjs.org/micromark-util-chunked/-/micromark-util-chunked-2.0.1.tgz 0ms (cache hit)
512 http cache micromark-factory-mdx-expression@https://registry.npmjs.org/micromark-factory-mdx-expression/-/micromark-factory-mdx-expression-2.0.3.tgz 0ms (cache hit)
513 http cache micromark-factory-space@https://registry.npmjs.org/micromark-factory-space/-/micromark-factory-space-1.1.0.tgz 0ms (cache hit)
514 http cache micromark-factory-label@https://registry.npmjs.org/micromark-factory-label/-/micromark-factory-label-2.0.1.tgz 0ms (cache hit)
515 http cache micromark-util-character@https://registry.npmjs.org/micromark-util-character/-/micromark-util-character-1.2.0.tgz 0ms (cache hit)
516 http cache micromark-factory-destination@https://registry.npmjs.org/micromark-factory-destination/-/micromark-factory-destination-2.0.1.tgz 0ms (cache hit)
517 http cache micromark-extension-mdxjs@https://registry.npmjs.org/micromark-extension-mdxjs/-/micromark-extension-mdxjs-3.0.0.tgz 0ms (cache hit)
518 http cache micromark-extension-mdxjs-esm@https://registry.npmjs.org/micromark-extension-mdxjs-esm/-/micromark-extension-mdxjs-esm-3.0.0.tgz 0ms (cache hit)
519 http cache micromark-extension-mdx-expression@https://registry.npmjs.org/micromark-extension-mdx-expression/-/micromark-extension-mdx-expression-3.0.1.tgz 0ms (cache hit)
520 http cache micromark-extension-mdx-md@https://registry.npmjs.org/micromark-extension-mdx-md/-/micromark-extension-mdx-md-2.0.0.tgz 0ms (cache hit)
521 http cache micromark-extension-mdx-jsx@https://registry.npmjs.org/micromark-extension-mdx-jsx/-/micromark-extension-mdx-jsx-3.0.2.tgz 0ms (cache hit)
522 http cache micromark-extension-gfm-task-list-item@https://registry.npmjs.org/micromark-extension-gfm-task-list-item/-/micromark-extension-gfm-task-list-item-2.1.0.tgz 0ms (cache hit)
523 http cache micromark-extension-gfm-table@https://registry.npmjs.org/micromark-extension-gfm-table/-/micromark-extension-gfm-table-2.1.1.tgz 0ms (cache hit)
524 http cache micromark-extension-gfm-strikethrough@https://registry.npmjs.org/micromark-extension-gfm-strikethrough/-/micromark-extension-gfm-strikethrough-2.1.0.tgz 0ms (cache hit)
525 http cache micromark-extension-gfm-tagfilter@https://registry.npmjs.org/micromark-extension-gfm-tagfilter/-/micromark-extension-gfm-tagfilter-2.0.0.tgz 0ms (cache hit)
526 http cache micromark-extension-gfm@https://registry.npmjs.org/micromark-extension-gfm/-/micromark-extension-gfm-3.0.0.tgz 0ms (cache hit)
527 http cache micromark-extension-gfm-footnote@https://registry.npmjs.org/micromark-extension-gfm-footnote/-/micromark-extension-gfm-footnote-2.1.0.tgz 0ms (cache hit)
528 http cache micromark-extension-directive@https://registry.npmjs.org/micromark-extension-directive/-/micromark-extension-directive-3.0.2.tgz 0ms (cache hit)
529 http cache micromark-extension-definition-list@https://registry.npmjs.org/micromark-extension-definition-list/-/micromark-extension-definition-list-2.0.1.tgz 0ms (cache hit)
530 http cache micromark-core-commonmark@https://registry.npmjs.org/micromark-core-commonmark/-/micromark-core-commonmark-2.0.3.tgz 0ms (cache hit)
531 http cache micromark-extension-gfm-autolink-literal@https://registry.npmjs.org/micromark-extension-gfm-autolink-literal/-/micromark-extension-gfm-autolink-literal-2.1.0.tgz 0ms (cache hit)
532 http cache methods@https://registry.npmjs.org/methods/-/methods-1.1.2.tgz 0ms (cache hit)
533 http cache micromark-extension-frontmatter@https://registry.npmjs.org/micromark-extension-frontmatter/-/micromark-extension-frontmatter-2.0.0.tgz 0ms (cache hit)
534 http cache merge2@https://registry.npmjs.org/merge2/-/merge2-1.4.1.tgz 0ms (cache hit)
535 http cache micromark@https://registry.npmjs.org/micromark/-/micromark-4.0.2.tgz 0ms (cache hit)
536 http cache merge-descriptors@https://registry.npmjs.org/merge-descriptors/-/merge-descriptors-1.0.3.tgz 0ms (cache hit)
537 http cache memfs@https://registry.npmjs.org/memfs/-/memfs-4.57.3.tgz 0ms (cache hit)
538 http cache mdast-util-to-string@https://registry.npmjs.org/mdast-util-to-string/-/mdast-util-to-string-4.0.0.tgz 0ms (cache hit)
539 http cache mdast-util-to-markdown@https://registry.npmjs.org/mdast-util-to-markdown/-/mdast-util-to-markdown-2.1.2.tgz 0ms (cache hit)
540 http cache merge-stream@https://registry.npmjs.org/merge-stream/-/merge-stream-2.0.0.tgz 0ms (cache hit)
541 http cache mermaid@https://registry.npmjs.org/mermaid/-/mermaid-11.15.0.tgz 0ms (cache hit)
542 http cache media-typer@https://registry.npmjs.org/media-typer/-/media-typer-0.3.0.tgz 0ms (cache hit)
543 http cache mdast-util-to-hast@https://registry.npmjs.org/mdast-util-to-hast/-/mdast-util-to-hast-13.2.1.tgz 0ms (cache hit)
544 http cache mdast-util-phrasing@https://registry.npmjs.org/mdast-util-phrasing/-/mdast-util-phrasing-4.1.0.tgz 0ms (cache hit)
545 http cache mdast-util-mdxjs-esm@https://registry.npmjs.org/mdast-util-mdxjs-esm/-/mdast-util-mdxjs-esm-2.0.1.tgz 0ms (cache hit)
546 http cache mdast-util-mdx-expression@https://registry.npmjs.org/mdast-util-mdx-expression/-/mdast-util-mdx-expression-2.0.1.tgz 0ms (cache hit)
547 http cache mdast-util-gfm-table@https://registry.npmjs.org/mdast-util-gfm-table/-/mdast-util-gfm-table-2.0.0.tgz 0ms (cache hit)
548 http cache mdast-util-gfm-task-list-item@https://registry.npmjs.org/mdast-util-gfm-task-list-item/-/mdast-util-gfm-task-list-item-2.0.0.tgz 0ms (cache hit)
549 http cache mdast-util-mdx@https://registry.npmjs.org/mdast-util-mdx/-/mdast-util-mdx-3.0.0.tgz 0ms (cache hit)
550 http cache mdast-util-gfm-strikethrough@https://registry.npmjs.org/mdast-util-gfm-strikethrough/-/mdast-util-gfm-strikethrough-2.0.0.tgz 0ms (cache hit)
551 http cache mdast-util-gfm-autolink-literal@https://registry.npmjs.org/mdast-util-gfm-autolink-literal/-/mdast-util-gfm-autolink-literal-2.0.1.tgz 0ms (cache hit)
552 http cache mdn-data@https://registry.npmjs.org/mdn-data/-/mdn-data-2.0.30.tgz 0ms (cache hit)
553 http cache mdast-util-gfm-footnote@https://registry.npmjs.org/mdast-util-gfm-footnote/-/mdast-util-gfm-footnote-2.1.0.tgz 0ms (cache hit)
554 http cache mdast-util-gfm@https://registry.npmjs.org/mdast-util-gfm/-/mdast-util-gfm-3.1.0.tgz 0ms (cache hit)
555 http cache mdast-util-mdx-jsx@https://registry.npmjs.org/mdast-util-mdx-jsx/-/mdast-util-mdx-jsx-3.2.0.tgz 0ms (cache hit)
556 http cache mdast-util-find-and-replace@https://registry.npmjs.org/mdast-util-find-and-replace/-/mdast-util-find-and-replace-3.0.2.tgz 0ms (cache hit)
557 http cache mdast-util-from-markdown@https://registry.npmjs.org/mdast-util-from-markdown/-/mdast-util-from-markdown-2.0.3.tgz 0ms (cache hit)
558 http cache mdast-util-directive@https://registry.npmjs.org/mdast-util-directive/-/mdast-util-directive-3.1.0.tgz 0ms (cache hit)
559 http cache mdast-util-definition-list@https://registry.npmjs.org/mdast-util-definition-list/-/mdast-util-definition-list-2.0.0.tgz 0ms (cache hit)
560 http cache marked@https://registry.npmjs.org/marked/-/marked-16.4.2.tgz 0ms (cache hit)
561 http cache mdast-util-frontmatter@https://registry.npmjs.org/mdast-util-frontmatter/-/mdast-util-frontmatter-2.0.1.tgz 0ms (cache hit)
562 http cache math-intrinsics@https://registry.npmjs.org/math-intrinsics/-/math-intrinsics-1.1.0.tgz 0ms (cache hit)
563 http cache markdown-extensions@https://registry.npmjs.org/markdown-extensions/-/markdown-extensions-2.0.0.tgz 0ms (cache hit)
564 http cache magic-string@https://registry.npmjs.org/magic-string/-/magic-string-0.25.9.tgz 0ms (cache hit)
565 http cache markdown-table@https://registry.npmjs.org/markdown-table/-/markdown-table-3.0.4.tgz 0ms (cache hit)
566 http cache mark.js@https://registry.npmjs.org/mark.js/-/mark.js-8.11.1.tgz 0ms (cache hit)
567 http cache lru-cache@https://registry.npmjs.org/lru-cache/-/lru-cache-5.1.1.tgz 0ms (cache hit)
568 http cache lunr@https://registry.npmjs.org/lunr/-/lunr-2.3.9.tgz 0ms (cache hit)
569 http cache lower-case@https://registry.npmjs.org/lower-case/-/lower-case-2.0.2.tgz 0ms (cache hit)
570 http cache loose-envify@https://registry.npmjs.org/loose-envify/-/loose-envify-1.4.0.tgz 0ms (cache hit)
571 http cache longest-streak@https://registry.npmjs.org/longest-streak/-/longest-streak-3.1.0.tgz 0ms (cache hit)
572 http cache lodash.uniq@https://registry.npmjs.org/lodash.uniq/-/lodash.uniq-4.5.0.tgz 0ms (cache hit)
573 http cache lunr-languages@https://registry.npmjs.org/lunr-languages/-/lunr-languages-1.20.0.tgz 0ms (cache hit)
574 http cache lodash.debounce@https://registry.npmjs.org/lodash.debounce/-/lodash.debounce-4.0.8.tgz 0ms (cache hit)
575 http cache lowercase-keys@https://registry.npmjs.org/lowercase-keys/-/lowercase-keys-3.0.0.tgz 0ms (cache hit)
576 http cache lodash.memoize@https://registry.npmjs.org/lodash.memoize/-/lodash.memoize-4.1.2.tgz 0ms (cache hit)
577 http cache lodash@https://registry.npmjs.org/lodash/-/lodash-4.18.1.tgz 0ms (cache hit)
578 http cache loader-runner@https://registry.npmjs.org/loader-runner/-/loader-runner-4.3.2.tgz 0ms (cache hit)
579 http cache loader-utils@https://registry.npmjs.org/loader-utils/-/loader-utils-2.0.4.tgz 0ms (cache hit)
580 http cache lightningcss-darwin-arm64@https://registry.npmjs.org/lightningcss-darwin-arm64/-/lightningcss-darwin-arm64-1.32.0.tgz 0ms (cache hit)
581 http cache lodash-es@https://registry.npmjs.org/lodash-es/-/lodash-es-4.18.1.tgz 0ms (cache hit)
582 http cache leven@https://registry.npmjs.org/leven/-/leven-3.1.0.tgz 0ms (cache hit)
583 http cache lines-and-columns@https://registry.npmjs.org/lines-and-columns/-/lines-and-columns-1.2.4.tgz 0ms (cache hit)
584 http cache layout-base@https://registry.npmjs.org/layout-base/-/layout-base-1.0.2.tgz 0ms (cache hit)
585 http cache latest-version@https://registry.npmjs.org/latest-version/-/latest-version-7.0.0.tgz 0ms (cache hit)
586 http cache lightningcss@https://registry.npmjs.org/lightningcss/-/lightningcss-1.32.0.tgz 0ms (cache hit)
587 http cache kleur@https://registry.npmjs.org/kleur/-/kleur-3.0.3.tgz 0ms (cache hit)
588 http cache launch-editor@https://registry.npmjs.org/launch-editor/-/launch-editor-2.14.0.tgz 0ms (cache hit)
589 http cache khroma@https://registry.npmjs.org/khroma/-/khroma-2.1.0.tgz 0ms (cache hit)
590 http cache lilconfig@https://registry.npmjs.org/lilconfig/-/lilconfig-3.1.3.tgz 0ms (cache hit)
591 http cache klaw-sync@https://registry.npmjs.org/klaw-sync/-/klaw-sync-6.0.0.tgz 0ms (cache hit)
592 http cache keyv@https://registry.npmjs.org/keyv/-/keyv-4.5.4.tgz 0ms (cache hit)
593 http cache kind-of@https://registry.npmjs.org/kind-of/-/kind-of-6.0.3.tgz 0ms (cache hit)
594 http cache katex@https://registry.npmjs.org/katex/-/katex-0.16.47.tgz 0ms (cache hit)
595 http cache jsonfile@https://registry.npmjs.org/jsonfile/-/jsonfile-6.2.1.tgz 0ms (cache hit)
596 http cache locate-path@https://registry.npmjs.org/locate-path/-/locate-path-7.2.0.tgz 0ms (cache hit)
597 http cache json-buffer@https://registry.npmjs.org/json-buffer/-/json-buffer-3.0.1.tgz 0ms (cache hit)
598 http cache json-schema-traverse@https://registry.npmjs.org/json-schema-traverse/-/json-schema-traverse-1.0.0.tgz 0ms (cache hit)
599 http cache json-parse-even-better-errors@https://registry.npmjs.org/json-parse-even-better-errors/-/json-parse-even-better-errors-2.3.1.tgz 0ms (cache hit)
600 http cache jsesc@https://registry.npmjs.org/jsesc/-/jsesc-3.1.0.tgz 0ms (cache hit)
601 http cache json5@https://registry.npmjs.org/json5/-/json5-2.2.3.tgz 0ms (cache hit)
602 http cache js-tokens@https://registry.npmjs.org/js-tokens/-/js-tokens-4.0.0.tgz 0ms (cache hit)
603 http cache jest-util@https://registry.npmjs.org/jest-util/-/jest-util-29.7.0.tgz 0ms (cache hit)
604 http cache js-yaml@https://registry.npmjs.org/js-yaml/-/js-yaml-4.2.0.tgz 0ms (cache hit)
605 http cache jiti@https://registry.npmjs.org/jiti/-/jiti-1.21.7.tgz 0ms (cache hit)
606 http cache isarray@https://registry.npmjs.org/isarray/-/isarray-0.0.1.tgz 0ms (cache hit)
607 http cache isobject@https://registry.npmjs.org/isobject/-/isobject-3.0.1.tgz 0ms (cache hit)
608 http cache isexe@https://registry.npmjs.org/isexe/-/isexe-2.0.0.tgz 0ms (cache hit)
609 http cache jest-worker@https://registry.npmjs.org/jest-worker/-/jest-worker-29.7.0.tgz 0ms (cache hit)
610 http cache is-wsl@https://registry.npmjs.org/is-wsl/-/is-wsl-2.2.0.tgz 0ms (cache hit)
611 http cache is-yarn-global@https://registry.npmjs.org/is-yarn-global/-/is-yarn-global-0.4.1.tgz 0ms (cache hit)
612 http cache is-regexp@https://registry.npmjs.org/is-regexp/-/is-regexp-1.0.0.tgz 0ms (cache hit)
613 http cache is-plain-object@https://registry.npmjs.org/is-plain-object/-/is-plain-object-2.0.4.tgz 0ms (cache hit)
614 http cache is-plain-obj@https://registry.npmjs.org/is-plain-obj/-/is-plain-obj-4.1.0.tgz 0ms (cache hit)
615 http cache is-stream@https://registry.npmjs.org/is-stream/-/is-stream-2.0.1.tgz 0ms (cache hit)
616 http cache joi@https://registry.npmjs.org/joi/-/joi-17.13.3.tgz 0ms (cache hit)
617 http cache is-obj@https://registry.npmjs.org/is-obj/-/is-obj-1.0.1.tgz 0ms (cache hit)
618 http cache is-number@https://registry.npmjs.org/is-number/-/is-number-7.0.0.tgz 0ms (cache hit)
619 http cache is-typedarray@https://registry.npmjs.org/is-typedarray/-/is-typedarray-1.0.0.tgz 0ms (cache hit)
620 http cache is-path-inside@https://registry.npmjs.org/is-path-inside/-/is-path-inside-3.0.3.tgz 0ms (cache hit)
621 http cache is-inside-container@https://registry.npmjs.org/is-inside-container/-/is-inside-container-1.0.0.tgz 0ms (cache hit)
622 http cache is-installed-globally@https://registry.npmjs.org/is-installed-globally/-/is-installed-globally-0.4.0.tgz 0ms (cache hit)
623 http cache is-fullwidth-code-point@https://registry.npmjs.org/is-fullwidth-code-point/-/is-fullwidth-code-point-3.0.0.tgz 0ms (cache hit)
624 http cache is-npm@https://registry.npmjs.org/is-npm/-/is-npm-6.1.0.tgz 0ms (cache hit)
625 http cache is-hexadecimal@https://registry.npmjs.org/is-hexadecimal/-/is-hexadecimal-2.0.1.tgz 0ms (cache hit)
626 http cache is-docker@https://registry.npmjs.org/is-docker/-/is-docker-2.2.1.tgz 0ms (cache hit)
627 http cache is-glob@https://registry.npmjs.org/is-glob/-/is-glob-4.0.3.tgz 0ms (cache hit)
628 http cache is-extglob@https://registry.npmjs.org/is-extglob/-/is-extglob-2.1.1.tgz 0ms (cache hit)
629 http cache is-network-error@https://registry.npmjs.org/is-network-error/-/is-network-error-1.3.2.tgz 0ms (cache hit)
630 http cache is-decimal@https://registry.npmjs.org/is-decimal/-/is-decimal-2.0.1.tgz 0ms (cache hit)
631 http cache is-ci@https://registry.npmjs.org/is-ci/-/is-ci-3.0.1.tgz 0ms (cache hit)
632 http cache is-extendable@https://registry.npmjs.org/is-extendable/-/is-extendable-0.1.1.tgz 0ms (cache hit)
633 http cache is-alphabetical@https://registry.npmjs.org/is-alphabetical/-/is-alphabetical-2.0.1.tgz 0ms (cache hit)
634 http cache is-binary-path@https://registry.npmjs.org/is-binary-path/-/is-binary-path-2.1.0.tgz 0ms (cache hit)
635 http cache invariant@https://registry.npmjs.org/invariant/-/invariant-2.2.4.tgz 0ms (cache hit)
636 http cache is-core-module@https://registry.npmjs.org/is-core-module/-/is-core-module-2.16.2.tgz 0ms (cache hit)
637 http cache is-alphanumerical@https://registry.npmjs.org/is-alphanumerical/-/is-alphanumerical-2.0.1.tgz 0ms (cache hit)
638 http cache internmap@https://registry.npmjs.org/internmap/-/internmap-2.0.3.tgz 0ms (cache hit)
639 http cache is-arrayish@https://registry.npmjs.org/is-arrayish/-/is-arrayish-0.2.1.tgz 0ms (cache hit)
640 http cache inline-style-parser@https://registry.npmjs.org/inline-style-parser/-/inline-style-parser-0.2.7.tgz 0ms (cache hit)
641 http cache ini@https://registry.npmjs.org/ini/-/ini-2.0.0.tgz 0ms (cache hit)
642 http cache ipaddr.js@https://registry.npmjs.org/ipaddr.js/-/ipaddr.js-2.4.0.tgz 0ms (cache hit)
643 http cache inherits@https://registry.npmjs.org/inherits/-/inherits-2.0.4.tgz 0ms (cache hit)
644 http cache import-lazy@https://registry.npmjs.org/import-lazy/-/import-lazy-4.0.0.tgz 0ms (cache hit)
645 http cache indent-string@https://registry.npmjs.org/indent-string/-/indent-string-4.0.0.tgz 0ms (cache hit)
646 http cache import-fresh@https://registry.npmjs.org/import-fresh/-/import-fresh-3.3.1.tgz 0ms (cache hit)
647 http cache imurmurhash@https://registry.npmjs.org/imurmurhash/-/imurmurhash-0.1.4.tgz 0ms (cache hit)
648 http cache import-meta-resolve@https://registry.npmjs.org/import-meta-resolve/-/import-meta-resolve-4.2.0.tgz 0ms (cache hit)
649 http cache icss-utils@https://registry.npmjs.org/icss-utils/-/icss-utils-5.1.0.tgz 0ms (cache hit)
650 http cache image-size@https://registry.npmjs.org/image-size/-/image-size-2.0.2.tgz 0ms (cache hit)
651 http cache infima@https://registry.npmjs.org/infima/-/infima-0.2.0-alpha.45.tgz 0ms (cache hit)
652 http cache ignore@https://registry.npmjs.org/ignore/-/ignore-5.3.2.tgz 0ms (cache hit)
653 http cache hyperdyperid@https://registry.npmjs.org/hyperdyperid/-/hyperdyperid-1.2.0.tgz 0ms (cache hit)
654 http cache human-signals@https://registry.npmjs.org/human-signals/-/human-signals-2.1.0.tgz 0ms (cache hit)
655 http cache iconv-lite@https://registry.npmjs.org/iconv-lite/-/iconv-lite-0.4.24.tgz 0ms (cache hit)
656 http cache http-parser-js@https://registry.npmjs.org/http-parser-js/-/http-parser-js-0.5.10.tgz 0ms (cache hit)
657 http cache http-proxy-middleware@https://registry.npmjs.org/http-proxy-middleware/-/http-proxy-middleware-2.0.9.tgz 0ms (cache hit)
658 http cache http2-wrapper@https://registry.npmjs.org/http2-wrapper/-/http2-wrapper-2.2.1.tgz 0ms (cache hit)
659 http cache immediate@https://registry.npmjs.org/immediate/-/immediate-3.3.0.tgz 0ms (cache hit)
660 http cache http-proxy@https://registry.npmjs.org/http-proxy/-/http-proxy-1.18.1.tgz 0ms (cache hit)
661 http cache http-cache-semantics@https://registry.npmjs.org/http-cache-semantics/-/http-cache-semantics-4.2.0.tgz 0ms (cache hit)
662 http cache http-deceiver@https://registry.npmjs.org/http-deceiver/-/http-deceiver-1.2.7.tgz 0ms (cache hit)
663 http cache htmlparser2@https://registry.npmjs.org/htmlparser2/-/htmlparser2-8.0.2.tgz 0ms (cache hit)
664 http cache html-void-elements@https://registry.npmjs.org/html-void-elements/-/html-void-elements-3.0.0.tgz 0ms (cache hit)
665 http cache http-errors@https://registry.npmjs.org/http-errors/-/http-errors-2.0.1.tgz 0ms (cache hit)
666 http cache html-minifier-terser@https://registry.npmjs.org/html-minifier-terser/-/html-minifier-terser-7.2.0.tgz 0ms (cache hit)
667 http cache html-escaper@https://registry.npmjs.org/html-escaper/-/html-escaper-2.0.2.tgz 0ms (cache hit)
668 http cache hoist-non-react-statics@https://registry.npmjs.org/hoist-non-react-statics/-/hoist-non-react-statics-3.3.2.tgz 0ms (cache hit)
669 http cache he@https://registry.npmjs.org/he/-/he-1.2.0.tgz 0ms (cache hit)
670 http cache history@https://registry.npmjs.org/history/-/history-4.10.1.tgz 0ms (cache hit)
671 http cache hastscript@https://registry.npmjs.org/hastscript/-/hastscript-9.0.1.tgz 0ms (cache hit)
672 http cache hast-util-whitespace@https://registry.npmjs.org/hast-util-whitespace/-/hast-util-whitespace-3.0.0.tgz 0ms (cache hit)
673 http cache hpack.js@https://registry.npmjs.org/hpack.js/-/hpack.js-2.1.6.tgz 0ms (cache hit)
674 http cache hast-util-to-text@https://registry.npmjs.org/hast-util-to-text/-/hast-util-to-text-4.0.2.tgz 0ms (cache hit)
675 http cache hast-util-to-mdast@https://registry.npmjs.org/hast-util-to-mdast/-/hast-util-to-mdast-10.1.2.tgz 0ms (cache hit)
676 http cache hast-util-to-jsx-runtime@https://registry.npmjs.org/hast-util-to-jsx-runtime/-/hast-util-to-jsx-runtime-2.3.6.tgz 0ms (cache hit)
677 http cache hast-util-to-html@https://registry.npmjs.org/hast-util-to-html/-/hast-util-to-html-9.0.5.tgz 0ms (cache hit)
678 http cache hast-util-to-estree@https://registry.npmjs.org/hast-util-to-estree/-/hast-util-to-estree-3.1.3.tgz 0ms (cache hit)
679 http cache hast-util-to-parse5@https://registry.npmjs.org/hast-util-to-parse5/-/hast-util-to-parse5-8.0.1.tgz 0ms (cache hit)
680 http cache hast-util-raw@https://registry.npmjs.org/hast-util-raw/-/hast-util-raw-9.1.0.tgz 0ms (cache hit)
681 http cache hast-util-phrasing@https://registry.npmjs.org/hast-util-phrasing/-/hast-util-phrasing-3.0.1.tgz 0ms (cache hit)
682 http cache hast-util-parse-selector@https://registry.npmjs.org/hast-util-parse-selector/-/hast-util-parse-selector-4.0.0.tgz 0ms (cache hit)
683 http cache html-webpack-plugin@https://registry.npmjs.org/html-webpack-plugin/-/html-webpack-plugin-5.6.7.tgz 0ms (cache hit)
684 http cache hast-util-is-element@https://registry.npmjs.org/hast-util-is-element/-/hast-util-is-element-3.0.0.tgz 0ms (cache hit)
685 http cache hast-util-has-property@https://registry.npmjs.org/hast-util-has-property/-/hast-util-has-property-3.0.0.tgz 0ms (cache hit)
686 http cache hast-util-from-parse5@https://registry.npmjs.org/hast-util-from-parse5/-/hast-util-from-parse5-8.0.3.tgz 0ms (cache hit)
687 http cache hast-util-is-body-ok-link@https://registry.npmjs.org/hast-util-is-body-ok-link/-/hast-util-is-body-ok-link-3.0.1.tgz 0ms (cache hit)
688 http cache hast-util-embedded@https://registry.npmjs.org/hast-util-embedded/-/hast-util-embedded-3.0.0.tgz 0ms (cache hit)
689 http cache hast-util-definition-list@https://registry.npmjs.org/hast-util-definition-list/-/hast-util-definition-list-2.1.0.tgz 0ms (cache hit)
690 http cache has-symbols@https://registry.npmjs.org/has-symbols/-/has-symbols-1.1.0.tgz 0ms (cache hit)
691 http cache has-property-descriptors@https://registry.npmjs.org/has-property-descriptors/-/has-property-descriptors-1.0.2.tgz 0ms (cache hit)
692 http cache hasown@https://registry.npmjs.org/hasown/-/hasown-2.0.4.tgz 0ms (cache hit)
693 http cache has-yarn@https://registry.npmjs.org/has-yarn/-/has-yarn-3.0.0.tgz 0ms (cache hit)
694 http cache has-flag@https://registry.npmjs.org/has-flag/-/has-flag-4.0.0.tgz 0ms (cache hit)
695 http cache handle-thing@https://registry.npmjs.org/handle-thing/-/handle-thing-2.0.1.tgz 0ms (cache hit)
696 http cache gzip-size@https://registry.npmjs.org/gzip-size/-/gzip-size-6.0.0.tgz 0ms (cache hit)
697 http cache hachure-fill@https://registry.npmjs.org/hachure-fill/-/hachure-fill-0.5.2.tgz 0ms (cache hit)
698 http cache gray-matter@https://registry.npmjs.org/gray-matter/-/gray-matter-4.0.3.tgz 0ms (cache hit)
699 http cache gopd@https://registry.npmjs.org/gopd/-/gopd-1.2.0.tgz 0ms (cache hit)
700 http cache graceful-fs@https://registry.npmjs.org/graceful-fs/-/graceful-fs-4.2.11.tgz 0ms (cache hit)
701 http cache got@https://registry.npmjs.org/got/-/got-12.6.1.tgz 0ms (cache hit)
702 http cache globby@https://registry.npmjs.org/globby/-/globby-11.1.0.tgz 0ms (cache hit)
703 http cache glob-to-regexp@https://registry.npmjs.org/glob-to-regexp/-/glob-to-regexp-0.4.1.tgz 0ms (cache hit)
704 http cache global-dirs@https://registry.npmjs.org/global-dirs/-/global-dirs-3.0.1.tgz 0ms (cache hit)
705 http cache glob-to-regex.js@https://registry.npmjs.org/glob-to-regex.js/-/glob-to-regex.js-1.2.0.tgz 0ms (cache hit)
706 http cache glob-parent@https://registry.npmjs.org/glob-parent/-/glob-parent-5.1.2.tgz 0ms (cache hit)
707 http cache github-slugger@https://registry.npmjs.org/github-slugger/-/github-slugger-1.5.0.tgz 0ms (cache hit)
708 http cache get-stream@https://registry.npmjs.org/get-stream/-/get-stream-6.0.1.tgz 0ms (cache hit)
709 http cache get-own-enumerable-property-symbols@https://registry.npmjs.org/get-own-enumerable-property-symbols/-/get-own-enumerable-property-symbols-3.0.2.tgz 0ms (cache hit)
710 http cache get-intrinsic@https://registry.npmjs.org/get-intrinsic/-/get-intrinsic-1.3.0.tgz 0ms (cache hit)
711 http cache function-bind@https://registry.npmjs.org/function-bind/-/function-bind-1.1.2.tgz 0ms (cache hit)
712 http cache gensync@https://registry.npmjs.org/gensync/-/gensync-1.0.0-beta.2.tgz 0ms (cache hit)
713 http cache fsevents@https://registry.npmjs.org/fsevents/-/fsevents-2.3.3.tgz 0ms (cache hit)
714 http cache fs-extra@https://registry.npmjs.org/fs-extra/-/fs-extra-11.3.5.tgz 0ms (cache hit)
715 http cache fraction.js@https://registry.npmjs.org/fraction.js/-/fraction.js-5.3.4.tgz 0ms (cache hit)
716 http cache fresh@https://registry.npmjs.org/fresh/-/fresh-0.5.2.tgz 0ms (cache hit)
717 http cache follow-redirects@https://registry.npmjs.org/follow-redirects/-/follow-redirects-1.16.0.tgz 0ms (cache hit)
718 http cache format@https://registry.npmjs.org/format/-/format-0.2.2.tgz 0ms (cache hit)
719 http cache form-data-encoder@https://registry.npmjs.org/form-data-encoder/-/form-data-encoder-2.1.4.tgz 0ms (cache hit)
720 http cache forwarded@https://registry.npmjs.org/forwarded/-/forwarded-0.2.0.tgz 0ms (cache hit)
721 http cache get-proto@https://registry.npmjs.org/get-proto/-/get-proto-1.0.1.tgz 0ms (cache hit)
722 http cache find-cache-dir@https://registry.npmjs.org/find-cache-dir/-/find-cache-dir-4.0.0.tgz 0ms (cache hit)
723 http cache find-up@https://registry.npmjs.org/find-up/-/find-up-6.3.0.tgz 0ms (cache hit)
724 http cache feed@https://registry.npmjs.org/feed/-/feed-4.2.2.tgz 0ms (cache hit)
725 http cache fill-range@https://registry.npmjs.org/fill-range/-/fill-range-7.1.1.tgz 0ms (cache hit)
726 http cache faye-websocket@https://registry.npmjs.org/faye-websocket/-/faye-websocket-0.11.4.tgz 0ms (cache hit)
727 http cache file-loader@https://registry.npmjs.org/file-loader/-/file-loader-6.2.0.tgz 0ms (cache hit)
728 http cache finalhandler@https://registry.npmjs.org/finalhandler/-/finalhandler-1.3.2.tgz 0ms (cache hit)
729 http cache fault@https://registry.npmjs.org/fault/-/fault-2.0.1.tgz 0ms (cache hit)
730 http cache flat@https://registry.npmjs.org/flat/-/flat-5.0.2.tgz 0ms (cache hit)
731 http cache hast-util-minify-whitespace@https://registry.npmjs.org/hast-util-minify-whitespace/-/hast-util-minify-whitespace-1.0.1.tgz 0ms (cache hit)
732 http cache html-tags@https://registry.npmjs.org/html-tags/-/html-tags-3.3.1.tgz 0ms (cache hit)
733 http cache fast-uri@https://registry.npmjs.org/fast-uri/-/fast-uri-3.1.2.tgz 0ms (cache hit)
734 http cache extend-shallow@https://registry.npmjs.org/extend-shallow/-/extend-shallow-2.0.1.tgz 0ms (cache hit)
735 http cache fastq@https://registry.npmjs.org/fastq/-/fastq-1.20.1.tgz 0ms (cache hit)
736 http cache fast-glob@https://registry.npmjs.org/fast-glob/-/fast-glob-3.3.3.tgz 0ms (cache hit)
737 http cache express@https://registry.npmjs.org/express/-/express-4.22.2.tgz 0ms (cache hit)
738 http cache execa@https://registry.npmjs.org/execa/-/execa-5.1.1.tgz 0ms (cache hit)
739 http cache fast-json-stable-stringify@https://registry.npmjs.org/fast-json-stable-stringify/-/fast-json-stable-stringify-2.1.0.tgz 0ms (cache hit)
740 http cache events@https://registry.npmjs.org/events/-/events-3.3.0.tgz 0ms (cache hit)
741 http cache extend@https://registry.npmjs.org/extend/-/extend-3.0.2.tgz 0ms (cache hit)
742 http cache eval@https://registry.npmjs.org/eval/-/eval-0.1.8.tgz 0ms (cache hit)
743 http cache esutils@https://registry.npmjs.org/esutils/-/esutils-2.0.3.tgz 0ms (cache hit)
744 http cache eta@https://registry.npmjs.org/eta/-/eta-2.2.0.tgz 0ms (cache hit)
745 http cache estree-walker@https://registry.npmjs.org/estree-walker/-/estree-walker-3.0.3.tgz 0ms (cache hit)
746 http cache fast-deep-equal@https://registry.npmjs.org/fast-deep-equal/-/fast-deep-equal-3.1.3.tgz 0ms (cache hit)
747 http cache etag@https://registry.npmjs.org/etag/-/etag-1.8.1.tgz 0ms (cache hit)
748 http cache eventemitter3@https://registry.npmjs.org/eventemitter3/-/eventemitter3-4.0.7.tgz 0ms (cache hit)
749 http cache estree-util-visit@https://registry.npmjs.org/estree-util-visit/-/estree-util-visit-2.0.0.tgz 0ms (cache hit)
750 http cache estree-util-value-to-estree@https://registry.npmjs.org/estree-util-value-to-estree/-/estree-util-value-to-estree-3.5.0.tgz 0ms (cache hit)
751 http cache estree-util-is-identifier-name@https://registry.npmjs.org/estree-util-is-identifier-name/-/estree-util-is-identifier-name-3.0.0.tgz 0ms (cache hit)
752 http cache estree-util-scope@https://registry.npmjs.org/estree-util-scope/-/estree-util-scope-1.0.0.tgz 0ms (cache hit)
753 http cache estree-util-build-jsx@https://registry.npmjs.org/estree-util-build-jsx/-/estree-util-build-jsx-3.0.1.tgz 0ms (cache hit)
754 http cache estree-util-to-js@https://registry.npmjs.org/estree-util-to-js/-/estree-util-to-js-2.0.0.tgz 0ms (cache hit)
755 http cache estree-util-attach-comments@https://registry.npmjs.org/estree-util-attach-comments/-/estree-util-attach-comments-3.0.0.tgz 0ms (cache hit)
756 http cache estraverse@https://registry.npmjs.org/estraverse/-/estraverse-4.3.0.tgz 0ms (cache hit)
757 http cache esprima@https://registry.npmjs.org/esprima/-/esprima-4.0.1.tgz 0ms (cache hit)
758 http cache eslint-scope@https://registry.npmjs.org/eslint-scope/-/eslint-scope-5.1.1.tgz 0ms (cache hit)
759 http cache escape-html@https://registry.npmjs.org/escape-html/-/escape-html-1.0.3.tgz 0ms (cache hit)
760 http cache escalade@https://registry.npmjs.org/escalade/-/escalade-3.2.0.tgz 0ms (cache hit)
761 http cache escape-string-regexp@https://registry.npmjs.org/escape-string-regexp/-/escape-string-regexp-4.0.0.tgz 0ms (cache hit)
762 http cache escape-goat@https://registry.npmjs.org/escape-goat/-/escape-goat-4.0.0.tgz 0ms (cache hit)
763 http cache es-toolkit@https://registry.npmjs.org/es-toolkit/-/es-toolkit-1.47.0.tgz 0ms (cache hit)
764 http cache esast-util-from-js@https://registry.npmjs.org/esast-util-from-js/-/esast-util-from-js-2.0.1.tgz 0ms (cache hit)
765 http cache esrecurse@https://registry.npmjs.org/esrecurse/-/esrecurse-4.3.0.tgz 0ms (cache hit)
766 http cache es-object-atoms@https://registry.npmjs.org/es-object-atoms/-/es-object-atoms-1.1.2.tgz 0ms (cache hit)
767 http cache es-define-property@https://registry.npmjs.org/es-define-property/-/es-define-property-1.0.1.tgz 0ms (cache hit)
768 http cache es-errors@https://registry.npmjs.org/es-errors/-/es-errors-1.3.0.tgz 0ms (cache hit)
769 http cache esast-util-from-estree@https://registry.npmjs.org/esast-util-from-estree/-/esast-util-from-estree-2.0.0.tgz 0ms (cache hit)
770 http cache es-module-lexer@https://registry.npmjs.org/es-module-lexer/-/es-module-lexer-2.1.0.tgz 0ms (cache hit)
771 http cache entities@https://registry.npmjs.org/entities/-/entities-4.5.0.tgz 0ms (cache hit)
772 http cache enhanced-resolve@https://registry.npmjs.org/enhanced-resolve/-/enhanced-resolve-5.22.1.tgz 0ms (cache hit)
773 http cache encodeurl@https://registry.npmjs.org/encodeurl/-/encodeurl-2.0.0.tgz 0ms (cache hit)
774 http cache encoding-sniffer@https://registry.npmjs.org/encoding-sniffer/-/encoding-sniffer-0.2.1.tgz 0ms (cache hit)
775 http cache emojilib@https://registry.npmjs.org/emojilib/-/emojilib-2.4.0.tgz 0ms (cache hit)
776 http cache emoticon@https://registry.npmjs.org/emoticon/-/emoticon-4.1.0.tgz 0ms (cache hit)
777 http cache emojis-list@https://registry.npmjs.org/emojis-list/-/emojis-list-3.0.0.tgz 0ms (cache hit)
778 http cache eastasianwidth@https://registry.npmjs.org/eastasianwidth/-/eastasianwidth-0.2.0.tgz 0ms (cache hit)
779 http cache electron-to-chromium@https://registry.npmjs.org/electron-to-chromium/-/electron-to-chromium-1.5.364.tgz 0ms (cache hit)
780 http cache ee-first@https://registry.npmjs.org/ee-first/-/ee-first-1.1.1.tgz 0ms (cache hit)
781 http cache emoji-regex@https://registry.npmjs.org/emoji-regex/-/emoji-regex-9.2.2.tgz 0ms (cache hit)
782 http cache error-ex@https://registry.npmjs.org/error-ex/-/error-ex-1.3.4.tgz 0ms (cache hit)
783 http cache duplexer@https://registry.npmjs.org/duplexer/-/duplexer-0.1.2.tgz 0ms (cache hit)
784 http cache dunder-proto@https://registry.npmjs.org/dunder-proto/-/dunder-proto-1.0.1.tgz 0ms (cache hit)
785 http cache dot-prop@https://registry.npmjs.org/dot-prop/-/dot-prop-6.0.1.tgz 0ms (cache hit)
786 http cache dompurify@https://registry.npmjs.org/dompurify/-/dompurify-3.4.7.tgz 0ms (cache hit)
787 http cache dot-case@https://registry.npmjs.org/dot-case/-/dot-case-3.0.4.tgz 0ms (cache hit)
788 http cache domelementtype@https://registry.npmjs.org/domelementtype/-/domelementtype-2.3.0.tgz 0ms (cache hit)
789 http cache domhandler@https://registry.npmjs.org/domhandler/-/domhandler-5.0.3.tgz 0ms (cache hit)
790 http cache dom-serializer@https://registry.npmjs.org/dom-serializer/-/dom-serializer-2.0.0.tgz 0ms (cache hit)
791 http cache domutils@https://registry.npmjs.org/domutils/-/domutils-3.2.2.tgz 0ms (cache hit)
792 http cache dns-packet@https://registry.npmjs.org/dns-packet/-/dns-packet-5.6.1.tgz 0ms (cache hit)
793 http cache dom-converter@https://registry.npmjs.org/dom-converter/-/dom-converter-0.2.0.tgz 0ms (cache hit)
794 http cache devlop@https://registry.npmjs.org/devlop/-/devlop-1.1.0.tgz 0ms (cache hit)
795 http cache docusaurus-remark-plugin-tab-blocks@https://registry.npmjs.org/docusaurus-remark-plugin-tab-blocks/-/docusaurus-remark-plugin-tab-blocks-4.0.0.tgz 0ms (cache hit)
796 http cache detect-port@https://registry.npmjs.org/detect-port/-/detect-port-1.6.1.tgz 0ms (cache hit)
797 http cache dequal@https://registry.npmjs.org/dequal/-/dequal-2.0.3.tgz 0ms (cache hit)
798 http cache dir-glob@https://registry.npmjs.org/dir-glob/-/dir-glob-3.0.1.tgz 0ms (cache hit)
799 http cache docusaurus-plugin-llms@https://registry.npmjs.org/docusaurus-plugin-llms/-/docusaurus-plugin-llms-0.4.0.tgz 0ms (cache hit)
800 http cache detect-node@https://registry.npmjs.org/detect-node/-/detect-node-2.1.0.tgz 0ms (cache hit)
801 http cache detect-libc@https://registry.npmjs.org/detect-libc/-/detect-libc-2.1.2.tgz 0ms (cache hit)
802 http cache destroy@https://registry.npmjs.org/destroy/-/destroy-1.2.0.tgz 0ms (cache hit)
803 http cache delaunator@https://registry.npmjs.org/delaunator/-/delaunator-5.1.0.tgz 0ms (cache hit)
804 http cache depd@https://registry.npmjs.org/depd/-/depd-2.0.0.tgz 0ms (cache hit)
805 http cache define-lazy-prop@https://registry.npmjs.org/define-lazy-prop/-/define-lazy-prop-2.0.0.tgz 0ms (cache hit)
806 http cache define-properties@https://registry.npmjs.org/define-properties/-/define-properties-1.2.1.tgz 0ms (cache hit)
807 http cache define-data-property@https://registry.npmjs.org/define-data-property/-/define-data-property-1.1.4.tgz 0ms (cache hit)
808 http cache default-browser-id@https://registry.npmjs.org/default-browser-id/-/default-browser-id-5.0.1.tgz 0ms (cache hit)
809 http cache deepmerge@https://registry.npmjs.org/deepmerge/-/deepmerge-4.3.1.tgz 0ms (cache hit)
810 http cache default-browser@https://registry.npmjs.org/default-browser/-/default-browser-5.5.0.tgz 0ms (cache hit)
811 http cache defer-to-connect@https://registry.npmjs.org/defer-to-connect/-/defer-to-connect-2.0.1.tgz 0ms (cache hit)
812 http cache deep-extend@https://registry.npmjs.org/deep-extend/-/deep-extend-0.6.0.tgz 0ms (cache hit)
813 http cache decompress-response@https://registry.npmjs.org/decompress-response/-/decompress-response-6.0.0.tgz 0ms (cache hit)
814 http cache debug@https://registry.npmjs.org/debug/-/debug-4.4.3.tgz 0ms (cache hit)
815 http cache dagre-d3-es@https://registry.npmjs.org/dagre-d3-es/-/dagre-d3-es-7.0.14.tgz 0ms (cache hit)
816 http cache dayjs@https://registry.npmjs.org/dayjs/-/dayjs-1.11.21.tgz 0ms (cache hit)
817 http cache debounce@https://registry.npmjs.org/debounce/-/debounce-1.2.1.tgz 0ms (cache hit)
818 http cache d3-zoom@https://registry.npmjs.org/d3-zoom/-/d3-zoom-3.0.0.tgz 0ms (cache hit)
819 http cache decode-named-character-reference@https://registry.npmjs.org/decode-named-character-reference/-/decode-named-character-reference-1.3.0.tgz 0ms (cache hit)
820 http cache d3-transition@https://registry.npmjs.org/d3-transition/-/d3-transition-3.0.1.tgz 0ms (cache hit)
821 http cache d3-timer@https://registry.npmjs.org/d3-timer/-/d3-timer-3.0.1.tgz 0ms (cache hit)
822 http cache d3-time-format@https://registry.npmjs.org/d3-time-format/-/d3-time-format-4.1.0.tgz 0ms (cache hit)
823 http cache d3-shape@https://registry.npmjs.org/d3-shape/-/d3-shape-3.2.0.tgz 0ms (cache hit)
824 http cache d3-scale-chromatic@https://registry.npmjs.org/d3-scale-chromatic/-/d3-scale-chromatic-3.1.0.tgz 0ms (cache hit)
825 http cache d3-sankey@https://registry.npmjs.org/d3-sankey/-/d3-sankey-0.12.3.tgz 0ms (cache hit)
826 http cache d3-time@https://registry.npmjs.org/d3-time/-/d3-time-3.1.0.tgz 0ms (cache hit)
827 http cache d3-scale@https://registry.npmjs.org/d3-scale/-/d3-scale-4.0.2.tgz 0ms (cache hit)
828 http cache d3-selection@https://registry.npmjs.org/d3-selection/-/d3-selection-3.0.0.tgz 0ms (cache hit)
829 http cache d3-quadtree@https://registry.npmjs.org/d3-quadtree/-/d3-quadtree-3.0.1.tgz 0ms (cache hit)
830 http cache d3-polygon@https://registry.npmjs.org/d3-polygon/-/d3-polygon-3.0.1.tgz 0ms (cache hit)
831 http cache d3-random@https://registry.npmjs.org/d3-random/-/d3-random-3.0.1.tgz 0ms (cache hit)
832 http cache d3-geo@https://registry.npmjs.org/d3-geo/-/d3-geo-3.1.1.tgz 0ms (cache hit)
833 http cache d3-hierarchy@https://registry.npmjs.org/d3-hierarchy/-/d3-hierarchy-3.1.2.tgz 0ms (cache hit)
834 http cache d3-format@https://registry.npmjs.org/d3-format/-/d3-format-3.1.2.tgz 0ms (cache hit)
835 http cache d3-path@https://registry.npmjs.org/d3-path/-/d3-path-3.1.0.tgz 0ms (cache hit)
836 http cache d3-fetch@https://registry.npmjs.org/d3-fetch/-/d3-fetch-3.0.1.tgz 0ms (cache hit)
837 http cache d3-force@https://registry.npmjs.org/d3-force/-/d3-force-3.0.0.tgz 0ms (cache hit)
838 http cache d3-ease@https://registry.npmjs.org/d3-ease/-/d3-ease-3.0.1.tgz 0ms (cache hit)
839 http cache d3-dsv@https://registry.npmjs.org/d3-dsv/-/d3-dsv-3.0.1.tgz 0ms (cache hit)
840 http cache d3-dispatch@https://registry.npmjs.org/d3-dispatch/-/d3-dispatch-3.0.1.tgz 0ms (cache hit)
841 http cache d3-interpolate@https://registry.npmjs.org/d3-interpolate/-/d3-interpolate-3.0.1.tgz 0ms (cache hit)
842 http cache d3-delaunay@https://registry.npmjs.org/d3-delaunay/-/d3-delaunay-6.0.4.tgz 0ms (cache hit)
843 http cache d3-contour@https://registry.npmjs.org/d3-contour/-/d3-contour-4.0.2.tgz 0ms (cache hit)
844 http cache d3-chord@https://registry.npmjs.org/d3-chord/-/d3-chord-3.0.1.tgz 0ms (cache hit)
845 http cache d3-drag@https://registry.npmjs.org/d3-drag/-/d3-drag-3.0.0.tgz 0ms (cache hit)
846 http cache d3@https://registry.npmjs.org/d3/-/d3-7.9.0.tgz 0ms (cache hit)
847 http cache d3-color@https://registry.npmjs.org/d3-color/-/d3-color-3.1.0.tgz 0ms (cache hit)
848 http cache d3-brush@https://registry.npmjs.org/d3-brush/-/d3-brush-3.0.0.tgz 0ms (cache hit)
849 http cache d3-array@https://registry.npmjs.org/d3-array/-/d3-array-3.2.4.tgz 0ms (cache hit)
850 http cache csso@https://registry.npmjs.org/csso/-/csso-5.0.5.tgz 0ms (cache hit)
851 http cache cytoscape-cose-bilkent@https://registry.npmjs.org/cytoscape-cose-bilkent/-/cytoscape-cose-bilkent-4.1.0.tgz 0ms (cache hit)
852 http cache cytoscape-fcose@https://registry.npmjs.org/cytoscape-fcose/-/cytoscape-fcose-2.2.0.tgz 0ms (cache hit)
853 http cache d3-axis@https://registry.npmjs.org/d3-axis/-/d3-axis-3.0.0.tgz 0ms (cache hit)
854 http cache csstype@https://registry.npmjs.org/csstype/-/csstype-3.2.3.tgz 0ms (cache hit)
855 http cache cssnano-preset-default@https://registry.npmjs.org/cssnano-preset-default/-/cssnano-preset-default-6.1.2.tgz 0ms (cache hit)
856 http cache cssnano-utils@https://registry.npmjs.org/cssnano-utils/-/cssnano-utils-4.0.2.tgz 0ms (cache hit)
857 http cache cytoscape@https://registry.npmjs.org/cytoscape/-/cytoscape-3.33.4.tgz 0ms (cache hit)
858 http cache cssnano-preset-advanced@https://registry.npmjs.org/cssnano-preset-advanced/-/cssnano-preset-advanced-6.1.2.tgz 0ms (cache hit)
859 http cache cssnano@https://registry.npmjs.org/cssnano/-/cssnano-6.1.2.tgz 0ms (cache hit)
860 http cache cssesc@https://registry.npmjs.org/cssesc/-/cssesc-3.0.0.tgz 0ms (cache hit)
861 http cache cssdb@https://registry.npmjs.org/cssdb/-/cssdb-8.9.0.tgz 0ms (cache hit)
862 http cache css-what@https://registry.npmjs.org/css-what/-/css-what-6.2.2.tgz 0ms (cache hit)
863 http cache css-prefers-color-scheme@https://registry.npmjs.org/css-prefers-color-scheme/-/css-prefers-color-scheme-10.0.0.tgz 0ms (cache hit)
864 http cache css-tree@https://registry.npmjs.org/css-tree/-/css-tree-2.3.1.tgz 0ms (cache hit)
865 http cache css-minimizer-webpack-plugin@https://registry.npmjs.org/css-minimizer-webpack-plugin/-/css-minimizer-webpack-plugin-5.0.1.tgz 0ms (cache hit)
866 http cache css-select@https://registry.npmjs.org/css-select/-/css-select-5.2.2.tgz 0ms (cache hit)
867 http cache css-loader@https://registry.npmjs.org/css-loader/-/css-loader-6.11.0.tgz 0ms (cache hit)
868 http cache css-declaration-sorter@https://registry.npmjs.org/css-declaration-sorter/-/css-declaration-sorter-7.4.0.tgz 0ms (cache hit)
869 http cache css-has-pseudo@https://registry.npmjs.org/css-has-pseudo/-/css-has-pseudo-7.0.3.tgz 0ms (cache hit)
870 http cache css-blank-pseudo@https://registry.npmjs.org/css-blank-pseudo/-/css-blank-pseudo-7.0.1.tgz 0ms (cache hit)
871 http cache crypto-random-string@https://registry.npmjs.org/crypto-random-string/-/crypto-random-string-4.0.0.tgz 0ms (cache hit)
872 http cache cross-spawn@https://registry.npmjs.org/cross-spawn/-/cross-spawn-7.0.6.tgz 0ms (cache hit)
873 http cache cose-base@https://registry.npmjs.org/cose-base/-/cose-base-1.0.3.tgz 0ms (cache hit)
874 http cache core-util-is@https://registry.npmjs.org/core-util-is/-/core-util-is-1.0.3.tgz 0ms (cache hit)
875 http cache cosmiconfig@https://registry.npmjs.org/cosmiconfig/-/cosmiconfig-8.3.6.tgz 0ms (cache hit)
876 http cache core-js-compat@https://registry.npmjs.org/core-js-compat/-/core-js-compat-3.49.0.tgz 0ms (cache hit)
877 http cache cookie-signature@https://registry.npmjs.org/cookie-signature/-/cookie-signature-1.0.7.tgz 0ms (cache hit)
878 http cache copy-webpack-plugin@https://registry.npmjs.org/copy-webpack-plugin/-/copy-webpack-plugin-11.0.0.tgz 0ms (cache hit)
879 http cache copy-text-to-clipboard@https://registry.npmjs.org/copy-text-to-clipboard/-/copy-text-to-clipboard-3.2.2.tgz 0ms (cache hit)
880 http cache core-js@https://registry.npmjs.org/core-js/-/core-js-3.49.0.tgz 0ms (cache hit)
881 http cache convert-source-map@https://registry.npmjs.org/convert-source-map/-/convert-source-map-2.0.0.tgz 0ms (cache hit)
882 http cache cookie@https://registry.npmjs.org/cookie/-/cookie-0.7.2.tgz 0ms (cache hit)
883 http cache content-type@https://registry.npmjs.org/content-type/-/content-type-1.0.5.tgz 0ms (cache hit)
884 http cache compression@https://registry.npmjs.org/compression/-/compression-1.8.1.tgz 0ms (cache hit)
885 http cache configstore@https://registry.npmjs.org/configstore/-/configstore-6.0.0.tgz 0ms (cache hit)
886 http cache connect-history-api-fallback@https://registry.npmjs.org/connect-history-api-fallback/-/connect-history-api-fallback-2.0.0.tgz 0ms (cache hit)
887 http cache concat-map@https://registry.npmjs.org/concat-map/-/concat-map-0.0.1.tgz 0ms (cache hit)
888 http cache compressible@https://registry.npmjs.org/compressible/-/compressible-2.0.18.tgz 0ms (cache hit)
889 http cache config-chain@https://registry.npmjs.org/config-chain/-/config-chain-1.1.13.tgz 0ms (cache hit)
890 http cache content-disposition@https://registry.npmjs.org/content-disposition/-/content-disposition-0.5.2.tgz 0ms (cache hit)
891 http cache commander@https://registry.npmjs.org/commander/-/commander-5.1.0.tgz 0ms (cache hit)
892 http cache common-path-prefix@https://registry.npmjs.org/common-path-prefix/-/common-path-prefix-3.0.0.tgz 0ms (cache hit)
893 http cache comlink@https://registry.npmjs.org/comlink/-/comlink-4.4.2.tgz 0ms (cache hit)
894 http cache combine-promises@https://registry.npmjs.org/combine-promises/-/combine-promises-1.2.0.tgz 0ms (cache hit)
895 http cache color-name@https://registry.npmjs.org/color-name/-/color-name-1.1.4.tgz 0ms (cache hit)
896 http cache collapse-white-space@https://registry.npmjs.org/collapse-white-space/-/collapse-white-space-2.1.0.tgz 0ms (cache hit)
897 http cache clsx@https://registry.npmjs.org/clsx/-/clsx-2.1.1.tgz 0ms (cache hit)
898 http cache consola@https://registry.npmjs.org/consola/-/consola-3.4.2.tgz 0ms (cache hit)
899 http cache comma-separated-tokens@https://registry.npmjs.org/comma-separated-tokens/-/comma-separated-tokens-2.0.3.tgz 0ms (cache hit)
900 http cache color-convert@https://registry.npmjs.org/color-convert/-/color-convert-2.0.1.tgz 0ms (cache hit)
901 http cache colord@https://registry.npmjs.org/colord/-/colord-2.9.3.tgz 0ms (cache hit)
902 http cache colorette@https://registry.npmjs.org/colorette/-/colorette-2.0.20.tgz 0ms (cache hit)
903 http cache clone-deep@https://registry.npmjs.org/clone-deep/-/clone-deep-4.0.1.tgz 0ms (cache hit)
904 http cache clean-stack@https://registry.npmjs.org/clean-stack/-/clean-stack-2.2.0.tgz 0ms (cache hit)
905 http cache ci-info@https://registry.npmjs.org/ci-info/-/ci-info-3.9.0.tgz 0ms (cache hit)
906 http cache clean-css@https://registry.npmjs.org/clean-css/-/clean-css-5.3.3.tgz 0ms (cache hit)
907 http cache cli-boxes@https://registry.npmjs.org/cli-boxes/-/cli-boxes-3.0.0.tgz 0ms (cache hit)
908 http cache chrome-trace-event@https://registry.npmjs.org/chrome-trace-event/-/chrome-trace-event-1.0.4.tgz 0ms (cache hit)
909 http cache chokidar@https://registry.npmjs.org/chokidar/-/chokidar-3.6.0.tgz 0ms (cache hit)
910 http cache cli-table3@https://registry.npmjs.org/cli-table3/-/cli-table3-0.6.5.tgz 0ms (cache hit)
911 http cache cheerio@https://registry.npmjs.org/cheerio/-/cheerio-1.0.0-rc.12.tgz 0ms (cache hit)
912 http cache character-reference-invalid@https://registry.npmjs.org/character-reference-invalid/-/character-reference-invalid-2.0.1.tgz 0ms (cache hit)
913 http cache cheerio-select@https://registry.npmjs.org/cheerio-select/-/cheerio-select-2.1.0.tgz 0ms (cache hit)
914 http cache character-entities@https://registry.npmjs.org/character-entities/-/character-entities-2.0.2.tgz 0ms (cache hit)
915 http cache character-entities-html4@https://registry.npmjs.org/character-entities-html4/-/character-entities-html4-2.1.0.tgz 0ms (cache hit)
916 http cache chalk@https://registry.npmjs.org/chalk/-/chalk-4.1.2.tgz 0ms (cache hit)
917 http cache char-regex@https://registry.npmjs.org/char-regex/-/char-regex-1.0.2.tgz 0ms (cache hit)
918 http cache caniuse-lite@https://registry.npmjs.org/caniuse-lite/-/caniuse-lite-1.0.30001793.tgz 0ms (cache hit)
919 http cache character-entities-legacy@https://registry.npmjs.org/character-entities-legacy/-/character-entities-legacy-3.0.0.tgz 0ms (cache hit)
920 http cache ccount@https://registry.npmjs.org/ccount/-/ccount-2.0.1.tgz 0ms (cache hit)
921 http cache caniuse-api@https://registry.npmjs.org/caniuse-api/-/caniuse-api-3.0.0.tgz 0ms (cache hit)
922 http cache camel-case@https://registry.npmjs.org/camel-case/-/camel-case-4.1.2.tgz 0ms (cache hit)
923 http cache call-bound@https://registry.npmjs.org/call-bound/-/call-bound-1.0.4.tgz 0ms (cache hit)
924 http cache callsites@https://registry.npmjs.org/callsites/-/callsites-3.1.0.tgz 0ms (cache hit)
925 http cache camelcase@https://registry.npmjs.org/camelcase/-/camelcase-6.3.0.tgz 0ms (cache hit)
926 http cache cacheable-request@https://registry.npmjs.org/cacheable-request/-/cacheable-request-10.2.14.tgz 0ms (cache hit)
927 http cache call-bind-apply-helpers@https://registry.npmjs.org/call-bind-apply-helpers/-/call-bind-apply-helpers-1.0.2.tgz 0ms (cache hit)
928 http cache bytestreamjs@https://registry.npmjs.org/bytestreamjs/-/bytestreamjs-2.0.1.tgz 0ms (cache hit)
929 http cache cacheable-lookup@https://registry.npmjs.org/cacheable-lookup/-/cacheable-lookup-7.0.0.tgz 0ms (cache hit)
930 http cache bundle-name@https://registry.npmjs.org/bundle-name/-/bundle-name-4.1.0.tgz 0ms (cache hit)
931 http cache call-bind@https://registry.npmjs.org/call-bind/-/call-bind-1.0.9.tgz 0ms (cache hit)
932 http cache braces@https://registry.npmjs.org/braces/-/braces-3.0.3.tgz 0ms (cache hit)
933 http cache bytes@https://registry.npmjs.org/bytes/-/bytes-3.0.0.tgz 0ms (cache hit)
934 http cache buffer-from@https://registry.npmjs.org/buffer-from/-/buffer-from-1.1.2.tgz 0ms (cache hit)
935 http cache brace-expansion@https://registry.npmjs.org/brace-expansion/-/brace-expansion-1.1.15.tgz 0ms (cache hit)
936 http cache boxen@https://registry.npmjs.org/boxen/-/boxen-6.2.1.tgz 0ms (cache hit)
937 http cache boolbase@https://registry.npmjs.org/boolbase/-/boolbase-1.0.0.tgz 0ms (cache hit)
938 http cache body-parser@https://registry.npmjs.org/body-parser/-/body-parser-1.20.5.tgz 0ms (cache hit)
939 http cache bonjour-service@https://registry.npmjs.org/bonjour-service/-/bonjour-service-1.4.0.tgz 0ms (cache hit)
940 http cache browserslist@https://registry.npmjs.org/browserslist/-/browserslist-4.28.2.tgz 0ms (cache hit)
941 http cache batch@https://registry.npmjs.org/batch/-/batch-0.6.1.tgz 0ms (cache hit)
942 http cache baseline-browser-mapping@https://registry.npmjs.org/baseline-browser-mapping/-/baseline-browser-mapping-2.10.33.tgz 0ms (cache hit)
943 http cache big.js@https://registry.npmjs.org/big.js/-/big.js-5.2.2.tgz 0ms (cache hit)
944 http cache bail@https://registry.npmjs.org/bail/-/bail-2.0.2.tgz 0ms (cache hit)
945 http cache binary-extensions@https://registry.npmjs.org/binary-extensions/-/binary-extensions-2.3.0.tgz 0ms (cache hit)
946 http cache babel-plugin-polyfill-corejs3@https://registry.npmjs.org/babel-plugin-polyfill-corejs3/-/babel-plugin-polyfill-corejs3-0.13.0.tgz 0ms (cache hit)
947 http cache balanced-match@https://registry.npmjs.org/balanced-match/-/balanced-match-1.0.2.tgz 0ms (cache hit)
948 http cache babel-plugin-polyfill-regenerator@https://registry.npmjs.org/babel-plugin-polyfill-regenerator/-/babel-plugin-polyfill-regenerator-0.6.8.tgz 0ms (cache hit)
949 http cache babel-plugin-polyfill-corejs2@https://registry.npmjs.org/babel-plugin-polyfill-corejs2/-/babel-plugin-polyfill-corejs2-0.4.17.tgz 0ms (cache hit)
950 http cache babel-plugin-dynamic-import-node@https://registry.npmjs.org/babel-plugin-dynamic-import-node/-/babel-plugin-dynamic-import-node-2.3.3.tgz 0ms (cache hit)
951 http cache astring@https://registry.npmjs.org/astring/-/astring-1.9.0.tgz 0ms (cache hit)
952 http cache babel-loader@https://registry.npmjs.org/babel-loader/-/babel-loader-9.2.1.tgz 0ms (cache hit)
953 http cache array-union@https://registry.npmjs.org/array-union/-/array-union-2.1.0.tgz 0ms (cache hit)
954 http cache array-flatten@https://registry.npmjs.org/array-flatten/-/array-flatten-1.1.1.tgz 0ms (cache hit)
955 http cache autoprefixer@https://registry.npmjs.org/autoprefixer/-/autoprefixer-10.5.0.tgz 0ms (cache hit)
956 http cache arg@https://registry.npmjs.org/arg/-/arg-5.0.2.tgz 0ms (cache hit)
957 http cache anymatch@https://registry.npmjs.org/anymatch/-/anymatch-3.1.3.tgz 0ms (cache hit)
958 http cache argparse@https://registry.npmjs.org/argparse/-/argparse-2.0.1.tgz 0ms (cache hit)
959 http cache any-promise@https://registry.npmjs.org/any-promise/-/any-promise-1.3.0.tgz 0ms (cache hit)
960 http cache ansi-regex@https://registry.npmjs.org/ansi-regex/-/ansi-regex-5.0.1.tgz 0ms (cache hit)
961 http cache ansis@https://registry.npmjs.org/ansis/-/ansis-3.17.0.tgz 0ms (cache hit)
962 http cache ansi-styles@https://registry.npmjs.org/ansi-styles/-/ansi-styles-4.3.0.tgz 0ms (cache hit)
963 http cache ansi-align@https://registry.npmjs.org/ansi-align/-/ansi-align-3.0.1.tgz 0ms (cache hit)
964 http cache ansi-html-community@https://registry.npmjs.org/ansi-html-community/-/ansi-html-community-0.0.8.tgz 0ms (cache hit)
965 http cache algoliasearch@https://registry.npmjs.org/algoliasearch/-/algoliasearch-5.53.0.tgz 0ms (cache hit)
966 http cache algoliasearch-helper@https://registry.npmjs.org/algoliasearch-helper/-/algoliasearch-helper-3.29.1.tgz 0ms (cache hit)
967 http cache ajv@https://registry.npmjs.org/ajv/-/ajv-8.20.0.tgz 0ms (cache hit)
968 http cache ajv-formats@https://registry.npmjs.org/ajv-formats/-/ajv-formats-2.1.1.tgz 0ms (cache hit)
969 http cache aggregate-error@https://registry.npmjs.org/aggregate-error/-/aggregate-error-3.1.0.tgz 0ms (cache hit)
970 http cache ajv-keywords@https://registry.npmjs.org/ajv-keywords/-/ajv-keywords-5.1.0.tgz 0ms (cache hit)
971 http cache address@https://registry.npmjs.org/address/-/address-1.2.2.tgz 0ms (cache hit)
972 http cache acorn-walk@https://registry.npmjs.org/acorn-walk/-/acorn-walk-8.3.5.tgz 0ms (cache hit)
973 http cache acorn-import-phases@https://registry.npmjs.org/acorn-import-phases/-/acorn-import-phases-1.0.4.tgz 0ms (cache hit)
974 http cache accepts@https://registry.npmjs.org/accepts/-/accepts-1.3.8.tgz 0ms (cache hit)
975 http cache acorn-jsx@https://registry.npmjs.org/acorn-jsx/-/acorn-jsx-5.3.2.tgz 0ms (cache hit)
976 http cache acorn@https://registry.npmjs.org/acorn/-/acorn-8.16.0.tgz 0ms (cache hit)
977 http cache @xtuc/long@https://registry.npmjs.org/@xtuc/long/-/long-4.2.2.tgz 0ms (cache hit)
978 http cache asn1js@https://registry.npmjs.org/asn1js/-/asn1js-3.0.10.tgz 0ms (cache hit)
979 http cache @xtuc/ieee754@https://registry.npmjs.org/@xtuc/ieee754/-/ieee754-1.2.0.tgz 0ms (cache hit)
980 http cache @webassemblyjs/wast-printer@https://registry.npmjs.org/@webassemblyjs/wast-printer/-/wast-printer-1.14.1.tgz 0ms (cache hit)
981 http cache @webassemblyjs/wasm-opt@https://registry.npmjs.org/@webassemblyjs/wasm-opt/-/wasm-opt-1.14.1.tgz 0ms (cache hit)
982 http cache @webassemblyjs/wasm-parser@https://registry.npmjs.org/@webassemblyjs/wasm-parser/-/wasm-parser-1.14.1.tgz 0ms (cache hit)
983 http cache @webassemblyjs/wasm-edit@https://registry.npmjs.org/@webassemblyjs/wasm-edit/-/wasm-edit-1.14.1.tgz 0ms (cache hit)
984 http cache @webassemblyjs/leb128@https://registry.npmjs.org/@webassemblyjs/leb128/-/leb128-1.13.2.tgz 0ms (cache hit)
985 http cache @webassemblyjs/helper-wasm-bytecode@https://registry.npmjs.org/@webassemblyjs/helper-wasm-bytecode/-/helper-wasm-bytecode-1.13.2.tgz 0ms (cache hit)
986 http cache @webassemblyjs/wasm-gen@https://registry.npmjs.org/@webassemblyjs/wasm-gen/-/wasm-gen-1.14.1.tgz 0ms (cache hit)
987 http cache @webassemblyjs/utf8@https://registry.npmjs.org/@webassemblyjs/utf8/-/utf8-1.13.2.tgz 0ms (cache hit)
988 http cache @webassemblyjs/ieee754@https://registry.npmjs.org/@webassemblyjs/ieee754/-/ieee754-1.13.2.tgz 0ms (cache hit)
989 http cache @webassemblyjs/helper-numbers@https://registry.npmjs.org/@webassemblyjs/helper-numbers/-/helper-numbers-1.13.2.tgz 0ms (cache hit)
990 http cache @webassemblyjs/helper-wasm-section@https://registry.npmjs.org/@webassemblyjs/helper-wasm-section/-/helper-wasm-section-1.14.1.tgz 0ms (cache hit)
991 http cache @webassemblyjs/floating-point-hex-parser@https://registry.npmjs.org/@webassemblyjs/floating-point-hex-parser/-/floating-point-hex-parser-1.13.2.tgz 0ms (cache hit)
992 http cache @webassemblyjs/ast@https://registry.npmjs.org/@webassemblyjs/ast/-/ast-1.14.1.tgz 0ms (cache hit)
993 http cache @types/yargs-parser@https://registry.npmjs.org/@types/yargs-parser/-/yargs-parser-21.0.3.tgz 0ms (cache hit)
994 http cache @webassemblyjs/helper-api-error@https://registry.npmjs.org/@webassemblyjs/helper-api-error/-/helper-api-error-1.13.2.tgz 0ms (cache hit)
995 http cache @upsetjs/venn.js@https://registry.npmjs.org/@upsetjs/venn.js/-/venn.js-2.0.0.tgz 0ms (cache hit)
996 http cache @types/yargs@https://registry.npmjs.org/@types/yargs/-/yargs-17.0.35.tgz 0ms (cache hit)
997 http cache @ungap/structured-clone@https://registry.npmjs.org/@ungap/structured-clone/-/structured-clone-1.3.1.tgz 0ms (cache hit)
998 http cache @types/unist@https://registry.npmjs.org/@types/unist/-/unist-3.0.3.tgz 0ms (cache hit)
999 http cache @webassemblyjs/helper-buffer@https://registry.npmjs.org/@webassemblyjs/helper-buffer/-/helper-buffer-1.14.1.tgz 0ms (cache hit)
1000 http cache @types/trusted-types@https://registry.npmjs.org/@types/trusted-types/-/trusted-types-2.0.7.tgz 0ms (cache hit)
1001 http cache @types/ws@https://registry.npmjs.org/@types/ws/-/ws-8.18.1.tgz 0ms (cache hit)
1002 http cache @types/serve-static@https://registry.npmjs.org/@types/serve-static/-/serve-static-1.15.10.tgz 0ms (cache hit)
1003 http cache @types/send@https://registry.npmjs.org/@types/send/-/send-1.2.1.tgz 0ms (cache hit)
1004 http cache @types/sax@https://registry.npmjs.org/@types/sax/-/sax-1.2.7.tgz 0ms (cache hit)
1005 http cache @types/sockjs@https://registry.npmjs.org/@types/sockjs/-/sockjs-0.3.36.tgz 0ms (cache hit)
1006 http cache @types/react-router-config@https://registry.npmjs.org/@types/react-router-config/-/react-router-config-5.0.11.tgz 0ms (cache hit)
1007 http cache @types/react-router-dom@https://registry.npmjs.org/@types/react-router-dom/-/react-router-dom-5.3.3.tgz 0ms (cache hit)
1008 http cache @types/retry@https://registry.npmjs.org/@types/retry/-/retry-0.12.2.tgz 0ms (cache hit)
1009 http cache @types/react@https://registry.npmjs.org/@types/react/-/react-19.2.15.tgz 0ms (cache hit)
1010 http cache @types/range-parser@https://registry.npmjs.org/@types/range-parser/-/range-parser-1.2.7.tgz 0ms (cache hit)
1011 http cache @types/react-router@https://registry.npmjs.org/@types/react-router/-/react-router-5.1.20.tgz 0ms (cache hit)
1012 http cache @types/serve-index@https://registry.npmjs.org/@types/serve-index/-/serve-index-1.9.4.tgz 0ms (cache hit)
1013 http cache @types/prismjs@https://registry.npmjs.org/@types/prismjs/-/prismjs-1.26.6.tgz 0ms (cache hit)
1014 http cache @types/node@https://registry.npmjs.org/@types/node/-/node-25.9.1.tgz 0ms (cache hit)
1015 http cache @types/ms@https://registry.npmjs.org/@types/ms/-/ms-2.1.0.tgz 0ms (cache hit)
1016 http cache @types/mime@https://registry.npmjs.org/@types/mime/-/mime-1.3.5.tgz 0ms (cache hit)
1017 http cache @types/json-schema@https://registry.npmjs.org/@types/json-schema/-/json-schema-7.0.15.tgz 0ms (cache hit)
1018 http cache @types/qs@https://registry.npmjs.org/@types/qs/-/qs-6.15.1.tgz 0ms (cache hit)
1019 http cache @types/mdx@https://registry.npmjs.org/@types/mdx/-/mdx-2.0.13.tgz 0ms (cache hit)
1020 http cache @types/istanbul-lib-report@https://registry.npmjs.org/@types/istanbul-lib-report/-/istanbul-lib-report-3.0.3.tgz 0ms (cache hit)
1021 http cache @types/istanbul-reports@https://registry.npmjs.org/@types/istanbul-reports/-/istanbul-reports-3.0.4.tgz 0ms (cache hit)
1022 http cache @types/istanbul-lib-coverage@https://registry.npmjs.org/@types/istanbul-lib-coverage/-/istanbul-lib-coverage-2.0.6.tgz 0ms (cache hit)
1023 http cache @types/mdast@https://registry.npmjs.org/@types/mdast/-/mdast-4.0.4.tgz 0ms (cache hit)
1024 http cache @types/http-errors@https://registry.npmjs.org/@types/http-errors/-/http-errors-2.0.5.tgz 0ms (cache hit)
1025 http cache @types/http-proxy@https://registry.npmjs.org/@types/http-proxy/-/http-proxy-1.17.17.tgz 0ms (cache hit)
1026 http cache @types/http-cache-semantics@https://registry.npmjs.org/@types/http-cache-semantics/-/http-cache-semantics-4.2.0.tgz 0ms (cache hit)
1027 http cache @types/html-minifier-terser@https://registry.npmjs.org/@types/html-minifier-terser/-/html-minifier-terser-6.1.0.tgz 0ms (cache hit)
1028 http cache @types/history@https://registry.npmjs.org/@types/history/-/history-4.7.11.tgz 0ms (cache hit)
1029 http cache @types/hast@https://registry.npmjs.org/@types/hast/-/hast-3.0.4.tgz 0ms (cache hit)
1030 http cache @types/gtag.js@https://registry.npmjs.org/@types/gtag.js/-/gtag.js-0.0.20.tgz 0ms (cache hit)
1031 http cache @types/express-serve-static-core@https://registry.npmjs.org/@types/express-serve-static-core/-/express-serve-static-core-4.19.8.tgz 0ms (cache hit)
1032 http cache @types/estree@https://registry.npmjs.org/@types/estree/-/estree-1.0.9.tgz 0ms (cache hit)
1033 http cache @types/express@https://registry.npmjs.org/@types/express/-/express-4.17.25.tgz 0ms (cache hit)
1034 http cache @types/debug@https://registry.npmjs.org/@types/debug/-/debug-4.1.13.tgz 0ms (cache hit)
1035 http cache @types/d3-transition@https://registry.npmjs.org/@types/d3-transition/-/d3-transition-3.0.9.tgz 0ms (cache hit)
1036 http cache @types/geojson@https://registry.npmjs.org/@types/geojson/-/geojson-7946.0.16.tgz 0ms (cache hit)
1037 http cache @types/d3-timer@https://registry.npmjs.org/@types/d3-timer/-/d3-timer-3.0.2.tgz 0ms (cache hit)
1038 http cache @types/d3-zoom@https://registry.npmjs.org/@types/d3-zoom/-/d3-zoom-3.0.8.tgz 0ms (cache hit)
1039 http cache @types/d3-time-format@https://registry.npmjs.org/@types/d3-time-format/-/d3-time-format-4.0.3.tgz 0ms (cache hit)
1040 http cache @types/d3-scale-chromatic@https://registry.npmjs.org/@types/d3-scale-chromatic/-/d3-scale-chromatic-3.1.0.tgz 0ms (cache hit)
1041 http cache @types/d3-selection@https://registry.npmjs.org/@types/d3-selection/-/d3-selection-3.0.11.tgz 0ms (cache hit)
1042 http cache @types/d3-time@https://registry.npmjs.org/@types/d3-time/-/d3-time-3.0.4.tgz 0ms (cache hit)
1043 http cache @types/d3-random@https://registry.npmjs.org/@types/d3-random/-/d3-random-3.0.3.tgz 0ms (cache hit)
1044 http cache @types/d3-shape@https://registry.npmjs.org/@types/d3-shape/-/d3-shape-3.1.8.tgz 0ms (cache hit)
1045 http cache @types/estree-jsx@https://registry.npmjs.org/@types/estree-jsx/-/estree-jsx-1.0.5.tgz 0ms (cache hit)
1046 http cache @types/d3-polygon@https://registry.npmjs.org/@types/d3-polygon/-/d3-polygon-3.0.2.tgz 0ms (cache hit)
1047 http cache @types/d3-quadtree@https://registry.npmjs.org/@types/d3-quadtree/-/d3-quadtree-3.0.6.tgz 0ms (cache hit)
1048 http cache @types/d3-interpolate@https://registry.npmjs.org/@types/d3-interpolate/-/d3-interpolate-3.0.4.tgz 0ms (cache hit)
1049 http cache @types/d3-hierarchy@https://registry.npmjs.org/@types/d3-hierarchy/-/d3-hierarchy-3.1.7.tgz 0ms (cache hit)
1050 http cache @types/d3-geo@https://registry.npmjs.org/@types/d3-geo/-/d3-geo-3.1.0.tgz 0ms (cache hit)
1051 http cache @types/d3-scale@https://registry.npmjs.org/@types/d3-scale/-/d3-scale-4.0.9.tgz 0ms (cache hit)
1052 http cache @types/d3-force@https://registry.npmjs.org/@types/d3-force/-/d3-force-3.0.10.tgz 0ms (cache hit)
1053 http cache @types/d3-format@https://registry.npmjs.org/@types/d3-format/-/d3-format-3.0.4.tgz 0ms (cache hit)
1054 http cache @types/d3-ease@https://registry.npmjs.org/@types/d3-ease/-/d3-ease-3.0.2.tgz 0ms (cache hit)
1055 http cache @types/d3-delaunay@https://registry.npmjs.org/@types/d3-delaunay/-/d3-delaunay-6.0.4.tgz 0ms (cache hit)
1056 http cache @types/d3-drag@https://registry.npmjs.org/@types/d3-drag/-/d3-drag-3.0.7.tgz 0ms (cache hit)
1057 http cache @types/d3-dispatch@https://registry.npmjs.org/@types/d3-dispatch/-/d3-dispatch-3.0.7.tgz 0ms (cache hit)
1058 http cache @types/d3-dsv@https://registry.npmjs.org/@types/d3-dsv/-/d3-dsv-3.0.7.tgz 0ms (cache hit)
1059 http cache @types/d3-contour@https://registry.npmjs.org/@types/d3-contour/-/d3-contour-3.0.6.tgz 0ms (cache hit)
1060 http cache @types/d3-path@https://registry.npmjs.org/@types/d3-path/-/d3-path-3.1.1.tgz 0ms (cache hit)
1061 http cache @types/d3-chord@https://registry.npmjs.org/@types/d3-chord/-/d3-chord-3.0.6.tgz 0ms (cache hit)
1062 http cache @types/d3-axis@https://registry.npmjs.org/@types/d3-axis/-/d3-axis-3.0.6.tgz 0ms (cache hit)
1063 http cache @types/d3-array@https://registry.npmjs.org/@types/d3-array/-/d3-array-3.2.2.tgz 0ms (cache hit)
1064 http cache @types/d3-color@https://registry.npmjs.org/@types/d3-color/-/d3-color-3.1.3.tgz 0ms (cache hit)
1065 http cache @types/d3@https://registry.npmjs.org/@types/d3/-/d3-7.4.3.tgz 0ms (cache hit)
1066 http cache @types/d3-brush@https://registry.npmjs.org/@types/d3-brush/-/d3-brush-3.0.6.tgz 0ms (cache hit)
1067 http cache @types/connect@https://registry.npmjs.org/@types/connect/-/connect-3.4.38.tgz 0ms (cache hit)
1068 http cache @types/bonjour@https://registry.npmjs.org/@types/bonjour/-/bonjour-3.5.13.tgz 0ms (cache hit)
1069 http cache @types/body-parser@https://registry.npmjs.org/@types/body-parser/-/body-parser-1.19.6.tgz 0ms (cache hit)
1070 http cache @swc/types@https://registry.npmjs.org/@swc/types/-/types-0.1.26.tgz 0ms (cache hit)
1071 http cache @types/d3-fetch@https://registry.npmjs.org/@types/d3-fetch/-/d3-fetch-3.0.7.tgz 0ms (cache hit)
1072 http cache @swc/html-darwin-arm64@https://registry.npmjs.org/@swc/html-darwin-arm64/-/html-darwin-arm64-1.15.40.tgz 0ms (cache hit)
1073 http cache @types/connect-history-api-fallback@https://registry.npmjs.org/@types/connect-history-api-fallback/-/connect-history-api-fallback-1.5.4.tgz 0ms (cache hit)
1074 http cache @szmarczak/http-timer@https://registry.npmjs.org/@szmarczak/http-timer/-/http-timer-5.0.1.tgz 0ms (cache hit)
1075 http cache @tybys/wasm-util@https://registry.npmjs.org/@tybys/wasm-util/-/wasm-util-0.10.2.tgz 0ms (cache hit)
1076 http cache @swc/counter@https://registry.npmjs.org/@swc/counter/-/counter-0.1.3.tgz 0ms (cache hit)
1077 http cache @swc/core@https://registry.npmjs.org/@swc/core/-/core-1.15.40.tgz 0ms (cache hit)
1078 http cache @swc/html@https://registry.npmjs.org/@swc/html/-/html-1.15.40.tgz 0ms (cache hit)
1079 http cache @swc/core-darwin-arm64@https://registry.npmjs.org/@swc/core-darwin-arm64/-/core-darwin-arm64-1.15.40.tgz 0ms (cache hit)
1080 http cache @svgr/plugin-svgo@https://registry.npmjs.org/@svgr/plugin-svgo/-/plugin-svgo-8.1.0.tgz 0ms (cache hit)
1081 http cache @svgr/webpack@https://registry.npmjs.org/@svgr/webpack/-/webpack-8.1.0.tgz 0ms (cache hit)
1082 http cache @svgr/plugin-jsx@https://registry.npmjs.org/@svgr/plugin-jsx/-/plugin-jsx-8.1.0.tgz 0ms (cache hit)
1083 http cache @svgr/babel-preset@https://registry.npmjs.org/@svgr/babel-preset/-/babel-preset-8.1.0.tgz 0ms (cache hit)
1084 http cache @svgr/hast-util-to-babel-ast@https://registry.npmjs.org/@svgr/hast-util-to-babel-ast/-/hast-util-to-babel-ast-8.0.0.tgz 0ms (cache hit)
1085 http cache @svgr/babel-plugin-svg-em-dimensions@https://registry.npmjs.org/@svgr/babel-plugin-svg-em-dimensions/-/babel-plugin-svg-em-dimensions-8.0.0.tgz 0ms (cache hit)
1086 http cache @svgr/core@https://registry.npmjs.org/@svgr/core/-/core-8.1.0.tgz 0ms (cache hit)
1087 http cache @svgr/babel-plugin-transform-react-native-svg@https://registry.npmjs.org/@svgr/babel-plugin-transform-react-native-svg/-/babel-plugin-transform-react-native-svg-8.1.0.tgz 0ms (cache hit)
1088 http cache @svgr/babel-plugin-remove-jsx-empty-expression@https://registry.npmjs.org/@svgr/babel-plugin-remove-jsx-empty-expression/-/babel-plugin-remove-jsx-empty-expression-8.0.0.tgz 0ms (cache hit)
1089 http cache @svgr/babel-plugin-svg-dynamic-title@https://registry.npmjs.org/@svgr/babel-plugin-svg-dynamic-title/-/babel-plugin-svg-dynamic-title-8.0.0.tgz 0ms (cache hit)
1090 http cache @svgr/babel-plugin-add-jsx-attribute@https://registry.npmjs.org/@svgr/babel-plugin-add-jsx-attribute/-/babel-plugin-add-jsx-attribute-8.0.0.tgz 0ms (cache hit)
1091 http cache @svgr/babel-plugin-remove-jsx-attribute@https://registry.npmjs.org/@svgr/babel-plugin-remove-jsx-attribute/-/babel-plugin-remove-jsx-attribute-8.0.0.tgz 0ms (cache hit)
1092 http cache @svgr/babel-plugin-replace-jsx-attribute-value@https://registry.npmjs.org/@svgr/babel-plugin-replace-jsx-attribute-value/-/babel-plugin-replace-jsx-attribute-value-8.0.0.tgz 0ms (cache hit)
1093 http cache @slorber/remark-comment@https://registry.npmjs.org/@slorber/remark-comment/-/remark-comment-1.0.0.tgz 0ms (cache hit)
1094 http cache @sindresorhus/is@https://registry.npmjs.org/@sindresorhus/is/-/is-4.6.0.tgz 0ms (cache hit)
1095 http cache @sideway/pinpoint@https://registry.npmjs.org/@sideway/pinpoint/-/pinpoint-2.0.0.tgz 0ms (cache hit)
1096 http cache @sideway/address@https://registry.npmjs.org/@sideway/address/-/address-4.1.5.tgz 0ms (cache hit)
1097 http cache @sinclair/typebox@https://registry.npmjs.org/@sinclair/typebox/-/typebox-0.27.10.tgz 0ms (cache hit)
1098 http cache @rspack/binding-darwin-arm64@https://registry.npmjs.org/@rspack/binding-darwin-arm64/-/binding-darwin-arm64-1.7.11.tgz 0ms (cache hit)
1099 http cache @svgr/babel-plugin-transform-svg-component@https://registry.npmjs.org/@svgr/babel-plugin-transform-svg-component/-/babel-plugin-transform-svg-component-8.0.0.tgz 0ms (cache hit)
1100 http cache @rspack/lite-tapable@https://registry.npmjs.org/@rspack/lite-tapable/-/lite-tapable-1.1.0.tgz 0ms (cache hit)
1101 http cache @rspack/core@https://registry.npmjs.org/@rspack/core/-/core-1.7.11.tgz 0ms (cache hit)
1102 http cache @pnpm/npm-conf@https://registry.npmjs.org/@pnpm/npm-conf/-/npm-conf-3.0.2.tgz 0ms (cache hit)
1103 http cache @pnpm/network.ca-file@https://registry.npmjs.org/@pnpm/network.ca-file/-/network.ca-file-1.0.2.tgz 0ms (cache hit)
1104 http cache @rspack/binding@https://registry.npmjs.org/@rspack/binding/-/binding-1.7.11.tgz 0ms (cache hit)
1105 http cache @polka/url@https://registry.npmjs.org/@polka/url/-/url-1.0.0-next.29.tgz 0ms (cache hit)
1106 http cache @philpl/buble@https://registry.npmjs.org/@philpl/buble/-/buble-0.19.7.tgz 0ms (cache hit)
1107 http cache @pnpm/config.env-replace@https://registry.npmjs.org/@pnpm/config.env-replace/-/config.env-replace-1.1.0.tgz 0ms (cache hit)
1108 http cache @peculiar/asn1-x509-attr@https://registry.npmjs.org/@peculiar/asn1-x509-attr/-/asn1-x509-attr-2.7.0.tgz 0ms (cache hit)
1109 http cache @peculiar/utils@https://registry.npmjs.org/@peculiar/utils/-/utils-2.0.3.tgz 0ms (cache hit)
1110 http cache @peculiar/x509@https://registry.npmjs.org/@peculiar/x509/-/x509-1.14.3.tgz 0ms (cache hit)
1111 http cache @peculiar/asn1-x509@https://registry.npmjs.org/@peculiar/asn1-x509/-/asn1-x509-2.7.0.tgz 0ms (cache hit)
1112 http cache @peculiar/asn1-schema@https://registry.npmjs.org/@peculiar/asn1-schema/-/asn1-schema-2.7.0.tgz 0ms (cache hit)
1113 http cache @sideway/formula@https://registry.npmjs.org/@sideway/formula/-/formula-3.0.1.tgz 0ms (cache hit)
1114 http cache @peculiar/asn1-rsa@https://registry.npmjs.org/@peculiar/asn1-rsa/-/asn1-rsa-2.7.0.tgz 0ms (cache hit)
1115 http cache @peculiar/asn1-pfx@https://registry.npmjs.org/@peculiar/asn1-pfx/-/asn1-pfx-2.7.0.tgz 0ms (cache hit)
1116 http cache @peculiar/asn1-ecc@https://registry.npmjs.org/@peculiar/asn1-ecc/-/asn1-ecc-2.7.0.tgz 0ms (cache hit)
1117 http cache @peculiar/asn1-pkcs9@https://registry.npmjs.org/@peculiar/asn1-pkcs9/-/asn1-pkcs9-2.7.0.tgz 0ms (cache hit)
1118 http cache @nodelib/fs.walk@https://registry.npmjs.org/@nodelib/fs.walk/-/fs.walk-1.2.8.tgz 0ms (cache hit)
1119 http cache @peculiar/asn1-cms@https://registry.npmjs.org/@peculiar/asn1-cms/-/asn1-cms-2.7.0.tgz 0ms (cache hit)
1120 http cache @peculiar/asn1-pkcs8@https://registry.npmjs.org/@peculiar/asn1-pkcs8/-/asn1-pkcs8-2.7.0.tgz 0ms (cache hit)
1121 http cache @peculiar/asn1-csr@https://registry.npmjs.org/@peculiar/asn1-csr/-/asn1-csr-2.7.0.tgz 0ms (cache hit)
1122 http cache @nodelib/fs.scandir@https://registry.npmjs.org/@nodelib/fs.scandir/-/fs.scandir-2.1.5.tgz 0ms (cache hit)
1123 http cache @noble/hashes@https://registry.npmjs.org/@noble/hashes/-/hashes-1.4.0.tgz 0ms (cache hit)
1124 http cache @node-rs/jieba@https://registry.npmjs.org/@node-rs/jieba/-/jieba-1.10.4.tgz 0ms (cache hit)
1125 http cache @nodelib/fs.stat@https://registry.npmjs.org/@nodelib/fs.stat/-/fs.stat-2.0.5.tgz 0ms (cache hit)
1126 http cache @module-federation/webpack-bundler-runtime@https://registry.npmjs.org/@module-federation/webpack-bundler-runtime/-/webpack-bundler-runtime-0.22.0.tgz 0ms (cache hit)
1127 http cache @module-federation/runtime-core@https://registry.npmjs.org/@module-federation/runtime-core/-/runtime-core-0.22.0.tgz 0ms (cache hit)
1128 http cache @module-federation/sdk@https://registry.npmjs.org/@module-federation/sdk/-/sdk-0.22.0.tgz 0ms (cache hit)
1129 http cache @module-federation/runtime@https://registry.npmjs.org/@module-federation/runtime/-/runtime-0.22.0.tgz 0ms (cache hit)
1130 http cache @node-rs/jieba-darwin-arm64@https://registry.npmjs.org/@node-rs/jieba-darwin-arm64/-/jieba-darwin-arm64-1.10.4.tgz 0ms (cache hit)
1131 http cache @napi-rs/wasm-runtime@https://registry.npmjs.org/@napi-rs/wasm-runtime/-/wasm-runtime-1.0.7.tgz 0ms (cache hit)
1132 http cache @module-federation/runtime-tools@https://registry.npmjs.org/@module-federation/runtime-tools/-/runtime-tools-0.22.0.tgz 0ms (cache hit)
1133 http cache @mermaid-js/parser@https://registry.npmjs.org/@mermaid-js/parser/-/parser-1.1.1.tgz 0ms (cache hit)
1134 http cache @mdx-js/mdx@https://registry.npmjs.org/@mdx-js/mdx/-/mdx-3.1.1.tgz 0ms (cache hit)
1135 http cache @leichtgewicht/ip-codec@https://registry.npmjs.org/@leichtgewicht/ip-codec/-/ip-codec-2.0.5.tgz 0ms (cache hit)
1136 http cache @jsonjoy.com/util@https://registry.npmjs.org/@jsonjoy.com/util/-/util-1.9.0.tgz 0ms (cache hit)
1137 http cache @jsonjoy.com/fs-print@https://registry.npmjs.org/@jsonjoy.com/fs-print/-/fs-print-4.57.3.tgz 0ms (cache hit)
1138 http cache @jsonjoy.com/fs-node-utils@https://registry.npmjs.org/@jsonjoy.com/fs-node-utils/-/fs-node-utils-4.57.3.tgz 0ms (cache hit)
1139 http cache @jsonjoy.com/json-pack@https://registry.npmjs.org/@jsonjoy.com/json-pack/-/json-pack-1.21.0.tgz 0ms (cache hit)
1140 http cache @jsonjoy.com/fs-snapshot@https://registry.npmjs.org/@jsonjoy.com/fs-snapshot/-/fs-snapshot-4.57.3.tgz 0ms (cache hit)
1141 http cache @jsonjoy.com/fs-node-to-fsa@https://registry.npmjs.org/@jsonjoy.com/fs-node-to-fsa/-/fs-node-to-fsa-4.57.3.tgz 0ms (cache hit)
1142 http cache @jsonjoy.com/fs-node-builtins@https://registry.npmjs.org/@jsonjoy.com/fs-node-builtins/-/fs-node-builtins-4.57.3.tgz 0ms (cache hit)
1143 http cache @jsonjoy.com/fs-fsa@https://registry.npmjs.org/@jsonjoy.com/fs-fsa/-/fs-fsa-4.57.3.tgz 0ms (cache hit)
1144 http cache @jsonjoy.com/fs-node@https://registry.npmjs.org/@jsonjoy.com/fs-node/-/fs-node-4.57.3.tgz 0ms (cache hit)
1145 http cache @jsonjoy.com/codegen@https://registry.npmjs.org/@jsonjoy.com/codegen/-/codegen-1.0.0.tgz 0ms (cache hit)
1146 http cache @jsonjoy.com/fs-core@https://registry.npmjs.org/@jsonjoy.com/fs-core/-/fs-core-4.57.3.tgz 0ms (cache hit)
1147 http cache @jsonjoy.com/base64@https://registry.npmjs.org/@jsonjoy.com/base64/-/base64-1.1.2.tgz 0ms (cache hit)
1148 http cache @jsonjoy.com/buffers@https://registry.npmjs.org/@jsonjoy.com/buffers/-/buffers-17.67.0.tgz 0ms (cache hit)
1149 http cache @jridgewell/trace-mapping@https://registry.npmjs.org/@jridgewell/trace-mapping/-/trace-mapping-0.3.31.tgz 0ms (cache hit)
1150 http cache @module-federation/error-codes@https://registry.npmjs.org/@module-federation/error-codes/-/error-codes-0.22.0.tgz 0ms (cache hit)
1151 http cache @jridgewell/source-map@https://registry.npmjs.org/@jridgewell/source-map/-/source-map-0.3.11.tgz 0ms (cache hit)
1152 http cache @jridgewell/resolve-uri@https://registry.npmjs.org/@jridgewell/resolve-uri/-/resolve-uri-3.1.2.tgz 0ms (cache hit)
1153 http cache @mdx-js/react@https://registry.npmjs.org/@mdx-js/react/-/react-3.1.1.tgz 0ms (cache hit)
1154 http cache @jridgewell/remapping@https://registry.npmjs.org/@jridgewell/remapping/-/remapping-2.3.5.tgz 0ms (cache hit)
1155 http cache @jridgewell/sourcemap-codec@https://registry.npmjs.org/@jridgewell/sourcemap-codec/-/sourcemap-codec-1.5.5.tgz 0ms (cache hit)
1156 http cache @jridgewell/gen-mapping@https://registry.npmjs.org/@jridgewell/gen-mapping/-/gen-mapping-0.3.13.tgz 0ms (cache hit)
1157 http cache @iconify/utils@https://registry.npmjs.org/@iconify/utils/-/utils-3.1.3.tgz 0ms (cache hit)
1158 http cache @jest/types@https://registry.npmjs.org/@jest/types/-/types-29.6.3.tgz 0ms (cache hit)
1159 http cache @hapi/topo@https://registry.npmjs.org/@hapi/topo/-/topo-5.1.0.tgz 0ms (cache hit)
1160 http cache @iconify/types@https://registry.npmjs.org/@iconify/types/-/types-2.0.0.tgz 0ms (cache hit)
1161 http cache @jest/schemas@https://registry.npmjs.org/@jest/schemas/-/schemas-29.6.3.tgz 0ms (cache hit)
1162 http cache @hapi/hoek@https://registry.npmjs.org/@hapi/hoek/-/hoek-9.3.0.tgz 0ms (cache hit)
1163 http cache @emnapi/runtime@https://registry.npmjs.org/@emnapi/runtime/-/runtime-1.10.0.tgz 0ms (cache hit)
1164 http cache @emnapi/core@https://registry.npmjs.org/@emnapi/core/-/core-1.10.0.tgz 0ms (cache hit)
1165 http cache @emnapi/wasi-threads@https://registry.npmjs.org/@emnapi/wasi-threads/-/wasi-threads-1.2.1.tgz 0ms (cache hit)
1166 http cache @docusaurus/utils-validation@https://registry.npmjs.org/@docusaurus/utils-validation/-/utils-validation-3.10.1.tgz 0ms (cache hit)
1167 http cache @easyops-cn/autocomplete.js@https://registry.npmjs.org/@easyops-cn/autocomplete.js/-/autocomplete.js-0.38.1.tgz 0ms (cache hit)
1168 http cache @docusaurus/utils@https://registry.npmjs.org/@docusaurus/utils/-/utils-3.10.1.tgz 0ms (cache hit)
1169 http cache @docusaurus/utils-common@https://registry.npmjs.org/@docusaurus/utils-common/-/utils-common-3.10.1.tgz 0ms (cache hit)
1170 http cache @docusaurus/types@https://registry.npmjs.org/@docusaurus/types/-/types-3.10.1.tgz 0ms (cache hit)
1171 http cache @docusaurus/theme-search-algolia@https://registry.npmjs.org/@docusaurus/theme-search-algolia/-/theme-search-algolia-3.10.1.tgz 0ms (cache hit)
1172 http cache @docusaurus/tsconfig@https://registry.npmjs.org/@docusaurus/tsconfig/-/tsconfig-3.10.1.tgz 0ms (cache hit)
1173 http cache @docusaurus/theme-live-codeblock@https://registry.npmjs.org/@docusaurus/theme-live-codeblock/-/theme-live-codeblock-3.10.1.tgz 0ms (cache hit)
1174 http cache @easyops-cn/docusaurus-search-local@https://registry.npmjs.org/@easyops-cn/docusaurus-search-local/-/docusaurus-search-local-0.55.2.tgz 0ms (cache hit)
1175 http cache @docusaurus/theme-translations@https://registry.npmjs.org/@docusaurus/theme-translations/-/theme-translations-3.10.1.tgz 0ms (cache hit)
1176 http cache @docusaurus/theme-common@https://registry.npmjs.org/@docusaurus/theme-common/-/theme-common-3.10.1.tgz 0ms (cache hit)
1177 http cache @docusaurus/theme-mermaid@https://registry.npmjs.org/@docusaurus/theme-mermaid/-/theme-mermaid-3.10.1.tgz 0ms (cache hit)
1178 http cache @docusaurus/plugin-google-tag-manager@https://registry.npmjs.org/@docusaurus/plugin-google-tag-manager/-/plugin-google-tag-manager-3.10.1.tgz 0ms (cache hit)
1179 http cache @docusaurus/theme-classic@https://registry.npmjs.org/@docusaurus/theme-classic/-/theme-classic-3.10.1.tgz 0ms (cache hit)
1180 http cache @docusaurus/plugin-google-analytics@https://registry.npmjs.org/@docusaurus/plugin-google-analytics/-/plugin-google-analytics-3.10.1.tgz 0ms (cache hit)
1181 http cache @docusaurus/plugin-debug@https://registry.npmjs.org/@docusaurus/plugin-debug/-/plugin-debug-3.10.1.tgz 0ms (cache hit)
1182 http cache @docusaurus/preset-classic@https://registry.npmjs.org/@docusaurus/preset-classic/-/preset-classic-3.10.1.tgz 0ms (cache hit)
1183 http cache @jsonjoy.com/json-pointer@https://registry.npmjs.org/@jsonjoy.com/json-pointer/-/json-pointer-1.0.2.tgz 0ms (cache hit)
1184 http cache @docusaurus/plugin-google-gtag@https://registry.npmjs.org/@docusaurus/plugin-google-gtag/-/plugin-google-gtag-3.10.1.tgz 0ms (cache hit)
1185 http cache @docusaurus/plugin-content-pages@https://registry.npmjs.org/@docusaurus/plugin-content-pages/-/plugin-content-pages-3.10.1.tgz 0ms (cache hit)
1186 http cache @docusaurus/plugin-content-blog@https://registry.npmjs.org/@docusaurus/plugin-content-blog/-/plugin-content-blog-3.10.1.tgz 0ms (cache hit)
1187 http cache @docusaurus/plugin-svgr@https://registry.npmjs.org/@docusaurus/plugin-svgr/-/plugin-svgr-3.10.1.tgz 0ms (cache hit)
1188 http cache @docusaurus/plugin-css-cascade-layers@https://registry.npmjs.org/@docusaurus/plugin-css-cascade-layers/-/plugin-css-cascade-layers-3.10.1.tgz 0ms (cache hit)
1189 http cache @docusaurus/plugin-sitemap@https://registry.npmjs.org/@docusaurus/plugin-sitemap/-/plugin-sitemap-3.10.1.tgz 0ms (cache hit)
1190 http cache @docusaurus/cssnano-preset@https://registry.npmjs.org/@docusaurus/cssnano-preset/-/cssnano-preset-3.10.1.tgz 0ms (cache hit)
1191 http cache @docusaurus/module-type-aliases@https://registry.npmjs.org/@docusaurus/module-type-aliases/-/module-type-aliases-3.10.1.tgz 0ms (cache hit)
1192 http cache @docusaurus/mdx-loader@https://registry.npmjs.org/@docusaurus/mdx-loader/-/mdx-loader-3.10.1.tgz 0ms (cache hit)
1193 http cache @docusaurus/plugin-client-redirects@https://registry.npmjs.org/@docusaurus/plugin-client-redirects/-/plugin-client-redirects-3.10.1.tgz 0ms (cache hit)
1194 http cache @docusaurus/plugin-content-docs@https://registry.npmjs.org/@docusaurus/plugin-content-docs/-/plugin-content-docs-3.10.1.tgz 0ms (cache hit)
1195 http cache @docsearch/react@https://registry.npmjs.org/@docsearch/react/-/react-4.6.3.tgz 0ms (cache hit)
1196 http cache @docusaurus/logger@https://registry.npmjs.org/@docusaurus/logger/-/logger-3.10.1.tgz 0ms (cache hit)
1197 http cache @docusaurus/faster@https://registry.npmjs.org/@docusaurus/faster/-/faster-3.10.1.tgz 0ms (cache hit)
1198 http cache @docusaurus/babel@https://registry.npmjs.org/@docusaurus/babel/-/babel-3.10.1.tgz 0ms (cache hit)
1199 http cache @docusaurus/core@https://registry.npmjs.org/@docusaurus/core/-/core-3.10.1.tgz 0ms (cache hit)
1200 http cache @csstools/utilities@https://registry.npmjs.org/@csstools/utilities/-/utilities-2.0.0.tgz 0ms (cache hit)
1201 http cache @docusaurus/bundler@https://registry.npmjs.org/@docusaurus/bundler/-/bundler-3.10.1.tgz 0ms (cache hit)
1202 http cache @csstools/postcss-unset-value@https://registry.npmjs.org/@csstools/postcss-unset-value/-/postcss-unset-value-4.0.0.tgz 0ms (cache hit)
1203 http cache @docsearch/core@https://registry.npmjs.org/@docsearch/core/-/core-4.6.3.tgz 0ms (cache hit)
1204 http cache @csstools/postcss-text-decoration-shorthand@https://registry.npmjs.org/@csstools/postcss-text-decoration-shorthand/-/postcss-text-decoration-shorthand-4.0.3.tgz 0ms (cache hit)
1205 http cache @docsearch/css@https://registry.npmjs.org/@docsearch/css/-/css-4.6.3.tgz 0ms (cache hit)
1206 http cache @csstools/postcss-stepped-value-functions@https://registry.npmjs.org/@csstools/postcss-stepped-value-functions/-/postcss-stepped-value-functions-4.0.9.tgz 0ms (cache hit)
1207 http cache @csstools/postcss-system-ui-font-family@https://registry.npmjs.org/@csstools/postcss-system-ui-font-family/-/postcss-system-ui-font-family-1.0.0.tgz 0ms (cache hit)
1208 http cache @discoveryjs/json-ext@https://registry.npmjs.org/@discoveryjs/json-ext/-/json-ext-0.5.7.tgz 0ms (cache hit)
1209 http cache @csstools/postcss-syntax-descriptor-syntax-production@https://registry.npmjs.org/@csstools/postcss-syntax-descriptor-syntax-production/-/postcss-syntax-descriptor-syntax-production-1.0.1.tgz 0ms (cache hit)
1210 http cache @csstools/postcss-trigonometric-functions@https://registry.npmjs.org/@csstools/postcss-trigonometric-functions/-/postcss-trigonometric-functions-4.0.9.tgz 0ms (cache hit)
1211 http cache @csstools/postcss-scope-pseudo-class@https://registry.npmjs.org/@csstools/postcss-scope-pseudo-class/-/postcss-scope-pseudo-class-4.0.1.tgz 0ms (cache hit)
1212 http cache @csstools/postcss-random-function@https://registry.npmjs.org/@csstools/postcss-random-function/-/postcss-random-function-2.0.1.tgz 0ms (cache hit)
1213 http cache @csstools/postcss-property-rule-prelude-list@https://registry.npmjs.org/@csstools/postcss-property-rule-prelude-list/-/postcss-property-rule-prelude-list-1.0.0.tgz 0ms (cache hit)
1214 http cache @csstools/postcss-relative-color-syntax@https://registry.npmjs.org/@csstools/postcss-relative-color-syntax/-/postcss-relative-color-syntax-3.0.12.tgz 0ms (cache hit)
1215 http cache @csstools/postcss-normalize-display-values@https://registry.npmjs.org/@csstools/postcss-normalize-display-values/-/postcss-normalize-display-values-4.0.1.tgz 0ms (cache hit)
1216 http cache @csstools/postcss-progressive-custom-properties@https://registry.npmjs.org/@csstools/postcss-progressive-custom-properties/-/postcss-progressive-custom-properties-4.2.1.tgz 0ms (cache hit)
1217 http cache @csstools/postcss-media-queries-aspect-ratio-number-values@https://registry.npmjs.org/@csstools/postcss-media-queries-aspect-ratio-number-values/-/postcss-media-queries-aspect-ratio-number-values-3.0.5.tgz 0ms (cache hit)
1218 http cache @csstools/postcss-sign-functions@https://registry.npmjs.org/@csstools/postcss-sign-functions/-/postcss-sign-functions-1.1.4.tgz 0ms (cache hit)
1219 http cache @csstools/postcss-position-area-property@https://registry.npmjs.org/@csstools/postcss-position-area-property/-/postcss-position-area-property-1.0.0.tgz 0ms (cache hit)
1220 http cache @csstools/postcss-oklab-function@https://registry.npmjs.org/@csstools/postcss-oklab-function/-/postcss-oklab-function-4.0.12.tgz 0ms (cache hit)
1221 http cache @csstools/postcss-nested-calc@https://registry.npmjs.org/@csstools/postcss-nested-calc/-/postcss-nested-calc-4.0.0.tgz 0ms (cache hit)
1222 http cache @csstools/postcss-logical-viewport-units@https://registry.npmjs.org/@csstools/postcss-logical-viewport-units/-/postcss-logical-viewport-units-3.0.4.tgz 0ms (cache hit)
1223 http cache @csstools/postcss-logical-resize@https://registry.npmjs.org/@csstools/postcss-logical-resize/-/postcss-logical-resize-3.0.0.tgz 0ms (cache hit)
1224 http cache @csstools/postcss-logical-overscroll-behavior@https://registry.npmjs.org/@csstools/postcss-logical-overscroll-behavior/-/postcss-logical-overscroll-behavior-2.0.0.tgz 0ms (cache hit)
1225 http cache @csstools/postcss-logical-overflow@https://registry.npmjs.org/@csstools/postcss-logical-overflow/-/postcss-logical-overflow-2.0.0.tgz 0ms (cache hit)
1226 http cache @csstools/postcss-light-dark-function@https://registry.npmjs.org/@csstools/postcss-light-dark-function/-/postcss-light-dark-function-2.0.11.tgz 0ms (cache hit)
1227 http cache @csstools/postcss-logical-float-and-clear@https://registry.npmjs.org/@csstools/postcss-logical-float-and-clear/-/postcss-logical-float-and-clear-3.0.0.tgz 0ms (cache hit)
1228 http cache @csstools/postcss-is-pseudo-class@https://registry.npmjs.org/@csstools/postcss-is-pseudo-class/-/postcss-is-pseudo-class-5.0.3.tgz 0ms (cache hit)
1229 http cache @csstools/postcss-initial@https://registry.npmjs.org/@csstools/postcss-initial/-/postcss-initial-2.0.1.tgz 0ms (cache hit)
1230 http cache @csstools/postcss-ic-unit@https://registry.npmjs.org/@csstools/postcss-ic-unit/-/postcss-ic-unit-4.0.4.tgz 0ms (cache hit)
1231 http cache @csstools/postcss-hwb-function@https://registry.npmjs.org/@csstools/postcss-hwb-function/-/postcss-hwb-function-4.0.12.tgz 0ms (cache hit)
1232 http cache @csstools/postcss-gamut-mapping@https://registry.npmjs.org/@csstools/postcss-gamut-mapping/-/postcss-gamut-mapping-2.0.11.tgz 0ms (cache hit)
1233 http cache @csstools/postcss-gradients-interpolation-method@https://registry.npmjs.org/@csstools/postcss-gradients-interpolation-method/-/postcss-gradients-interpolation-method-5.0.12.tgz 0ms (cache hit)
1234 http cache @csstools/postcss-font-format-keywords@https://registry.npmjs.org/@csstools/postcss-font-format-keywords/-/postcss-font-format-keywords-4.0.0.tgz 0ms (cache hit)
1235 http cache @csstools/postcss-exponential-functions@https://registry.npmjs.org/@csstools/postcss-exponential-functions/-/postcss-exponential-functions-2.0.9.tgz 0ms (cache hit)
1236 http cache @csstools/postcss-contrast-color-function@https://registry.npmjs.org/@csstools/postcss-contrast-color-function/-/postcss-contrast-color-function-2.0.12.tgz 0ms (cache hit)
1237 http cache @csstools/postcss-content-alt-text@https://registry.npmjs.org/@csstools/postcss-content-alt-text/-/postcss-content-alt-text-2.0.8.tgz 0ms (cache hit)
1238 http cache @csstools/postcss-color-mix-variadic-function-arguments@https://registry.npmjs.org/@csstools/postcss-color-mix-variadic-function-arguments/-/postcss-color-mix-variadic-function-arguments-1.0.2.tgz 0ms (cache hit)
1239 http cache @csstools/postcss-media-minmax@https://registry.npmjs.org/@csstools/postcss-media-minmax/-/postcss-media-minmax-2.0.9.tgz 0ms (cache hit)
1240 http cache @csstools/postcss-color-function-display-p3-linear@https://registry.npmjs.org/@csstools/postcss-color-function-display-p3-linear/-/postcss-color-function-display-p3-linear-1.0.1.tgz 0ms (cache hit)
1241 http cache @csstools/postcss-color-function@https://registry.npmjs.org/@csstools/postcss-color-function/-/postcss-color-function-4.0.12.tgz 0ms (cache hit)
1242 http cache @csstools/media-query-list-parser@https://registry.npmjs.org/@csstools/media-query-list-parser/-/media-query-list-parser-4.0.3.tgz 0ms (cache hit)
1243 http cache @csstools/css-tokenizer@https://registry.npmjs.org/@csstools/css-tokenizer/-/css-tokenizer-3.0.4.tgz 0ms (cache hit)
1244 http cache @csstools/css-color-parser@https://registry.npmjs.org/@csstools/css-color-parser/-/css-color-parser-3.1.0.tgz 0ms (cache hit)
1245 http cache @csstools/postcss-cascade-layers@https://registry.npmjs.org/@csstools/postcss-cascade-layers/-/postcss-cascade-layers-5.0.2.tgz 0ms (cache hit)
1246 http cache @csstools/postcss-alpha-function@https://registry.npmjs.org/@csstools/postcss-alpha-function/-/postcss-alpha-function-1.0.1.tgz 0ms (cache hit)
1247 http cache @csstools/postcss-color-mix-function@https://registry.npmjs.org/@csstools/postcss-color-mix-function/-/postcss-color-mix-function-3.0.12.tgz 0ms (cache hit)
1248 http cache @csstools/css-calc@https://registry.npmjs.org/@csstools/css-calc/-/css-calc-2.1.4.tgz 0ms (cache hit)
1249 http cache @csstools/css-parser-algorithms@https://registry.npmjs.org/@csstools/css-parser-algorithms/-/css-parser-algorithms-3.0.5.tgz 0ms (cache hit)
1250 http cache @csstools/color-helpers@https://registry.npmjs.org/@csstools/color-helpers/-/color-helpers-5.1.0.tgz 0ms (cache hit)
1251 http cache @colors/colors@https://registry.npmjs.org/@colors/colors/-/colors-1.5.0.tgz 0ms (cache hit)
1252 http cache @chevrotain/types@https://registry.npmjs.org/@chevrotain/types/-/types-11.1.2.tgz 0ms (cache hit)
1253 http cache @csstools/cascade-layer-name-parser@https://registry.npmjs.org/@csstools/cascade-layer-name-parser/-/cascade-layer-name-parser-2.0.5.tgz 0ms (cache hit)
1254 http cache @braintree/sanitize-url@https://registry.npmjs.org/@braintree/sanitize-url/-/sanitize-url-7.1.2.tgz 0ms (cache hit)
1255 http cache @babel/traverse@https://registry.npmjs.org/@babel/traverse/-/traverse-7.29.7.tgz 0ms (cache hit)
1256 http cache @babel/runtime@https://registry.npmjs.org/@babel/runtime/-/runtime-7.29.7.tgz 0ms (cache hit)
1257 http cache @babel/preset-typescript@https://registry.npmjs.org/@babel/preset-typescript/-/preset-typescript-7.29.7.tgz 0ms (cache hit)
1258 http cache @babel/preset-react@https://registry.npmjs.org/@babel/preset-react/-/preset-react-7.29.7.tgz 0ms (cache hit)
1259 http cache @babel/preset-modules@https://registry.npmjs.org/@babel/preset-modules/-/preset-modules-0.1.6-no-external-plugins.tgz 0ms (cache hit)
1260 http cache @babel/preset-env@https://registry.npmjs.org/@babel/preset-env/-/preset-env-7.29.7.tgz 0ms (cache hit)
1261 http cache @babel/plugin-transform-unicode-sets-regex@https://registry.npmjs.org/@babel/plugin-transform-unicode-sets-regex/-/plugin-transform-unicode-sets-regex-7.29.7.tgz 0ms (cache hit)
1262 http cache @babel/plugin-transform-unicode-regex@https://registry.npmjs.org/@babel/plugin-transform-unicode-regex/-/plugin-transform-unicode-regex-7.29.7.tgz 0ms (cache hit)
1263 http cache @babel/plugin-transform-unicode-property-regex@https://registry.npmjs.org/@babel/plugin-transform-unicode-property-regex/-/plugin-transform-unicode-property-regex-7.29.7.tgz 0ms (cache hit)
1264 http cache @babel/plugin-transform-typescript@https://registry.npmjs.org/@babel/plugin-transform-typescript/-/plugin-transform-typescript-7.29.7.tgz 0ms (cache hit)
1265 http cache @babel/types@https://registry.npmjs.org/@babel/types/-/types-7.29.7.tgz 0ms (cache hit)
1266 http cache @babel/plugin-transform-template-literals@https://registry.npmjs.org/@babel/plugin-transform-template-literals/-/plugin-transform-template-literals-7.29.7.tgz 0ms (cache hit)
1267 http cache @babel/template@https://registry.npmjs.org/@babel/template/-/template-7.29.7.tgz 0ms (cache hit)
1268 http cache @babel/plugin-transform-typeof-symbol@https://registry.npmjs.org/@babel/plugin-transform-typeof-symbol/-/plugin-transform-typeof-symbol-7.29.7.tgz 0ms (cache hit)
1269 http cache @babel/plugin-transform-sticky-regex@https://registry.npmjs.org/@babel/plugin-transform-sticky-regex/-/plugin-transform-sticky-regex-7.29.7.tgz 0ms (cache hit)
1270 http cache @babel/plugin-transform-runtime@https://registry.npmjs.org/@babel/plugin-transform-runtime/-/plugin-transform-runtime-7.29.7.tgz 0ms (cache hit)
1271 http cache @babel/plugin-transform-spread@https://registry.npmjs.org/@babel/plugin-transform-spread/-/plugin-transform-spread-7.29.7.tgz 0ms (cache hit)
1272 http cache @babel/plugin-transform-reserved-words@https://registry.npmjs.org/@babel/plugin-transform-reserved-words/-/plugin-transform-reserved-words-7.29.7.tgz 0ms (cache hit)
1273 http cache @babel/plugin-transform-regexp-modifiers@https://registry.npmjs.org/@babel/plugin-transform-regexp-modifiers/-/plugin-transform-regexp-modifiers-7.29.7.tgz 0ms (cache hit)
1274 http cache @babel/plugin-transform-regenerator@https://registry.npmjs.org/@babel/plugin-transform-regenerator/-/plugin-transform-regenerator-7.29.7.tgz 0ms (cache hit)
1275 http cache @babel/plugin-transform-react-pure-annotations@https://registry.npmjs.org/@babel/plugin-transform-react-pure-annotations/-/plugin-transform-react-pure-annotations-7.29.7.tgz 0ms (cache hit)
1276 http cache @babel/plugin-transform-react-jsx@https://registry.npmjs.org/@babel/plugin-transform-react-jsx/-/plugin-transform-react-jsx-7.29.7.tgz 0ms (cache hit)
1277 http cache @babel/plugin-transform-react-jsx-development@https://registry.npmjs.org/@babel/plugin-transform-react-jsx-development/-/plugin-transform-react-jsx-development-7.29.7.tgz 0ms (cache hit)
1278 http cache @babel/plugin-transform-react-display-name@https://registry.npmjs.org/@babel/plugin-transform-react-display-name/-/plugin-transform-react-display-name-7.29.7.tgz 0ms (cache hit)
1279 http cache @babel/plugin-transform-property-literals@https://registry.npmjs.org/@babel/plugin-transform-property-literals/-/plugin-transform-property-literals-7.29.7.tgz 0ms (cache hit)
1280 http cache @babel/plugin-transform-shorthand-properties@https://registry.npmjs.org/@babel/plugin-transform-shorthand-properties/-/plugin-transform-shorthand-properties-7.29.7.tgz 0ms (cache hit)
1281 http cache @babel/plugin-transform-private-property-in-object@https://registry.npmjs.org/@babel/plugin-transform-private-property-in-object/-/plugin-transform-private-property-in-object-7.29.7.tgz 0ms (cache hit)
1282 http cache @babel/plugin-transform-react-constant-elements@https://registry.npmjs.org/@babel/plugin-transform-react-constant-elements/-/plugin-transform-react-constant-elements-7.29.7.tgz 0ms (cache hit)
1283 http cache @babel/plugin-transform-optional-chaining@https://registry.npmjs.org/@babel/plugin-transform-optional-chaining/-/plugin-transform-optional-chaining-7.29.7.tgz 0ms (cache hit)
1284 http cache @babel/plugin-transform-unicode-escapes@https://registry.npmjs.org/@babel/plugin-transform-unicode-escapes/-/plugin-transform-unicode-escapes-7.29.7.tgz 0ms (cache hit)
1285 http cache @babel/plugin-transform-optional-catch-binding@https://registry.npmjs.org/@babel/plugin-transform-optional-catch-binding/-/plugin-transform-optional-catch-binding-7.29.7.tgz 0ms (cache hit)
1286 http cache @babel/plugin-transform-private-methods@https://registry.npmjs.org/@babel/plugin-transform-private-methods/-/plugin-transform-private-methods-7.29.7.tgz 0ms (cache hit)
1287 http cache @babel/plugin-transform-object-super@https://registry.npmjs.org/@babel/plugin-transform-object-super/-/plugin-transform-object-super-7.29.7.tgz 0ms (cache hit)
1288 http cache @babel/plugin-transform-numeric-separator@https://registry.npmjs.org/@babel/plugin-transform-numeric-separator/-/plugin-transform-numeric-separator-7.29.7.tgz 0ms (cache hit)
1289 http cache @babel/plugin-transform-new-target@https://registry.npmjs.org/@babel/plugin-transform-new-target/-/plugin-transform-new-target-7.29.7.tgz 0ms (cache hit)
1290 http cache @babel/plugin-transform-object-rest-spread@https://registry.npmjs.org/@babel/plugin-transform-object-rest-spread/-/plugin-transform-object-rest-spread-7.29.7.tgz 0ms (cache hit)
1291 http cache @babel/plugin-transform-modules-systemjs@https://registry.npmjs.org/@babel/plugin-transform-modules-systemjs/-/plugin-transform-modules-systemjs-7.29.7.tgz 0ms (cache hit)
1292 http cache @babel/plugin-transform-nullish-coalescing-operator@https://registry.npmjs.org/@babel/plugin-transform-nullish-coalescing-operator/-/plugin-transform-nullish-coalescing-operator-7.29.7.tgz 0ms (cache hit)
1293 http cache @babel/plugin-transform-modules-umd@https://registry.npmjs.org/@babel/plugin-transform-modules-umd/-/plugin-transform-modules-umd-7.29.7.tgz 0ms (cache hit)
1294 http cache @babel/plugin-transform-modules-commonjs@https://registry.npmjs.org/@babel/plugin-transform-modules-commonjs/-/plugin-transform-modules-commonjs-7.29.7.tgz 0ms (cache hit)
1295 http cache @babel/plugin-transform-named-capturing-groups-regex@https://registry.npmjs.org/@babel/plugin-transform-named-capturing-groups-regex/-/plugin-transform-named-capturing-groups-regex-7.29.7.tgz 0ms (cache hit)
1296 http cache @babel/plugin-transform-parameters@https://registry.npmjs.org/@babel/plugin-transform-parameters/-/plugin-transform-parameters-7.29.7.tgz 0ms (cache hit)
1297 http cache @babel/plugin-transform-member-expression-literals@https://registry.npmjs.org/@babel/plugin-transform-member-expression-literals/-/plugin-transform-member-expression-literals-7.29.7.tgz 0ms (cache hit)
1298 http cache @babel/plugin-transform-modules-amd@https://registry.npmjs.org/@babel/plugin-transform-modules-amd/-/plugin-transform-modules-amd-7.29.7.tgz 0ms (cache hit)
1299 http cache @babel/plugin-transform-literals@https://registry.npmjs.org/@babel/plugin-transform-literals/-/plugin-transform-literals-7.29.7.tgz 0ms (cache hit)
1300 http cache @babel/plugin-transform-logical-assignment-operators@https://registry.npmjs.org/@babel/plugin-transform-logical-assignment-operators/-/plugin-transform-logical-assignment-operators-7.29.7.tgz 0ms (cache hit)
1301 http cache @babel/plugin-transform-function-name@https://registry.npmjs.org/@babel/plugin-transform-function-name/-/plugin-transform-function-name-7.29.7.tgz 0ms (cache hit)
1302 http cache @babel/plugin-transform-for-of@https://registry.npmjs.org/@babel/plugin-transform-for-of/-/plugin-transform-for-of-7.29.7.tgz 0ms (cache hit)
1303 http cache @babel/plugin-transform-json-strings@https://registry.npmjs.org/@babel/plugin-transform-json-strings/-/plugin-transform-json-strings-7.29.7.tgz 0ms (cache hit)
1304 http cache @babel/plugin-transform-explicit-resource-management@https://registry.npmjs.org/@babel/plugin-transform-explicit-resource-management/-/plugin-transform-explicit-resource-management-7.29.7.tgz 0ms (cache hit)
1305 http cache @babel/plugin-transform-exponentiation-operator@https://registry.npmjs.org/@babel/plugin-transform-exponentiation-operator/-/plugin-transform-exponentiation-operator-7.29.7.tgz 0ms (cache hit)
1306 http cache @babel/plugin-transform-duplicate-named-capturing-groups-regex@https://registry.npmjs.org/@babel/plugin-transform-duplicate-named-capturing-groups-regex/-/plugin-transform-duplicate-named-capturing-groups-regex-7.29.7.tgz 0ms (cache hit)
1307 http cache @babel/plugin-transform-export-namespace-from@https://registry.npmjs.org/@babel/plugin-transform-export-namespace-from/-/plugin-transform-export-namespace-from-7.29.7.tgz 0ms (cache hit)
1308 http cache @babel/plugin-transform-duplicate-keys@https://registry.npmjs.org/@babel/plugin-transform-duplicate-keys/-/plugin-transform-duplicate-keys-7.29.7.tgz 0ms (cache hit)
1309 http cache @babel/plugin-transform-destructuring@https://registry.npmjs.org/@babel/plugin-transform-destructuring/-/plugin-transform-destructuring-7.29.7.tgz 0ms (cache hit)
1310 http cache @babel/plugin-transform-dotall-regex@https://registry.npmjs.org/@babel/plugin-transform-dotall-regex/-/plugin-transform-dotall-regex-7.29.7.tgz 0ms (cache hit)
1311 http cache @babel/plugin-transform-class-properties@https://registry.npmjs.org/@babel/plugin-transform-class-properties/-/plugin-transform-class-properties-7.29.7.tgz 0ms (cache hit)
1312 http cache @babel/plugin-transform-dynamic-import@https://registry.npmjs.org/@babel/plugin-transform-dynamic-import/-/plugin-transform-dynamic-import-7.29.7.tgz 0ms (cache hit)
1313 http cache @babel/plugin-transform-block-scoped-functions@https://registry.npmjs.org/@babel/plugin-transform-block-scoped-functions/-/plugin-transform-block-scoped-functions-7.29.7.tgz 0ms (cache hit)
1314 http cache @babel/plugin-transform-computed-properties@https://registry.npmjs.org/@babel/plugin-transform-computed-properties/-/plugin-transform-computed-properties-7.29.7.tgz 0ms (cache hit)
1315 http cache @babel/plugin-transform-classes@https://registry.npmjs.org/@babel/plugin-transform-classes/-/plugin-transform-classes-7.29.7.tgz 0ms (cache hit)
1316 http cache @babel/plugin-transform-block-scoping@https://registry.npmjs.org/@babel/plugin-transform-block-scoping/-/plugin-transform-block-scoping-7.29.7.tgz 0ms (cache hit)
1317 http cache @babel/plugin-transform-arrow-functions@https://registry.npmjs.org/@babel/plugin-transform-arrow-functions/-/plugin-transform-arrow-functions-7.29.7.tgz 0ms (cache hit)
1318 http cache @babel/plugin-syntax-typescript@https://registry.npmjs.org/@babel/plugin-syntax-typescript/-/plugin-syntax-typescript-7.29.7.tgz 0ms (cache hit)
1319 http cache @babel/plugin-transform-class-static-block@https://registry.npmjs.org/@babel/plugin-transform-class-static-block/-/plugin-transform-class-static-block-7.29.7.tgz 0ms (cache hit)
1320 http cache @babel/plugin-syntax-unicode-sets-regex@https://registry.npmjs.org/@babel/plugin-syntax-unicode-sets-regex/-/plugin-syntax-unicode-sets-regex-7.18.6.tgz 0ms (cache hit)
1321 http cache @babel/plugin-syntax-jsx@https://registry.npmjs.org/@babel/plugin-syntax-jsx/-/plugin-syntax-jsx-7.29.7.tgz 0ms (cache hit)
1322 http cache @babel/plugin-transform-async-to-generator@https://registry.npmjs.org/@babel/plugin-transform-async-to-generator/-/plugin-transform-async-to-generator-7.29.7.tgz 0ms (cache hit)
1323 http cache @babel/plugin-syntax-import-attributes@https://registry.npmjs.org/@babel/plugin-syntax-import-attributes/-/plugin-syntax-import-attributes-7.29.7.tgz 0ms (cache hit)
1324 http cache @babel/plugin-transform-async-generator-functions@https://registry.npmjs.org/@babel/plugin-transform-async-generator-functions/-/plugin-transform-async-generator-functions-7.29.7.tgz 0ms (cache hit)
1325 http cache @babel/plugin-syntax-dynamic-import@https://registry.npmjs.org/@babel/plugin-syntax-dynamic-import/-/plugin-syntax-dynamic-import-7.8.3.tgz 0ms (cache hit)
1326 http cache @babel/plugin-proposal-private-property-in-object@https://registry.npmjs.org/@babel/plugin-proposal-private-property-in-object/-/plugin-proposal-private-property-in-object-7.21.0-placeholder-for-preset-env.2.tgz 0ms (cache hit)
1327 http cache @babel/plugin-syntax-import-assertions@https://registry.npmjs.org/@babel/plugin-syntax-import-assertions/-/plugin-syntax-import-assertions-7.29.7.tgz 0ms (cache hit)
1328 http cache @babel/plugin-bugfix-v8-spread-parameters-in-optional-chaining@https://registry.npmjs.org/@babel/plugin-bugfix-v8-spread-parameters-in-optional-chaining/-/plugin-bugfix-v8-spread-parameters-in-optional-chaining-7.29.7.tgz 0ms (cache hit)
1329 http cache @babel/plugin-bugfix-safari-id-destructuring-collision-in-function-expression@https://registry.npmjs.org/@babel/plugin-bugfix-safari-id-destructuring-collision-in-function-expression/-/plugin-bugfix-safari-id-destructuring-collision-in-function-expression-7.29.7.tgz 0ms (cache hit)
1330 http cache @babel/plugin-bugfix-v8-static-class-fields-redefine-readonly@https://registry.npmjs.org/@babel/plugin-bugfix-v8-static-class-fields-redefine-readonly/-/plugin-bugfix-v8-static-class-fields-redefine-readonly-7.29.7.tgz 0ms (cache hit)
1331 http cache @babel/plugin-bugfix-safari-class-field-initializer-scope@https://registry.npmjs.org/@babel/plugin-bugfix-safari-class-field-initializer-scope/-/plugin-bugfix-safari-class-field-initializer-scope-7.29.7.tgz 0ms (cache hit)
1332 http cache @babel/plugin-bugfix-safari-rest-destructuring-rhs-array@https://registry.npmjs.org/@babel/plugin-bugfix-safari-rest-destructuring-rhs-array/-/plugin-bugfix-safari-rest-destructuring-rhs-array-7.29.7.tgz 0ms (cache hit)
1333 http cache @babel/parser@https://registry.npmjs.org/@babel/parser/-/parser-7.29.7.tgz 0ms (cache hit)
1334 http cache @babel/helpers@https://registry.npmjs.org/@babel/helpers/-/helpers-7.29.7.tgz 0ms (cache hit)
1335 http cache @babel/helper-validator-identifier@https://registry.npmjs.org/@babel/helper-validator-identifier/-/helper-validator-identifier-7.29.7.tgz 0ms (cache hit)
1336 http cache @babel/helper-wrap-function@https://registry.npmjs.org/@babel/helper-wrap-function/-/helper-wrap-function-7.29.7.tgz 0ms (cache hit)
1337 http cache @babel/plugin-bugfix-firefox-class-in-computed-class-key@https://registry.npmjs.org/@babel/plugin-bugfix-firefox-class-in-computed-class-key/-/plugin-bugfix-firefox-class-in-computed-class-key-7.29.7.tgz 0ms (cache hit)
1338 http cache @babel/helper-string-parser@https://registry.npmjs.org/@babel/helper-string-parser/-/helper-string-parser-7.29.7.tgz 0ms (cache hit)
1339 http cache @babel/helper-validator-option@https://registry.npmjs.org/@babel/helper-validator-option/-/helper-validator-option-7.29.7.tgz 0ms (cache hit)
1340 http cache @babel/helper-plugin-utils@https://registry.npmjs.org/@babel/helper-plugin-utils/-/helper-plugin-utils-7.29.7.tgz 0ms (cache hit)
1341 http cache @babel/helper-replace-supers@https://registry.npmjs.org/@babel/helper-replace-supers/-/helper-replace-supers-7.29.7.tgz 0ms (cache hit)
1342 http cache @babel/helper-remap-async-to-generator@https://registry.npmjs.org/@babel/helper-remap-async-to-generator/-/helper-remap-async-to-generator-7.29.7.tgz 0ms (cache hit)
1343 http cache @babel/helper-optimise-call-expression@https://registry.npmjs.org/@babel/helper-optimise-call-expression/-/helper-optimise-call-expression-7.29.7.tgz 0ms (cache hit)
1344 http cache @babel/helper-member-expression-to-functions@https://registry.npmjs.org/@babel/helper-member-expression-to-functions/-/helper-member-expression-to-functions-7.29.7.tgz 0ms (cache hit)
1345 http cache @babel/helper-module-imports@https://registry.npmjs.org/@babel/helper-module-imports/-/helper-module-imports-7.29.7.tgz 0ms (cache hit)
1346 http cache @babel/helper-globals@https://registry.npmjs.org/@babel/helper-globals/-/helper-globals-7.29.7.tgz 0ms (cache hit)
1347 http cache @babel/helper-module-transforms@https://registry.npmjs.org/@babel/helper-module-transforms/-/helper-module-transforms-7.29.7.tgz 0ms (cache hit)
1348 http cache @babel/helper-skip-transparent-expression-wrappers@https://registry.npmjs.org/@babel/helper-skip-transparent-expression-wrappers/-/helper-skip-transparent-expression-wrappers-7.29.7.tgz 0ms (cache hit)
1349 http cache @babel/helper-define-polyfill-provider@https://registry.npmjs.org/@babel/helper-define-polyfill-provider/-/helper-define-polyfill-provider-0.6.8.tgz 0ms (cache hit)
1350 http cache @babel/helper-create-class-features-plugin@https://registry.npmjs.org/@babel/helper-create-class-features-plugin/-/helper-create-class-features-plugin-7.29.7.tgz 0ms (cache hit)
1351 http cache @babel/helper-create-regexp-features-plugin@https://registry.npmjs.org/@babel/helper-create-regexp-features-plugin/-/helper-create-regexp-features-plugin-7.29.7.tgz 0ms (cache hit)
1352 http cache @babel/generator@https://registry.npmjs.org/@babel/generator/-/generator-7.29.7.tgz 0ms (cache hit)
1353 http cache @babel/helper-annotate-as-pure@https://registry.npmjs.org/@babel/helper-annotate-as-pure/-/helper-annotate-as-pure-7.29.7.tgz 0ms (cache hit)
1354 http cache @babel/compat-data@https://registry.npmjs.org/@babel/compat-data/-/compat-data-7.29.7.tgz 0ms (cache hit)
1355 http cache @babel/helper-compilation-targets@https://registry.npmjs.org/@babel/helper-compilation-targets/-/helper-compilation-targets-7.29.7.tgz 0ms (cache hit)
1356 http cache @babel/code-frame@https://registry.npmjs.org/@babel/code-frame/-/code-frame-7.29.7.tgz 0ms (cache hit)
1357 http cache @antfu/install-pkg@https://registry.npmjs.org/@antfu/install-pkg/-/install-pkg-1.1.0.tgz 0ms (cache hit)
1358 http cache @algolia/requester-fetch@https://registry.npmjs.org/@algolia/requester-fetch/-/requester-fetch-5.53.0.tgz 0ms (cache hit)
1359 http cache @algolia/requester-node-http@https://registry.npmjs.org/@algolia/requester-node-http/-/requester-node-http-5.53.0.tgz 0ms (cache hit)
1360 http cache @algolia/recommend@https://registry.npmjs.org/@algolia/recommend/-/recommend-5.53.0.tgz 0ms (cache hit)
1361 http cache @algolia/monitoring@https://registry.npmjs.org/@algolia/monitoring/-/monitoring-1.53.0.tgz 0ms (cache hit)
1362 http cache @algolia/ingestion@https://registry.npmjs.org/@algolia/ingestion/-/ingestion-1.53.0.tgz 0ms (cache hit)
1363 http cache @algolia/client-search@https://registry.npmjs.org/@algolia/client-search/-/client-search-5.53.0.tgz 0ms (cache hit)
1364 http cache @algolia/events@https://registry.npmjs.org/@algolia/events/-/events-4.0.1.tgz 0ms (cache hit)
1365 http cache @babel/core@https://registry.npmjs.org/@babel/core/-/core-7.29.7.tgz 0ms (cache hit)
1366 http cache @algolia/requester-browser-xhr@https://registry.npmjs.org/@algolia/requester-browser-xhr/-/requester-browser-xhr-5.53.0.tgz 0ms (cache hit)
1367 http cache @algolia/client-query-suggestions@https://registry.npmjs.org/@algolia/client-query-suggestions/-/client-query-suggestions-5.53.0.tgz 0ms (cache hit)
1368 http cache @algolia/client-analytics@https://registry.npmjs.org/@algolia/client-analytics/-/client-analytics-5.53.0.tgz 0ms (cache hit)
1369 http cache @algolia/client-insights@https://registry.npmjs.org/@algolia/client-insights/-/client-insights-5.53.0.tgz 0ms (cache hit)
1370 http cache @algolia/client-abtesting@https://registry.npmjs.org/@algolia/client-abtesting/-/client-abtesting-5.53.0.tgz 1ms (cache hit)
1371 http cache @algolia/client-common@https://registry.npmjs.org/@algolia/client-common/-/client-common-5.53.0.tgz 0ms (cache hit)
1372 http cache @algolia/autocomplete-shared@https://registry.npmjs.org/@algolia/autocomplete-shared/-/autocomplete-shared-1.19.8.tgz 0ms (cache hit)
1373 http cache @algolia/autocomplete-plugin-algolia-insights@https://registry.npmjs.org/@algolia/autocomplete-plugin-algolia-insights/-/autocomplete-plugin-algolia-insights-1.19.8.tgz 0ms (cache hit)
1374 http cache @algolia/autocomplete-core@https://registry.npmjs.org/@algolia/autocomplete-core/-/autocomplete-core-1.19.8.tgz 0ms (cache hit)
1375 http cache ansi-styles@https://registry.npmjs.org/ansi-styles/-/ansi-styles-6.2.3.tgz 0ms (cache hit)
1376 http cache @algolia/abtesting@https://registry.npmjs.org/@algolia/abtesting/-/abtesting-1.19.0.tgz 0ms (cache hit)
1377 http cache is-wsl@https://registry.npmjs.org/is-wsl/-/is-wsl-3.1.1.tgz 0ms (cache hit)
1378 http cache ansi-regex@https://registry.npmjs.org/ansi-regex/-/ansi-regex-6.2.2.tgz 0ms (cache hit)
1379 http cache @algolia/client-personalization@https://registry.npmjs.org/@algolia/client-personalization/-/client-personalization-5.53.0.tgz 0ms (cache hit)
1380 http cache strip-ansi@https://registry.npmjs.org/strip-ansi/-/strip-ansi-7.2.0.tgz 0ms (cache hit)
1381 http cache ws@https://registry.npmjs.org/ws/-/ws-8.21.0.tgz 0ms (cache hit)
1382 http cache define-lazy-prop@https://registry.npmjs.org/define-lazy-prop/-/define-lazy-prop-3.0.0.tgz 0ms (cache hit)
1383 http cache iconv-lite@https://registry.npmjs.org/iconv-lite/-/iconv-lite-0.6.3.tgz 0ms (cache hit)
1384 http cache mime-types@https://registry.npmjs.org/mime-types/-/mime-types-3.0.2.tgz 0ms (cache hit)
1385 http cache schema-utils@https://registry.npmjs.org/schema-utils/-/schema-utils-3.3.0.tgz 0ms (cache hit)
1386 http cache range-parser@https://registry.npmjs.org/range-parser/-/range-parser-1.2.1.tgz 0ms (cache hit)
1387 http cache mime-db@https://registry.npmjs.org/mime-db/-/mime-db-1.52.0.tgz 0ms (cache hit)
1388 http cache mime-db@https://registry.npmjs.org/mime-db/-/mime-db-1.54.0.tgz 0ms (cache hit)
1389 http cache commander@https://registry.npmjs.org/commander/-/commander-7.2.0.tgz 0ms (cache hit)
1390 http cache mime-types@https://registry.npmjs.org/mime-types/-/mime-types-2.1.35.tgz 0ms (cache hit)
1391 http cache ajv-keywords@https://registry.npmjs.org/ajv-keywords/-/ajv-keywords-3.5.2.tgz 0ms (cache hit)
1392 http cache json-schema-traverse@https://registry.npmjs.org/json-schema-traverse/-/json-schema-traverse-0.4.1.tgz 0ms (cache hit)
1393 http cache mime-db@https://registry.npmjs.org/mime-db/-/mime-db-1.54.0.tgz 0ms (cache hit)
1394 http cache camelcase@https://registry.npmjs.org/camelcase/-/camelcase-7.0.1.tgz 0ms (cache hit)
1395 http cache ajv@https://registry.npmjs.org/ajv/-/ajv-6.15.0.tgz 0ms (cache hit)
1396 http cache chalk@https://registry.npmjs.org/chalk/-/chalk-5.6.2.tgz 0ms (cache hit)
1397 http cache open@https://registry.npmjs.org/open/-/open-10.2.0.tgz 0ms (cache hit)
1398 http cache mime-db@https://registry.npmjs.org/mime-db/-/mime-db-1.52.0.tgz 0ms (cache hit)
1399 http cache boxen@https://registry.npmjs.org/boxen/-/boxen-7.1.1.tgz 0ms (cache hit)
1400 http cache picomatch@https://registry.npmjs.org/picomatch/-/picomatch-4.0.4.tgz 0ms (cache hit)
1401 http cache fdir@https://registry.npmjs.org/fdir/-/fdir-6.5.0.tgz 0ms (cache hit)
1402 http cache tslib@https://registry.npmjs.org/tslib/-/tslib-1.14.1.tgz 0ms (cache hit)
1403 http cache mime-types@https://registry.npmjs.org/mime-types/-/mime-types-2.1.35.tgz 0ms (cache hit)
1404 http cache jest-worker@https://registry.npmjs.org/jest-worker/-/jest-worker-27.5.1.tgz 0ms (cache hit)
1405 http cache commander@https://registry.npmjs.org/commander/-/commander-4.1.1.tgz 0ms (cache hit)
1406 http cache supports-color@https://registry.npmjs.org/supports-color/-/supports-color-8.1.1.tgz 0ms (cache hit)
1407 http cache commander@https://registry.npmjs.org/commander/-/commander-2.20.3.tgz 0ms (cache hit)
1408 http cache source-map@https://registry.npmjs.org/source-map/-/source-map-0.6.1.tgz 0ms (cache hit)
1409 http cache ansi-regex@https://registry.npmjs.org/ansi-regex/-/ansi-regex-6.2.2.tgz 0ms (cache hit)
1410 http cache mime-types@https://registry.npmjs.org/mime-types/-/mime-types-2.1.35.tgz 0ms (cache hit)
1411 http cache commander@https://registry.npmjs.org/commander/-/commander-7.2.0.tgz 0ms (cache hit)
1412 http cache @types/node@https://registry.npmjs.org/@types/node/-/node-17.0.45.tgz 0ms (cache hit)
1413 http cache statuses@https://registry.npmjs.org/statuses/-/statuses-1.5.0.tgz 0ms (cache hit)
1414 http cache mime-db@https://registry.npmjs.org/mime-db/-/mime-db-1.52.0.tgz 0ms (cache hit)
1415 http cache depd@https://registry.npmjs.org/depd/-/depd-1.1.2.tgz 0ms (cache hit)
1416 http cache http-errors@https://registry.npmjs.org/http-errors/-/http-errors-1.8.1.tgz 0ms (cache hit)
1417 http cache strip-ansi@https://registry.npmjs.org/strip-ansi/-/strip-ansi-7.2.0.tgz 0ms (cache hit)
1418 http cache debug@https://registry.npmjs.org/debug/-/debug-2.6.9.tgz 0ms (cache hit)
1419 http cache path-to-regexp@https://registry.npmjs.org/path-to-regexp/-/path-to-regexp-3.3.0.tgz 0ms (cache hit)
1420 http cache range-parser@https://registry.npmjs.org/range-parser/-/range-parser-1.2.1.tgz 0ms (cache hit)
1421 http cache ms@https://registry.npmjs.org/ms/-/ms-2.0.0.tgz 0ms (cache hit)
1422 http cache debug@https://registry.npmjs.org/debug/-/debug-2.6.9.tgz 0ms (cache hit)
1423 http cache ms@https://registry.npmjs.org/ms/-/ms-2.0.0.tgz 0ms (cache hit)
1424 http cache htmlparser2@https://registry.npmjs.org/htmlparser2/-/htmlparser2-6.1.0.tgz 0ms (cache hit)
1425 http cache domhandler@https://registry.npmjs.org/domhandler/-/domhandler-4.3.1.tgz 0ms (cache hit)
1426 http cache domutils@https://registry.npmjs.org/domutils/-/domutils-2.8.0.tgz 0ms (cache hit)
1427 http cache dom-serializer@https://registry.npmjs.org/dom-serializer/-/dom-serializer-1.4.1.tgz 0ms (cache hit)
1428 http cache entities@https://registry.npmjs.org/entities/-/entities-2.2.0.tgz 0ms (cache hit)
1429 http cache strip-json-comments@https://registry.npmjs.org/strip-json-comments/-/strip-json-comments-2.0.1.tgz 0ms (cache hit)
1430 http cache bytes@https://registry.npmjs.org/bytes/-/bytes-3.1.2.tgz 0ms (cache hit)
1431 http cache ini@https://registry.npmjs.org/ini/-/ini-1.3.8.tgz 0ms (cache hit)
1432 http cache css-select@https://registry.npmjs.org/css-select/-/css-select-4.3.0.tgz 0ms (cache hit)
1433 http cache postcss-selector-parser@https://registry.npmjs.org/postcss-selector-parser/-/postcss-selector-parser-7.1.1.tgz 0ms (cache hit)
1434 http cache postcss-selector-parser@https://registry.npmjs.org/postcss-selector-parser/-/postcss-selector-parser-7.1.1.tgz 0ms (cache hit)
1435 http cache ipaddr.js@https://registry.npmjs.org/ipaddr.js/-/ipaddr.js-1.9.1.tgz 0ms (cache hit)
1436 http cache postcss-selector-parser@https://registry.npmjs.org/postcss-selector-parser/-/postcss-selector-parser-7.1.1.tgz 0ms (cache hit)
1437 http cache @csstools/selector-resolve-nested@https://registry.npmjs.org/@csstools/selector-resolve-nested/-/selector-resolve-nested-3.1.0.tgz 1ms (cache hit)
1438 http cache postcss-selector-parser@https://registry.npmjs.org/postcss-selector-parser/-/postcss-selector-parser-7.1.1.tgz 0ms (cache hit)
1439 http cache @csstools/selector-specificity@https://registry.npmjs.org/@csstools/selector-specificity/-/selector-specificity-5.0.0.tgz 0ms (cache hit)
1440 http cache postcss-selector-parser@https://registry.npmjs.org/postcss-selector-parser/-/postcss-selector-parser-7.1.1.tgz 0ms (cache hit)
1441 http cache postcss-selector-parser@https://registry.npmjs.org/postcss-selector-parser/-/postcss-selector-parser-7.1.1.tgz 0ms (cache hit)
1442 http cache entities@https://registry.npmjs.org/entities/-/entities-6.0.1.tgz 0ms (cache hit)
1443 http cache postcss-selector-parser@https://registry.npmjs.org/postcss-selector-parser/-/postcss-selector-parser-7.1.1.tgz 0ms (cache hit)
1444 http cache postcss-selector-parser@https://registry.npmjs.org/postcss-selector-parser/-/postcss-selector-parser-7.1.1.tgz 0ms (cache hit)
1445 http cache postcss-selector-parser@https://registry.npmjs.org/postcss-selector-parser/-/postcss-selector-parser-7.1.1.tgz 0ms (cache hit)
1446 http cache json-schema-traverse@https://registry.npmjs.org/json-schema-traverse/-/json-schema-traverse-0.4.1.tgz 0ms (cache hit)
1447 http cache ajv-keywords@https://registry.npmjs.org/ajv-keywords/-/ajv-keywords-3.5.2.tgz 0ms (cache hit)
1448 http cache schema-utils@https://registry.npmjs.org/schema-utils/-/schema-utils-3.3.0.tgz 0ms (cache hit)
1449 http cache micromark-util-symbol@https://registry.npmjs.org/micromark-util-symbol/-/micromark-util-symbol-2.0.1.tgz 0ms (cache hit)
1450 http cache ajv@https://registry.npmjs.org/ajv/-/ajv-6.15.0.tgz 0ms (cache hit)
1451 http cache micromark-util-character@https://registry.npmjs.org/micromark-util-character/-/micromark-util-character-2.1.1.tgz 0ms (cache hit)
1452 http cache postcss-selector-parser@https://registry.npmjs.org/postcss-selector-parser/-/postcss-selector-parser-7.1.1.tgz 0ms (cache hit)
1453 http cache micromark-util-symbol@https://registry.npmjs.org/micromark-util-symbol/-/micromark-util-symbol-2.0.1.tgz 0ms (cache hit)
1454 http cache micromark-util-symbol@https://registry.npmjs.org/micromark-util-symbol/-/micromark-util-symbol-2.0.1.tgz 0ms (cache hit)
1455 http cache micromark-util-symbol@https://registry.npmjs.org/micromark-util-symbol/-/micromark-util-symbol-2.0.1.tgz 0ms (cache hit)
1456 http cache micromark-util-character@https://registry.npmjs.org/micromark-util-character/-/micromark-util-character-2.1.1.tgz 0ms (cache hit)
1457 http cache @types/unist@https://registry.npmjs.org/@types/unist/-/unist-2.0.11.tgz 0ms (cache hit)
1458 http cache micromark-util-symbol@https://registry.npmjs.org/micromark-util-symbol/-/micromark-util-symbol-2.0.1.tgz 0ms (cache hit)
1459 http cache micromark-util-symbol@https://registry.npmjs.org/micromark-util-symbol/-/micromark-util-symbol-2.0.1.tgz 0ms (cache hit)
1460 http cache micromark-util-symbol@https://registry.npmjs.org/micromark-util-symbol/-/micromark-util-symbol-2.0.1.tgz 0ms (cache hit)
1461 http cache micromark-util-symbol@https://registry.npmjs.org/micromark-util-symbol/-/micromark-util-symbol-2.0.1.tgz 0ms (cache hit)
1462 http cache micromark-util-character@https://registry.npmjs.org/micromark-util-character/-/micromark-util-character-2.1.1.tgz 0ms (cache hit)
1463 http cache micromark-util-symbol@https://registry.npmjs.org/micromark-util-symbol/-/micromark-util-symbol-2.0.1.tgz 0ms (cache hit)
1464 http cache micromark-util-types@https://registry.npmjs.org/micromark-util-types/-/micromark-util-types-1.1.0.tgz 0ms (cache hit)
1465 http cache micromark-factory-space@https://registry.npmjs.org/micromark-factory-space/-/micromark-factory-space-2.0.1.tgz 0ms (cache hit)
1466 http cache micromark-util-types@https://registry.npmjs.org/micromark-util-types/-/micromark-util-types-1.1.0.tgz 0ms (cache hit)
1467 http cache micromark-util-character@https://registry.npmjs.org/micromark-util-character/-/micromark-util-character-2.1.1.tgz 0ms (cache hit)
1468 http cache micromark-util-symbol@https://registry.npmjs.org/micromark-util-symbol/-/micromark-util-symbol-2.0.1.tgz 0ms (cache hit)
1469 http cache micromark-factory-space@https://registry.npmjs.org/micromark-factory-space/-/micromark-factory-space-2.0.1.tgz 0ms (cache hit)
1470 http cache micromark-util-character@https://registry.npmjs.org/micromark-util-character/-/micromark-util-character-2.1.1.tgz 0ms (cache hit)
1471 http cache micromark-util-symbol@https://registry.npmjs.org/micromark-util-symbol/-/micromark-util-symbol-2.0.1.tgz 0ms (cache hit)
1472 http cache micromark-util-character@https://registry.npmjs.org/micromark-util-character/-/micromark-util-character-2.1.1.tgz 0ms (cache hit)
1473 http cache micromark-util-character@https://registry.npmjs.org/micromark-util-character/-/micromark-util-character-2.1.1.tgz 0ms (cache hit)
1474 http cache micromark-util-symbol@https://registry.npmjs.org/micromark-util-symbol/-/micromark-util-symbol-2.0.1.tgz 0ms (cache hit)
1475 http cache micromark-util-symbol@https://registry.npmjs.org/micromark-util-symbol/-/micromark-util-symbol-2.0.1.tgz 0ms (cache hit)
1476 http cache micromark-util-character@https://registry.npmjs.org/micromark-util-character/-/micromark-util-character-2.1.1.tgz 0ms (cache hit)
1477 http cache micromark-util-symbol@https://registry.npmjs.org/micromark-util-symbol/-/micromark-util-symbol-2.0.1.tgz 0ms (cache hit)
1478 http cache micromark-util-symbol@https://registry.npmjs.org/micromark-util-symbol/-/micromark-util-symbol-2.0.1.tgz 0ms (cache hit)
1479 http cache micromark-util-character@https://registry.npmjs.org/micromark-util-character/-/micromark-util-character-2.1.1.tgz 0ms (cache hit)
1480 http cache micromark-factory-space@https://registry.npmjs.org/micromark-factory-space/-/micromark-factory-space-2.0.1.tgz 0ms (cache hit)
1481 http cache micromark-util-character@https://registry.npmjs.org/micromark-util-character/-/micromark-util-character-2.1.1.tgz 0ms (cache hit)
1482 http cache micromark-factory-space@https://registry.npmjs.org/micromark-factory-space/-/micromark-factory-space-2.0.1.tgz 0ms (cache hit)
1483 http cache micromark-util-character@https://registry.npmjs.org/micromark-util-character/-/micromark-util-character-2.1.1.tgz 0ms (cache hit)
1484 http cache micromark-util-character@https://registry.npmjs.org/micromark-util-character/-/micromark-util-character-2.1.1.tgz 0ms (cache hit)
1485 http cache micromark-util-symbol@https://registry.npmjs.org/micromark-util-symbol/-/micromark-util-symbol-2.0.1.tgz 0ms (cache hit)
1486 http cache micromark-factory-space@https://registry.npmjs.org/micromark-factory-space/-/micromark-factory-space-2.0.1.tgz 0ms (cache hit)
1487 http cache micromark-util-symbol@https://registry.npmjs.org/micromark-util-symbol/-/micromark-util-symbol-2.0.1.tgz 0ms (cache hit)
1488 http cache micromark-factory-space@https://registry.npmjs.org/micromark-factory-space/-/micromark-factory-space-2.0.1.tgz 0ms (cache hit)
1489 http cache micromark-util-symbol@https://registry.npmjs.org/micromark-util-symbol/-/micromark-util-symbol-2.0.1.tgz 0ms (cache hit)
1490 http cache micromark-util-character@https://registry.npmjs.org/micromark-util-character/-/micromark-util-character-2.1.1.tgz 0ms (cache hit)
1491 http cache micromark-util-character@https://registry.npmjs.org/micromark-util-character/-/micromark-util-character-2.1.1.tgz 0ms (cache hit)
1492 http cache micromark-util-symbol@https://registry.npmjs.org/micromark-util-symbol/-/micromark-util-symbol-2.0.1.tgz 0ms (cache hit)
1493 http cache micromark-factory-space@https://registry.npmjs.org/micromark-factory-space/-/micromark-factory-space-2.0.1.tgz 0ms (cache hit)
1494 http cache micromark-util-symbol@https://registry.npmjs.org/micromark-util-symbol/-/micromark-util-symbol-2.0.1.tgz 0ms (cache hit)
1495 http cache micromark-util-symbol@https://registry.npmjs.org/micromark-util-symbol/-/micromark-util-symbol-2.0.1.tgz 0ms (cache hit)
1496 http cache micromark-util-symbol@https://registry.npmjs.org/micromark-util-symbol/-/micromark-util-symbol-2.0.1.tgz 0ms (cache hit)
1497 http cache micromark-util-character@https://registry.npmjs.org/micromark-util-character/-/micromark-util-character-2.1.1.tgz 0ms (cache hit)
1498 http cache micromark-util-character@https://registry.npmjs.org/micromark-util-character/-/micromark-util-character-2.1.1.tgz 0ms (cache hit)
1499 http cache micromark-factory-space@https://registry.npmjs.org/micromark-factory-space/-/micromark-factory-space-2.0.1.tgz 0ms (cache hit)
1500 http cache micromark-util-character@https://registry.npmjs.org/micromark-util-character/-/micromark-util-character-2.1.1.tgz 0ms (cache hit)
1501 http cache micromark-util-character@https://registry.npmjs.org/micromark-util-character/-/micromark-util-character-2.1.1.tgz 0ms (cache hit)
1502 http cache micromark-util-symbol@https://registry.npmjs.org/micromark-util-symbol/-/micromark-util-symbol-2.0.1.tgz 0ms (cache hit)
1503 http cache micromark-factory-space@https://registry.npmjs.org/micromark-factory-space/-/micromark-factory-space-2.0.1.tgz 0ms (cache hit)
1504 http cache micromark-util-symbol@https://registry.npmjs.org/micromark-util-symbol/-/micromark-util-symbol-2.0.1.tgz 0ms (cache hit)
1505 http cache micromark-factory-space@https://registry.npmjs.org/micromark-factory-space/-/micromark-factory-space-2.0.1.tgz 0ms (cache hit)
1506 http cache micromark-util-symbol@https://registry.npmjs.org/micromark-util-symbol/-/micromark-util-symbol-2.0.1.tgz 0ms (cache hit)
1507 http cache micromark-factory-space@https://registry.npmjs.org/micromark-factory-space/-/micromark-factory-space-2.0.1.tgz 0ms (cache hit)
1508 http cache micromark-util-character@https://registry.npmjs.org/micromark-util-character/-/micromark-util-character-2.1.1.tgz 0ms (cache hit)
1509 http cache micromark-util-character@https://registry.npmjs.org/micromark-util-character/-/micromark-util-character-2.1.1.tgz 0ms (cache hit)
1510 http cache micromark-factory-space@https://registry.npmjs.org/micromark-factory-space/-/micromark-factory-space-2.0.1.tgz 0ms (cache hit)
1511 http cache uuid@https://registry.npmjs.org/uuid/-/uuid-14.0.0.tgz 0ms (cache hit)
1512 http cache micromark-util-symbol@https://registry.npmjs.org/micromark-util-symbol/-/micromark-util-symbol-2.0.1.tgz 0ms (cache hit)
1513 http cache micromark-util-character@https://registry.npmjs.org/micromark-util-character/-/micromark-util-character-2.1.1.tgz 0ms (cache hit)
1514 http cache micromark-util-symbol@https://registry.npmjs.org/micromark-util-symbol/-/micromark-util-symbol-2.0.1.tgz 0ms (cache hit)
1515 http cache is-plain-obj@https://registry.npmjs.org/is-plain-obj/-/is-plain-obj-3.0.0.tgz 0ms (cache hit)
1516 http cache supports-color@https://registry.npmjs.org/supports-color/-/supports-color-8.1.1.tgz 0ms (cache hit)
1517 http cache commander@https://registry.npmjs.org/commander/-/commander-8.3.0.tgz 0ms (cache hit)
1518 http cache escape-string-regexp@https://registry.npmjs.org/escape-string-regexp/-/escape-string-regexp-5.0.0.tgz 0ms (cache hit)
1519 http cache html-minifier-terser@https://registry.npmjs.org/html-minifier-terser/-/html-minifier-terser-6.1.0.tgz 0ms (cache hit)
1520 http cache micromark-util-symbol@https://registry.npmjs.org/micromark-util-symbol/-/micromark-util-symbol-2.0.1.tgz 0ms (cache hit)
1521 http cache safe-buffer@https://registry.npmjs.org/safe-buffer/-/safe-buffer-5.1.2.tgz 0ms (cache hit)
1522 http cache readable-stream@https://registry.npmjs.org/readable-stream/-/readable-stream-2.3.8.tgz 0ms (cache hit)
1523 http cache commander@https://registry.npmjs.org/commander/-/commander-8.3.0.tgz 0ms (cache hit)
1524 http cache is-docker@https://registry.npmjs.org/is-docker/-/is-docker-3.0.0.tgz 0ms (cache hit)
1525 http cache isarray@https://registry.npmjs.org/isarray/-/isarray-1.0.0.tgz 0ms (cache hit)
1526 http cache string_decoder@https://registry.npmjs.org/string_decoder/-/string_decoder-1.1.1.tgz 0ms (cache hit)
1527 http cache js-yaml@https://registry.npmjs.org/js-yaml/-/js-yaml-3.14.2.tgz 0ms (cache hit)
1528 http cache escape-string-regexp@https://registry.npmjs.org/escape-string-regexp/-/escape-string-regexp-5.0.0.tgz 0ms (cache hit)
1529 http cache argparse@https://registry.npmjs.org/argparse/-/argparse-1.0.10.tgz 0ms (cache hit)
1530 http cache commander@https://registry.npmjs.org/commander/-/commander-10.0.1.tgz 0ms (cache hit)
1531 http cache ms@https://registry.npmjs.org/ms/-/ms-2.0.0.tgz 0ms (cache hit)
1532 http cache debug@https://registry.npmjs.org/debug/-/debug-2.6.9.tgz 0ms (cache hit)
1533 http cache @sindresorhus/is@https://registry.npmjs.org/@sindresorhus/is/-/is-5.6.0.tgz 0ms (cache hit)
1534 http cache json-schema-traverse@https://registry.npmjs.org/json-schema-traverse/-/json-schema-traverse-0.4.1.tgz 0ms (cache hit)
1535 http cache ajv@https://registry.npmjs.org/ajv/-/ajv-6.15.0.tgz 0ms (cache hit)
1536 http cache ajv-keywords@https://registry.npmjs.org/ajv-keywords/-/ajv-keywords-3.5.2.tgz 0ms (cache hit)
1537 http cache path-to-regexp@https://registry.npmjs.org/path-to-regexp/-/path-to-regexp-0.1.13.tgz 0ms (cache hit)
1538 http cache schema-utils@https://registry.npmjs.org/schema-utils/-/schema-utils-3.3.0.tgz 0ms (cache hit)
1539 http cache range-parser@https://registry.npmjs.org/range-parser/-/range-parser-1.2.1.tgz 0ms (cache hit)
1540 http cache ms@https://registry.npmjs.org/ms/-/ms-2.0.0.tgz 0ms (cache hit)
1541 http cache estraverse@https://registry.npmjs.org/estraverse/-/estraverse-5.3.0.tgz 0ms (cache hit)
1542 http cache iconv-lite@https://registry.npmjs.org/iconv-lite/-/iconv-lite-0.6.3.tgz 0ms (cache hit)
1543 http cache content-disposition@https://registry.npmjs.org/content-disposition/-/content-disposition-0.5.4.tgz 0ms (cache hit)
1544 http cache brace-expansion@https://registry.npmjs.org/brace-expansion/-/brace-expansion-2.1.1.tgz 0ms (cache hit)
1545 http cache debug@https://registry.npmjs.org/debug/-/debug-2.6.9.tgz 0ms (cache hit)
1546 http cache internmap@https://registry.npmjs.org/internmap/-/internmap-1.0.1.tgz 0ms (cache hit)
1547 http cache mimic-response@https://registry.npmjs.org/mimic-response/-/mimic-response-3.1.0.tgz 0ms (cache hit)
1548 http cache minimatch@https://registry.npmjs.org/minimatch/-/minimatch-9.0.9.tgz 0ms (cache hit)
1549 http cache d3-shape@https://registry.npmjs.org/d3-shape/-/d3-shape-1.3.7.tgz 0ms (cache hit)
1550 http cache d3-path@https://registry.npmjs.org/d3-path/-/d3-path-1.0.9.tgz 0ms (cache hit)
1551 http cache is-obj@https://registry.npmjs.org/is-obj/-/is-obj-2.0.0.tgz 0ms (cache hit)
1552 http cache cose-base@https://registry.npmjs.org/cose-base/-/cose-base-2.2.0.tgz 0ms (cache hit)
1553 http cache commander@https://registry.npmjs.org/commander/-/commander-7.2.0.tgz 0ms (cache hit)
1554 http cache iconv-lite@https://registry.npmjs.org/iconv-lite/-/iconv-lite-0.6.3.tgz 0ms (cache hit)
1555 http cache layout-base@https://registry.npmjs.org/layout-base/-/layout-base-2.0.1.tgz 0ms (cache hit)
1556 http cache d3-array@https://registry.npmjs.org/d3-array/-/d3-array-2.12.1.tgz 0ms (cache hit)
1557 http cache mdn-data@https://registry.npmjs.org/mdn-data/-/mdn-data-2.0.28.tgz 0ms (cache hit)
1558 http cache @csstools/selector-specificity@https://registry.npmjs.org/@csstools/selector-specificity/-/selector-specificity-5.0.0.tgz 0ms (cache hit)
1559 http cache type-fest@https://registry.npmjs.org/type-fest/-/type-fest-1.4.0.tgz 0ms (cache hit)
1560 http cache postcss-selector-parser@https://registry.npmjs.org/postcss-selector-parser/-/postcss-selector-parser-7.1.1.tgz 0ms (cache hit)
1561 http cache postcss-selector-parser@https://registry.npmjs.org/postcss-selector-parser/-/postcss-selector-parser-7.1.1.tgz 0ms (cache hit)
1562 http cache glob-parent@https://registry.npmjs.org/glob-parent/-/glob-parent-6.0.2.tgz 0ms (cache hit)
1563 http cache css-tree@https://registry.npmjs.org/css-tree/-/css-tree-2.2.1.tgz 0ms (cache hit)
1564 http cache ini@https://registry.npmjs.org/ini/-/ini-1.3.8.tgz 0ms (cache hit)
1565 http cache slash@https://registry.npmjs.org/slash/-/slash-4.0.0.tgz 0ms (cache hit)
1566 http cache ms@https://registry.npmjs.org/ms/-/ms-2.0.0.tgz 0ms (cache hit)
1567 http cache debug@https://registry.npmjs.org/debug/-/debug-2.6.9.tgz 0ms (cache hit)
1568 http cache source-map@https://registry.npmjs.org/source-map/-/source-map-0.6.1.tgz 0ms (cache hit)
1569 http cache emoji-regex@https://registry.npmjs.org/emoji-regex/-/emoji-regex-8.0.0.tgz 0ms (cache hit)
1570 http cache globby@https://registry.npmjs.org/globby/-/globby-13.2.2.tgz 0ms (cache hit)
1571 http cache mime-db@https://registry.npmjs.org/mime-db/-/mime-db-1.54.0.tgz 0ms (cache hit)
1572 http cache ms@https://registry.npmjs.org/ms/-/ms-2.0.0.tgz 0ms (cache hit)
1573 http cache debug@https://registry.npmjs.org/debug/-/debug-2.6.9.tgz 0ms (cache hit)
1574 http cache bytes@https://registry.npmjs.org/bytes/-/bytes-3.1.2.tgz 0ms (cache hit)
1575 http cache semver@https://registry.npmjs.org/semver/-/semver-6.3.1.tgz 0ms (cache hit)
1576 http cache bytes@https://registry.npmjs.org/bytes/-/bytes-3.1.2.tgz 0ms (cache hit)
1577 http cache emoji-regex@https://registry.npmjs.org/emoji-regex/-/emoji-regex-8.0.0.tgz 0ms (cache hit)
1578 http cache string-width@https://registry.npmjs.org/string-width/-/string-width-4.2.3.tgz 0ms (cache hit)
1579 http cache string-width@https://registry.npmjs.org/string-width/-/string-width-4.2.3.tgz 0ms (cache hit)
1580 http cache mime-types@https://registry.npmjs.org/mime-types/-/mime-types-2.1.35.tgz 0ms (cache hit)
1581 http cache regjsparser@https://registry.npmjs.org/regjsparser/-/regjsparser-0.7.0.tgz 0ms (cache hit)
1582 http cache graceful-fs@https://registry.npmjs.org/graceful-fs/-/graceful-fs-4.2.10.tgz 0ms (cache hit)
1583 http cache supports-color@https://registry.npmjs.org/supports-color/-/supports-color-5.5.0.tgz 0ms (cache hit)
1584 http cache negotiator@https://registry.npmjs.org/negotiator/-/negotiator-0.6.3.tgz 0ms (cache hit)
1585 http cache regjsgen@https://registry.npmjs.org/regjsgen/-/regjsgen-0.5.2.tgz 0ms (cache hit)
1586 http cache regexpu-core@https://registry.npmjs.org/regexpu-core/-/regexpu-core-4.8.0.tgz 0ms (cache hit)
1587 http cache mime-db@https://registry.npmjs.org/mime-db/-/mime-db-1.52.0.tgz 0ms (cache hit)
1588 http cache jsesc@https://registry.npmjs.org/jsesc/-/jsesc-0.5.0.tgz 0ms (cache hit)
1589 http cache escape-string-regexp@https://registry.npmjs.org/escape-string-regexp/-/escape-string-regexp-1.0.5.tgz 0ms (cache hit)
1590 http cache has-flag@https://registry.npmjs.org/has-flag/-/has-flag-3.0.0.tgz 0ms (cache hit)
1591 http cache color-name@https://registry.npmjs.org/color-name/-/color-name-1.1.3.tgz 0ms (cache hit)
1592 http cache color-convert@https://registry.npmjs.org/color-convert/-/color-convert-1.9.3.tgz 0ms (cache hit)
1593 http cache chalk@https://registry.npmjs.org/chalk/-/chalk-2.4.2.tgz 0ms (cache hit)
1594 http cache regenerate-unicode-properties@https://registry.npmjs.org/regenerate-unicode-properties/-/regenerate-unicode-properties-9.0.0.tgz 0ms (cache hit)
1595 http cache acorn@https://registry.npmjs.org/acorn/-/acorn-6.4.2.tgz 0ms (cache hit)
1596 http cache ansi-styles@https://registry.npmjs.org/ansi-styles/-/ansi-styles-3.2.1.tgz 0ms (cache hit)
1597 http cache acorn-dynamic-import@https://registry.npmjs.org/acorn-dynamic-import/-/acorn-dynamic-import-4.0.0.tgz 0ms (cache hit)
1598 http cache acorn-class-fields@https://registry.npmjs.org/acorn-class-fields/-/acorn-class-fields-0.2.1.tgz 0ms (cache hit)
1599 http cache @types/send@https://registry.npmjs.org/@types/send/-/send-0.17.6.tgz 0ms (cache hit)
1600 http cache @napi-rs/wasm-runtime@https://registry.npmjs.org/@napi-rs/wasm-runtime/-/wasm-runtime-0.2.12.tgz 0ms (cache hit)
1601 http cache @jsonjoy.com/buffers@https://registry.npmjs.org/@jsonjoy.com/buffers/-/buffers-1.2.1.tgz 0ms (cache hit)
1602 http cache @jsonjoy.com/json-pointer@https://registry.npmjs.org/@jsonjoy.com/json-pointer/-/json-pointer-17.67.0.tgz 0ms (cache hit)
1603 http cache @jsonjoy.com/codegen@https://registry.npmjs.org/@jsonjoy.com/codegen/-/codegen-17.67.0.tgz 0ms (cache hit)
1604 http cache @jsonjoy.com/base64@https://registry.npmjs.org/@jsonjoy.com/base64/-/base64-17.67.0.tgz 0ms (cache hit)
1605 http cache @jsonjoy.com/json-pack@https://registry.npmjs.org/@jsonjoy.com/json-pack/-/json-pack-17.67.0.tgz 0ms (cache hit)
1606 http cache @jsonjoy.com/buffers@https://registry.npmjs.org/@jsonjoy.com/buffers/-/buffers-1.2.1.tgz 0ms (cache hit)
1607 http cache @jsonjoy.com/util@https://registry.npmjs.org/@jsonjoy.com/util/-/util-17.67.0.tgz 0ms (cache hit)
1608 http cache htmlparser2@https://registry.npmjs.org/htmlparser2/-/htmlparser2-10.1.0.tgz 0ms (cache hit)
1609 http cache cheerio@https://registry.npmjs.org/cheerio/-/cheerio-1.2.0.tgz 0ms (cache hit)
1610 http cache fs-extra@https://registry.npmjs.org/fs-extra/-/fs-extra-10.1.0.tgz 0ms (cache hit)
1611 http cache @algolia/autocomplete-shared@https://registry.npmjs.org/@algolia/autocomplete-shared/-/autocomplete-shared-1.19.2.tgz 0ms (cache hit)
1612 http cache webpack-merge@https://registry.npmjs.org/webpack-merge/-/webpack-merge-5.10.0.tgz 0ms (cache hit)
1613 http cache @algolia/autocomplete-core@https://registry.npmjs.org/@algolia/autocomplete-core/-/autocomplete-core-1.19.2.tgz 0ms (cache hit)
1614 http cache postcss-selector-parser@https://registry.npmjs.org/postcss-selector-parser/-/postcss-selector-parser-7.1.1.tgz 0ms (cache hit)
1615 http cache entities@https://registry.npmjs.org/entities/-/entities-7.0.1.tgz 0ms (cache hit)
1616 http cache postcss-selector-parser@https://registry.npmjs.org/postcss-selector-parser/-/postcss-selector-parser-7.1.1.tgz 0ms (cache hit)
1617 http cache @csstools/selector-specificity@https://registry.npmjs.org/@csstools/selector-specificity/-/selector-specificity-5.0.0.tgz 0ms (cache hit)
1618 http cache semver@https://registry.npmjs.org/semver/-/semver-6.3.1.tgz 0ms (cache hit)
1619 http cache @algolia/autocomplete-plugin-algolia-insights@https://registry.npmjs.org/@algolia/autocomplete-plugin-algolia-insights/-/autocomplete-plugin-algolia-insights-1.19.2.tgz 0ms (cache hit)
1620 http cache semver@https://registry.npmjs.org/semver/-/semver-6.3.1.tgz 0ms (cache hit)
1621 http cache babel-plugin-polyfill-corejs3@https://registry.npmjs.org/babel-plugin-polyfill-corejs3/-/babel-plugin-polyfill-corejs3-0.14.2.tgz 0ms (cache hit)
1622 http cache postcss-selector-parser@https://registry.npmjs.org/postcss-selector-parser/-/postcss-selector-parser-7.1.1.tgz 0ms (cache hit)
1623 http cache semver@https://registry.npmjs.org/semver/-/semver-6.3.1.tgz 0ms (cache hit)
1624 http cache @csstools/selector-specificity@https://registry.npmjs.org/@csstools/selector-specificity/-/selector-specificity-5.0.0.tgz 0ms (cache hit)
1625 http cache semver@https://registry.npmjs.org/semver/-/semver-6.3.1.tgz 0ms (cache hit)
1626 http cache semver@https://registry.npmjs.org/semver/-/semver-6.3.1.tgz 0ms (cache hit)
1627 http cache semver@https://registry.npmjs.org/semver/-/semver-6.3.1.tgz 0ms (cache hit)
1628 warn deprecated whatwg-encoding@3.1.1: Use @exodus/bytes instead for a more spec-conformant and faster implementation
1629 warn deprecated acorn-dynamic-import@4.0.0: This is probably built in to whatever tool you're using. If you still need it... idk
1630 warn deprecated sourcemap-codec@1.4.8: Please use @jridgewell/sourcemap-codec instead
1631 http fetch POST 200 https://registry.npmjs.org/-/npm/v1/security/advisories/bulk 1656ms
1632 silly audit report {
1632 silly audit report   dompurify: [
1632 silly audit report     {
1632 silly audit report       id: 1120805,
1632 silly audit report       url: 'https://github.com/advisories/GHSA-vxr8-fq34-vvx9',
1632 silly audit report       title: 'DOMPurify: Trusted Types policy survives `clearConfig()` and can poison later `RETURN_TRUSTED_TYPE` output',
1632 silly audit report       severity: 'low',
1632 silly audit report       vulnerable_versions: '<3.4.9',
1632 silly audit report       cwe: [Array],
1632 silly audit report       cvss: [Object]
1632 silly audit report     },
1632 silly audit report     {
1632 silly audit report       id: 1120812,
1632 silly audit report       url: 'https://github.com/advisories/GHSA-gvmj-g25r-r7wr',
1632 silly audit report       title: 'DOMPurify: SAFE_FOR_TEMPLATES bypass - template expressions survive sanitization inside <template> content when using DOM output modes',
1632 silly audit report       severity: 'low',
1632 silly audit report       vulnerable_versions: '>=3.0.0 <=3.4.7',
1632 silly audit report       cwe: [Array],
1632 silly audit report       cvss: [Object]
1632 silly audit report     },
1632 silly audit report     {
1632 silly audit report       id: 1121192,
1632 silly audit report       url: 'https://github.com/advisories/GHSA-cmwh-pvxp-8882',
1632 silly audit report       title: 'DOMPurify: Permanent `ALLOWED_ATTR` pollution via `setConfig()` bypassing the hook clone-guard (incomplete fix of the 3.4.7 hook-pollution patch)',
1632 silly audit report       severity: 'moderate',
1632 silly audit report       vulnerable_versions: '<=3.4.10',
1632 silly audit report       cwe: [Array],
1632 silly audit report       cvss: [Object]
1632 silly audit report     }
1632 silly audit report   ],
1632 silly audit report   'js-yaml': [
1632 silly audit report     {
1632 silly audit report       id: 1121859,
1632 silly audit report       url: 'https://github.com/advisories/GHSA-h67p-54hq-rp68',
1632 silly audit report       title: 'JS-YAML: Quadratic-complexity DoS in merge key handling via repeated aliases',
1632 silly audit report       severity: 'moderate',
1632 silly audit report       vulnerable_versions: '<3.15.0',
1632 silly audit report       cwe: [Array],
1632 silly audit report       cvss: [Object]
1632 silly audit report     }
1632 silly audit report   ],
1632 silly audit report   'http-proxy-middleware': [
1632 silly audit report     {
1632 silly audit report       id: 1121360,
1632 silly audit report       url: 'https://github.com/advisories/GHSA-64mm-vxmg-q3vj',
1632 silly audit report       title: 'http-proxy-middleware `router` host+path substring matching allows Host-header-driven backend routing bypass',
1632 silly audit report       severity: 'moderate',
1632 silly audit report       vulnerable_versions: '>=0.16.0 <2.0.10',
1632 silly audit report       cwe: [Array],
1632 silly audit report       cvss: [Object]
1632 silly audit report     }
1632 silly audit report   ],
1632 silly audit report   joi: [
1632 silly audit report     {
1632 silly audit report       id: 1120656,
1632 silly audit report       url: 'https://github.com/advisories/GHSA-q7cg-457f-vx79',
1632 silly audit report       title: 'joi has an uncaught RangeError on deeply nested input through recursive `link()` schemas',
1632 silly audit report       severity: 'moderate',
1632 silly audit report       vulnerable_versions: '<17.13.4',
1632 silly audit report       cwe: [Array],
1632 silly audit report       cvss: [Object]
1632 silly audit report     }
1632 silly audit report   ],
1632 silly audit report   'launch-editor': [
1632 silly audit report     {
1632 silly audit report       id: 1120787,
1632 silly audit report       url: 'https://github.com/advisories/GHSA-v6wh-96g9-6wx3',
1632 silly audit report       title: 'launch-editor: NTLMv2 hash disclosure via UNC path handling on Windows',
1632 silly audit report       severity: 'moderate',
1632 silly audit report       vulnerable_versions: '<=2.14.0',
1632 silly audit report       cwe: [Array],
1632 silly audit report       cvss: [Object]
1632 silly audit report     }
1632 silly audit report   ],
1632 silly audit report   uuid: [
1632 silly audit report     {
1632 silly audit report       id: 1119441,
1632 silly audit report       url: 'https://github.com/advisories/GHSA-w5hq-g745-h8pq',
1632 silly audit report       title: 'uuid: Missing buffer bounds check in v3/v5/v6 when buf is provided',
1632 silly audit report       severity: 'moderate',
1632 silly audit report       vulnerable_versions: '<11.1.1',
1632 silly audit report       cwe: [Array],
1632 silly audit report       cvss: [Object]
1632 silly audit report     }
1632 silly audit report   ],
1632 silly audit report   'serialize-javascript': [
1632 silly audit report     {
1632 silly audit report       id: 1119440,
1632 silly audit report       url: 'https://github.com/advisories/GHSA-qj8w-gfj5-8c6v',
1632 silly audit report       title: 'Serialize JavaScript has CPU Exhaustion Denial of Service via crafted array-like objects',
1632 silly audit report       severity: 'moderate',
1632 silly audit report       vulnerable_versions: '>=5.0.0 <7.0.5',
1632 silly audit report       cwe: [Array],
1632 silly audit report       cvss: [Object]
1632 silly audit report     },
1632 silly audit report     {
1632 silly audit report       id: 1113686,
1632 silly audit report       url: 'https://github.com/advisories/GHSA-5c6j-r48x-rmvq',
1632 silly audit report       title: 'Serialize JavaScript is Vulnerable to RCE via RegExp.flags and Date.prototype.toISOString()',
1632 silly audit report       severity: 'high',
1632 silly audit report       vulnerable_versions: '<=7.0.2',
1632 silly audit report       cwe: [Array],
1632 silly audit report       cvss: [Object]
1632 silly audit report     }
1632 silly audit report   ],
1632 silly audit report   undici: [
1632 silly audit report     {
1632 silly audit report       id: 1121187,
1632 silly audit report       url: 'https://github.com/advisories/GHSA-vmh5-mc38-953g',
1632 silly audit report       title: 'undici vulnerable to TLS certificate validation bypass via dropped requestTls in SOCKS5 ProxyAgent',
1632 silly audit report       severity: 'high',
1632 silly audit report       vulnerable_versions: '>=7.23.0 <7.28.0',
1632 silly audit report       cwe: [Array],
1632 silly audit report       cvss: [Object]
1632 silly audit report     },
1632 silly audit report     {
1632 silly audit report       id: 1121241,
1632 silly audit report       url: 'https://github.com/advisories/GHSA-p88m-4jfj-68fv',
1632 silly audit report       title: 'undici vulnerable to HTTP header injection via Set-Cookie percent-decoding',
1632 silly audit report       severity: 'moderate',
1632 silly audit report       vulnerable_versions: '>=7.0.0 <7.28.0',
1632 silly audit report       cwe: [Array],
1632 silly audit report       cvss: [Object]
1632 silly audit report     },
1632 silly audit report     {
1632 silly audit report       id: 1121244,
1632 silly audit report       url: 'https://github.com/advisories/GHSA-vxpw-j846-p89q',
1632 silly audit report       title: 'undici WebSocket client vulnerable to denial of service via fragment count bypass',
1632 silly audit report       severity: 'high',
1632 silly audit report       vulnerable_versions: '>=7.0.0 <7.28.0',
1632 silly audit report       cwe: [Array],
1632 silly audit report       cvss: [Object]
1632 silly audit report     },
1632 silly audit report     {
1632 silly audit report       id: 1121247,
1632 silly audit report       url: 'https://github.com/advisories/GHSA-hm92-r4w5-c3mj',
1632 silly audit report       title: 'undici vulnerable to cross-origin request routing via SOCKS5 proxy pool reuse',
1632 silly audit report       severity: 'high',
1632 silly audit report       vulnerable_versions: '>=7.23.0 <7.28.0',
1632 silly audit report       cwe: [Array],
1632 silly audit report       cvss: [Object]
1632 silly audit report     },
1632 silly audit report     {
1632 silly audit report       id: 1121249,
1632 silly audit report       url: 'https://github.com/advisories/GHSA-35p6-xmwp-9g52',
1632 silly audit report       title: 'undici vulnerable to HTTP response queue poisoning via keep-alive socket reuse',
1632 silly audit report       severity: 'low',
1632 silly audit report       vulnerable_versions: '>=7.0.0 <7.28.0',
1632 silly audit report       cwe: [Array],
1632 silly audit report       cvss: [Object]
1632 silly audit report     },
1632 silly audit report     {
1632 silly audit report       id: 1121254,
1632 silly audit report       url: 'https://github.com/advisories/GHSA-g8m3-5g58-fq7m',
1632 silly audit report       title: 'undici vulnerable to Set-Cookie SameSite attribute downgrade via permissive substring matching',
1632 silly audit report       severity: 'low',
1632 silly audit report       vulnerable_versions: '>=7.0.0 <7.28.0',
1632 silly audit report       cwe: [Array],
1632 silly audit report       cvss: [Object]
1632 silly audit report     },
1632 silly audit report     {
1632 silly audit report       id: 1121428,
1632 silly audit report       url: 'https://github.com/advisories/GHSA-pr7r-676h-xcf6',
1632 silly audit report       title: 'undici vulnerable to cross-user information disclosure via shared cache whitespace bypass',
1632 silly audit report       severity: 'moderate',
1632 silly audit report       vulnerable_versions: '>=7.0.0 <7.28.0',
1632 silly audit report       cwe: [Array],
1632 silly audit report       cvss: [Object]
1632 silly audit report     }
1632 silly audit report   ],
1632 silly audit report   'webpack-dev-server': [
1632 silly audit report     {
1632 silly audit report       id: 1121087,
1632 silly audit report       url: 'https://github.com/advisories/GHSA-mx8g-39q3-5c79',
1632 silly audit report       title: 'webpack-dev-server vulnerable to HMR WebSocket interception via permissive user proxies',
1632 silly audit report       severity: 'moderate',
1632 silly audit report       vulnerable_versions: '<5.2.5',
1632 silly audit report       cwe: [Array],
1632 silly audit report       cvss: [Object]
1632 silly audit report     }
1632 silly audit report   ]
1632 silly audit report }
1633 silly packumentCache corgi:https://registry.npmjs.org/dompurify cache-miss
1634 silly packumentCache corgi:https://registry.npmjs.org/js-yaml cache-miss
1635 silly packumentCache corgi:https://registry.npmjs.org/http-proxy-middleware cache-miss
1636 silly packumentCache corgi:https://registry.npmjs.org/joi cache-miss
1637 silly packumentCache corgi:https://registry.npmjs.org/launch-editor cache-miss
1638 silly packumentCache corgi:https://registry.npmjs.org/uuid cache-miss
1639 silly packumentCache corgi:https://registry.npmjs.org/serialize-javascript cache-miss
1640 silly packumentCache corgi:https://registry.npmjs.org/undici cache-miss
1641 silly packumentCache corgi:https://registry.npmjs.org/webpack-dev-server cache-miss
1642 http fetch GET 200 https://registry.npmjs.org/http-proxy-middleware 157ms (cache stale)
1643 silly packumentCache corgi:https://registry.npmjs.org/http-proxy-middleware set size:172463 disposed:false
1644 http fetch GET 200 https://registry.npmjs.org/js-yaml 160ms (cache stale)
1645 silly packumentCache corgi:https://registry.npmjs.org/js-yaml set size:65913 disposed:false
1646 http fetch GET 200 https://registry.npmjs.org/launch-editor 160ms (cache stale)
1647 silly packumentCache corgi:https://registry.npmjs.org/launch-editor set size:17525 disposed:false
1648 http fetch GET 200 https://registry.npmjs.org/joi 160ms (cache stale)
1649 silly packumentCache corgi:https://registry.npmjs.org/joi set size:268697 disposed:false
1650 http fetch GET 200 https://registry.npmjs.org/serialize-javascript 162ms (cache stale)
1651 silly packumentCache corgi:https://registry.npmjs.org/serialize-javascript set size:37694 disposed:false
1652 http fetch GET 200 https://registry.npmjs.org/dompurify 163ms (cache stale)
1653 silly packumentCache corgi:https://registry.npmjs.org/dompurify set size:255054 disposed:false
1654 http fetch GET 200 https://registry.npmjs.org/uuid 164ms (cache stale)
1655 silly packumentCache corgi:https://registry.npmjs.org/uuid set size:82973 disposed:false
1656 http fetch GET 200 https://registry.npmjs.org/webpack-dev-server 164ms (cache stale)
1657 silly packumentCache corgi:https://registry.npmjs.org/webpack-dev-server set size:471651 disposed:false
1658 http fetch GET 200 https://registry.npmjs.org/undici 167ms (cache stale)
1659 silly packumentCache corgi:https://registry.npmjs.org/undici set size:448766 disposed:false
1660 silly packumentCache corgi:https://registry.npmjs.org/mermaid cache-miss
1661 http fetch GET 200 https://registry.npmjs.org/mermaid 101ms (cache stale)
1662 silly packumentCache corgi:https://registry.npmjs.org/mermaid set size:564689 disposed:false
1663 silly packumentCache corgi:https://registry.npmjs.org/gray-matter cache-miss
1664 http fetch GET 200 https://registry.npmjs.org/gray-matter 76ms (cache stale)
1665 silly packumentCache corgi:https://registry.npmjs.org/gray-matter set size:48511 disposed:false
1666 silly packumentCache corgi:https://registry.npmjs.org/@docusaurus%2ftypes cache-miss
1667 silly packumentCache corgi:https://registry.npmjs.org/@docusaurus%2futils-validation cache-miss
1668 http fetch GET 200 https://registry.npmjs.org/@docusaurus%2futils-validation 66ms (cache stale)
1669 silly packumentCache corgi:https://registry.npmjs.org/@docusaurus%2futils-validation set size:2847143 disposed:false
1670 http fetch GET 200 https://registry.npmjs.org/@docusaurus%2ftypes 78ms (cache stale)
1671 silly packumentCache corgi:https://registry.npmjs.org/@docusaurus%2ftypes set size:2896567 disposed:false
1672 silly packumentCache corgi:https://registry.npmjs.org/sockjs cache-miss
1673 http fetch GET 200 https://registry.npmjs.org/sockjs 63ms (cache stale)
1674 silly packumentCache corgi:https://registry.npmjs.org/sockjs set size:25891 disposed:false
1675 silly packumentCache corgi:https://registry.npmjs.org/copy-webpack-plugin cache-miss
1676 silly packumentCache corgi:https://registry.npmjs.org/css-minimizer-webpack-plugin cache-miss
1677 http fetch GET 200 https://registry.npmjs.org/css-minimizer-webpack-plugin 56ms (cache stale)
1678 silly packumentCache corgi:https://registry.npmjs.org/css-minimizer-webpack-plugin set size:92918 disposed:false
1679 http fetch GET 200 https://registry.npmjs.org/copy-webpack-plugin 57ms (cache stale)
1680 silly packumentCache corgi:https://registry.npmjs.org/copy-webpack-plugin set size:140312 disposed:false
1681 silly packumentCache corgi:https://registry.npmjs.org/cheerio cache-miss
1682 http fetch GET 200 https://registry.npmjs.org/cheerio 47ms (cache stale)
1683 silly packumentCache corgi:https://registry.npmjs.org/cheerio set size:70560 disposed:false
1684 silly packumentCache corgi:https://registry.npmjs.org/@docusaurus%2fcore cache-miss
1685 http fetch GET 200 https://registry.npmjs.org/@docusaurus%2fcore 41ms (cache stale)
1686 silly packumentCache corgi:https://registry.npmjs.org/@docusaurus%2fcore set size:7639234 disposed:false
1687 silly packumentCache corgi:https://registry.npmjs.org/@docusaurus%2fbundler cache-miss
1688 http fetch GET 200 https://registry.npmjs.org/@docusaurus%2fbundler 30ms (cache stale)
1689 silly packumentCache corgi:https://registry.npmjs.org/@docusaurus%2fbundler set size:518441 disposed:false
1690 silly packumentCache corgi:https://registry.npmjs.org/@docusaurus%2fplugin-client-redirects cache-miss
1691 silly packumentCache corgi:https://registry.npmjs.org/@docusaurus%2fplugin-content-blog cache-miss
1692 silly packumentCache corgi:https://registry.npmjs.org/@docusaurus%2fplugin-content-docs cache-miss
1693 silly packumentCache corgi:https://registry.npmjs.org/@docusaurus%2fplugin-content-pages cache-miss
1694 silly packumentCache corgi:https://registry.npmjs.org/@docusaurus%2fplugin-css-cascade-layers cache-miss
1695 silly packumentCache corgi:https://registry.npmjs.org/@docusaurus%2fplugin-debug cache-miss
1696 silly packumentCache corgi:https://registry.npmjs.org/@docusaurus%2fplugin-google-analytics cache-miss
1697 silly packumentCache corgi:https://registry.npmjs.org/@docusaurus%2fplugin-google-gtag cache-miss
1698 silly packumentCache corgi:https://registry.npmjs.org/@docusaurus%2fplugin-google-tag-manager cache-miss
1699 silly packumentCache corgi:https://registry.npmjs.org/@docusaurus%2fplugin-sitemap cache-miss
1700 silly packumentCache corgi:https://registry.npmjs.org/@docusaurus%2fplugin-svgr cache-miss
1701 silly packumentCache corgi:https://registry.npmjs.org/@docusaurus%2fpreset-classic cache-miss
1702 silly packumentCache corgi:https://registry.npmjs.org/@docusaurus%2ftheme-classic cache-miss
1703 silly packumentCache corgi:https://registry.npmjs.org/@docusaurus%2ftheme-live-codeblock cache-miss
1704 silly packumentCache corgi:https://registry.npmjs.org/@docusaurus%2ftheme-mermaid cache-miss
1705 silly packumentCache corgi:https://registry.npmjs.org/@docusaurus%2ftheme-search-algolia cache-miss
1706 silly packumentCache corgi:https://registry.npmjs.org/docusaurus-plugin-llms cache-miss
1707 http fetch GET 200 https://registry.npmjs.org/@docusaurus%2fplugin-content-pages 46ms (cache stale)
1708 silly packumentCache corgi:https://registry.npmjs.org/@docusaurus%2fplugin-content-pages set size:3438136 disposed:false
1709 http fetch GET 200 https://registry.npmjs.org/@docusaurus%2fplugin-sitemap 65ms (cache stale)
1710 silly packumentCache corgi:https://registry.npmjs.org/@docusaurus%2fplugin-sitemap set size:3362092 disposed:false
1711 http fetch GET 200 https://registry.npmjs.org/@docusaurus%2fplugin-client-redirects 91ms (cache stale)
1712 silly packumentCache corgi:https://registry.npmjs.org/@docusaurus%2fplugin-client-redirects set size:3413206 disposed:false
1713 http fetch GET 200 https://registry.npmjs.org/@docusaurus%2fplugin-debug 102ms (cache stale)
1714 silly packumentCache corgi:https://registry.npmjs.org/@docusaurus%2fplugin-debug set size:3063232 disposed:false
1715 http fetch GET 200 https://registry.npmjs.org/@docusaurus%2fplugin-svgr 112ms (cache stale)
1716 silly packumentCache corgi:https://registry.npmjs.org/@docusaurus%2fplugin-svgr set size:285033 disposed:false
1717 http fetch GET 200 https://registry.npmjs.org/@docusaurus%2fplugin-content-docs 116ms (cache stale)
1718 silly packumentCache corgi:https://registry.npmjs.org/@docusaurus%2fplugin-content-docs set size:4228554 disposed:false
1719 http fetch GET 200 https://registry.npmjs.org/@docusaurus%2ftheme-live-codeblock 132ms (cache stale)
1720 silly packumentCache corgi:https://registry.npmjs.org/@docusaurus%2ftheme-live-codeblock set size:3452761 disposed:false
1721 http fetch GET 200 https://registry.npmjs.org/@docusaurus%2fplugin-css-cascade-layers 147ms (cache stale)
1722 silly packumentCache corgi:https://registry.npmjs.org/@docusaurus%2fplugin-css-cascade-layers set size:162440 disposed:false
1723 http fetch GET 200 https://registry.npmjs.org/@docusaurus%2fplugin-google-analytics 148ms (cache stale)
1724 silly packumentCache corgi:https://registry.npmjs.org/@docusaurus%2fplugin-google-analytics set size:3042947 disposed:false
1725 http fetch GET 200 https://registry.npmjs.org/@docusaurus%2ftheme-mermaid 158ms (cache stale)
1726 silly packumentCache corgi:https://registry.npmjs.org/@docusaurus%2ftheme-mermaid set size:865609 disposed:false
1727 http fetch GET 200 https://registry.npmjs.org/@docusaurus%2fplugin-google-gtag 163ms (cache stale)
1728 silly packumentCache corgi:https://registry.npmjs.org/@docusaurus%2fplugin-google-gtag set size:3046173 disposed:false
1729 http fetch GET 200 https://registry.npmjs.org/@docusaurus%2fplugin-content-blog 176ms (cache stale)
1730 silly packumentCache corgi:https://registry.npmjs.org/@docusaurus%2fplugin-content-blog set size:3902232 disposed:false
1731 http fetch GET 200 https://registry.npmjs.org/@docusaurus%2fplugin-google-tag-manager 188ms (cache stale)
1732 silly packumentCache corgi:https://registry.npmjs.org/@docusaurus%2fplugin-google-tag-manager set size:665964 disposed:false
1733 http fetch GET 200 https://registry.npmjs.org/docusaurus-plugin-llms 190ms (cache stale)
1734 silly packumentCache corgi:https://registry.npmjs.org/docusaurus-plugin-llms set size:9317 disposed:false
1735 http fetch GET 200 https://registry.npmjs.org/@docusaurus%2fpreset-classic 199ms (cache stale)
1736 silly packumentCache corgi:https://registry.npmjs.org/@docusaurus%2fpreset-classic set size:3903506 disposed:false
1737 http fetch GET 200 https://registry.npmjs.org/@docusaurus%2ftheme-search-algolia 213ms (cache stale)
1738 silly packumentCache corgi:https://registry.npmjs.org/@docusaurus%2ftheme-search-algolia set size:3792877 disposed:false
1739 http fetch GET 200 https://registry.npmjs.org/@docusaurus%2ftheme-classic 229ms (cache stale)
1740 silly packumentCache corgi:https://registry.npmjs.org/@docusaurus%2ftheme-classic set size:4762693 disposed:false
1741 warn deprecated uuid@8.3.2: uuid@10 and below is no longer supported.  For ESM codebases, update to uuid@latest.  For CommonJS codebases, use uuid@11 (but be aware this version will likely be deprecated in 2028).
1742 silly packumentCache corgi:https://registry.npmjs.org/@docusaurus%2ftheme-common cache-miss
1743 silly packumentCache corgi:https://registry.npmjs.org/@easyops-cn%2fdocusaurus-search-local cache-miss
1744 http fetch GET 200 https://registry.npmjs.org/@easyops-cn%2fdocusaurus-search-local 48ms (cache stale)
1745 silly packumentCache corgi:https://registry.npmjs.org/@easyops-cn%2fdocusaurus-search-local set size:319128 disposed:false
1746 http fetch GET 200 https://registry.npmjs.org/@docusaurus%2ftheme-common 56ms (cache stale)
1747 silly packumentCache corgi:https://registry.npmjs.org/@docusaurus%2ftheme-common set size:3693661 disposed:false
1748 silly ADD node_modules/zwitch
1749 silly ADD node_modules/yocto-queue
1750 silly ADD node_modules/yaml
1751 silly ADD node_modules/yallist
1752 silly ADD node_modules/xml-js
1753 silly ADD node_modules/xdg-basedir
1754 silly ADD node_modules/wsl-utils
1755 silly ADD node_modules/wsl-utils/node_modules/is-wsl
1756 silly ADD node_modules/ws
1757 silly ADD node_modules/write-file-atomic
1758 silly ADD node_modules/wrap-ansi
1759 silly ADD node_modules/wrap-ansi/node_modules/strip-ansi
1760 silly ADD node_modules/wrap-ansi/node_modules/ansi-styles
1761 silly ADD node_modules/wrap-ansi/node_modules/ansi-regex
1762 silly ADD node_modules/wildcard
1763 silly ADD node_modules/widest-line
1764 silly ADD node_modules/which
1765 silly ADD node_modules/whatwg-mimetype
1766 silly ADD node_modules/whatwg-encoding
1767 silly ADD node_modules/whatwg-encoding/node_modules/iconv-lite
1768 silly ADD node_modules/websocket-extensions
1769 silly ADD node_modules/websocket-driver
1770 silly ADD node_modules/webpackbar
1771 silly ADD node_modules/webpack-sources
1772 silly ADD node_modules/webpack-merge
1773 silly ADD node_modules/webpack-dev-server
1774 silly ADD node_modules/webpack-dev-server/node_modules/ws
1775 silly ADD node_modules/webpack-dev-server/node_modules/open
1776 silly ADD node_modules/webpack-dev-server/node_modules/define-lazy-prop
1777 silly ADD node_modules/webpack-dev-middleware
1778 silly ADD node_modules/webpack-dev-middleware/node_modules/range-parser
1779 silly ADD node_modules/webpack-dev-middleware/node_modules/mime-types
1780 silly ADD node_modules/webpack-dev-middleware/node_modules/mime-db
1781 silly ADD node_modules/webpack-bundle-analyzer
1782 silly ADD node_modules/webpack-bundle-analyzer/node_modules/commander
1783 silly ADD node_modules/webpack
1784 silly ADD node_modules/webpack/node_modules/mime-db
1785 silly ADD node_modules/web-namespaces
1786 silly ADD node_modules/wbuf
1787 silly ADD node_modules/watchpack
1788 silly ADD node_modules/vfile-message
1789 silly ADD node_modules/vfile-location
1790 silly ADD node_modules/vfile
1791 silly ADD node_modules/vary
1792 silly ADD node_modules/value-equal
1793 silly ADD node_modules/uuid
1794 silly ADD node_modules/utils-merge
1795 silly ADD node_modules/utility-types
1796 silly ADD node_modules/utila
1797 silly ADD node_modules/util-deprecate
1798 silly ADD node_modules/use-editable
1799 silly ADD node_modules/url-loader
1800 silly ADD node_modules/url-loader/node_modules/schema-utils
1801 silly ADD node_modules/url-loader/node_modules/mime-types
1802 silly ADD node_modules/url-loader/node_modules/mime-db
1803 silly ADD node_modules/url-loader/node_modules/json-schema-traverse
1804 silly ADD node_modules/url-loader/node_modules/ajv-keywords
1805 silly ADD node_modules/url-loader/node_modules/ajv
1806 silly ADD node_modules/uri-js
1807 silly ADD node_modules/update-notifier
1808 silly ADD node_modules/update-notifier/node_modules/chalk
1809 silly ADD node_modules/update-notifier/node_modules/camelcase
1810 silly ADD node_modules/update-notifier/node_modules/boxen
1811 silly ADD node_modules/update-browserslist-db
1812 silly ADD node_modules/unpipe
1813 silly ADD node_modules/universalify
1814 silly ADD node_modules/unist-util-visit-parents
1815 silly ADD node_modules/unist-util-visit
1816 silly ADD node_modules/unist-util-stringify-position
1817 silly ADD node_modules/unist-util-position-from-estree
1818 silly ADD node_modules/unist-util-position
1819 silly ADD node_modules/unist-util-is
1820 silly ADD node_modules/unist-util-find-after
1821 silly ADD node_modules/unist-builder
1822 silly ADD node_modules/unique-string
1823 silly ADD node_modules/unified
1824 silly ADD node_modules/unicode-property-aliases-ecmascript
1825 silly ADD node_modules/unicode-match-property-value-ecmascript
1826 silly ADD node_modules/unicode-match-property-ecmascript
1827 silly ADD node_modules/unicode-emoji-modifier-base
1828 silly ADD node_modules/unicode-canonical-property-names-ecmascript
1829 silly ADD node_modules/undici-types
1830 silly ADD node_modules/undici
1831 silly ADD node_modules/typescript
1832 silly ADD node_modules/typedarray-to-buffer
1833 silly ADD node_modules/type-is
1834 silly ADD node_modules/type-is/node_modules/mime-types
1835 silly ADD node_modules/type-is/node_modules/mime-db
1836 silly ADD node_modules/type-fest
1837 silly ADD node_modules/tsyringe
1838 silly ADD node_modules/tsyringe/node_modules/tslib
1839 silly ADD node_modules/tslib
1840 silly ADD node_modules/ts-interface-checker
1841 silly ADD node_modules/ts-dedent
1842 silly ADD node_modules/trough
1843 silly ADD node_modules/trim-trailing-lines
1844 silly ADD node_modules/trim-lines
1845 silly ADD node_modules/tree-dump
1846 silly ADD node_modules/totalist
1847 silly ADD node_modules/toidentifier
1848 silly ADD node_modules/to-regex-range
1849 silly ADD node_modules/tinypool
1850 silly ADD node_modules/tinyglobby
1851 silly ADD node_modules/tinyglobby/node_modules/picomatch
1852 silly ADD node_modules/tinyglobby/node_modules/fdir
1853 silly ADD node_modules/tinyexec
1854 silly ADD node_modules/tiny-warning
1855 silly ADD node_modules/tiny-invariant
1856 silly ADD node_modules/thunky
1857 silly ADD node_modules/thingies
1858 silly ADD node_modules/thenify-all
1859 silly ADD node_modules/thenify
1860 silly ADD node_modules/terser-webpack-plugin
1861 silly ADD node_modules/terser-webpack-plugin/node_modules/supports-color
1862 silly ADD node_modules/terser-webpack-plugin/node_modules/jest-worker
1863 silly ADD node_modules/terser
1864 silly ADD node_modules/terser/node_modules/commander
1865 silly ADD node_modules/tapable
1866 silly ADD node_modules/swc-loader
1867 silly ADD node_modules/svgo
1868 silly ADD node_modules/svgo/node_modules/commander
1869 silly ADD node_modules/svg-parser
1870 silly ADD node_modules/supports-preserve-symlinks-flag
1871 silly ADD node_modules/supports-color
1872 silly ADD node_modules/sucrase
1873 silly ADD node_modules/sucrase/node_modules/commander
1874 silly ADD node_modules/stylis
1875 silly ADD node_modules/stylehacks
1876 silly ADD node_modules/style-to-object
1877 silly ADD node_modules/style-to-js
1878 silly ADD node_modules/strip-json-comments
1879 silly ADD node_modules/strip-final-newline
1880 silly ADD node_modules/strip-bom-string
1881 silly ADD node_modules/strip-ansi
1882 silly ADD node_modules/stringify-object
1883 silly ADD node_modules/stringify-entities
1884 silly ADD node_modules/string-width
1885 silly ADD node_modules/string-width/node_modules/strip-ansi
1886 silly ADD node_modules/string-width/node_modules/ansi-regex
1887 silly ADD node_modules/string_decoder
1888 silly ADD node_modules/std-env
1889 silly ADD node_modules/statuses
1890 silly ADD node_modules/srcset
1891 silly ADD node_modules/sprintf-js
1892 silly ADD node_modules/spdy-transport
1893 silly ADD node_modules/spdy
1894 silly ADD node_modules/space-separated-tokens
1895 silly ADD node_modules/sourcemap-codec
1896 silly ADD node_modules/source-map-support
1897 silly ADD node_modules/source-map-support/node_modules/source-map
1898 silly ADD node_modules/source-map-js
1899 silly ADD node_modules/source-map
1900 silly ADD node_modules/sort-css-media-queries
1901 silly ADD node_modules/sockjs
1902 silly ADD node_modules/snake-case
1903 silly ADD node_modules/slash
1904 silly ADD node_modules/skin-tone
1905 silly ADD node_modules/sitemap
1906 silly ADD node_modules/sitemap/node_modules/@types/node
1907 silly ADD node_modules/sisteransi
1908 silly ADD node_modules/sirv
1909 silly ADD node_modules/signal-exit
1910 silly ADD node_modules/side-channel-weakmap
1911 silly ADD node_modules/side-channel-map
1912 silly ADD node_modules/side-channel-list
1913 silly ADD node_modules/side-channel
1914 silly ADD node_modules/shell-quote
1915 silly ADD node_modules/shebang-regex
1916 silly ADD node_modules/shebang-command
1917 silly ADD node_modules/shallowequal
1918 silly ADD node_modules/shallow-clone
1919 silly ADD node_modules/setprototypeof
1920 silly ADD node_modules/set-function-length
1921 silly ADD node_modules/serve-static
1922 silly ADD node_modules/serve-index
1923 silly ADD node_modules/serve-index/node_modules/statuses
1924 silly ADD node_modules/serve-index/node_modules/ms
1925 silly ADD node_modules/serve-index/node_modules/mime-types
1926 silly ADD node_modules/serve-index/node_modules/mime-db
1927 silly ADD node_modules/serve-index/node_modules/http-errors
1928 silly ADD node_modules/serve-index/node_modules/depd
1929 silly ADD node_modules/serve-index/node_modules/debug
1930 silly ADD node_modules/serve-handler
1931 silly ADD node_modules/serve-handler/node_modules/path-to-regexp
1932 silly ADD node_modules/serialize-javascript
1933 silly ADD node_modules/send
1934 silly ADD node_modules/send/node_modules/range-parser
1935 silly ADD node_modules/send/node_modules/debug
1936 silly ADD node_modules/send/node_modules/debug/node_modules/ms
1937 silly ADD node_modules/semver-diff
1938 silly ADD node_modules/semver
1939 silly ADD node_modules/selfsigned
1940 silly ADD node_modules/select-hose
1941 silly ADD node_modules/section-matter
1942 silly ADD node_modules/search-insights
1943 silly ADD node_modules/schema-utils
1944 silly ADD node_modules/schema-dts
1945 silly ADD node_modules/scheduler
1946 silly ADD node_modules/sax
1947 silly ADD node_modules/safer-buffer
1948 silly ADD node_modules/safe-buffer
1949 silly ADD node_modules/rw
1950 silly ADD node_modules/run-parallel
1951 silly ADD node_modules/run-applescript
1952 silly ADD node_modules/rtlcss
1953 silly ADD node_modules/roughjs
1954 silly ADD node_modules/robust-predicates
1955 silly ADD node_modules/reusify
1956 silly ADD node_modules/retry
1957 silly ADD node_modules/responselike
1958 silly ADD node_modules/resolve-pathname
1959 silly ADD node_modules/resolve-from
1960 silly ADD node_modules/resolve-alpn
1961 silly ADD node_modules/resolve
1962 silly ADD node_modules/requires-port
1963 silly ADD node_modules/require-like
1964 silly ADD node_modules/require-from-string
1965 silly ADD node_modules/renderkid
1966 silly ADD node_modules/renderkid/node_modules/htmlparser2
1967 silly ADD node_modules/renderkid/node_modules/entities
1968 silly ADD node_modules/renderkid/node_modules/domutils
1969 silly ADD node_modules/renderkid/node_modules/domhandler
1970 silly ADD node_modules/renderkid/node_modules/dom-serializer
1971 silly ADD node_modules/renderkid/node_modules/css-select
1972 silly ADD node_modules/remark-stringify
1973 silly ADD node_modules/remark-rehype
1974 silly ADD node_modules/remark-parse
1975 silly ADD node_modules/remark-mdx
1976 silly ADD node_modules/remark-gfm
1977 silly ADD node_modules/remark-frontmatter
1978 silly ADD node_modules/remark-emoji
1979 silly ADD node_modules/remark-directive
1980 silly ADD node_modules/remark-definition-list
1981 silly ADD node_modules/relateurl
1982 silly ADD node_modules/rehype-recma
1983 silly ADD node_modules/rehype-raw
1984 silly ADD node_modules/rehype-minify-whitespace
1985 silly ADD node_modules/regjsparser
1986 silly ADD node_modules/regjsgen
1987 silly ADD node_modules/registry-url
1988 silly ADD node_modules/registry-auth-token
1989 silly ADD node_modules/regexpu-core
1990 silly ADD node_modules/regenerate-unicode-properties
1991 silly ADD node_modules/regenerate
1992 silly ADD node_modules/reflect-metadata
1993 silly ADD node_modules/recma-stringify
1994 silly ADD node_modules/recma-parse
1995 silly ADD node_modules/recma-jsx
1996 silly ADD node_modules/recma-build-jsx
1997 silly ADD node_modules/readdirp
1998 silly ADD node_modules/readable-stream
1999 silly ADD node_modules/react-router-dom
2000 silly ADD node_modules/react-router-config
2001 silly ADD node_modules/react-router
2002 silly ADD node_modules/react-loadable-ssr-addon-v5-slorber
2003 silly ADD node_modules/react-loadable
2004 silly ADD node_modules/react-live
2005 silly ADD node_modules/react-json-view-lite
2006 silly ADD node_modules/react-is
2007 silly ADD node_modules/react-helmet-async
2008 silly ADD node_modules/react-fast-compare
2009 silly ADD node_modules/react-dom
2010 silly ADD node_modules/react
2011 silly ADD node_modules/rc
2012 silly ADD node_modules/rc/node_modules/strip-json-comments
2013 silly ADD node_modules/rc/node_modules/ini
2014 silly ADD node_modules/raw-body
2015 silly ADD node_modules/raw-body/node_modules/bytes
2016 silly ADD node_modules/range-parser
2017 silly ADD node_modules/randombytes
2018 silly ADD node_modules/quick-lru
2019 silly ADD node_modules/queue-microtask
2020 silly ADD node_modules/qs
2021 silly ADD node_modules/pvutils
2022 silly ADD node_modules/pvtsutils
2023 silly ADD node_modules/pupa
2024 silly ADD node_modules/punycode
2025 silly ADD node_modules/proxy-addr
2026 silly ADD node_modules/proxy-addr/node_modules/ipaddr.js
2027 silly ADD node_modules/proto-list
2028 silly ADD node_modules/property-information
2029 silly ADD node_modules/prop-types
2030 silly ADD node_modules/prompts
2031 silly ADD node_modules/process-nextick-args
2032 silly ADD node_modules/prismjs
2033 silly ADD node_modules/prism-react-renderer
2034 silly ADD node_modules/pretty-time
2035 silly ADD node_modules/pretty-error
2036 silly ADD node_modules/postcss-zindex
2037 silly ADD node_modules/postcss-value-parser
2038 silly ADD node_modules/postcss-unique-selectors
2039 silly ADD node_modules/postcss-svgo
2040 silly ADD node_modules/postcss-sort-media-queries
2041 silly ADD node_modules/postcss-selector-parser
2042 silly ADD node_modules/postcss-selector-not
2043 silly ADD node_modules/postcss-selector-not/node_modules/postcss-selector-parser
2044 silly ADD node_modules/postcss-replace-overflow-wrap
2045 silly ADD node_modules/postcss-reduce-transforms
2046 silly ADD node_modules/postcss-reduce-initial
2047 silly ADD node_modules/postcss-reduce-idents
2048 silly ADD node_modules/postcss-pseudo-class-any-link
2049 silly ADD node_modules/postcss-pseudo-class-any-link/node_modules/postcss-selector-parser
2050 silly ADD node_modules/postcss-preset-env
2051 silly ADD node_modules/postcss-place
2052 silly ADD node_modules/postcss-page-break
2053 silly ADD node_modules/postcss-overflow-shorthand
2054 silly ADD node_modules/postcss-ordered-values
2055 silly ADD node_modules/postcss-opacity-percentage
2056 silly ADD node_modules/postcss-normalize-whitespace
2057 silly ADD node_modules/postcss-normalize-url
2058 silly ADD node_modules/postcss-normalize-unicode
2059 silly ADD node_modules/postcss-normalize-timing-functions
2060 silly ADD node_modules/postcss-normalize-string
2061 silly ADD node_modules/postcss-normalize-repeat-style
2062 silly ADD node_modules/postcss-normalize-positions
2063 silly ADD node_modules/postcss-normalize-display-values
2064 silly ADD node_modules/postcss-normalize-charset
2065 silly ADD node_modules/postcss-nesting
2066 silly ADD node_modules/postcss-nesting/node_modules/postcss-selector-parser
2067 silly ADD node_modules/postcss-nesting/node_modules/@csstools/selector-specificity
2068 silly ADD node_modules/postcss-nesting/node_modules/@csstools/selector-resolve-nested
2069 silly ADD node_modules/postcss-modules-values
2070 silly ADD node_modules/postcss-modules-scope
2071 silly ADD node_modules/postcss-modules-scope/node_modules/postcss-selector-parser
2072 silly ADD node_modules/postcss-modules-local-by-default
2073 silly ADD node_modules/postcss-modules-local-by-default/node_modules/postcss-selector-parser
2074 silly ADD node_modules/postcss-modules-extract-imports
2075 silly ADD node_modules/postcss-minify-selectors
2076 silly ADD node_modules/postcss-minify-params
2077 silly ADD node_modules/postcss-minify-gradients
2078 silly ADD node_modules/postcss-minify-font-values
2079 silly ADD node_modules/postcss-merge-rules
2080 silly ADD node_modules/postcss-merge-longhand
2081 silly ADD node_modules/postcss-merge-idents
2082 silly ADD node_modules/postcss-logical
2083 silly ADD node_modules/postcss-loader
2084 silly ADD node_modules/postcss-lab-function
2085 silly ADD node_modules/postcss-image-set-function
2086 silly ADD node_modules/postcss-gap-properties
2087 silly ADD node_modules/postcss-font-variant
2088 silly ADD node_modules/postcss-focus-within
2089 silly ADD node_modules/postcss-focus-within/node_modules/postcss-selector-parser
2090 silly ADD node_modules/postcss-focus-visible
2091 silly ADD node_modules/postcss-focus-visible/node_modules/postcss-selector-parser
2092 silly ADD node_modules/postcss-double-position-gradients
2093 silly ADD node_modules/postcss-discard-unused
2094 silly ADD node_modules/postcss-discard-overridden
2095 silly ADD node_modules/postcss-discard-empty
2096 silly ADD node_modules/postcss-discard-duplicates
2097 silly ADD node_modules/postcss-discard-comments
2098 silly ADD node_modules/postcss-dir-pseudo-class
2099 silly ADD node_modules/postcss-dir-pseudo-class/node_modules/postcss-selector-parser
2100 silly ADD node_modules/postcss-custom-selectors
2101 silly ADD node_modules/postcss-custom-selectors/node_modules/postcss-selector-parser
2102 silly ADD node_modules/postcss-custom-properties
2103 silly ADD node_modules/postcss-custom-media
2104 silly ADD node_modules/postcss-convert-values
2105 silly ADD node_modules/postcss-colormin
2106 silly ADD node_modules/postcss-color-rebeccapurple
2107 silly ADD node_modules/postcss-color-hex-alpha
2108 silly ADD node_modules/postcss-color-functional-notation
2109 silly ADD node_modules/postcss-clamp
2110 silly ADD node_modules/postcss-calc
2111 silly ADD node_modules/postcss-attribute-case-insensitive
2112 silly ADD node_modules/postcss-attribute-case-insensitive/node_modules/postcss-selector-parser
2113 silly ADD node_modules/postcss
2114 silly ADD node_modules/points-on-path
2115 silly ADD node_modules/points-on-curve
2116 silly ADD node_modules/pkijs
2117 silly ADD node_modules/pkg-dir
2118 silly ADD node_modules/pirates
2119 silly ADD node_modules/picomatch
2120 silly ADD node_modules/picocolors
2121 silly ADD node_modules/path-type
2122 silly ADD node_modules/path-to-regexp
2123 silly ADD node_modules/path-parse
2124 silly ADD node_modules/path-key
2125 silly ADD node_modules/path-is-inside
2126 silly ADD node_modules/path-exists
2127 silly ADD node_modules/path-data-parser
2128 silly ADD node_modules/pascal-case
2129 silly ADD node_modules/parseurl
2130 silly ADD node_modules/parse5-parser-stream
2131 silly ADD node_modules/parse5-htmlparser2-tree-adapter
2132 silly ADD node_modules/parse5
2133 silly ADD node_modules/parse5/node_modules/entities
2134 silly ADD node_modules/parse-numeric-range
2135 silly ADD node_modules/parse-json
2136 silly ADD node_modules/parse-entities
2137 silly ADD node_modules/parse-entities/node_modules/@types/unist
2138 silly ADD node_modules/parent-module
2139 silly ADD node_modules/param-case
2140 silly ADD node_modules/package-manager-detector
2141 silly ADD node_modules/package-json
2142 silly ADD node_modules/p-timeout
2143 silly ADD node_modules/p-retry
2144 silly ADD node_modules/p-queue
2145 silly ADD node_modules/p-map
2146 silly ADD node_modules/p-locate
2147 silly ADD node_modules/p-limit
2148 silly ADD node_modules/p-finally
2149 silly ADD node_modules/p-cancelable
2150 silly ADD node_modules/os-homedir
2151 silly ADD node_modules/opener
2152 silly ADD node_modules/open
2153 silly ADD node_modules/onetime
2154 silly ADD node_modules/on-headers
2155 silly ADD node_modules/on-finished
2156 silly ADD node_modules/obuf
2157 silly ADD node_modules/object.assign
2158 silly ADD node_modules/object-keys
2159 silly ADD node_modules/object-inspect
2160 silly ADD node_modules/object-assign
2161 silly ADD node_modules/null-loader
2162 silly ADD node_modules/null-loader/node_modules/schema-utils
2163 silly ADD node_modules/null-loader/node_modules/json-schema-traverse
2164 silly ADD node_modules/null-loader/node_modules/ajv-keywords
2165 silly ADD node_modules/null-loader/node_modules/ajv
2166 silly ADD node_modules/nth-check
2167 silly ADD node_modules/nprogress
2168 silly ADD node_modules/npm-run-path
2169 silly ADD node_modules/normalize-url
2170 silly ADD node_modules/normalize-path
2171 silly ADD node_modules/node-releases
2172 silly ADD node_modules/node-emoji
2173 silly ADD node_modules/no-case
2174 silly ADD node_modules/neo-async
2175 silly ADD node_modules/negotiator
2176 silly ADD node_modules/nanoid
2177 silly ADD node_modules/mz
2178 silly ADD node_modules/multicast-dns
2179 silly ADD node_modules/ms
2180 silly ADD node_modules/mrmime
2181 silly ADD node_modules/minimist
2182 silly ADD node_modules/minimatch
2183 silly ADD node_modules/minimalistic-assert
2184 silly ADD node_modules/mini-css-extract-plugin
2185 silly ADD node_modules/mimic-response
2186 silly ADD node_modules/mimic-fn
2187 silly ADD node_modules/mime-types
2188 silly ADD node_modules/mime-db
2189 silly ADD node_modules/mime
2190 silly ADD node_modules/micromatch
2191 silly ADD node_modules/micromark-util-types
2192 silly ADD node_modules/micromark-util-symbol
2193 silly ADD node_modules/micromark-util-subtokenize
2194 silly ADD node_modules/micromark-util-subtokenize/node_modules/micromark-util-symbol
2195 silly ADD node_modules/micromark-util-sanitize-uri
2196 silly ADD node_modules/micromark-util-sanitize-uri/node_modules/micromark-util-symbol
2197 silly ADD node_modules/micromark-util-sanitize-uri/node_modules/micromark-util-character
2198 silly ADD node_modules/micromark-util-resolve-all
2199 silly ADD node_modules/micromark-util-normalize-identifier
2200 silly ADD node_modules/micromark-util-normalize-identifier/node_modules/micromark-util-symbol
2201 silly ADD node_modules/micromark-util-html-tag-name
2202 silly ADD node_modules/micromark-util-events-to-acorn
2203 silly ADD node_modules/micromark-util-events-to-acorn/node_modules/micromark-util-symbol
2204 silly ADD node_modules/micromark-util-encode
2205 silly ADD node_modules/micromark-util-decode-string
2206 silly ADD node_modules/micromark-util-decode-string/node_modules/micromark-util-symbol
2207 silly ADD node_modules/micromark-util-decode-string/node_modules/micromark-util-character
2208 silly ADD node_modules/micromark-util-decode-numeric-character-reference
2209 silly ADD node_modules/micromark-util-decode-numeric-character-reference/node_modules/micromark-util-symbol
2210 silly ADD node_modules/micromark-util-combine-extensions
2211 silly ADD node_modules/micromark-util-classify-character
2212 silly ADD node_modules/micromark-util-classify-character/node_modules/micromark-util-symbol
2213 silly ADD node_modules/micromark-util-classify-character/node_modules/micromark-util-character
2214 silly ADD node_modules/micromark-util-chunked
2215 silly ADD node_modules/micromark-util-chunked/node_modules/micromark-util-symbol
2216 silly ADD node_modules/micromark-util-character
2217 silly ADD node_modules/micromark-util-character/node_modules/micromark-util-types
2218 silly ADD node_modules/micromark-factory-whitespace
2219 silly ADD node_modules/micromark-factory-whitespace/node_modules/micromark-util-symbol
2220 silly ADD node_modules/micromark-factory-whitespace/node_modules/micromark-util-character
2221 silly ADD node_modules/micromark-factory-whitespace/node_modules/micromark-factory-space
2222 silly ADD node_modules/micromark-factory-title
2223 silly ADD node_modules/micromark-factory-title/node_modules/micromark-util-symbol
2224 silly ADD node_modules/micromark-factory-title/node_modules/micromark-util-character
2225 silly ADD node_modules/micromark-factory-title/node_modules/micromark-factory-space
2226 silly ADD node_modules/micromark-factory-space
2227 silly ADD node_modules/micromark-factory-space/node_modules/micromark-util-types
2228 silly ADD node_modules/micromark-factory-mdx-expression
2229 silly ADD node_modules/micromark-factory-mdx-expression/node_modules/micromark-util-symbol
2230 silly ADD node_modules/micromark-factory-mdx-expression/node_modules/micromark-util-character
2231 silly ADD node_modules/micromark-factory-mdx-expression/node_modules/micromark-factory-space
2232 silly ADD node_modules/micromark-factory-label
2233 silly ADD node_modules/micromark-factory-label/node_modules/micromark-util-symbol
2234 silly ADD node_modules/micromark-factory-label/node_modules/micromark-util-character
2235 silly ADD node_modules/micromark-factory-destination
2236 silly ADD node_modules/micromark-factory-destination/node_modules/micromark-util-symbol
2237 silly ADD node_modules/micromark-factory-destination/node_modules/micromark-util-character
2238 silly ADD node_modules/micromark-extension-mdxjs-esm
2239 silly ADD node_modules/micromark-extension-mdxjs-esm/node_modules/micromark-util-symbol
2240 silly ADD node_modules/micromark-extension-mdxjs-esm/node_modules/micromark-util-character
2241 silly ADD node_modules/micromark-extension-mdxjs
2242 silly ADD node_modules/micromark-extension-mdx-md
2243 silly ADD node_modules/micromark-extension-mdx-jsx
2244 silly ADD node_modules/micromark-extension-mdx-jsx/node_modules/micromark-util-symbol
2245 silly ADD node_modules/micromark-extension-mdx-jsx/node_modules/micromark-util-character
2246 silly ADD node_modules/micromark-extension-mdx-jsx/node_modules/micromark-factory-space
2247 silly ADD node_modules/micromark-extension-mdx-expression
2248 silly ADD node_modules/micromark-extension-mdx-expression/node_modules/micromark-util-symbol
2249 silly ADD node_modules/micromark-extension-mdx-expression/node_modules/micromark-util-character
2250 silly ADD node_modules/micromark-extension-mdx-expression/node_modules/micromark-factory-space
2251 silly ADD node_modules/micromark-extension-gfm-task-list-item
2252 silly ADD node_modules/micromark-extension-gfm-task-list-item/node_modules/micromark-util-symbol
2253 silly ADD node_modules/micromark-extension-gfm-task-list-item/node_modules/micromark-util-character
2254 silly ADD node_modules/micromark-extension-gfm-task-list-item/node_modules/micromark-factory-space
2255 silly ADD node_modules/micromark-extension-gfm-tagfilter
2256 silly ADD node_modules/micromark-extension-gfm-table
2257 silly ADD node_modules/micromark-extension-gfm-table/node_modules/micromark-util-symbol
2258 silly ADD node_modules/micromark-extension-gfm-table/node_modules/micromark-util-character
2259 silly ADD node_modules/micromark-extension-gfm-table/node_modules/micromark-factory-space
2260 silly ADD node_modules/micromark-extension-gfm-strikethrough
2261 silly ADD node_modules/micromark-extension-gfm-strikethrough/node_modules/micromark-util-symbol
2262 silly ADD node_modules/micromark-extension-gfm-footnote
2263 silly ADD node_modules/micromark-extension-gfm-footnote/node_modules/micromark-util-symbol
2264 silly ADD node_modules/micromark-extension-gfm-footnote/node_modules/micromark-util-character
2265 silly ADD node_modules/micromark-extension-gfm-footnote/node_modules/micromark-factory-space
2266 silly ADD node_modules/micromark-extension-gfm-autolink-literal
2267 silly ADD node_modules/micromark-extension-gfm-autolink-literal/node_modules/micromark-util-symbol
2268 silly ADD node_modules/micromark-extension-gfm-autolink-literal/node_modules/micromark-util-character
2269 silly ADD node_modules/micromark-extension-gfm
2270 silly ADD node_modules/micromark-extension-frontmatter
2271 silly ADD node_modules/micromark-extension-frontmatter/node_modules/micromark-util-symbol
2272 silly ADD node_modules/micromark-extension-frontmatter/node_modules/micromark-util-character
2273 silly ADD node_modules/micromark-extension-directive
2274 silly ADD node_modules/micromark-extension-directive/node_modules/micromark-util-symbol
2275 silly ADD node_modules/micromark-extension-directive/node_modules/micromark-util-character
2276 silly ADD node_modules/micromark-extension-directive/node_modules/micromark-factory-space
2277 silly ADD node_modules/micromark-extension-definition-list
2278 silly ADD node_modules/micromark-extension-definition-list/node_modules/micromark-util-symbol
2279 silly ADD node_modules/micromark-extension-definition-list/node_modules/micromark-util-character
2280 silly ADD node_modules/micromark-extension-definition-list/node_modules/micromark-factory-space
2281 silly ADD node_modules/micromark-core-commonmark
2282 silly ADD node_modules/micromark-core-commonmark/node_modules/micromark-util-symbol
2283 silly ADD node_modules/micromark-core-commonmark/node_modules/micromark-util-character
2284 silly ADD node_modules/micromark-core-commonmark/node_modules/micromark-factory-space
2285 silly ADD node_modules/micromark
2286 silly ADD node_modules/micromark/node_modules/micromark-util-symbol
2287 silly ADD node_modules/micromark/node_modules/micromark-util-character
2288 silly ADD node_modules/micromark/node_modules/micromark-factory-space
2289 silly ADD node_modules/methods
2290 silly ADD node_modules/mermaid
2291 silly ADD node_modules/mermaid/node_modules/uuid
2292 silly ADD node_modules/merge2
2293 silly ADD node_modules/merge-stream
2294 silly ADD node_modules/merge-descriptors
2295 silly ADD node_modules/memfs
2296 silly ADD node_modules/media-typer
2297 silly ADD node_modules/mdn-data
2298 silly ADD node_modules/mdast-util-to-string
2299 silly ADD node_modules/mdast-util-to-markdown
2300 silly ADD node_modules/mdast-util-to-hast
2301 silly ADD node_modules/mdast-util-phrasing
2302 silly ADD node_modules/mdast-util-mdxjs-esm
2303 silly ADD node_modules/mdast-util-mdx-jsx
2304 silly ADD node_modules/mdast-util-mdx-expression
2305 silly ADD node_modules/mdast-util-mdx
2306 silly ADD node_modules/mdast-util-gfm-task-list-item
2307 silly ADD node_modules/mdast-util-gfm-table
2308 silly ADD node_modules/mdast-util-gfm-strikethrough
2309 silly ADD node_modules/mdast-util-gfm-footnote
2310 silly ADD node_modules/mdast-util-gfm-autolink-literal
2311 silly ADD node_modules/mdast-util-gfm-autolink-literal/node_modules/micromark-util-symbol
2312 silly ADD node_modules/mdast-util-gfm-autolink-literal/node_modules/micromark-util-character
2313 silly ADD node_modules/mdast-util-gfm
2314 silly ADD node_modules/mdast-util-frontmatter
2315 silly ADD node_modules/mdast-util-frontmatter/node_modules/escape-string-regexp
2316 silly ADD node_modules/mdast-util-from-markdown
2317 silly ADD node_modules/mdast-util-from-markdown/node_modules/micromark-util-symbol
2318 silly ADD node_modules/mdast-util-find-and-replace
2319 silly ADD node_modules/mdast-util-find-and-replace/node_modules/escape-string-regexp
2320 silly ADD node_modules/mdast-util-directive
2321 silly ADD node_modules/mdast-util-definition-list
2322 silly ADD node_modules/math-intrinsics
2323 silly ADD node_modules/marked
2324 silly ADD node_modules/markdown-table
2325 silly ADD node_modules/markdown-extensions
2326 silly ADD node_modules/mark.js
2327 silly ADD node_modules/magic-string
2328 silly ADD node_modules/lunr-languages
2329 silly ADD node_modules/lunr
2330 silly ADD node_modules/lru-cache
2331 silly ADD node_modules/lowercase-keys
2332 silly ADD node_modules/lower-case
2333 silly ADD node_modules/loose-envify
2334 silly ADD node_modules/longest-streak
2335 silly ADD node_modules/lodash.uniq
2336 silly ADD node_modules/lodash.memoize
2337 silly ADD node_modules/lodash.debounce
2338 silly ADD node_modules/lodash-es
2339 silly ADD node_modules/lodash
2340 silly ADD node_modules/locate-path
2341 silly ADD node_modules/loader-utils
2342 silly ADD node_modules/loader-runner
2343 silly ADD node_modules/lines-and-columns
2344 silly ADD node_modules/lilconfig
2345 silly ADD
2346 silly ADD
2347 silly ADD
2348 silly ADD
2349 silly ADD
2350 silly ADD
2351 silly ADD
2352 silly ADD
2353 silly ADD
2354 silly ADD node_modules/lightningcss-darwin-arm64
2355 silly ADD
2356 silly ADD node_modules/lightningcss
2357 silly ADD node_modules/leven
2358 silly ADD node_modules/layout-base
2359 silly ADD node_modules/launch-editor
2360 silly ADD node_modules/latest-version
2361 silly ADD node_modules/kleur
2362 silly ADD node_modules/klaw-sync
2363 silly ADD node_modules/kind-of
2364 silly ADD node_modules/khroma
2365 silly ADD node_modules/keyv
2366 silly ADD node_modules/katex
2367 silly ADD node_modules/katex/node_modules/commander
2368 silly ADD node_modules/jsonfile
2369 silly ADD node_modules/json5
2370 silly ADD node_modules/json-schema-traverse
2371 silly ADD node_modules/json-parse-even-better-errors
2372 silly ADD node_modules/json-buffer
2373 silly ADD node_modules/jsesc
2374 silly ADD node_modules/js-yaml
2375 silly ADD node_modules/js-tokens
2376 silly ADD node_modules/joi
2377 silly ADD node_modules/jiti
2378 silly ADD node_modules/jest-worker
2379 silly ADD node_modules/jest-worker/node_modules/supports-color
2380 silly ADD node_modules/jest-util
2381 silly ADD node_modules/isobject
2382 silly ADD node_modules/isexe
2383 silly ADD node_modules/isarray
2384 silly ADD node_modules/is-yarn-global
2385 silly ADD node_modules/is-wsl
2386 silly ADD node_modules/is-typedarray
2387 silly ADD node_modules/is-stream
2388 silly ADD node_modules/is-regexp
2389 silly ADD node_modules/is-plain-object
2390 silly ADD node_modules/is-plain-obj
2391 silly ADD node_modules/is-path-inside
2392 silly ADD node_modules/is-obj
2393 silly ADD node_modules/is-number
2394 silly ADD node_modules/is-npm
2395 silly ADD node_modules/is-network-error
2396 silly ADD node_modules/is-installed-globally
2397 silly ADD node_modules/is-inside-container
2398 silly ADD node_modules/is-inside-container/node_modules/is-docker
2399 silly ADD node_modules/is-hexadecimal
2400 silly ADD node_modules/is-glob
2401 silly ADD node_modules/is-fullwidth-code-point
2402 silly ADD node_modules/is-extglob
2403 silly ADD node_modules/is-extendable
2404 silly ADD node_modules/is-docker
2405 silly ADD node_modules/is-decimal
2406 silly ADD node_modules/is-core-module
2407 silly ADD node_modules/is-ci
2408 silly ADD node_modules/is-binary-path
2409 silly ADD node_modules/is-arrayish
2410 silly ADD node_modules/is-alphanumerical
2411 silly ADD node_modules/is-alphabetical
2412 silly ADD node_modules/ipaddr.js
2413 silly ADD node_modules/invariant
2414 silly ADD node_modules/internmap
2415 silly ADD node_modules/inline-style-parser
2416 silly ADD node_modules/ini
2417 silly ADD node_modules/inherits
2418 silly ADD node_modules/infima
2419 silly ADD node_modules/indent-string
2420 silly ADD node_modules/imurmurhash
2421 silly ADD node_modules/import-meta-resolve
2422 silly ADD node_modules/import-lazy
2423 silly ADD node_modules/import-fresh
2424 silly ADD node_modules/immediate
2425 silly ADD node_modules/image-size
2426 silly ADD node_modules/ignore
2427 silly ADD node_modules/icss-utils
2428 silly ADD node_modules/iconv-lite
2429 silly ADD node_modules/hyperdyperid
2430 silly ADD node_modules/human-signals
2431 silly ADD node_modules/http2-wrapper
2432 silly ADD node_modules/http-proxy-middleware
2433 silly ADD node_modules/http-proxy-middleware/node_modules/is-plain-obj
2434 silly ADD node_modules/http-proxy
2435 silly ADD node_modules/http-parser-js
2436 silly ADD node_modules/http-errors
2437 silly ADD node_modules/http-deceiver
2438 silly ADD node_modules/http-cache-semantics
2439 silly ADD node_modules/htmlparser2
2440 silly ADD node_modules/html-webpack-plugin
2441 silly ADD node_modules/html-webpack-plugin/node_modules/html-minifier-terser
2442 silly ADD node_modules/html-webpack-plugin/node_modules/commander
2443 silly ADD node_modules/html-void-elements
2444 silly ADD node_modules/html-tags
2445 silly ADD node_modules/html-minifier-terser
2446 silly ADD node_modules/html-minifier-terser/node_modules/commander
2447 silly ADD node_modules/html-escaper
2448 silly ADD node_modules/hpack.js
2449 silly ADD node_modules/hpack.js/node_modules/string_decoder
2450 silly ADD node_modules/hpack.js/node_modules/safe-buffer
2451 silly ADD node_modules/hpack.js/node_modules/readable-stream
2452 silly ADD node_modules/hpack.js/node_modules/isarray
2453 silly ADD node_modules/hoist-non-react-statics
2454 silly ADD node_modules/history
2455 silly ADD node_modules/he
2456 silly ADD node_modules/hastscript
2457 silly ADD node_modules/hast-util-whitespace
2458 silly ADD node_modules/hast-util-to-text
2459 silly ADD node_modules/hast-util-to-parse5
2460 silly ADD node_modules/hast-util-to-mdast
2461 silly ADD node_modules/hast-util-to-jsx-runtime
2462 silly ADD node_modules/hast-util-to-html
2463 silly ADD node_modules/hast-util-to-estree
2464 silly ADD node_modules/hast-util-raw
2465 silly ADD node_modules/hast-util-phrasing
2466 silly ADD node_modules/hast-util-parse-selector
2467 silly ADD node_modules/hast-util-minify-whitespace
2468 silly ADD node_modules/hast-util-is-element
2469 silly ADD node_modules/hast-util-is-body-ok-link
2470 silly ADD node_modules/hast-util-has-property
2471 silly ADD node_modules/hast-util-from-parse5
2472 silly ADD node_modules/hast-util-embedded
2473 silly ADD node_modules/hast-util-definition-list
2474 silly ADD node_modules/hasown
2475 silly ADD node_modules/has-yarn
2476 silly ADD node_modules/has-symbols
2477 silly ADD node_modules/has-property-descriptors
2478 silly ADD node_modules/has-flag
2479 silly ADD node_modules/handle-thing
2480 silly ADD node_modules/hachure-fill
2481 silly ADD node_modules/gzip-size
2482 silly ADD node_modules/gray-matter
2483 silly ADD node_modules/gray-matter/node_modules/js-yaml
2484 silly ADD node_modules/gray-matter/node_modules/argparse
2485 silly ADD node_modules/graceful-fs
2486 silly ADD node_modules/got
2487 silly ADD node_modules/got/node_modules/@sindresorhus/is
2488 silly ADD node_modules/gopd
2489 silly ADD node_modules/globby
2490 silly ADD node_modules/global-dirs
2491 silly ADD node_modules/glob-to-regexp
2492 silly ADD node_modules/glob-to-regex.js
2493 silly ADD node_modules/glob-parent
2494 silly ADD node_modules/github-slugger
2495 silly ADD node_modules/get-stream
2496 silly ADD node_modules/get-proto
2497 silly ADD node_modules/get-own-enumerable-property-symbols
2498 silly ADD node_modules/get-intrinsic
2499 silly ADD node_modules/gensync
2500 silly ADD node_modules/function-bind
2501 silly ADD node_modules/fsevents
2502 silly ADD node_modules/fs-extra
2503 silly ADD node_modules/fresh
2504 silly ADD node_modules/fraction.js
2505 silly ADD node_modules/forwarded
2506 silly ADD node_modules/format
2507 silly ADD node_modules/form-data-encoder
2508 silly ADD node_modules/follow-redirects
2509 silly ADD node_modules/flat
2510 silly ADD node_modules/find-up
2511 silly ADD node_modules/find-cache-dir
2512 silly ADD node_modules/finalhandler
2513 silly ADD node_modules/finalhandler/node_modules/ms
2514 silly ADD node_modules/finalhandler/node_modules/debug
2515 silly ADD node_modules/fill-range
2516 silly ADD node_modules/file-loader
2517 silly ADD node_modules/file-loader/node_modules/schema-utils
2518 silly ADD node_modules/file-loader/node_modules/json-schema-traverse
2519 silly ADD node_modules/file-loader/node_modules/ajv-keywords
2520 silly ADD node_modules/file-loader/node_modules/ajv
2521 silly ADD node_modules/feed
2522 silly ADD node_modules/faye-websocket
2523 silly ADD node_modules/fault
2524 silly ADD node_modules/fastq
2525 silly ADD node_modules/fast-uri
2526 silly ADD node_modules/fast-json-stable-stringify
2527 silly ADD node_modules/fast-glob
2528 silly ADD node_modules/fast-deep-equal
2529 silly ADD node_modules/extend-shallow
2530 silly ADD node_modules/extend
2531 silly ADD node_modules/express
2532 silly ADD node_modules/express/node_modules/range-parser
2533 silly ADD node_modules/express/node_modules/path-to-regexp
2534 silly ADD node_modules/express/node_modules/ms
2535 silly ADD node_modules/express/node_modules/debug
2536 silly ADD node_modules/express/node_modules/content-disposition
2537 silly ADD node_modules/execa
2538 silly ADD node_modules/events
2539 silly ADD node_modules/eventemitter3
2540 silly ADD node_modules/eval
2541 silly ADD node_modules/etag
2542 silly ADD node_modules/eta
2543 silly ADD node_modules/esutils
2544 silly ADD node_modules/estree-walker
2545 silly ADD node_modules/estree-util-visit
2546 silly ADD node_modules/estree-util-value-to-estree
2547 silly ADD node_modules/estree-util-to-js
2548 silly ADD node_modules/estree-util-scope
2549 silly ADD node_modules/estree-util-is-identifier-name
2550 silly ADD node_modules/estree-util-build-jsx
2551 silly ADD node_modules/estree-util-attach-comments
2552 silly ADD node_modules/estraverse
2553 silly ADD node_modules/esrecurse
2554 silly ADD node_modules/esrecurse/node_modules/estraverse
2555 silly ADD node_modules/esprima
2556 silly ADD node_modules/eslint-scope
2557 silly ADD node_modules/escape-string-regexp
2558 silly ADD node_modules/escape-html
2559 silly ADD node_modules/escape-goat
2560 silly ADD node_modules/escalade
2561 silly ADD node_modules/esast-util-from-js
2562 silly ADD node_modules/esast-util-from-estree
2563 silly ADD node_modules/es-toolkit
2564 silly ADD node_modules/es-object-atoms
2565 silly ADD node_modules/es-module-lexer
2566 silly ADD node_modules/es-errors
2567 silly ADD node_modules/es-define-property
2568 silly ADD node_modules/error-ex
2569 silly ADD node_modules/entities
2570 silly ADD node_modules/enhanced-resolve
2571 silly ADD node_modules/encoding-sniffer
2572 silly ADD node_modules/encoding-sniffer/node_modules/iconv-lite
2573 silly ADD node_modules/encodeurl
2574 silly ADD node_modules/emoticon
2575 silly ADD node_modules/emojis-list
2576 silly ADD node_modules/emojilib
2577 silly ADD node_modules/emoji-regex
2578 silly ADD node_modules/electron-to-chromium
2579 silly ADD node_modules/ee-first
2580 silly ADD node_modules/eastasianwidth
2581 silly ADD node_modules/duplexer
2582 silly ADD node_modules/dunder-proto
2583 silly ADD node_modules/dot-prop
2584 silly ADD node_modules/dot-prop/node_modules/is-obj
2585 silly ADD node_modules/dot-case
2586 silly ADD node_modules/domutils
2587 silly ADD node_modules/dompurify
2588 silly ADD node_modules/domhandler
2589 silly ADD node_modules/domelementtype
2590 silly ADD node_modules/dom-serializer
2591 silly ADD node_modules/dom-converter
2592 silly ADD node_modules/docusaurus-remark-plugin-tab-blocks
2593 silly ADD node_modules/docusaurus-plugin-llms
2594 silly ADD node_modules/docusaurus-plugin-llms/node_modules/minimatch
2595 silly ADD node_modules/docusaurus-plugin-llms/node_modules/brace-expansion
2596 silly ADD node_modules/dns-packet
2597 silly ADD node_modules/dir-glob
2598 silly ADD node_modules/devlop
2599 silly ADD node_modules/detect-port
2600 silly ADD node_modules/detect-node
2601 silly ADD node_modules/detect-libc
2602 silly ADD node_modules/destroy
2603 silly ADD node_modules/dequal
2604 silly ADD node_modules/depd
2605 silly ADD node_modules/delaunator
2606 silly ADD node_modules/define-properties
2607 silly ADD node_modules/define-lazy-prop
2608 silly ADD node_modules/define-data-property
2609 silly ADD node_modules/defer-to-connect
2610 silly ADD node_modules/default-browser-id
2611 silly ADD node_modules/default-browser
2612 silly ADD node_modules/deepmerge
2613 silly ADD node_modules/deep-extend
2614 silly ADD node_modules/decompress-response
2615 silly ADD node_modules/decompress-response/node_modules/mimic-response
2616 silly ADD node_modules/decode-named-character-reference
2617 silly ADD node_modules/debug
2618 silly ADD node_modules/debounce
2619 silly ADD node_modules/dayjs
2620 silly ADD node_modules/dagre-d3-es
2621 silly ADD node_modules/d3-zoom
2622 silly ADD node_modules/d3-transition
2623 silly ADD node_modules/d3-timer
2624 silly ADD node_modules/d3-time-format
2625 silly ADD node_modules/d3-time
2626 silly ADD node_modules/d3-shape
2627 silly ADD node_modules/d3-selection
2628 silly ADD node_modules/d3-scale-chromatic
2629 silly ADD node_modules/d3-scale
2630 silly ADD node_modules/d3-sankey
2631 silly ADD node_modules/d3-sankey/node_modules/internmap
2632 silly ADD node_modules/d3-sankey/node_modules/d3-shape
2633 silly ADD node_modules/d3-sankey/node_modules/d3-path
2634 silly ADD node_modules/d3-sankey/node_modules/d3-array
2635 silly ADD node_modules/d3-random
2636 silly ADD node_modules/d3-quadtree
2637 silly ADD node_modules/d3-polygon
2638 silly ADD node_modules/d3-path
2639 silly ADD node_modules/d3-interpolate
2640 silly ADD node_modules/d3-hierarchy
2641 silly ADD node_modules/d3-geo
2642 silly ADD node_modules/d3-format
2643 silly ADD node_modules/d3-force
2644 silly ADD node_modules/d3-fetch
2645 silly ADD node_modules/d3-ease
2646 silly ADD node_modules/d3-dsv
2647 silly ADD node_modules/d3-dsv/node_modules/iconv-lite
2648 silly ADD node_modules/d3-dsv/node_modules/commander
2649 silly ADD node_modules/d3-drag
2650 silly ADD node_modules/d3-dispatch
2651 silly ADD node_modules/d3-delaunay
2652 silly ADD node_modules/d3-contour
2653 silly ADD node_modules/d3-color
2654 silly ADD node_modules/d3-chord
2655 silly ADD node_modules/d3-brush
2656 silly ADD node_modules/d3-axis
2657 silly ADD node_modules/d3-array
2658 silly ADD node_modules/d3
2659 silly ADD node_modules/cytoscape-fcose
2660 silly ADD node_modules/cytoscape-fcose/node_modules/layout-base
2661 silly ADD node_modules/cytoscape-fcose/node_modules/cose-base
2662 silly ADD node_modules/cytoscape-cose-bilkent
2663 silly ADD node_modules/cytoscape
2664 silly ADD node_modules/csstype
2665 silly ADD node_modules/csso
2666 silly ADD node_modules/csso/node_modules/mdn-data
2667 silly ADD node_modules/csso/node_modules/css-tree
2668 silly ADD node_modules/cssnano-utils
2669 silly ADD node_modules/cssnano-preset-default
2670 silly ADD node_modules/cssnano-preset-advanced
2671 silly ADD node_modules/cssnano
2672 silly ADD node_modules/cssesc
2673 silly ADD node_modules/cssdb
2674 silly ADD node_modules/css-what
2675 silly ADD node_modules/css-tree
2676 silly ADD node_modules/css-select
2677 silly ADD node_modules/css-prefers-color-scheme
2678 silly ADD node_modules/css-minimizer-webpack-plugin
2679 silly ADD node_modules/css-loader
2680 silly ADD node_modules/css-has-pseudo
2681 silly ADD node_modules/css-has-pseudo/node_modules/postcss-selector-parser
2682 silly ADD node_modules/css-has-pseudo/node_modules/@csstools/selector-specificity
2683 silly ADD node_modules/css-declaration-sorter
2684 silly ADD node_modules/css-blank-pseudo
2685 silly ADD node_modules/css-blank-pseudo/node_modules/postcss-selector-parser
2686 silly ADD node_modules/crypto-random-string
2687 silly ADD node_modules/crypto-random-string/node_modules/type-fest
2688 silly ADD node_modules/cross-spawn
2689 silly ADD node_modules/cosmiconfig
2690 silly ADD node_modules/cose-base
2691 silly ADD node_modules/core-util-is
2692 silly ADD node_modules/core-js-compat
2693 silly ADD node_modules/core-js
2694 silly ADD node_modules/copy-webpack-plugin
2695 silly ADD node_modules/copy-webpack-plugin/node_modules/slash
2696 silly ADD node_modules/copy-webpack-plugin/node_modules/globby
2697 silly ADD node_modules/copy-webpack-plugin/node_modules/glob-parent
2698 silly ADD node_modules/copy-text-to-clipboard
2699 silly ADD node_modules/cookie-signature
2700 silly ADD node_modules/cookie
2701 silly ADD node_modules/convert-source-map
2702 silly ADD node_modules/content-type
2703 silly ADD node_modules/content-disposition
2704 silly ADD node_modules/consola
2705 silly ADD node_modules/connect-history-api-fallback
2706 silly ADD node_modules/configstore
2707 silly ADD node_modules/config-chain
2708 silly ADD node_modules/config-chain/node_modules/ini
2709 silly ADD node_modules/concat-map
2710 silly ADD node_modules/compression
2711 silly ADD node_modules/compression/node_modules/ms
2712 silly ADD node_modules/compression/node_modules/debug
2713 silly ADD node_modules/compression/node_modules/bytes
2714 silly ADD node_modules/compressible
2715 silly ADD node_modules/compressible/node_modules/mime-db
2716 silly ADD node_modules/common-path-prefix
2717 silly ADD node_modules/commander
2718 silly ADD node_modules/comma-separated-tokens
2719 silly ADD node_modules/comlink
2720 silly ADD node_modules/combine-promises
2721 silly ADD node_modules/colorette
2722 silly ADD node_modules/colord
2723 silly ADD node_modules/color-name
2724 silly ADD node_modules/color-convert
2725 silly ADD node_modules/collapse-white-space
2726 silly ADD node_modules/clsx
2727 silly ADD node_modules/clone-deep
2728 silly ADD node_modules/cli-table3
2729 silly ADD node_modules/cli-table3/node_modules/string-width
2730 silly ADD node_modules/cli-table3/node_modules/emoji-regex
2731 silly ADD node_modules/cli-boxes
2732 silly ADD node_modules/clean-stack
2733 silly ADD node_modules/clean-css
2734 silly ADD node_modules/clean-css/node_modules/source-map
2735 silly ADD node_modules/ci-info
2736 silly ADD node_modules/chrome-trace-event
2737 silly ADD node_modules/chokidar
2738 silly ADD node_modules/cheerio-select
2739 silly ADD node_modules/cheerio
2740 silly ADD node_modules/character-reference-invalid
2741 silly ADD node_modules/character-entities-legacy
2742 silly ADD node_modules/character-entities-html4
2743 silly ADD node_modules/character-entities
2744 silly ADD node_modules/char-regex
2745 silly ADD node_modules/chalk
2746 silly ADD node_modules/ccount
2747 silly ADD node_modules/caniuse-lite
2748 silly ADD node_modules/caniuse-api
2749 silly ADD node_modules/camelcase
2750 silly ADD node_modules/camel-case
2751 silly ADD node_modules/callsites
2752 silly ADD node_modules/call-bound
2753 silly ADD node_modules/call-bind-apply-helpers
2754 silly ADD node_modules/call-bind
2755 silly ADD node_modules/cacheable-request
2756 silly ADD node_modules/cacheable-lookup
2757 silly ADD node_modules/bytestreamjs
2758 silly ADD node_modules/bytes
2759 silly ADD node_modules/bundle-name
2760 silly ADD node_modules/buffer-from
2761 silly ADD node_modules/browserslist
2762 silly ADD node_modules/braces
2763 silly ADD node_modules/brace-expansion
2764 silly ADD node_modules/boxen
2765 silly ADD node_modules/boolbase
2766 silly ADD node_modules/bonjour-service
2767 silly ADD node_modules/body-parser
2768 silly ADD node_modules/body-parser/node_modules/ms
2769 silly ADD node_modules/body-parser/node_modules/debug
2770 silly ADD node_modules/body-parser/node_modules/bytes
2771 silly ADD node_modules/binary-extensions
2772 silly ADD node_modules/big.js
2773 silly ADD node_modules/batch
2774 silly ADD node_modules/baseline-browser-mapping
2775 silly ADD node_modules/balanced-match
2776 silly ADD node_modules/bail
2777 silly ADD node_modules/babel-plugin-polyfill-regenerator
2778 silly ADD node_modules/babel-plugin-polyfill-corejs3
2779 silly ADD node_modules/babel-plugin-polyfill-corejs2
2780 silly ADD node_modules/babel-plugin-polyfill-corejs2/node_modules/semver
2781 silly ADD node_modules/babel-plugin-dynamic-import-node
2782 silly ADD node_modules/babel-loader
2783 silly ADD node_modules/autoprefixer
2784 silly ADD node_modules/astring
2785 silly ADD node_modules/asn1js
2786 silly ADD node_modules/array-union
2787 silly ADD node_modules/array-flatten
2788 silly ADD node_modules/argparse
2789 silly ADD node_modules/arg
2790 silly ADD node_modules/anymatch
2791 silly ADD node_modules/any-promise
2792 silly ADD node_modules/ansis
2793 silly ADD node_modules/ansi-styles
2794 silly ADD node_modules/ansi-regex
2795 silly ADD node_modules/ansi-html-community
2796 silly ADD node_modules/ansi-align
2797 silly ADD node_modules/ansi-align/node_modules/string-width
2798 silly ADD node_modules/ansi-align/node_modules/emoji-regex
2799 silly ADD node_modules/algoliasearch-helper
2800 silly ADD node_modules/algoliasearch
2801 silly ADD node_modules/ajv-keywords
2802 silly ADD node_modules/ajv-formats
2803 silly ADD node_modules/ajv
2804 silly ADD node_modules/aggregate-error
2805 silly ADD node_modules/address
2806 silly ADD node_modules/acorn-walk
2807 silly ADD node_modules/acorn-jsx
2808 silly ADD node_modules/acorn-import-phases
2809 silly ADD node_modules/acorn
2810 silly ADD node_modules/accepts
2811 silly ADD node_modules/accepts/node_modules/negotiator
2812 silly ADD node_modules/accepts/node_modules/mime-types
2813 silly ADD node_modules/accepts/node_modules/mime-db
2814 silly ADD node_modules/@xtuc/long
2815 silly ADD node_modules/@xtuc/ieee754
2816 silly ADD node_modules/@webassemblyjs/wast-printer
2817 silly ADD node_modules/@webassemblyjs/wasm-parser
2818 silly ADD node_modules/@webassemblyjs/wasm-opt
2819 silly ADD node_modules/@webassemblyjs/wasm-gen
2820 silly ADD node_modules/@webassemblyjs/wasm-edit
2821 silly ADD node_modules/@webassemblyjs/utf8
2822 silly ADD node_modules/@webassemblyjs/leb128
2823 silly ADD node_modules/@webassemblyjs/ieee754
2824 silly ADD node_modules/@webassemblyjs/helper-wasm-section
2825 silly ADD node_modules/@webassemblyjs/helper-wasm-bytecode
2826 silly ADD node_modules/@webassemblyjs/helper-numbers
2827 silly ADD node_modules/@webassemblyjs/helper-buffer
2828 silly ADD node_modules/@webassemblyjs/helper-api-error
2829 silly ADD node_modules/@webassemblyjs/floating-point-hex-parser
2830 silly ADD node_modules/@webassemblyjs/ast
2831 silly ADD node_modules/@upsetjs/venn.js
2832 silly ADD node_modules/@ungap/structured-clone
2833 silly ADD node_modules/@types/yargs-parser
2834 silly ADD node_modules/@types/yargs
2835 silly ADD node_modules/@types/ws
2836 silly ADD node_modules/@types/unist
2837 silly ADD node_modules/@types/trusted-types
2838 silly ADD node_modules/@types/sockjs
2839 silly ADD node_modules/@types/serve-static
2840 silly ADD node_modules/@types/serve-static/node_modules/@types/send
2841 silly ADD node_modules/@types/serve-index
2842 silly ADD node_modules/@types/send
2843 silly ADD node_modules/@types/sax
2844 silly ADD node_modules/@types/retry
2845 silly ADD node_modules/@types/react-router-dom
2846 silly ADD node_modules/@types/react-router-config
2847 silly ADD node_modules/@types/react-router
2848 silly ADD node_modules/@types/react
2849 silly ADD node_modules/@types/range-parser
2850 silly ADD node_modules/@types/qs
2851 silly ADD node_modules/@types/prismjs
2852 silly ADD node_modules/@types/node
2853 silly ADD node_modules/@types/ms
2854 silly ADD node_modules/@types/mime
2855 silly ADD node_modules/@types/mdx
2856 silly ADD node_modules/@types/mdast
2857 silly ADD node_modules/@types/json-schema
2858 silly ADD node_modules/@types/istanbul-reports
2859 silly ADD node_modules/@types/istanbul-lib-report
2860 silly ADD node_modules/@types/istanbul-lib-coverage
2861 silly ADD node_modules/@types/http-proxy
2862 silly ADD node_modules/@types/http-errors
2863 silly ADD node_modules/@types/http-cache-semantics
2864 silly ADD node_modules/@types/html-minifier-terser
2865 silly ADD node_modules/@types/history
2866 silly ADD node_modules/@types/hast
2867 silly ADD node_modules/@types/gtag.js
2868 silly ADD node_modules/@types/geojson
2869 silly ADD node_modules/@types/express-serve-static-core
2870 silly ADD node_modules/@types/express
2871 silly ADD node_modules/@types/estree-jsx
2872 silly ADD node_modules/@types/estree
2873 silly ADD node_modules/@types/debug
2874 silly ADD node_modules/@types/d3-zoom
2875 silly ADD node_modules/@types/d3-transition
2876 silly ADD node_modules/@types/d3-timer
2877 silly ADD node_modules/@types/d3-time-format
2878 silly ADD node_modules/@types/d3-time
2879 silly ADD node_modules/@types/d3-shape
2880 silly ADD node_modules/@types/d3-selection
2881 silly ADD node_modules/@types/d3-scale-chromatic
2882 silly ADD node_modules/@types/d3-scale
2883 silly ADD node_modules/@types/d3-random
2884 silly ADD node_modules/@types/d3-quadtree
2885 silly ADD node_modules/@types/d3-polygon
2886 silly ADD node_modules/@types/d3-path
2887 silly ADD node_modules/@types/d3-interpolate
2888 silly ADD node_modules/@types/d3-hierarchy
2889 silly ADD node_modules/@types/d3-geo
2890 silly ADD node_modules/@types/d3-format
2891 silly ADD node_modules/@types/d3-force
2892 silly ADD node_modules/@types/d3-fetch
2893 silly ADD node_modules/@types/d3-ease
2894 silly ADD node_modules/@types/d3-dsv
2895 silly ADD node_modules/@types/d3-drag
2896 silly ADD node_modules/@types/d3-dispatch
2897 silly ADD node_modules/@types/d3-delaunay
2898 silly ADD node_modules/@types/d3-contour
2899 silly ADD node_modules/@types/d3-color
2900 silly ADD node_modules/@types/d3-chord
2901 silly ADD node_modules/@types/d3-brush
2902 silly ADD node_modules/@types/d3-axis
2903 silly ADD node_modules/@types/d3-array
2904 silly ADD node_modules/@types/d3
2905 silly ADD node_modules/@types/connect-history-api-fallback
2906 silly ADD node_modules/@types/connect
2907 silly ADD node_modules/@types/bonjour
2908 silly ADD node_modules/@types/body-parser
2909 silly ADD node_modules/@tybys/wasm-util
2910 silly ADD node_modules/@szmarczak/http-timer
2911 silly ADD node_modules/@swc/types
2912 silly ADD
2913 silly ADD
2914 silly ADD
2915 silly ADD
2916 silly ADD
2917 silly ADD
2918 silly ADD
2919 silly ADD
2920 silly ADD
2921 silly ADD
2922 silly ADD
2923 silly ADD node_modules/@swc/html-darwin-arm64
2924 silly ADD node_modules/@swc/html
2925 silly ADD node_modules/@swc/counter
2926 silly ADD
2927 silly ADD
2928 silly ADD
2929 silly ADD
2930 silly ADD
2931 silly ADD
2932 silly ADD
2933 silly ADD
2934 silly ADD
2935 silly ADD
2936 silly ADD
2937 silly ADD node_modules/@swc/core-darwin-arm64
2938 silly ADD node_modules/@swc/core
2939 silly ADD node_modules/@svgr/webpack
2940 silly ADD node_modules/@svgr/plugin-svgo
2941 silly ADD node_modules/@svgr/plugin-jsx
2942 silly ADD node_modules/@svgr/hast-util-to-babel-ast
2943 silly ADD node_modules/@svgr/core
2944 silly ADD node_modules/@svgr/babel-preset
2945 silly ADD node_modules/@svgr/babel-plugin-transform-svg-component
2946 silly ADD node_modules/@svgr/babel-plugin-transform-react-native-svg
2947 silly ADD node_modules/@svgr/babel-plugin-svg-em-dimensions
2948 silly ADD node_modules/@svgr/babel-plugin-svg-dynamic-title
2949 silly ADD node_modules/@svgr/babel-plugin-replace-jsx-attribute-value
2950 silly ADD node_modules/@svgr/babel-plugin-remove-jsx-empty-expression
2951 silly ADD node_modules/@svgr/babel-plugin-remove-jsx-attribute
2952 silly ADD node_modules/@svgr/babel-plugin-add-jsx-attribute
2953 silly ADD node_modules/@slorber/remark-comment
2954 silly ADD node_modules/@sindresorhus/is
2955 silly ADD node_modules/@sinclair/typebox
2956 silly ADD node_modules/@sideway/pinpoint
2957 silly ADD node_modules/@sideway/formula
2958 silly ADD node_modules/@sideway/address
2959 silly ADD node_modules/@rspack/lite-tapable
2960 silly ADD node_modules/@rspack/core
2961 silly ADD
2962 silly ADD
2963 silly ADD
2964 silly ADD
2965 silly ADD
2966 silly ADD
2967 silly ADD
2968 silly ADD
2969 silly ADD
2970 silly ADD node_modules/@rspack/binding-darwin-arm64
2971 silly ADD node_modules/@rspack/binding
2972 silly ADD node_modules/@polka/url
2973 silly ADD node_modules/@pnpm/npm-conf
2974 silly ADD node_modules/@pnpm/network.ca-file
2975 silly ADD node_modules/@pnpm/network.ca-file/node_modules/graceful-fs
2976 silly ADD node_modules/@pnpm/config.env-replace
2977 silly ADD node_modules/@philpl/buble
2978 silly ADD node_modules/@philpl/buble/node_modules/supports-color
2979 silly ADD node_modules/@philpl/buble/node_modules/regjsparser
2980 silly ADD node_modules/@philpl/buble/node_modules/regjsgen
2981 silly ADD node_modules/@philpl/buble/node_modules/regexpu-core
2982 silly ADD node_modules/@philpl/buble/node_modules/regenerate-unicode-properties
2983 silly ADD node_modules/@philpl/buble/node_modules/jsesc
2984 silly ADD node_modules/@philpl/buble/node_modules/has-flag
2985 silly ADD node_modules/@philpl/buble/node_modules/escape-string-regexp
2986 silly ADD node_modules/@philpl/buble/node_modules/color-name
2987 silly ADD node_modules/@philpl/buble/node_modules/color-convert
2988 silly ADD node_modules/@philpl/buble/node_modules/chalk
2989 silly ADD node_modules/@philpl/buble/node_modules/ansi-styles
2990 silly ADD node_modules/@philpl/buble/node_modules/acorn-dynamic-import
2991 silly ADD node_modules/@philpl/buble/node_modules/acorn-class-fields
2992 silly ADD node_modules/@philpl/buble/node_modules/acorn
2993 silly ADD node_modules/@peculiar/x509
2994 silly ADD node_modules/@peculiar/utils
2995 silly ADD node_modules/@peculiar/asn1-x509-attr
2996 silly ADD node_modules/@peculiar/asn1-x509
2997 silly ADD node_modules/@peculiar/asn1-schema
2998 silly ADD node_modules/@peculiar/asn1-rsa
2999 silly ADD node_modules/@peculiar/asn1-pkcs9
3000 silly ADD node_modules/@peculiar/asn1-pkcs8
3001 silly ADD node_modules/@peculiar/asn1-pfx
3002 silly ADD node_modules/@peculiar/asn1-ecc
3003 silly ADD node_modules/@peculiar/asn1-csr
3004 silly ADD node_modules/@peculiar/asn1-cms
3005 silly ADD node_modules/@nodelib/fs.walk
3006 silly ADD node_modules/@nodelib/fs.stat
3007 silly ADD node_modules/@nodelib/fs.scandir
3008 silly ADD
3009 silly ADD
3010 silly ADD
3011 silly ADD
3012 silly ADD node_modules/@napi-rs/wasm-runtime
3013 silly ADD
3014 silly ADD
3015 silly ADD
3016 silly ADD
3017 silly ADD
3018 silly ADD
3019 silly ADD
3020 silly ADD node_modules/@node-rs/jieba-darwin-arm64
3021 silly ADD
3022 silly ADD
3023 silly ADD node_modules/@node-rs/jieba
3024 silly ADD node_modules/@noble/hashes
3025 silly ADD
3026 silly ADD node_modules/@module-federation/webpack-bundler-runtime
3027 silly ADD node_modules/@module-federation/sdk
3028 silly ADD node_modules/@module-federation/runtime-tools
3029 silly ADD node_modules/@module-federation/runtime-core
3030 silly ADD node_modules/@module-federation/runtime
3031 silly ADD node_modules/@module-federation/error-codes
3032 silly ADD node_modules/@mermaid-js/parser
3033 silly ADD node_modules/@mdx-js/react
3034 silly ADD node_modules/@mdx-js/mdx
3035 silly ADD node_modules/@leichtgewicht/ip-codec
3036 silly ADD node_modules/@jsonjoy.com/util
3037 silly ADD node_modules/@jsonjoy.com/util/node_modules/@jsonjoy.com/buffers
3038 silly ADD node_modules/@jsonjoy.com/json-pointer
3039 silly ADD node_modules/@jsonjoy.com/json-pack
3040 silly ADD node_modules/@jsonjoy.com/json-pack/node_modules/@jsonjoy.com/buffers
3041 silly ADD node_modules/@jsonjoy.com/fs-snapshot
3042 silly ADD node_modules/@jsonjoy.com/fs-snapshot/node_modules/@jsonjoy.com/util
3043 silly ADD node_modules/@jsonjoy.com/fs-snapshot/node_modules/@jsonjoy.com/json-pointer
3044 silly ADD node_modules/@jsonjoy.com/fs-snapshot/node_modules/@jsonjoy.com/json-pack
3045 silly ADD node_modules/@jsonjoy.com/fs-snapshot/node_modules/@jsonjoy.com/codegen
3046 silly ADD node_modules/@jsonjoy.com/fs-snapshot/node_modules/@jsonjoy.com/base64
3047 silly ADD node_modules/@jsonjoy.com/fs-print
3048 silly ADD node_modules/@jsonjoy.com/fs-node-utils
3049 silly ADD node_modules/@jsonjoy.com/fs-node-to-fsa
3050 silly ADD node_modules/@jsonjoy.com/fs-node-builtins
3051 silly ADD node_modules/@jsonjoy.com/fs-node
3052 silly ADD node_modules/@jsonjoy.com/fs-fsa
3053 silly ADD node_modules/@jsonjoy.com/fs-core
3054 silly ADD node_modules/@jsonjoy.com/codegen
3055 silly ADD node_modules/@jsonjoy.com/buffers
3056 silly ADD node_modules/@jsonjoy.com/base64
3057 silly ADD node_modules/@jridgewell/trace-mapping
3058 silly ADD node_modules/@jridgewell/sourcemap-codec
3059 silly ADD node_modules/@jridgewell/source-map
3060 silly ADD node_modules/@jridgewell/resolve-uri
3061 silly ADD node_modules/@jridgewell/remapping
3062 silly ADD node_modules/@jridgewell/gen-mapping
3063 silly ADD node_modules/@jest/types
3064 silly ADD node_modules/@jest/schemas
3065 silly ADD node_modules/@iconify/utils
3066 silly ADD node_modules/@iconify/types
3067 silly ADD node_modules/@hapi/topo
3068 silly ADD node_modules/@hapi/hoek
3069 silly ADD node_modules/@emnapi/wasi-threads
3070 silly ADD node_modules/@emnapi/runtime
3071 silly ADD node_modules/@emnapi/core
3072 silly ADD node_modules/@easyops-cn/docusaurus-search-local
3073 silly ADD node_modules/@easyops-cn/docusaurus-search-local/node_modules/htmlparser2
3074 silly ADD node_modules/@easyops-cn/docusaurus-search-local/node_modules/fs-extra
3075 silly ADD node_modules/@easyops-cn/docusaurus-search-local/node_modules/entities
3076 silly ADD node_modules/@easyops-cn/docusaurus-search-local/node_modules/cheerio
3077 silly ADD node_modules/@easyops-cn/autocomplete.js
3078 silly ADD node_modules/@docusaurus/utils-validation
3079 silly ADD node_modules/@docusaurus/utils-common
3080 silly ADD node_modules/@docusaurus/utils
3081 silly ADD node_modules/@docusaurus/types
3082 silly ADD node_modules/@docusaurus/types/node_modules/webpack-merge
3083 silly ADD node_modules/@docusaurus/tsconfig
3084 silly ADD node_modules/@docusaurus/theme-translations
3085 silly ADD node_modules/@docusaurus/theme-search-algolia
3086 silly ADD node_modules/@docusaurus/theme-mermaid
3087 silly ADD node_modules/@docusaurus/theme-live-codeblock
3088 silly ADD node_modules/@docusaurus/theme-common
3089 silly ADD node_modules/@docusaurus/theme-classic
3090 silly ADD node_modules/@docusaurus/preset-classic
3091 silly ADD node_modules/@docusaurus/plugin-svgr
3092 silly ADD node_modules/@docusaurus/plugin-sitemap
3093 silly ADD node_modules/@docusaurus/plugin-google-tag-manager
3094 silly ADD node_modules/@docusaurus/plugin-google-gtag
3095 silly ADD node_modules/@docusaurus/plugin-google-analytics
3096 silly ADD node_modules/@docusaurus/plugin-debug
3097 silly ADD node_modules/@docusaurus/plugin-css-cascade-layers
3098 silly ADD node_modules/@docusaurus/plugin-content-pages
3099 silly ADD node_modules/@docusaurus/plugin-content-docs
3100 silly ADD node_modules/@docusaurus/plugin-content-blog
3101 silly ADD node_modules/@docusaurus/plugin-client-redirects
3102 silly ADD node_modules/@docusaurus/module-type-aliases
3103 silly ADD node_modules/@docusaurus/mdx-loader
3104 silly ADD node_modules/@docusaurus/logger
3105 silly ADD node_modules/@docusaurus/faster
3106 silly ADD node_modules/@docusaurus/cssnano-preset
3107 silly ADD node_modules/@docusaurus/core
3108 silly ADD node_modules/@docusaurus/bundler
3109 silly ADD node_modules/@docusaurus/babel
3110 silly ADD node_modules/@docsearch/react
3111 silly ADD node_modules/@docsearch/react/node_modules/@algolia/autocomplete-shared
3112 silly ADD node_modules/@docsearch/react/node_modules/@algolia/autocomplete-plugin-algolia-insights
3113 silly ADD node_modules/@docsearch/react/node_modules/@algolia/autocomplete-core
3114 silly ADD node_modules/@docsearch/css
3115 silly ADD node_modules/@docsearch/core
3116 silly ADD node_modules/@discoveryjs/json-ext
3117 silly ADD node_modules/@csstools/utilities
3118 silly ADD node_modules/@csstools/postcss-unset-value
3119 silly ADD node_modules/@csstools/postcss-trigonometric-functions
3120 silly ADD node_modules/@csstools/postcss-text-decoration-shorthand
3121 silly ADD node_modules/@csstools/postcss-system-ui-font-family
3122 silly ADD node_modules/@csstools/postcss-syntax-descriptor-syntax-production
3123 silly ADD node_modules/@csstools/postcss-stepped-value-functions
3124 silly ADD node_modules/@csstools/postcss-sign-functions
3125 silly ADD node_modules/@csstools/postcss-scope-pseudo-class
3126 silly ADD node_modules/@csstools/postcss-scope-pseudo-class/node_modules/postcss-selector-parser
3127 silly ADD node_modules/@csstools/postcss-relative-color-syntax
3128 silly ADD node_modules/@csstools/postcss-random-function
3129 silly ADD node_modules/@csstools/postcss-property-rule-prelude-list
3130 silly ADD node_modules/@csstools/postcss-progressive-custom-properties
3131 silly ADD node_modules/@csstools/postcss-position-area-property
3132 silly ADD node_modules/@csstools/postcss-oklab-function
3133 silly ADD node_modules/@csstools/postcss-normalize-display-values
3134 silly ADD node_modules/@csstools/postcss-nested-calc
3135 silly ADD node_modules/@csstools/postcss-media-queries-aspect-ratio-number-values
3136 silly ADD node_modules/@csstools/postcss-media-minmax
3137 silly ADD node_modules/@csstools/postcss-logical-viewport-units
3138 silly ADD node_modules/@csstools/postcss-logical-resize
3139 silly ADD node_modules/@csstools/postcss-logical-overscroll-behavior
3140 silly ADD node_modules/@csstools/postcss-logical-overflow
3141 silly ADD node_modules/@csstools/postcss-logical-float-and-clear
3142 silly ADD node_modules/@csstools/postcss-light-dark-function
3143 silly ADD node_modules/@csstools/postcss-is-pseudo-class
3144 silly ADD node_modules/@csstools/postcss-is-pseudo-class/node_modules/postcss-selector-parser
3145 silly ADD node_modules/@csstools/postcss-is-pseudo-class/node_modules/@csstools/selector-specificity
3146 silly ADD node_modules/@csstools/postcss-initial
3147 silly ADD node_modules/@csstools/postcss-ic-unit
3148 silly ADD node_modules/@csstools/postcss-hwb-function
3149 silly ADD node_modules/@csstools/postcss-gradients-interpolation-method
3150 silly ADD node_modules/@csstools/postcss-gamut-mapping
3151 silly ADD node_modules/@csstools/postcss-font-format-keywords
3152 silly ADD node_modules/@csstools/postcss-exponential-functions
3153 silly ADD node_modules/@csstools/postcss-contrast-color-function
3154 silly ADD node_modules/@csstools/postcss-content-alt-text
3155 silly ADD node_modules/@csstools/postcss-color-mix-variadic-function-arguments
3156 silly ADD node_modules/@csstools/postcss-color-mix-function
3157 silly ADD node_modules/@csstools/postcss-color-function-display-p3-linear
3158 silly ADD node_modules/@csstools/postcss-color-function
3159 silly ADD node_modules/@csstools/postcss-cascade-layers
3160 silly ADD node_modules/@csstools/postcss-cascade-layers/node_modules/postcss-selector-parser
3161 silly ADD node_modules/@csstools/postcss-cascade-layers/node_modules/@csstools/selector-specificity
3162 silly ADD node_modules/@csstools/postcss-alpha-function
3163 silly ADD node_modules/@csstools/media-query-list-parser
3164 silly ADD node_modules/@csstools/css-tokenizer
3165 silly ADD node_modules/@csstools/css-parser-algorithms
3166 silly ADD node_modules/@csstools/css-color-parser
3167 silly ADD node_modules/@csstools/css-calc
3168 silly ADD node_modules/@csstools/color-helpers
3169 silly ADD node_modules/@csstools/cascade-layer-name-parser
3170 silly ADD node_modules/@colors/colors
3171 silly ADD node_modules/@chevrotain/types
3172 silly ADD node_modules/@braintree/sanitize-url
3173 silly ADD node_modules/@babel/types
3174 silly ADD node_modules/@babel/traverse
3175 silly ADD node_modules/@babel/template
3176 silly ADD node_modules/@babel/runtime
3177 silly ADD node_modules/@babel/preset-typescript
3178 silly ADD node_modules/@babel/preset-react
3179 silly ADD node_modules/@babel/preset-modules
3180 silly ADD node_modules/@babel/preset-env
3181 silly ADD node_modules/@babel/preset-env/node_modules/semver
3182 silly ADD node_modules/@babel/preset-env/node_modules/babel-plugin-polyfill-corejs3
3183 silly ADD node_modules/@babel/plugin-transform-unicode-sets-regex
3184 silly ADD node_modules/@babel/plugin-transform-unicode-regex
3185 silly ADD node_modules/@babel/plugin-transform-unicode-property-regex
3186 silly ADD node_modules/@babel/plugin-transform-unicode-escapes
3187 silly ADD node_modules/@babel/plugin-transform-typescript
3188 silly ADD node_modules/@babel/plugin-transform-typeof-symbol
3189 silly ADD node_modules/@babel/plugin-transform-template-literals
3190 silly ADD node_modules/@babel/plugin-transform-sticky-regex
3191 silly ADD node_modules/@babel/plugin-transform-spread
3192 silly ADD node_modules/@babel/plugin-transform-shorthand-properties
3193 silly ADD node_modules/@babel/plugin-transform-runtime
3194 silly ADD node_modules/@babel/plugin-transform-runtime/node_modules/semver
3195 silly ADD node_modules/@babel/plugin-transform-reserved-words
3196 silly ADD node_modules/@babel/plugin-transform-regexp-modifiers
3197 silly ADD node_modules/@babel/plugin-transform-regenerator
3198 silly ADD node_modules/@babel/plugin-transform-react-pure-annotations
3199 silly ADD node_modules/@babel/plugin-transform-react-jsx-development
3200 silly ADD node_modules/@babel/plugin-transform-react-jsx
3201 silly ADD node_modules/@babel/plugin-transform-react-display-name
3202 silly ADD node_modules/@babel/plugin-transform-react-constant-elements
3203 silly ADD node_modules/@babel/plugin-transform-property-literals
3204 silly ADD node_modules/@babel/plugin-transform-private-property-in-object
3205 silly ADD node_modules/@babel/plugin-transform-private-methods
3206 silly ADD node_modules/@babel/plugin-transform-parameters
3207 silly ADD node_modules/@babel/plugin-transform-optional-chaining
3208 silly ADD node_modules/@babel/plugin-transform-optional-catch-binding
3209 silly ADD node_modules/@babel/plugin-transform-object-super
3210 silly ADD node_modules/@babel/plugin-transform-object-rest-spread
3211 silly ADD node_modules/@babel/plugin-transform-numeric-separator
3212 silly ADD node_modules/@babel/plugin-transform-nullish-coalescing-operator
3213 silly ADD node_modules/@babel/plugin-transform-new-target
3214 silly ADD node_modules/@babel/plugin-transform-named-capturing-groups-regex
3215 silly ADD node_modules/@babel/plugin-transform-modules-umd
3216 silly ADD node_modules/@babel/plugin-transform-modules-systemjs
3217 silly ADD node_modules/@babel/plugin-transform-modules-commonjs
3218 silly ADD node_modules/@babel/plugin-transform-modules-amd
3219 silly ADD node_modules/@babel/plugin-transform-member-expression-literals
3220 silly ADD node_modules/@babel/plugin-transform-logical-assignment-operators
3221 silly ADD node_modules/@babel/plugin-transform-literals
3222 silly ADD node_modules/@babel/plugin-transform-json-strings
3223 silly ADD node_modules/@babel/plugin-transform-function-name
3224 silly ADD node_modules/@babel/plugin-transform-for-of
3225 silly ADD node_modules/@babel/plugin-transform-export-namespace-from
3226 silly ADD node_modules/@babel/plugin-transform-exponentiation-operator
3227 silly ADD node_modules/@babel/plugin-transform-explicit-resource-management
3228 silly ADD node_modules/@babel/plugin-transform-dynamic-import
3229 silly ADD node_modules/@babel/plugin-transform-duplicate-named-capturing-groups-regex
3230 silly ADD node_modules/@babel/plugin-transform-duplicate-keys
3231 silly ADD node_modules/@babel/plugin-transform-dotall-regex
3232 silly ADD node_modules/@babel/plugin-transform-destructuring
3233 silly ADD node_modules/@babel/plugin-transform-computed-properties
3234 silly ADD node_modules/@babel/plugin-transform-classes
3235 silly ADD node_modules/@babel/plugin-transform-class-static-block
3236 silly ADD node_modules/@babel/plugin-transform-class-properties
3237 silly ADD node_modules/@babel/plugin-transform-block-scoping
3238 silly ADD node_modules/@babel/plugin-transform-block-scoped-functions
3239 silly ADD node_modules/@babel/plugin-transform-async-to-generator
3240 silly ADD node_modules/@babel/plugin-transform-async-generator-functions
3241 silly ADD node_modules/@babel/plugin-transform-arrow-functions
3242 silly ADD node_modules/@babel/plugin-syntax-unicode-sets-regex
3243 silly ADD node_modules/@babel/plugin-syntax-typescript
3244 silly ADD node_modules/@babel/plugin-syntax-jsx
3245 silly ADD node_modules/@babel/plugin-syntax-import-attributes
3246 silly ADD node_modules/@babel/plugin-syntax-import-assertions
3247 silly ADD node_modules/@babel/plugin-syntax-dynamic-import
3248 silly ADD node_modules/@babel/plugin-proposal-private-property-in-object
3249 silly ADD node_modules/@babel/plugin-bugfix-v8-static-class-fields-redefine-readonly
3250 silly ADD node_modules/@babel/plugin-bugfix-v8-spread-parameters-in-optional-chaining
3251 silly ADD node_modules/@babel/plugin-bugfix-safari-rest-destructuring-rhs-array
3252 silly ADD node_modules/@babel/plugin-bugfix-safari-id-destructuring-collision-in-function-expression
3253 silly ADD node_modules/@babel/plugin-bugfix-safari-class-field-initializer-scope
3254 silly ADD node_modules/@babel/plugin-bugfix-firefox-class-in-computed-class-key
3255 silly ADD node_modules/@babel/parser
3256 silly ADD node_modules/@babel/helpers
3257 silly ADD node_modules/@babel/helper-wrap-function
3258 silly ADD node_modules/@babel/helper-validator-option
3259 silly ADD node_modules/@babel/helper-validator-identifier
3260 silly ADD node_modules/@babel/helper-string-parser
3261 silly ADD node_modules/@babel/helper-skip-transparent-expression-wrappers
3262 silly ADD node_modules/@babel/helper-replace-supers
3263 silly ADD node_modules/@babel/helper-remap-async-to-generator
3264 silly ADD node_modules/@babel/helper-plugin-utils
3265 silly ADD node_modules/@babel/helper-optimise-call-expression
3266 silly ADD node_modules/@babel/helper-module-transforms
3267 silly ADD node_modules/@babel/helper-module-imports
3268 silly ADD node_modules/@babel/helper-member-expression-to-functions
3269 silly ADD node_modules/@babel/helper-globals
3270 silly ADD node_modules/@babel/helper-define-polyfill-provider
3271 silly ADD node_modules/@babel/helper-create-regexp-features-plugin
3272 silly ADD node_modules/@babel/helper-create-regexp-features-plugin/node_modules/semver
3273 silly ADD node_modules/@babel/helper-create-class-features-plugin
3274 silly ADD node_modules/@babel/helper-create-class-features-plugin/node_modules/semver
3275 silly ADD node_modules/@babel/helper-compilation-targets
3276 silly ADD node_modules/@babel/helper-compilation-targets/node_modules/semver
3277 silly ADD node_modules/@babel/helper-annotate-as-pure
3278 silly ADD node_modules/@babel/generator
3279 silly ADD node_modules/@babel/core
3280 silly ADD node_modules/@babel/core/node_modules/semver
3281 silly ADD node_modules/@babel/compat-data
3282 silly ADD node_modules/@babel/code-frame
3283 silly ADD node_modules/@antfu/install-pkg
3284 silly ADD node_modules/@algolia/requester-node-http
3285 silly ADD node_modules/@algolia/requester-fetch
3286 silly ADD node_modules/@algolia/requester-browser-xhr
3287 silly ADD node_modules/@algolia/recommend
3288 silly ADD node_modules/@algolia/monitoring
3289 silly ADD node_modules/@algolia/ingestion
3290 silly ADD node_modules/@algolia/events
3291 silly ADD node_modules/@algolia/client-search
3292 silly ADD node_modules/@algolia/client-query-suggestions
3293 silly ADD node_modules/@algolia/client-personalization
3294 silly ADD node_modules/@algolia/client-insights
3295 silly ADD node_modules/@algolia/client-common
3296 silly ADD node_modules/@algolia/client-analytics
3297 silly ADD node_modules/@algolia/client-abtesting
3298 silly ADD node_modules/@algolia/autocomplete-shared
3299 silly ADD node_modules/@algolia/autocomplete-plugin-algolia-insights
3300 silly ADD node_modules/@algolia/autocomplete-core
3301 silly ADD node_modules/@algolia/abtesting
3302 verbose cwd /Users/chenhan/Desktop/Git/WSDoc
3303 verbose os Darwin 25.5.0
3304 verbose node v22.23.1
3305 verbose npm  v10.9.8
3306 verbose exit 0
3307 info ok
