0 verbose cli /Users/chenhan/.hermes/node/bin/node /Users/chenhan/.local/bin/npm
1 info using npm@10.9.8
2 info using node@v22.23.1
3 silly config load:file:/Users/chenhan/.hermes/node/lib/node_modules/npm/npmrc
4 silly config load:file:/Users/chenhan/Desktop/Git/WSDoc/.npmrc
5 silly config load:file:/Users/chenhan/.npmrc
6 silly config load:file:/Users/chenhan/.npm-global/etc/npmrc
7 verbose title npm ci
8 verbose argv "ci" "--prefer-offline" "--cache" ".npm" "--ignore-scripts"
9 verbose logfile logs-max:10 dir:/Users/chenhan/Desktop/Git/WSDoc/.npm/_logs/2026-07-15T01_25_53_778Z-
10 verbose logfile /Users/chenhan/Desktop/Git/WSDoc/.npm/_logs/2026-07-15T01_25_53_778Z-debug-0.log
11 silly logfile done cleaning log files
12 silly packumentCache heap:4345298944 maxSize:1086324736 maxEntrySize:543162368
13 silly idealTree buildDeps
14 silly reify moves {}
15 silly audit bulk request {
15 silly audit   '@algolia/abtesting': [ '1.19.0' ],
15 silly audit   '@algolia/autocomplete-core': [ '1.19.8', '1.19.2' ],
15 silly audit   '@algolia/autocomplete-plugin-algolia-insights': [ '1.19.8', '1.19.2' ],
15 silly audit   '@algolia/autocomplete-shared': [ '1.19.8', '1.19.2' ],
15 silly audit   '@algolia/client-abtesting': [ '5.53.0' ],
15 silly audit   '@algolia/client-analytics': [ '5.53.0' ],
15 silly audit   '@algolia/client-common': [ '5.53.0' ],
15 silly audit   '@algolia/client-insights': [ '5.53.0' ],
15 silly audit   '@algolia/client-personalization': [ '5.53.0' ],
15 silly audit   '@algolia/client-query-suggestions': [ '5.53.0' ],
15 silly audit   '@algolia/client-search': [ '5.53.0' ],
15 silly audit   '@algolia/events': [ '4.0.1' ],
15 silly audit   '@algolia/ingestion': [ '1.53.0' ],
15 silly audit   '@algolia/monitoring': [ '1.53.0' ],
15 silly audit   '@algolia/recommend': [ '5.53.0' ],
15 silly audit   '@algolia/requester-browser-xhr': [ '5.53.0' ],
15 silly audit   '@algolia/requester-fetch': [ '5.53.0' ],
15 silly audit   '@algolia/requester-node-http': [ '5.53.0' ],
15 silly audit   '@antfu/install-pkg': [ '1.1.0' ],
15 silly audit   '@babel/code-frame': [ '7.29.7' ],
15 silly audit   '@babel/compat-data': [ '7.29.7' ],
15 silly audit   '@babel/core': [ '7.29.7' ],
15 silly audit   semver: [ '6.3.1', '7.8.1' ],
15 silly audit   '@babel/generator': [ '7.29.7' ],
15 silly audit   '@babel/helper-annotate-as-pure': [ '7.29.7' ],
15 silly audit   '@babel/helper-compilation-targets': [ '7.29.7' ],
15 silly audit   '@babel/helper-create-class-features-plugin': [ '7.29.7' ],
15 silly audit   '@babel/helper-create-regexp-features-plugin': [ '7.29.7' ],
15 silly audit   '@babel/helper-define-polyfill-provider': [ '0.6.8' ],
15 silly audit   '@babel/helper-globals': [ '7.29.7' ],
15 silly audit   '@babel/helper-member-expression-to-functions': [ '7.29.7' ],
15 silly audit   '@babel/helper-module-imports': [ '7.29.7' ],
15 silly audit   '@babel/helper-module-transforms': [ '7.29.7' ],
15 silly audit   '@babel/helper-optimise-call-expression': [ '7.29.7' ],
15 silly audit   '@babel/helper-plugin-utils': [ '7.29.7' ],
15 silly audit   '@babel/helper-remap-async-to-generator': [ '7.29.7' ],
15 silly audit   '@babel/helper-replace-supers': [ '7.29.7' ],
15 silly audit   '@babel/helper-skip-transparent-expression-wrappers': [ '7.29.7' ],
15 silly audit   '@babel/helper-string-parser': [ '7.29.7' ],
15 silly audit   '@babel/helper-validator-identifier': [ '7.29.7' ],
15 silly audit   '@babel/helper-validator-option': [ '7.29.7' ],
15 silly audit   '@babel/helper-wrap-function': [ '7.29.7' ],
15 silly audit   '@babel/helpers': [ '7.29.7' ],
15 silly audit   '@babel/parser': [ '7.29.7' ],
15 silly audit   '@babel/plugin-bugfix-firefox-class-in-computed-class-key': [ '7.29.7' ],
15 silly audit   '@babel/plugin-bugfix-safari-class-field-initializer-scope': [ '7.29.7' ],
15 silly audit   '@babel/plugin-bugfix-safari-id-destructuring-collision-in-function-expression': [ '7.29.7' ],
15 silly audit   '@babel/plugin-bugfix-safari-rest-destructuring-rhs-array': [ '7.29.7' ],
15 silly audit   '@babel/plugin-bugfix-v8-spread-parameters-in-optional-chaining': [ '7.29.7' ],
15 silly audit   '@babel/plugin-bugfix-v8-static-class-fields-redefine-readonly': [ '7.29.7' ],
15 silly audit   '@babel/plugin-proposal-private-property-in-object': [ '7.21.0-placeholder-for-preset-env.2' ],
15 silly audit   '@babel/plugin-syntax-dynamic-import': [ '7.8.3' ],
15 silly audit   '@babel/plugin-syntax-import-assertions': [ '7.29.7' ],
15 silly audit   '@babel/plugin-syntax-import-attributes': [ '7.29.7' ],
15 silly audit   '@babel/plugin-syntax-jsx': [ '7.29.7' ],
15 silly audit   '@babel/plugin-syntax-typescript': [ '7.29.7' ],
15 silly audit   '@babel/plugin-syntax-unicode-sets-regex': [ '7.18.6' ],
15 silly audit   '@babel/plugin-transform-arrow-functions': [ '7.29.7' ],
15 silly audit   '@babel/plugin-transform-async-generator-functions': [ '7.29.7' ],
15 silly audit   '@babel/plugin-transform-async-to-generator': [ '7.29.7' ],
15 silly audit   '@babel/plugin-transform-block-scoped-functions': [ '7.29.7' ],
15 silly audit   '@babel/plugin-transform-block-scoping': [ '7.29.7' ],
15 silly audit   '@babel/plugin-transform-class-properties': [ '7.29.7' ],
15 silly audit   '@babel/plugin-transform-class-static-block': [ '7.29.7' ],
15 silly audit   '@babel/plugin-transform-classes': [ '7.29.7' ],
15 silly audit   '@babel/plugin-transform-computed-properties': [ '7.29.7' ],
15 silly audit   '@babel/plugin-transform-destructuring': [ '7.29.7' ],
15 silly audit   '@babel/plugin-transform-dotall-regex': [ '7.29.7' ],
15 silly audit   '@babel/plugin-transform-duplicate-keys': [ '7.29.7' ],
15 silly audit   '@babel/plugin-transform-duplicate-named-capturing-groups-regex': [ '7.29.7' ],
15 silly audit   '@babel/plugin-transform-dynamic-import': [ '7.29.7' ],
15 silly audit   '@babel/plugin-transform-explicit-resource-management': [ '7.29.7' ],
15 silly audit   '@babel/plugin-transform-exponentiation-operator': [ '7.29.7' ],
15 silly audit   '@babel/plugin-transform-export-namespace-from': [ '7.29.7' ],
15 silly audit   '@babel/plugin-transform-for-of': [ '7.29.7' ],
15 silly audit   '@babel/plugin-transform-function-name': [ '7.29.7' ],
15 silly audit   '@babel/plugin-transform-json-strings': [ '7.29.7' ],
15 silly audit   '@babel/plugin-transform-literals': [ '7.29.7' ],
15 silly audit   '@babel/plugin-transform-logical-assignment-operators': [ '7.29.7' ],
15 silly audit   '@babel/plugin-transform-member-expression-literals': [ '7.29.7' ],
15 silly audit   '@babel/plugin-transform-modules-amd': [ '7.29.7' ],
15 silly audit   '@babel/plugin-transform-modules-commonjs': [ '7.29.7' ],
15 silly audit   '@babel/plugin-transform-modules-systemjs': [ '7.29.7' ],
15 silly audit   '@babel/plugin-transform-modules-umd': [ '7.29.7' ],
15 silly audit   '@babel/plugin-transform-named-capturing-groups-regex': [ '7.29.7' ],
15 silly audit   '@babel/plugin-transform-new-target': [ '7.29.7' ],
15 silly audit   '@babel/plugin-transform-nullish-coalescing-operator': [ '7.29.7' ],
15 silly audit   '@babel/plugin-transform-numeric-separator': [ '7.29.7' ],
15 silly audit   '@babel/plugin-transform-object-rest-spread': [ '7.29.7' ],
15 silly audit   '@babel/plugin-transform-object-super': [ '7.29.7' ],
15 silly audit   '@babel/plugin-transform-optional-catch-binding': [ '7.29.7' ],
15 silly audit   '@babel/plugin-transform-optional-chaining': [ '7.29.7' ],
15 silly audit   '@babel/plugin-transform-parameters': [ '7.29.7' ],
15 silly audit   '@babel/plugin-transform-private-methods': [ '7.29.7' ],
15 silly audit   '@babel/plugin-transform-private-property-in-object': [ '7.29.7' ],
15 silly audit   '@babel/plugin-transform-property-literals': [ '7.29.7' ],
15 silly audit   '@babel/plugin-transform-react-constant-elements': [ '7.29.7' ],
15 silly audit   '@babel/plugin-transform-react-display-name': [ '7.29.7' ],
15 silly audit   '@babel/plugin-transform-react-jsx': [ '7.29.7' ],
15 silly audit   '@babel/plugin-transform-react-jsx-development': [ '7.29.7' ],
15 silly audit   '@babel/plugin-transform-react-pure-annotations': [ '7.29.7' ],
15 silly audit   '@babel/plugin-transform-regenerator': [ '7.29.7' ],
15 silly audit   '@babel/plugin-transform-regexp-modifiers': [ '7.29.7' ],
15 silly audit   '@babel/plugin-transform-reserved-words': [ '7.29.7' ],
15 silly audit   '@babel/plugin-transform-runtime': [ '7.29.7' ],
15 silly audit   '@babel/plugin-transform-shorthand-properties': [ '7.29.7' ],
15 silly audit   '@babel/plugin-transform-spread': [ '7.29.7' ],
15 silly audit   '@babel/plugin-transform-sticky-regex': [ '7.29.7' ],
15 silly audit   '@babel/plugin-transform-template-literals': [ '7.29.7' ],
15 silly audit   '@babel/plugin-transform-typeof-symbol': [ '7.29.7' ],
15 silly audit   '@babel/plugin-transform-typescript': [ '7.29.7' ],
15 silly audit   '@babel/plugin-transform-unicode-escapes': [ '7.29.7' ],
15 silly audit   '@babel/plugin-transform-unicode-property-regex': [ '7.29.7' ],
15 silly audit   '@babel/plugin-transform-unicode-regex': [ '7.29.7' ],
15 silly audit   '@babel/plugin-transform-unicode-sets-regex': [ '7.29.7' ],
15 silly audit   '@babel/preset-env': [ '7.29.7' ],
15 silly audit   'babel-plugin-polyfill-corejs3': [ '0.14.2', '0.13.0' ],
15 silly audit   '@babel/preset-modules': [ '0.1.6-no-external-plugins' ],
15 silly audit   '@babel/preset-react': [ '7.29.7' ],
15 silly audit   '@babel/preset-typescript': [ '7.29.7' ],
15 silly audit   '@babel/runtime': [ '7.29.7' ],
15 silly audit   '@babel/template': [ '7.29.7' ],
15 silly audit   '@babel/traverse': [ '7.29.7' ],
15 silly audit   '@babel/types': [ '7.29.7' ],
15 silly audit   '@braintree/sanitize-url': [ '7.1.2' ],
15 silly audit   '@chevrotain/types': [ '11.1.2' ],
15 silly audit   '@colors/colors': [ '1.5.0' ],
15 silly audit   '@csstools/cascade-layer-name-parser': [ '2.0.5' ],
15 silly audit   '@csstools/color-helpers': [ '5.1.0' ],
15 silly audit   '@csstools/css-calc': [ '2.1.4' ],
15 silly audit   '@csstools/css-color-parser': [ '3.1.0' ],
15 silly audit   '@csstools/css-parser-algorithms': [ '3.0.5' ],
15 silly audit   '@csstools/css-tokenizer': [ '3.0.4' ],
15 silly audit   '@csstools/media-query-list-parser': [ '4.0.3' ],
15 silly audit   '@csstools/postcss-alpha-function': [ '1.0.1' ],
15 silly audit   '@csstools/postcss-cascade-layers': [ '5.0.2' ],
15 silly audit   '@csstools/selector-specificity': [ '5.0.0' ],
15 silly audit   'postcss-selector-parser': [ '7.1.1', '6.1.2' ],
15 silly audit   '@csstools/postcss-color-function': [ '4.0.12' ],
15 silly audit   '@csstools/postcss-color-function-display-p3-linear': [ '1.0.1' ],
15 silly audit   '@csstools/postcss-color-mix-function': [ '3.0.12' ],
15 silly audit   '@csstools/postcss-color-mix-variadic-function-arguments': [ '1.0.2' ],
15 silly audit   '@csstools/postcss-content-alt-text': [ '2.0.8' ],
15 silly audit   '@csstools/postcss-contrast-color-function': [ '2.0.12' ],
15 silly audit   '@csstools/postcss-exponential-functions': [ '2.0.9' ],
15 silly audit   '@csstools/postcss-font-format-keywords': [ '4.0.0' ],
15 silly audit   '@csstools/postcss-gamut-mapping': [ '2.0.11' ],
15 silly audit   '@csstools/postcss-gradients-interpolation-method': [ '5.0.12' ],
15 silly audit   '@csstools/postcss-hwb-function': [ '4.0.12' ],
15 silly audit   '@csstools/postcss-ic-unit': [ '4.0.4' ],
15 silly audit   '@csstools/postcss-initial': [ '2.0.1' ],
15 silly audit   '@csstools/postcss-is-pseudo-class': [ '5.0.3' ],
15 silly audit   '@csstools/postcss-light-dark-function': [ '2.0.11' ],
15 silly audit   '@csstools/postcss-logical-float-and-clear': [ '3.0.0' ],
15 silly audit   '@csstools/postcss-logical-overflow': [ '2.0.0' ],
15 silly audit   '@csstools/postcss-logical-overscroll-behavior': [ '2.0.0' ],
15 silly audit   '@csstools/postcss-logical-resize': [ '3.0.0' ],
15 silly audit   '@csstools/postcss-logical-viewport-units': [ '3.0.4' ],
15 silly audit   '@csstools/postcss-media-minmax': [ '2.0.9' ],
15 silly audit   '@csstools/postcss-media-queries-aspect-ratio-number-values': [ '3.0.5' ],
15 silly audit   '@csstools/postcss-nested-calc': [ '4.0.0' ],
15 silly audit   '@csstools/postcss-normalize-display-values': [ '4.0.1' ],
15 silly audit   '@csstools/postcss-oklab-function': [ '4.0.12' ],
15 silly audit   '@csstools/postcss-position-area-property': [ '1.0.0' ],
15 silly audit   '@csstools/postcss-progressive-custom-properties': [ '4.2.1' ],
15 silly audit   '@csstools/postcss-property-rule-prelude-list': [ '1.0.0' ],
15 silly audit   '@csstools/postcss-random-function': [ '2.0.1' ],
15 silly audit   '@csstools/postcss-relative-color-syntax': [ '3.0.12' ],
15 silly audit   '@csstools/postcss-scope-pseudo-class': [ '4.0.1' ],
15 silly audit   '@csstools/postcss-sign-functions': [ '1.1.4' ],
15 silly audit   '@csstools/postcss-stepped-value-functions': [ '4.0.9' ],
15 silly audit   '@csstools/postcss-syntax-descriptor-syntax-production': [ '1.0.1' ],
15 silly audit   '@csstools/postcss-system-ui-font-family': [ '1.0.0' ],
15 silly audit   '@csstools/postcss-text-decoration-shorthand': [ '4.0.3' ],
15 silly audit   '@csstools/postcss-trigonometric-functions': [ '4.0.9' ],
15 silly audit   '@csstools/postcss-unset-value': [ '4.0.0' ],
15 silly audit   '@csstools/utilities': [ '2.0.0' ],
15 silly audit   '@discoveryjs/json-ext': [ '0.5.7' ],
15 silly audit   '@docsearch/core': [ '4.6.3' ],
15 silly audit   '@docsearch/css': [ '4.6.3' ],
15 silly audit   '@docsearch/react': [ '4.6.3' ],
15 silly audit   '@docusaurus/babel': [ '3.10.1' ],
15 silly audit   '@docusaurus/bundler': [ '3.10.1' ],
15 silly audit   '@docusaurus/core': [ '3.10.1' ],
15 silly audit   '@docusaurus/cssnano-preset': [ '3.10.1' ],
15 silly audit   '@docusaurus/faster': [ '3.10.1' ],
15 silly audit   '@docusaurus/logger': [ '3.10.1' ],
15 silly audit   '@docusaurus/mdx-loader': [ '3.10.1' ],
15 silly audit   '@docusaurus/module-type-aliases': [ '3.10.1' ],
15 silly audit   '@docusaurus/plugin-client-redirects': [ '3.10.1' ],
15 silly audit   '@docusaurus/plugin-content-blog': [ '3.10.1' ],
15 silly audit   '@docusaurus/plugin-content-docs': [ '3.10.1' ],
15 silly audit   '@docusaurus/plugin-content-pages': [ '3.10.1' ],
15 silly audit   '@docusaurus/plugin-css-cascade-layers': [ '3.10.1' ],
15 silly audit   '@docusaurus/plugin-debug': [ '3.10.1' ],
15 silly audit   '@docusaurus/plugin-google-analytics': [ '3.10.1' ],
15 silly audit   '@docusaurus/plugin-google-gtag': [ '3.10.1' ],
15 silly audit   '@docusaurus/plugin-google-tag-manager': [ '3.10.1' ],
15 silly audit   '@docusaurus/plugin-sitemap': [ '3.10.1' ],
15 silly audit   '@docusaurus/plugin-svgr': [ '3.10.1' ],
15 silly audit   '@docusaurus/preset-classic': [ '3.10.1' ],
15 silly audit   '@docusaurus/theme-classic': [ '3.10.1' ],
15 silly audit   '@docusaurus/theme-common': [ '3.10.1' ],
15 silly audit   '@docusaurus/theme-live-codeblock': [ '3.10.1' ],
15 silly audit   '@docusaurus/theme-mermaid': [ '3.10.1' ],
15 silly audit   '@docusaurus/theme-search-algolia': [ '3.10.1' ],
15 silly audit   '@docusaurus/theme-translations': [ '3.10.1' ],
15 silly audit   '@docusaurus/tsconfig': [ '3.10.1' ],
15 silly audit   '@docusaurus/types': [ '3.10.1' ],
15 silly audit   'webpack-merge': [ '5.10.0', '6.0.1' ],
15 silly audit   '@docusaurus/utils': [ '3.10.1' ],
15 silly audit   '@docusaurus/utils-common': [ '3.10.1' ],
15 silly audit   '@docusaurus/utils-validation': [ '3.10.1' ],
15 silly audit   '@easyops-cn/autocomplete.js': [ '0.38.1' ],
15 silly audit   '@easyops-cn/docusaurus-search-local': [ '0.55.2' ],
15 silly audit   cheerio: [ '1.2.0', '1.0.0-rc.12' ],
15 silly audit   entities: [ '7.0.1', '4.5.0', '6.0.1', '2.2.0' ],
15 silly audit   'fs-extra': [ '10.1.0', '11.3.5' ],
15 silly audit   htmlparser2: [ '10.1.0', '8.0.2', '6.1.0' ],
15 silly audit   '@emnapi/core': [ '1.10.0' ],
15 silly audit   '@emnapi/runtime': [ '1.10.0' ],
15 silly audit   '@emnapi/wasi-threads': [ '1.2.1' ],
15 silly audit   '@hapi/hoek': [ '9.3.0' ],
15 silly audit   '@hapi/topo': [ '5.1.0' ],
15 silly audit   '@iconify/types': [ '2.0.0' ],
15 silly audit   '@iconify/utils': [ '3.1.3' ],
15 silly audit   '@jest/schemas': [ '29.6.3' ],
15 silly audit   '@jest/types': [ '29.6.3' ],
15 silly audit   '@jridgewell/gen-mapping': [ '0.3.13' ],
15 silly audit   '@jridgewell/remapping': [ '2.3.5' ],
15 silly audit   '@jridgewell/resolve-uri': [ '3.1.2' ],
15 silly audit   '@jridgewell/source-map': [ '0.3.11' ],
15 silly audit   '@jridgewell/sourcemap-codec': [ '1.5.5' ],
15 silly audit   '@jridgewell/trace-mapping': [ '0.3.31' ],
15 silly audit   '@jsonjoy.com/base64': [ '1.1.2', '17.67.0' ],
15 silly audit   '@jsonjoy.com/buffers': [ '17.67.0', '1.2.1' ],
15 silly audit   '@jsonjoy.com/codegen': [ '1.0.0', '17.67.0' ],
15 silly audit   '@jsonjoy.com/fs-core': [ '4.57.3' ],
15 silly audit   '@jsonjoy.com/fs-fsa': [ '4.57.3' ],
15 silly audit   '@jsonjoy.com/fs-node': [ '4.57.3' ],
15 silly audit   '@jsonjoy.com/fs-node-builtins': [ '4.57.3' ],
15 silly audit   '@jsonjoy.com/fs-node-to-fsa': [ '4.57.3' ],
15 silly audit   '@jsonjoy.com/fs-node-utils': [ '4.57.3' ],
15 silly audit   '@jsonjoy.com/fs-print': [ '4.57.3' ],
15 silly audit   '@jsonjoy.com/fs-snapshot': [ '4.57.3' ],
15 silly audit   '@jsonjoy.com/json-pack': [ '17.67.0', '1.21.0' ],
15 silly audit   '@jsonjoy.com/json-pointer': [ '17.67.0', '1.0.2' ],
15 silly audit   '@jsonjoy.com/util': [ '17.67.0', '1.9.0' ],
15 silly audit   '@leichtgewicht/ip-codec': [ '2.0.5' ],
15 silly audit   '@mdx-js/mdx': [ '3.1.1' ],
15 silly audit   '@mdx-js/react': [ '3.1.1' ],
15 silly audit   '@mermaid-js/parser': [ '1.1.1' ],
15 silly audit   '@module-federation/error-codes': [ '0.22.0' ],
15 silly audit   '@module-federation/runtime': [ '0.22.0' ],
15 silly audit   '@module-federation/runtime-core': [ '0.22.0' ],
15 silly audit   '@module-federation/runtime-tools': [ '0.22.0' ],
15 silly audit   '@module-federation/sdk': [ '0.22.0' ],
15 silly audit   '@module-federation/webpack-bundler-runtime': [ '0.22.0' ],
15 silly audit   '@napi-rs/wasm-runtime': [ '1.0.7', '0.2.12' ],
15 silly audit   '@noble/hashes': [ '1.4.0' ],
15 silly audit   '@node-rs/jieba': [ '1.10.4' ],
15 silly audit   '@node-rs/jieba-android-arm-eabi': [ '1.10.4' ],
15 silly audit   '@node-rs/jieba-android-arm64': [ '1.10.4' ],
15 silly audit   '@node-rs/jieba-darwin-arm64': [ '1.10.4' ],
15 silly audit   '@node-rs/jieba-darwin-x64': [ '1.10.4' ],
15 silly audit   '@node-rs/jieba-freebsd-x64': [ '1.10.4' ],
15 silly audit   '@node-rs/jieba-linux-arm-gnueabihf': [ '1.10.4' ],
15 silly audit   '@node-rs/jieba-linux-arm64-gnu': [ '1.10.4' ],
15 silly audit   '@node-rs/jieba-linux-arm64-musl': [ '1.10.4' ],
15 silly audit   '@node-rs/jieba-linux-x64-gnu': [ '1.10.4' ],
15 silly audit   '@node-rs/jieba-linux-x64-musl': [ '1.10.4' ],
15 silly audit   '@node-rs/jieba-wasm32-wasi': [ '1.10.4' ],
15 silly audit   '@node-rs/jieba-win32-arm64-msvc': [ '1.10.4' ],
15 silly audit   '@node-rs/jieba-win32-ia32-msvc': [ '1.10.4' ],
15 silly audit   '@node-rs/jieba-win32-x64-msvc': [ '1.10.4' ],
15 silly audit   '@nodelib/fs.scandir': [ '2.1.5' ],
15 silly audit   '@nodelib/fs.stat': [ '2.0.5' ],
15 silly audit   '@nodelib/fs.walk': [ '1.2.8' ],
15 silly audit   '@peculiar/asn1-cms': [ '2.7.0' ],
15 silly audit   '@peculiar/asn1-csr': [ '2.7.0' ],
15 silly audit   '@peculiar/asn1-ecc': [ '2.7.0' ],
15 silly audit   '@peculiar/asn1-pfx': [ '2.7.0' ],
15 silly audit   '@peculiar/asn1-pkcs8': [ '2.7.0' ],
15 silly audit   '@peculiar/asn1-pkcs9': [ '2.7.0' ],
15 silly audit   '@peculiar/asn1-rsa': [ '2.7.0' ],
15 silly audit   '@peculiar/asn1-schema': [ '2.7.0' ],
15 silly audit   '@peculiar/asn1-x509': [ '2.7.0' ],
15 silly audit   '@peculiar/asn1-x509-attr': [ '2.7.0' ],
15 silly audit   '@peculiar/utils': [ '2.0.3' ],
15 silly audit   '@peculiar/x509': [ '1.14.3' ],
15 silly audit   '@philpl/buble': [ '0.19.7' ],
15 silly audit   acorn: [ '6.4.2', '8.16.0' ],
15 silly audit   'acorn-class-fields': [ '0.2.1' ],
15 silly audit   'acorn-dynamic-import': [ '4.0.0' ],
15 silly audit   'ansi-styles': [ '3.2.1', '4.3.0', '6.2.3' ],
15 silly audit   chalk: [ '2.4.2', '4.1.2', '5.6.2' ],
15 silly audit   'color-convert': [ '1.9.3', '2.0.1' ],
15 silly audit   'color-name': [ '1.1.3', '1.1.4' ],
15 silly audit   'escape-string-regexp': [ '1.0.5', '4.0.0', '5.0.0' ],
15 silly audit   'has-flag': [ '3.0.0', '4.0.0' ],
15 silly audit   jsesc: [ '0.5.0', '3.1.0' ],
15 silly audit   'regenerate-unicode-properties': [ '9.0.0', '10.2.2' ],
15 silly audit   'regexpu-core': [ '4.8.0', '6.4.0' ],
15 silly audit   regjsgen: [ '0.5.2', '0.8.0' ],
15 silly audit   regjsparser: [ '0.7.0', '0.13.1' ],
15 silly audit   'supports-color': [ '5.5.0', '8.1.1', '7.2.0' ],
15 silly audit   '@pnpm/config.env-replace': [ '1.1.0' ],
15 silly audit   '@pnpm/network.ca-file': [ '1.0.2' ],
15 silly audit   'graceful-fs': [ '4.2.10', '4.2.11' ],
15 silly audit   '@pnpm/npm-conf': [ '3.0.2' ],
15 silly audit   '@polka/url': [ '1.0.0-next.29' ],
15 silly audit   '@rspack/binding': [ '1.7.11' ],
15 silly audit   '@rspack/binding-darwin-arm64': [ '1.7.11' ],
15 silly audit   '@rspack/binding-darwin-x64': [ '1.7.11' ],
15 silly audit   '@rspack/binding-linux-arm64-gnu': [ '1.7.11' ],
15 silly audit   '@rspack/binding-linux-arm64-musl': [ '1.7.11' ],
15 silly audit   '@rspack/binding-linux-x64-gnu': [ '1.7.11' ],
15 silly audit   '@rspack/binding-linux-x64-musl': [ '1.7.11' ],
15 silly audit   '@rspack/binding-wasm32-wasi': [ '1.7.11' ],
15 silly audit   '@rspack/binding-win32-arm64-msvc': [ '1.7.11' ],
15 silly audit   '@rspack/binding-win32-ia32-msvc': [ '1.7.11' ],
15 silly audit   '@rspack/binding-win32-x64-msvc': [ '1.7.11' ],
15 silly audit   '@rspack/core': [ '1.7.11' ],
15 silly audit   '@rspack/lite-tapable': [ '1.1.0' ],
15 silly audit   '@sideway/address': [ '4.1.5' ],
15 silly audit   '@sideway/formula': [ '3.0.1' ],
15 silly audit   '@sideway/pinpoint': [ '2.0.0' ],
15 silly audit   '@sinclair/typebox': [ '0.27.10' ],
15 silly audit   '@sindresorhus/is': [ '4.6.0', '5.6.0' ],
15 silly audit   '@slorber/remark-comment': [ '1.0.0' ],
15 silly audit   '@svgr/babel-plugin-add-jsx-attribute': [ '8.0.0' ],
15 silly audit   '@svgr/babel-plugin-remove-jsx-attribute': [ '8.0.0' ],
15 silly audit   '@svgr/babel-plugin-remove-jsx-empty-expression': [ '8.0.0' ],
15 silly audit   '@svgr/babel-plugin-replace-jsx-attribute-value': [ '8.0.0' ],
15 silly audit   '@svgr/babel-plugin-svg-dynamic-title': [ '8.0.0' ],
15 silly audit   '@svgr/babel-plugin-svg-em-dimensions': [ '8.0.0' ],
15 silly audit   '@svgr/babel-plugin-transform-react-native-svg': [ '8.1.0' ],
15 silly audit   '@svgr/babel-plugin-transform-svg-component': [ '8.0.0' ],
15 silly audit   '@svgr/babel-preset': [ '8.1.0' ],
15 silly audit   '@svgr/core': [ '8.1.0' ],
15 silly audit   '@svgr/hast-util-to-babel-ast': [ '8.0.0' ],
15 silly audit   '@svgr/plugin-jsx': [ '8.1.0' ],
15 silly audit   '@svgr/plugin-svgo': [ '8.1.0' ],
15 silly audit   '@svgr/webpack': [ '8.1.0' ],
15 silly audit   '@swc/core': [ '1.15.40' ],
15 silly audit   '@swc/core-darwin-arm64': [ '1.15.40' ],
15 silly audit   '@swc/core-darwin-x64': [ '1.15.40' ],
15 silly audit   '@swc/core-linux-arm-gnueabihf': [ '1.15.40' ],
15 silly audit   '@swc/core-linux-arm64-gnu': [ '1.15.40' ],
15 silly audit   '@swc/core-linux-arm64-musl': [ '1.15.40' ],
15 silly audit   '@swc/core-linux-ppc64-gnu': [ '1.15.40' ],
15 silly audit   '@swc/core-linux-s390x-gnu': [ '1.15.40' ],
15 silly audit   '@swc/core-linux-x64-gnu': [ '1.15.40' ],
15 silly audit   '@swc/core-linux-x64-musl': [ '1.15.40' ],
15 silly audit   '@swc/core-win32-arm64-msvc': [ '1.15.40' ],
15 silly audit   '@swc/core-win32-ia32-msvc': [ '1.15.40' ],
15 silly audit   '@swc/core-win32-x64-msvc': [ '1.15.40' ],
15 silly audit   '@swc/counter': [ '0.1.3' ],
15 silly audit   '@swc/html': [ '1.15.40' ],
15 silly audit   '@swc/html-darwin-arm64': [ '1.15.40' ],
15 silly audit   '@swc/html-darwin-x64': [ '1.15.40' ],
15 silly audit   '@swc/html-linux-arm-gnueabihf': [ '1.15.40' ],
15 silly audit   '@swc/html-linux-arm64-gnu': [ '1.15.40' ],
15 silly audit   '@swc/html-linux-arm64-musl': [ '1.15.40' ],
15 silly audit   '@swc/html-linux-ppc64-gnu': [ '1.15.40' ],
15 silly audit   '@swc/html-linux-s390x-gnu': [ '1.15.40' ],
15 silly audit   '@swc/html-linux-x64-gnu': [ '1.15.40' ],
15 silly audit   '@swc/html-linux-x64-musl': [ '1.15.40' ],
15 silly audit   '@swc/html-win32-arm64-msvc': [ '1.15.40' ],
15 silly audit   '@swc/html-win32-ia32-msvc': [ '1.15.40' ],
15 silly audit   '@swc/html-win32-x64-msvc': [ '1.15.40' ],
15 silly audit   '@swc/types': [ '0.1.26' ],
15 silly audit   '@szmarczak/http-timer': [ '5.0.1' ],
15 silly audit   '@tybys/wasm-util': [ '0.10.2' ],
15 silly audit   '@types/body-parser': [ '1.19.6' ],
15 silly audit   '@types/bonjour': [ '3.5.13' ],
15 silly audit   '@types/connect': [ '3.4.38' ],
15 silly audit   '@types/connect-history-api-fallback': [ '1.5.4' ],
15 silly audit   '@types/d3': [ '7.4.3' ],
15 silly audit   '@types/d3-array': [ '3.2.2' ],
15 silly audit   '@types/d3-axis': [ '3.0.6' ],
15 silly audit   '@types/d3-brush': [ '3.0.6' ],
15 silly audit   '@types/d3-chord': [ '3.0.6' ],
15 silly audit   '@types/d3-color': [ '3.1.3' ],
15 silly audit   '@types/d3-contour': [ '3.0.6' ],
15 silly audit   '@types/d3-delaunay': [ '6.0.4' ],
15 silly audit   '@types/d3-dispatch': [ '3.0.7' ],
15 silly audit   '@types/d3-drag': [ '3.0.7' ],
15 silly audit   '@types/d3-dsv': [ '3.0.7' ],
15 silly audit   '@types/d3-ease': [ '3.0.2' ],
15 silly audit   '@types/d3-fetch': [ '3.0.7' ],
15 silly audit   '@types/d3-force': [ '3.0.10' ],
15 silly audit   '@types/d3-format': [ '3.0.4' ],
15 silly audit   '@types/d3-geo': [ '3.1.0' ],
15 silly audit   '@types/d3-hierarchy': [ '3.1.7' ],
15 silly audit   '@types/d3-interpolate': [ '3.0.4' ],
15 silly audit   '@types/d3-path': [ '3.1.1' ],
15 silly audit   '@types/d3-polygon': [ '3.0.2' ],
15 silly audit   '@types/d3-quadtree': [ '3.0.6' ],
15 silly audit   '@types/d3-random': [ '3.0.3' ],
15 silly audit   '@types/d3-scale': [ '4.0.9' ],
15 silly audit   '@types/d3-scale-chromatic': [ '3.1.0' ],
15 silly audit   '@types/d3-selection': [ '3.0.11' ],
15 silly audit   '@types/d3-shape': [ '3.1.8' ],
15 silly audit   '@types/d3-time': [ '3.0.4' ],
15 silly audit   '@types/d3-time-format': [ '4.0.3' ],
15 silly audit   '@types/d3-timer': [ '3.0.2' ],
15 silly audit   '@types/d3-transition': [ '3.0.9' ],
15 silly audit   '@types/d3-zoom': [ '3.0.8' ],
15 silly audit   '@types/debug': [ '4.1.13' ],
15 silly audit   '@types/estree': [ '1.0.9' ],
15 silly audit   '@types/estree-jsx': [ '1.0.5' ],
15 silly audit   '@types/express': [ '4.17.25' ],
15 silly audit   '@types/express-serve-static-core': [ '4.19.8' ],
15 silly audit   '@types/geojson': [ '7946.0.16' ],
15 silly audit   '@types/gtag.js': [ '0.0.20' ],
15 silly audit   '@types/hast': [ '3.0.4' ],
15 silly audit   '@types/history': [ '4.7.11' ],
15 silly audit   '@types/html-minifier-terser': [ '6.1.0' ],
15 silly audit   '@types/http-cache-semantics': [ '4.2.0' ],
15 silly audit   '@types/http-errors': [ '2.0.5' ],
15 silly audit   '@types/http-proxy': [ '1.17.17' ],
15 silly audit   '@types/istanbul-lib-coverage': [ '2.0.6' ],
15 silly audit   '@types/istanbul-lib-report': [ '3.0.3' ],
15 silly audit   '@types/istanbul-reports': [ '3.0.4' ],
15 silly audit   '@types/json-schema': [ '7.0.15' ],
15 silly audit   '@types/mdast': [ '4.0.4' ],
15 silly audit   '@types/mdx': [ '2.0.13' ],
15 silly audit   '@types/mime': [ '1.3.5' ],
15 silly audit   '@types/ms': [ '2.1.0' ],
15 silly audit   '@types/node': [ '25.9.1', '17.0.45' ],
15 silly audit   '@types/prismjs': [ '1.26.6' ],
15 silly audit   '@types/qs': [ '6.15.1' ],
15 silly audit   '@types/range-parser': [ '1.2.7' ],
15 silly audit   '@types/react': [ '19.2.15' ],
15 silly audit   '@types/react-router': [ '5.1.20' ],
15 silly audit   '@types/react-router-config': [ '5.0.11' ],
15 silly audit   '@types/react-router-dom': [ '5.3.3' ],
15 silly audit   '@types/retry': [ '0.12.2' ],
15 silly audit   '@types/sax': [ '1.2.7' ],
15 silly audit   '@types/send': [ '1.2.1', '0.17.6' ],
15 silly audit   '@types/serve-index': [ '1.9.4' ],
15 silly audit   '@types/serve-static': [ '1.15.10' ],
15 silly audit   '@types/sockjs': [ '0.3.36' ],
15 silly audit   '@types/trusted-types': [ '2.0.7' ],
15 silly audit   '@types/unist': [ '3.0.3', '2.0.11' ],
15 silly audit   '@types/ws': [ '8.18.1' ],
15 silly audit   '@types/yargs': [ '17.0.35' ],
15 silly audit   '@types/yargs-parser': [ '21.0.3' ],
15 silly audit   '@ungap/structured-clone': [ '1.3.1' ],
15 silly audit   '@upsetjs/venn.js': [ '2.0.0' ],
15 silly audit   '@webassemblyjs/ast': [ '1.14.1' ],
15 silly audit   '@webassemblyjs/floating-point-hex-parser': [ '1.13.2' ],
15 silly audit   '@webassemblyjs/helper-api-error': [ '1.13.2' ],
15 silly audit   '@webassemblyjs/helper-buffer': [ '1.14.1' ],
15 silly audit   '@webassemblyjs/helper-numbers': [ '1.13.2' ],
15 silly audit   '@webassemblyjs/helper-wasm-bytecode': [ '1.13.2' ],
15 silly audit   '@webassemblyjs/helper-wasm-section': [ '1.14.1' ],
15 silly audit   '@webassemblyjs/ieee754': [ '1.13.2' ],
15 silly audit   '@webassemblyjs/leb128': [ '1.13.2' ],
15 silly audit   '@webassemblyjs/utf8': [ '1.13.2' ],
15 silly audit   '@webassemblyjs/wasm-edit': [ '1.14.1' ],
15 silly audit   '@webassemblyjs/wasm-gen': [ '1.14.1' ],
15 silly audit   '@webassemblyjs/wasm-opt': [ '1.14.1' ],
15 silly audit   '@webassemblyjs/wasm-parser': [ '1.14.1' ],
15 silly audit   '@webassemblyjs/wast-printer': [ '1.14.1' ],
15 silly audit   '@xtuc/ieee754': [ '1.2.0' ],
15 silly audit   '@xtuc/long': [ '4.2.2' ],
15 silly audit   accepts: [ '1.3.8' ],
15 silly audit   'mime-db': [ '1.52.0', '1.54.0', '1.33.0' ],
15 silly audit   'mime-types': [ '2.1.35', '2.1.18', '3.0.2' ],
15 silly audit   negotiator: [ '0.6.3', '0.6.4' ],
15 silly audit   'acorn-import-phases': [ '1.0.4' ],
15 silly audit   'acorn-jsx': [ '5.3.2' ],
15 silly audit   'acorn-walk': [ '8.3.5' ],
15 silly audit   address: [ '1.2.2' ],
15 silly audit   'aggregate-error': [ '3.1.0' ],
15 silly audit   ajv: [ '8.20.0', '6.15.0' ],
15 silly audit   'ajv-formats': [ '2.1.1' ],
15 silly audit   'ajv-keywords': [ '5.1.0', '3.5.2' ],
15 silly audit   algoliasearch: [ '5.53.0' ],
15 silly audit   'algoliasearch-helper': [ '3.29.1' ],
15 silly audit   'ansi-align': [ '3.0.1' ],
15 silly audit   'emoji-regex': [ '8.0.0', '9.2.2' ],
15 silly audit   'string-width': [ '4.2.3', '5.1.2' ],
15 silly audit   'ansi-html-community': [ '0.0.8' ],
15 silly audit   'ansi-regex': [ '5.0.1', '6.2.2' ],
15 silly audit   ansis: [ '3.17.0' ],
15 silly audit   'any-promise': [ '1.3.0' ],
15 silly audit   anymatch: [ '3.1.3' ],
15 silly audit   arg: [ '5.0.2' ],
15 silly audit   argparse: [ '2.0.1', '1.0.10' ],
15 silly audit   'array-flatten': [ '1.1.1' ],
15 silly audit   'array-union': [ '2.1.0' ],
15 silly audit   asn1js: [ '3.0.10' ],
15 silly audit   astring: [ '1.9.0' ],
15 silly audit   autoprefixer: [ '10.5.0' ],
15 silly audit   'babel-loader': [ '9.2.1' ],
15 silly audit   'babel-plugin-dynamic-import-node': [ '2.3.3' ],
15 silly audit   'babel-plugin-polyfill-corejs2': [ '0.4.17' ],
15 silly audit   'babel-plugin-polyfill-regenerator': [ '0.6.8' ],
15 silly audit   bail: [ '2.0.2' ],
15 silly audit   'balanced-match': [ '1.0.2' ],
15 silly audit   'baseline-browser-mapping': [ '2.10.33' ],
15 silly audit   batch: [ '0.6.1' ],
15 silly audit   'big.js': [ '5.2.2' ],
15 silly audit   'binary-extensions': [ '2.3.0' ],
15 silly audit   'body-parser': [ '1.20.5' ],
15 silly audit   bytes: [ '3.1.2', '3.0.0' ],
15 silly audit   debug: [ '2.6.9', '4.4.3' ],
15 silly audit   ms: [ '2.0.0', '2.1.3' ],
15 silly audit   'bonjour-service': [ '1.4.0' ],
15 silly audit   boolbase: [ '1.0.0' ],
15 silly audit   boxen: [ '6.2.1', '7.1.1' ],
15 silly audit   'brace-expansion': [ '1.1.15', '2.1.1' ],
15 silly audit   braces: [ '3.0.3' ],
15 silly audit   browserslist: [ '4.28.2' ],
15 silly audit   'buffer-from': [ '1.1.2' ],
15 silly audit   'bundle-name': [ '4.1.0' ],
15 silly audit   bytestreamjs: [ '2.0.1' ],
15 silly audit   'cacheable-lookup': [ '7.0.0' ],
15 silly audit   'cacheable-request': [ '10.2.14' ],
15 silly audit   'call-bind': [ '1.0.9' ],
15 silly audit   'call-bind-apply-helpers': [ '1.0.2' ],
15 silly audit   'call-bound': [ '1.0.4' ],
15 silly audit   callsites: [ '3.1.0' ],
15 silly audit   'camel-case': [ '4.1.2' ],
15 silly audit   camelcase: [ '6.3.0', '7.0.1' ],
15 silly audit   'caniuse-api': [ '3.0.0' ],
15 silly audit   'caniuse-lite': [ '1.0.30001793' ],
15 silly audit   ccount: [ '2.0.1' ],
15 silly audit   'char-regex': [ '1.0.2' ],
15 silly audit   'character-entities': [ '2.0.2' ],
15 silly audit   'character-entities-html4': [ '2.1.0' ],
15 silly audit   'character-entities-legacy': [ '3.0.0' ],
15 silly audit   'character-reference-invalid': [ '2.0.1' ],
15 silly audit   'cheerio-select': [ '2.1.0' ],
15 silly audit   chokidar: [ '3.6.0' ],
15 silly audit   'chrome-trace-event': [ '1.0.4' ],
15 silly audit   'ci-info': [ '3.9.0' ],
15 silly audit   'clean-css': [ '5.3.3' ],
15 silly audit   'source-map': [ '0.6.1', '0.7.6' ],
15 silly audit   'clean-stack': [ '2.2.0' ],
15 silly audit   'cli-boxes': [ '3.0.0' ],
15 silly audit   'cli-table3': [ '0.6.5' ],
15 silly audit   'clone-deep': [ '4.0.1' ],
15 silly audit   clsx: [ '2.1.1' ],
15 silly audit   'collapse-white-space': [ '2.1.0' ],
15 silly audit   colord: [ '2.9.3' ],
15 silly audit   colorette: [ '2.0.20' ],
15 silly audit   'combine-promises': [ '1.2.0' ],
15 silly audit   comlink: [ '4.4.2' ],
15 silly audit   'comma-separated-tokens': [ '2.0.3' ],
15 silly audit   commander: [ '5.1.0', '7.2.0', '10.0.1', '8.3.0', '4.1.1', '2.20.3' ],
15 silly audit   'common-path-prefix': [ '3.0.0' ],
15 silly audit   compressible: [ '2.0.18' ],
15 silly audit   compression: [ '1.8.1' ],
15 silly audit   'concat-map': [ '0.0.1' ],
15 silly audit   'config-chain': [ '1.1.13' ],
15 silly audit   ini: [ '1.3.8', '2.0.0' ],
15 silly audit   configstore: [ '6.0.0' ],
15 silly audit   'connect-history-api-fallback': [ '2.0.0' ],
15 silly audit   consola: [ '3.4.2' ],
15 silly audit   'content-disposition': [ '0.5.2', '0.5.4' ],
15 silly audit   'content-type': [ '1.0.5' ],
15 silly audit   'convert-source-map': [ '2.0.0' ],
15 silly audit   cookie: [ '0.7.2' ],
15 silly audit   'cookie-signature': [ '1.0.7' ],
15 silly audit   'copy-text-to-clipboard': [ '3.2.2' ],
15 silly audit   'copy-webpack-plugin': [ '11.0.0' ],
15 silly audit   'glob-parent': [ '6.0.2', '5.1.2' ],
15 silly audit   globby: [ '13.2.2', '11.1.0' ],
15 silly audit   slash: [ '4.0.0', '3.0.0' ],
15 silly audit   'core-js': [ '3.49.0' ],
15 silly audit   'core-js-compat': [ '3.49.0' ],
15 silly audit   'core-util-is': [ '1.0.3' ],
15 silly audit   'cose-base': [ '1.0.3', '2.2.0' ],
15 silly audit   cosmiconfig: [ '8.3.6' ],
15 silly audit   'cross-spawn': [ '7.0.6' ],
15 silly audit   'crypto-random-string': [ '4.0.0' ],
15 silly audit   'type-fest': [ '1.4.0', '2.19.0' ],
15 silly audit   'css-blank-pseudo': [ '7.0.1' ],
15 silly audit   'css-declaration-sorter': [ '7.4.0' ],
15 silly audit   'css-has-pseudo': [ '7.0.3' ],
15 silly audit   'css-loader': [ '6.11.0' ],
15 silly audit   'css-minimizer-webpack-plugin': [ '5.0.1' ],
15 silly audit   'css-prefers-color-scheme': [ '10.0.0' ],
15 silly audit   'css-select': [ '5.2.2', '4.3.0' ],
15 silly audit   'css-tree': [ '2.3.1', '2.2.1' ],
15 silly audit   'css-what': [ '6.2.2' ],
15 silly audit   cssdb: [ '8.9.0' ],
15 silly audit   cssesc: [ '3.0.0' ],
15 silly audit   cssnano: [ '6.1.2' ],
15 silly audit   'cssnano-preset-advanced': [ '6.1.2' ],
15 silly audit   'cssnano-preset-default': [ '6.1.2' ],
15 silly audit   'cssnano-utils': [ '4.0.2' ],
15 silly audit   csso: [ '5.0.5' ],
15 silly audit   'mdn-data': [ '2.0.28', '2.0.30' ],
15 silly audit   csstype: [ '3.2.3' ],
15 silly audit   cytoscape: [ '3.33.4' ],
15 silly audit   'cytoscape-cose-bilkent': [ '4.1.0' ],
15 silly audit   'cytoscape-fcose': [ '2.2.0' ],
15 silly audit   'layout-base': [ '2.0.1', '1.0.2' ],
15 silly audit   d3: [ '7.9.0' ],
15 silly audit   'd3-array': [ '3.2.4', '2.12.1' ],
15 silly audit   'd3-axis': [ '3.0.0' ],
15 silly audit   'd3-brush': [ '3.0.0' ],
15 silly audit   'd3-chord': [ '3.0.1' ],
15 silly audit   'd3-color': [ '3.1.0' ],
15 silly audit   'd3-contour': [ '4.0.2' ],
15 silly audit   'd3-delaunay': [ '6.0.4' ],
15 silly audit   'd3-dispatch': [ '3.0.1' ],
15 silly audit   'd3-drag': [ '3.0.0' ],
15 silly audit   'd3-dsv': [ '3.0.1' ],
15 silly audit   'iconv-lite': [ '0.6.3', '0.4.24' ],
15 silly audit   'd3-ease': [ '3.0.1' ],
15 silly audit   'd3-fetch': [ '3.0.1' ],
15 silly audit   'd3-force': [ '3.0.0' ],
15 silly audit   'd3-format': [ '3.1.2' ],
15 silly audit   'd3-geo': [ '3.1.1' ],
15 silly audit   'd3-hierarchy': [ '3.1.2' ],
15 silly audit   'd3-interpolate': [ '3.0.1' ],
15 silly audit   'd3-path': [ '3.1.0', '1.0.9' ],
15 silly audit   'd3-polygon': [ '3.0.1' ],
15 silly audit   'd3-quadtree': [ '3.0.1' ],
15 silly audit   'd3-random': [ '3.0.1' ],
15 silly audit   'd3-sankey': [ '0.12.3' ],
15 silly audit   'd3-shape': [ '1.3.7', '3.2.0' ],
15 silly audit   internmap: [ '1.0.1', '2.0.3' ],
15 silly audit   'd3-scale': [ '4.0.2' ],
15 silly audit   'd3-scale-chromatic': [ '3.1.0' ],
15 silly audit   'd3-selection': [ '3.0.0' ],
15 silly audit   'd3-time': [ '3.1.0' ],
15 silly audit   'd3-time-format': [ '4.1.0' ],
15 silly audit   'd3-timer': [ '3.0.1' ],
15 silly audit   'd3-transition': [ '3.0.1' ],
15 silly audit   'd3-zoom': [ '3.0.0' ],
15 silly audit   'dagre-d3-es': [ '7.0.14' ],
15 silly audit   dayjs: [ '1.11.21' ],
15 silly audit   debounce: [ '1.2.1' ],
15 silly audit   'decode-named-character-reference': [ '1.3.0' ],
15 silly audit   'decompress-response': [ '6.0.0' ],
15 silly audit   'mimic-response': [ '3.1.0', '4.0.0' ],
15 silly audit   'deep-extend': [ '0.6.0' ],
15 silly audit   deepmerge: [ '4.3.1' ],
15 silly audit   'default-browser': [ '5.5.0' ],
15 silly audit   'default-browser-id': [ '5.0.1' ],
15 silly audit   'defer-to-connect': [ '2.0.1' ],
15 silly audit   'define-data-property': [ '1.1.4' ],
15 silly audit   'define-lazy-prop': [ '2.0.0', '3.0.0' ],
15 silly audit   'define-properties': [ '1.2.1' ],
15 silly audit   delaunator: [ '5.1.0' ],
15 silly audit   depd: [ '2.0.0', '1.1.2' ],
15 silly audit   dequal: [ '2.0.3' ],
15 silly audit   destroy: [ '1.2.0' ],
15 silly audit   'detect-libc': [ '2.1.2' ],
15 silly audit   'detect-node': [ '2.1.0' ],
15 silly audit   'detect-port': [ '1.6.1' ],
15 silly audit   devlop: [ '1.1.0' ],
15 silly audit   'dir-glob': [ '3.0.1' ],
15 silly audit   'dns-packet': [ '5.6.1' ],
15 silly audit   'docusaurus-plugin-llms': [ '0.4.0' ],
15 silly audit   minimatch: [ '9.0.9', '3.1.5' ],
15 silly audit   'docusaurus-remark-plugin-tab-blocks': [ '4.0.0' ],
15 silly audit   'dom-converter': [ '0.2.0' ],
15 silly audit   'dom-serializer': [ '2.0.0', '1.4.1' ],
15 silly audit   domelementtype: [ '2.3.0' ],
15 silly audit   domhandler: [ '5.0.3', '4.3.1' ],
15 silly audit   dompurify: [ '3.4.7' ],
15 silly audit   domutils: [ '3.2.2', '2.8.0' ],
15 silly audit   'dot-case': [ '3.0.4' ],
15 silly audit   'dot-prop': [ '6.0.1' ],
15 silly audit   'is-obj': [ '2.0.0', '1.0.1' ],
15 silly audit   'dunder-proto': [ '1.0.1' ],
15 silly audit   duplexer: [ '0.1.2' ],
15 silly audit   eastasianwidth: [ '0.2.0' ],
15 silly audit   'ee-first': [ '1.1.1' ],
15 silly audit   'electron-to-chromium': [ '1.5.364' ],
15 silly audit   emojilib: [ '2.4.0' ],
15 silly audit   'emojis-list': [ '3.0.0' ],
15 silly audit   emoticon: [ '4.1.0' ],
15 silly audit   encodeurl: [ '2.0.0' ],
15 silly audit   'encoding-sniffer': [ '0.2.1' ],
15 silly audit   'enhanced-resolve': [ '5.22.1' ],
15 silly audit   'error-ex': [ '1.3.4' ],
15 silly audit   'es-define-property': [ '1.0.1' ],
15 silly audit   'es-errors': [ '1.3.0' ],
15 silly audit   'es-module-lexer': [ '2.1.0' ],
15 silly audit   'es-object-atoms': [ '1.1.2' ],
15 silly audit   'es-toolkit': [ '1.47.0' ],
15 silly audit   'esast-util-from-estree': [ '2.0.0' ],
15 silly audit   'esast-util-from-js': [ '2.0.1' ],
15 silly audit   escalade: [ '3.2.0' ],
15 silly audit   'escape-goat': [ '4.0.0' ],
15 silly audit   'escape-html': [ '1.0.3' ],
15 silly audit   'eslint-scope': [ '5.1.1' ],
15 silly audit   esprima: [ '4.0.1' ],
15 silly audit   esrecurse: [ '4.3.0' ],
15 silly audit   estraverse: [ '5.3.0', '4.3.0' ],
15 silly audit   'estree-util-attach-comments': [ '3.0.0' ],
15 silly audit   'estree-util-build-jsx': [ '3.0.1' ],
15 silly audit   'estree-util-is-identifier-name': [ '3.0.0' ],
15 silly audit   'estree-util-scope': [ '1.0.0' ],
15 silly audit   'estree-util-to-js': [ '2.0.0' ],
15 silly audit   'estree-util-value-to-estree': [ '3.5.0' ],
15 silly audit   'estree-util-visit': [ '2.0.0' ],
15 silly audit   'estree-walker': [ '3.0.3' ],
15 silly audit   esutils: [ '2.0.3' ],
15 silly audit   eta: [ '2.2.0' ],
15 silly audit   etag: [ '1.8.1' ],
15 silly audit   eval: [ '0.1.8' ],
15 silly audit   eventemitter3: [ '4.0.7' ],
15 silly audit   events: [ '3.3.0' ],
15 silly audit   execa: [ '5.1.1' ],
15 silly audit   express: [ '4.22.2' ],
15 silly audit   'path-to-regexp': [ '0.1.13', '1.9.0', '3.3.0' ],
15 silly audit   'range-parser': [ '1.2.1', '1.2.0' ],
15 silly audit   extend: [ '3.0.2' ],
15 silly audit   'extend-shallow': [ '2.0.1' ],
15 silly audit   'fast-deep-equal': [ '3.1.3' ],
15 silly audit   'fast-glob': [ '3.3.3' ],
15 silly audit   'fast-json-stable-stringify': [ '2.1.0' ],
15 silly audit   'fast-uri': [ '3.1.2' ],
15 silly audit   fastq: [ '1.20.1' ],
15 silly audit   fault: [ '2.0.1' ],
15 silly audit   'faye-websocket': [ '0.11.4' ],
15 silly audit   feed: [ '4.2.2' ],
15 silly audit   'file-loader': [ '6.2.0' ],
15 silly audit   'json-schema-traverse': [ '0.4.1', '1.0.0' ],
15 silly audit   'schema-utils': [ '3.3.0', '4.3.3' ],
15 silly audit   'fill-range': [ '7.1.1' ],
15 silly audit   finalhandler: [ '1.3.2' ],
15 silly audit   'find-cache-dir': [ '4.0.0' ],
15 silly audit   'find-up': [ '6.3.0' ],
15 silly audit   flat: [ '5.0.2' ],
15 silly audit   'follow-redirects': [ '1.16.0' ],
15 silly audit   'form-data-encoder': [ '2.1.4' ],
15 silly audit   format: [ '0.2.2' ],
15 silly audit   forwarded: [ '0.2.0' ],
15 silly audit   'fraction.js': [ '5.3.4' ],
15 silly audit   fresh: [ '0.5.2' ],
15 silly audit   fsevents: [ '2.3.3' ],
15 silly audit   'function-bind': [ '1.1.2' ],
15 silly audit   gensync: [ '1.0.0-beta.2' ],
15 silly audit   'get-intrinsic': [ '1.3.0' ],
15 silly audit   'get-own-enumerable-property-symbols': [ '3.0.2' ],
15 silly audit   'get-proto': [ '1.0.1' ],
15 silly audit   'get-stream': [ '6.0.1' ],
15 silly audit   'github-slugger': [ '1.5.0' ],
15 silly audit   'glob-to-regex.js': [ '1.2.0' ],
15 silly audit   'glob-to-regexp': [ '0.4.1' ],
15 silly audit   'global-dirs': [ '3.0.1' ],
15 silly audit   gopd: [ '1.2.0' ],
15 silly audit   got: [ '12.6.1' ],
15 silly audit   'gray-matter': [ '4.0.3' ],
15 silly audit   'js-yaml': [ '3.14.2', '4.2.0' ],
15 silly audit   'gzip-size': [ '6.0.0' ],
15 silly audit   'hachure-fill': [ '0.5.2' ],
15 silly audit   'handle-thing': [ '2.0.1' ],
15 silly audit   'has-property-descriptors': [ '1.0.2' ],
15 silly audit   'has-symbols': [ '1.1.0' ],
15 silly audit   'has-yarn': [ '3.0.0' ],
15 silly audit   hasown: [ '2.0.4' ],
15 silly audit   'hast-util-definition-list': [ '2.1.0' ],
15 silly audit   'hast-util-embedded': [ '3.0.0' ],
15 silly audit   'hast-util-from-parse5': [ '8.0.3' ],
15 silly audit   'hast-util-has-property': [ '3.0.0' ],
15 silly audit   'hast-util-is-body-ok-link': [ '3.0.1' ],
15 silly audit   'hast-util-is-element': [ '3.0.0' ],
15 silly audit   'hast-util-minify-whitespace': [ '1.0.1' ],
15 silly audit   'hast-util-parse-selector': [ '4.0.0' ],
15 silly audit   'hast-util-phrasing': [ '3.0.1' ],
15 silly audit   'hast-util-raw': [ '9.1.0' ],
15 silly audit   'hast-util-to-estree': [ '3.1.3' ],
15 silly audit   'hast-util-to-html': [ '9.0.5' ],
15 silly audit   'hast-util-to-jsx-runtime': [ '2.3.6' ],
15 silly audit   'hast-util-to-mdast': [ '10.1.2' ],
15 silly audit   'hast-util-to-parse5': [ '8.0.1' ],
15 silly audit   'hast-util-to-text': [ '4.0.2' ],
15 silly audit   'hast-util-whitespace': [ '3.0.0' ],
15 silly audit   hastscript: [ '9.0.1' ],
15 silly audit   he: [ '1.2.0' ],
15 silly audit   history: [ '4.10.1' ],
15 silly audit   'hoist-non-react-statics': [ '3.3.2' ],
15 silly audit   'hpack.js': [ '2.1.6' ],
15 silly audit   isarray: [ '1.0.0', '0.0.1' ],
15 silly audit   'readable-stream': [ '2.3.8', '3.6.2' ],
15 silly audit   'safe-buffer': [ '5.1.2', '5.2.1' ],
15 silly audit   string_decoder: [ '1.1.1', '1.3.0' ],
15 silly audit   'html-escaper': [ '2.0.2' ],
15 silly audit   'html-minifier-terser': [ '7.2.0', '6.1.0' ],
15 silly audit   'html-tags': [ '3.3.1' ],
15 silly audit   'html-void-elements': [ '3.0.0' ],
15 silly audit   'html-webpack-plugin': [ '5.6.7' ],
15 silly audit   'http-cache-semantics': [ '4.2.0' ],
15 silly audit   'http-deceiver': [ '1.2.7' ],
15 silly audit   'http-errors': [ '2.0.1', '1.8.1' ],
15 silly audit   'http-parser-js': [ '0.5.10' ],
15 silly audit   'http-proxy': [ '1.18.1' ],
15 silly audit   'http-proxy-middleware': [ '2.0.9' ],
15 silly audit   'is-plain-obj': [ '3.0.0', '4.1.0' ],
15 silly audit   'http2-wrapper': [ '2.2.1' ],
15 silly audit   'human-signals': [ '2.1.0' ],
15 silly audit   hyperdyperid: [ '1.2.0' ],
15 silly audit   'icss-utils': [ '5.1.0' ],
15 silly audit   ignore: [ '5.3.2' ],
15 silly audit   'image-size': [ '2.0.2' ],
15 silly audit   immediate: [ '3.3.0' ],
15 silly audit   'import-fresh': [ '3.3.1' ],
15 silly audit   'import-lazy': [ '4.0.0' ],
15 silly audit   'import-meta-resolve': [ '4.2.0' ],
15 silly audit   imurmurhash: [ '0.1.4' ],
15 silly audit   'indent-string': [ '4.0.0' ],
15 silly audit   infima: [ '0.2.0-alpha.45' ],
15 silly audit   inherits: [ '2.0.4' ],
15 silly audit   'inline-style-parser': [ '0.2.7' ],
15 silly audit   invariant: [ '2.2.4' ],
15 silly audit   'ipaddr.js': [ '2.4.0', '1.9.1' ],
15 silly audit   'is-alphabetical': [ '2.0.1' ],
15 silly audit   'is-alphanumerical': [ '2.0.1' ],
15 silly audit   'is-arrayish': [ '0.2.1' ],
15 silly audit   'is-binary-path': [ '2.1.0' ],
15 silly audit   'is-ci': [ '3.0.1' ],
15 silly audit   'is-core-module': [ '2.16.2' ],
15 silly audit   'is-decimal': [ '2.0.1' ],
15 silly audit   'is-docker': [ '2.2.1', '3.0.0' ],
15 silly audit   'is-extendable': [ '0.1.1' ],
15 silly audit   'is-extglob': [ '2.1.1' ],
15 silly audit   'is-fullwidth-code-point': [ '3.0.0' ],
15 silly audit   'is-glob': [ '4.0.3' ],
15 silly audit   'is-hexadecimal': [ '2.0.1' ],
15 silly audit   'is-inside-container': [ '1.0.0' ],
15 silly audit   'is-installed-globally': [ '0.4.0' ],
15 silly audit   'is-network-error': [ '1.3.2' ],
15 silly audit   'is-npm': [ '6.1.0' ],
15 silly audit   'is-number': [ '7.0.0' ],
15 silly audit   'is-path-inside': [ '3.0.3' ],
15 silly audit   'is-plain-object': [ '2.0.4' ],
15 silly audit   'is-regexp': [ '1.0.0' ],
15 silly audit   'is-stream': [ '2.0.1' ],
15 silly audit   'is-typedarray': [ '1.0.0' ],
15 silly audit   'is-wsl': [ '2.2.0', '3.1.1' ],
15 silly audit   'is-yarn-global': [ '0.4.1' ],
15 silly audit   isexe: [ '2.0.0' ],
15 silly audit   isobject: [ '3.0.1' ],
15 silly audit   'jest-util': [ '29.7.0' ],
15 silly audit   'jest-worker': [ '29.7.0', '27.5.1' ],
15 silly audit   jiti: [ '1.21.7' ],
15 silly audit   joi: [ '17.13.3' ],
15 silly audit   'js-tokens': [ '4.0.0' ],
15 silly audit   'json-buffer': [ '3.0.1' ],
15 silly audit   'json-parse-even-better-errors': [ '2.3.1' ],
15 silly audit   json5: [ '2.2.3' ],
15 silly audit   jsonfile: [ '6.2.1' ],
15 silly audit   katex: [ '0.16.47' ],
15 silly audit   keyv: [ '4.5.4' ],
15 silly audit   khroma: [ '2.1.0' ],
15 silly audit   'kind-of': [ '6.0.3' ],
15 silly audit   'klaw-sync': [ '6.0.0' ],
15 silly audit   kleur: [ '3.0.3' ],
15 silly audit   'latest-version': [ '7.0.0' ],
15 silly audit   'launch-editor': [ '2.14.0' ],
15 silly audit   leven: [ '3.1.0' ],
15 silly audit   lightningcss: [ '1.32.0' ],
15 silly audit   'lightningcss-android-arm64': [ '1.32.0' ],
15 silly audit   'lightningcss-darwin-arm64': [ '1.32.0' ],
15 silly audit   'lightningcss-darwin-x64': [ '1.32.0' ],
15 silly audit   'lightningcss-freebsd-x64': [ '1.32.0' ],
15 silly audit   'lightningcss-linux-arm-gnueabihf': [ '1.32.0' ],
15 silly audit   'lightningcss-linux-arm64-gnu': [ '1.32.0' ],
15 silly audit   'lightningcss-linux-arm64-musl': [ '1.32.0' ],
15 silly audit   'lightningcss-linux-x64-gnu': [ '1.32.0' ],
15 silly audit   'lightningcss-linux-x64-musl': [ '1.32.0' ],
15 silly audit   'lightningcss-win32-arm64-msvc': [ '1.32.0' ],
15 silly audit   'lightningcss-win32-x64-msvc': [ '1.32.0' ],
15 silly audit   lilconfig: [ '3.1.3' ],
15 silly audit   'lines-and-columns': [ '1.2.4' ],
15 silly audit   'loader-runner': [ '4.3.2' ],
15 silly audit   'loader-utils': [ '2.0.4' ],
15 silly audit   'locate-path': [ '7.2.0' ],
15 silly audit   lodash: [ '4.18.1' ],
15 silly audit   'lodash-es': [ '4.18.1' ],
15 silly audit   'lodash.debounce': [ '4.0.8' ],
15 silly audit   'lodash.memoize': [ '4.1.2' ],
15 silly audit   'lodash.uniq': [ '4.5.0' ],
15 silly audit   'longest-streak': [ '3.1.0' ],
15 silly audit   'loose-envify': [ '1.4.0' ],
15 silly audit   'lower-case': [ '2.0.2' ],
15 silly audit   'lowercase-keys': [ '3.0.0' ],
15 silly audit   'lru-cache': [ '5.1.1' ],
15 silly audit   lunr: [ '2.3.9' ],
15 silly audit   'lunr-languages': [ '1.20.0' ],
15 silly audit   'magic-string': [ '0.25.9' ],
15 silly audit   'mark.js': [ '8.11.1' ],
15 silly audit   'markdown-extensions': [ '2.0.0' ],
15 silly audit   'markdown-table': [ '3.0.4' ],
15 silly audit   marked: [ '16.4.2' ],
15 silly audit   'math-intrinsics': [ '1.1.0' ],
15 silly audit   'mdast-util-definition-list': [ '2.0.0' ],
15 silly audit   'mdast-util-directive': [ '3.1.0' ],
15 silly audit   'mdast-util-find-and-replace': [ '3.0.2' ],
15 silly audit   'mdast-util-from-markdown': [ '2.0.3' ],
15 silly audit   'micromark-util-symbol': [ '2.0.1', '1.1.0' ],
15 silly audit   'mdast-util-frontmatter': [ '2.0.1' ],
15 silly audit   'mdast-util-gfm': [ '3.1.0' ],
15 silly audit   'mdast-util-gfm-autolink-literal': [ '2.0.1' ],
15 silly audit   'micromark-util-character': [ '2.1.1', '1.2.0' ],
15 silly audit   'mdast-util-gfm-footnote': [ '2.1.0' ],
15 silly audit   'mdast-util-gfm-strikethrough': [ '2.0.0' ],
15 silly audit   'mdast-util-gfm-table': [ '2.0.0' ],
15 silly audit   'mdast-util-gfm-task-list-item': [ '2.0.0' ],
15 silly audit   'mdast-util-mdx': [ '3.0.0' ],
15 silly audit   'mdast-util-mdx-expression': [ '2.0.1' ],
15 silly audit   'mdast-util-mdx-jsx': [ '3.2.0' ],
15 silly audit   'mdast-util-mdxjs-esm': [ '2.0.1' ],
15 silly audit   'mdast-util-phrasing': [ '4.1.0' ],
15 silly audit   'mdast-util-to-hast': [ '13.2.1' ],
15 silly audit   'mdast-util-to-markdown': [ '2.1.2' ],
15 silly audit   'mdast-util-to-string': [ '4.0.0' ],
15 silly audit   'media-typer': [ '0.3.0' ],
15 silly audit   memfs: [ '4.57.3' ],
15 silly audit   'merge-descriptors': [ '1.0.3' ],
15 silly audit   'merge-stream': [ '2.0.0' ],
15 silly audit   merge2: [ '1.4.1' ],
15 silly audit   mermaid: [ '11.15.0' ],
15 silly audit   uuid: [ '14.0.0', '8.3.2' ],
15 silly audit   methods: [ '1.1.2' ],
15 silly audit   micromark: [ '4.0.2' ],
15 silly audit   'micromark-core-commonmark': [ '2.0.3' ],
15 silly audit   'micromark-factory-space': [ '2.0.1', '1.1.0' ],
15 silly audit   'micromark-extension-definition-list': [ '2.0.1' ],
15 silly audit   'micromark-extension-directive': [ '3.0.2' ],
15 silly audit   'micromark-extension-frontmatter': [ '2.0.0' ],
15 silly audit   'micromark-extension-gfm': [ '3.0.0' ],
15 silly audit   'micromark-extension-gfm-autolink-literal': [ '2.1.0' ],
15 silly audit   'micromark-extension-gfm-footnote': [ '2.1.0' ],
15 silly audit   'micromark-extension-gfm-strikethrough': [ '2.1.0' ],
15 silly audit   'micromark-extension-gfm-table': [ '2.1.1' ],
15 silly audit   'micromark-extension-gfm-tagfilter': [ '2.0.0' ],
15 silly audit   'micromark-extension-gfm-task-list-item': [ '2.1.0' ],
15 silly audit   'micromark-extension-mdx-expression': [ '3.0.1' ],
15 silly audit   'micromark-extension-mdx-jsx': [ '3.0.2' ],
15 silly audit   'micromark-extension-mdx-md': [ '2.0.0' ],
15 silly audit   'micromark-extension-mdxjs': [ '3.0.0' ],
15 silly audit   'micromark-extension-mdxjs-esm': [ '3.0.0' ],
15 silly audit   'micromark-factory-destination': [ '2.0.1' ],
15 silly audit   'micromark-factory-label': [ '2.0.1' ],
15 silly audit   'micromark-factory-mdx-expression': [ '2.0.3' ],
15 silly audit   'micromark-util-types': [ '1.1.0', '2.0.2' ],
15 silly audit   'micromark-factory-title': [ '2.0.1' ],
15 silly audit   'micromark-factory-whitespace': [ '2.0.1' ],
15 silly audit   'micromark-util-chunked': [ '2.0.1' ],
15 silly audit   'micromark-util-classify-character': [ '2.0.1' ],
15 silly audit   'micromark-util-combine-extensions': [ '2.0.1' ],
15 silly audit   'micromark-util-decode-numeric-character-reference': [ '2.0.2' ],
15 silly audit   'micromark-util-decode-string': [ '2.0.1' ],
15 silly audit   'micromark-util-encode': [ '2.0.1' ],
15 silly audit   'micromark-util-events-to-acorn': [ '2.0.3' ],
15 silly audit   'micromark-util-html-tag-name': [ '2.0.1' ],
15 silly audit   'micromark-util-normalize-identifier': [ '2.0.1' ],
15 silly audit   'micromark-util-resolve-all': [ '2.0.1' ],
15 silly audit   'micromark-util-sanitize-uri': [ '2.0.1' ],
15 silly audit   'micromark-util-subtokenize': [ '2.1.0' ],
15 silly audit   micromatch: [ '4.0.8' ],
15 silly audit   mime: [ '1.6.0' ],
15 silly audit   'mimic-fn': [ '2.1.0' ],
15 silly audit   'mini-css-extract-plugin': [ '2.10.2' ],
15 silly audit   'minimalistic-assert': [ '1.0.1' ],
15 silly audit   minimist: [ '1.2.8' ],
15 silly audit   mrmime: [ '2.0.1' ],
15 silly audit   'multicast-dns': [ '7.2.5' ],
15 silly audit   mz: [ '2.7.0' ],
15 silly audit   nanoid: [ '3.3.12' ],
15 silly audit   'neo-async': [ '2.6.2' ],
15 silly audit   'no-case': [ '3.0.4' ],
15 silly audit   'node-emoji': [ '2.2.0' ],
15 silly audit   'node-releases': [ '2.0.46' ],
15 silly audit   'normalize-path': [ '3.0.0' ],
15 silly audit   'normalize-url': [ '8.1.1' ],
15 silly audit   'npm-run-path': [ '4.0.1' ],
15 silly audit   nprogress: [ '0.2.0' ],
15 silly audit   'nth-check': [ '2.1.1' ],
15 silly audit   'null-loader': [ '4.0.1' ],
15 silly audit   'object-assign': [ '4.1.1' ],
15 silly audit   'object-inspect': [ '1.13.4' ],
15 silly audit   'object-keys': [ '1.1.1' ],
15 silly audit   'object.assign': [ '4.1.7' ],
15 silly audit   obuf: [ '1.1.2' ],
15 silly audit   'on-finished': [ '2.4.1' ],
15 silly audit   'on-headers': [ '1.1.0' ],
15 silly audit   onetime: [ '5.1.2' ],
15 silly audit   open: [ '8.4.2', '10.2.0' ],
15 silly audit   opener: [ '1.5.2' ],
15 silly audit   'os-homedir': [ '1.0.2' ],
15 silly audit   'p-cancelable': [ '3.0.0' ],
15 silly audit   'p-finally': [ '1.0.0' ],
15 silly audit   'p-limit': [ '4.0.0' ],
15 silly audit   'p-locate': [ '6.0.0' ],
15 silly audit   'p-map': [ '4.0.0' ],
15 silly audit   'p-queue': [ '6.6.2' ],
15 silly audit   'p-retry': [ '6.2.1' ],
15 silly audit   'p-timeout': [ '3.2.0' ],
15 silly audit   'package-json': [ '8.1.1' ],
15 silly audit   'package-manager-detector': [ '1.6.0' ],
15 silly audit   'param-case': [ '3.0.4' ],
15 silly audit   'parent-module': [ '1.0.1' ],
15 silly audit   'parse-entities': [ '4.0.2' ],
15 silly audit   'parse-json': [ '5.2.0' ],
15 silly audit   'parse-numeric-range': [ '1.3.0' ],
15 silly audit   parse5: [ '7.3.0' ],
15 silly audit   'parse5-htmlparser2-tree-adapter': [ '7.1.0' ],
15 silly audit   'parse5-parser-stream': [ '7.1.2' ],
15 silly audit   parseurl: [ '1.3.3' ],
15 silly audit   'pascal-case': [ '3.1.2' ],
15 silly audit   'path-data-parser': [ '0.1.0' ],
15 silly audit   'path-exists': [ '5.0.0' ],
15 silly audit   'path-is-inside': [ '1.0.2' ],
15 silly audit   'path-key': [ '3.1.1' ],
15 silly audit   'path-parse': [ '1.0.7' ],
15 silly audit   'path-type': [ '4.0.0' ],
15 silly audit   picocolors: [ '1.1.1' ],
15 silly audit   picomatch: [ '2.3.2', '4.0.4' ],
15 silly audit   pirates: [ '4.0.7' ],
15 silly audit   'pkg-dir': [ '7.0.0' ],
15 silly audit   pkijs: [ '3.4.0' ],
15 silly audit   'points-on-curve': [ '0.2.0' ],
15 silly audit   'points-on-path': [ '0.2.1' ],
15 silly audit   postcss: [ '8.5.15' ],
15 silly audit   'postcss-attribute-case-insensitive': [ '7.0.1' ],
15 silly audit   'postcss-calc': [ '9.0.1' ],
15 silly audit   'postcss-clamp': [ '4.1.0' ],
15 silly audit   'postcss-color-functional-notation': [ '7.0.12' ],
15 silly audit   'postcss-color-hex-alpha': [ '10.0.0' ],
15 silly audit   'postcss-color-rebeccapurple': [ '10.0.0' ],
15 silly audit   'postcss-colormin': [ '6.1.0' ],
15 silly audit   'postcss-convert-values': [ '6.1.0' ],
15 silly audit   'postcss-custom-media': [ '11.0.6' ],
15 silly audit   'postcss-custom-properties': [ '14.0.6' ],
15 silly audit   'postcss-custom-selectors': [ '8.0.5' ],
15 silly audit   'postcss-dir-pseudo-class': [ '9.0.1' ],
15 silly audit   'postcss-discard-comments': [ '6.0.2' ],
15 silly audit   'postcss-discard-duplicates': [ '6.0.3' ],
15 silly audit   'postcss-discard-empty': [ '6.0.3' ],
15 silly audit   'postcss-discard-overridden': [ '6.0.2' ],
15 silly audit   'postcss-discard-unused': [ '6.0.5' ],
15 silly audit   'postcss-double-position-gradients': [ '6.0.4' ],
15 silly audit   'postcss-focus-visible': [ '10.0.1' ],
15 silly audit   'postcss-focus-within': [ '9.0.1' ],
15 silly audit   'postcss-font-variant': [ '5.0.0' ],
15 silly audit   'postcss-gap-properties': [ '6.0.0' ],
15 silly audit   'postcss-image-set-function': [ '7.0.0' ],
15 silly audit   'postcss-lab-function': [ '7.0.12' ],
15 silly audit   'postcss-loader': [ '7.3.4' ],
15 silly audit   'postcss-logical': [ '8.1.0' ],
15 silly audit   'postcss-merge-idents': [ '6.0.3' ],
15 silly audit   'postcss-merge-longhand': [ '6.0.5' ],
15 silly audit   'postcss-merge-rules': [ '6.1.1' ],
15 silly audit   'postcss-minify-font-values': [ '6.1.0' ],
15 silly audit   'postcss-minify-gradients': [ '6.0.3' ],
15 silly audit   'postcss-minify-params': [ '6.1.0' ],
15 silly audit   'postcss-minify-selectors': [ '6.0.4' ],
15 silly audit   'postcss-modules-extract-imports': [ '3.1.0' ],
15 silly audit   'postcss-modules-local-by-default': [ '4.2.0' ],
15 silly audit   'postcss-modules-scope': [ '3.2.1' ],
15 silly audit   'postcss-modules-values': [ '4.0.0' ],
15 silly audit   'postcss-nesting': [ '13.0.2' ],
15 silly audit   '@csstools/selector-resolve-nested': [ '3.1.0' ],
15 silly audit   'postcss-normalize-charset': [ '6.0.2' ],
15 silly audit   'postcss-normalize-display-values': [ '6.0.2' ],
15 silly audit   'postcss-normalize-positions': [ '6.0.2' ],
15 silly audit   'postcss-normalize-repeat-style': [ '6.0.2' ],
15 silly audit   'postcss-normalize-string': [ '6.0.2' ],
15 silly audit   'postcss-normalize-timing-functions': [ '6.0.2' ],
15 silly audit   'postcss-normalize-unicode': [ '6.1.0' ],
15 silly audit   'postcss-normalize-url': [ '6.0.2' ],
15 silly audit   'postcss-normalize-whitespace': [ '6.0.2' ],
15 silly audit   'postcss-opacity-percentage': [ '3.0.0' ],
15 silly audit   'postcss-ordered-values': [ '6.0.2' ],
15 silly audit   'postcss-overflow-shorthand': [ '6.0.0' ],
15 silly audit   'postcss-page-break': [ '3.0.4' ],
15 silly audit   'postcss-place': [ '10.0.0' ],
15 silly audit   'postcss-preset-env': [ '10.6.1' ],
15 silly audit   'postcss-pseudo-class-any-link': [ '10.0.1' ],
15 silly audit   'postcss-reduce-idents': [ '6.0.3' ],
15 silly audit   'postcss-reduce-initial': [ '6.1.0' ],
15 silly audit   'postcss-reduce-transforms': [ '6.0.2' ],
15 silly audit   'postcss-replace-overflow-wrap': [ '4.0.0' ],
15 silly audit   'postcss-selector-not': [ '8.0.1' ],
15 silly audit   'postcss-sort-media-queries': [ '5.2.0' ],
15 silly audit   'postcss-svgo': [ '6.0.3' ],
15 silly audit   'postcss-unique-selectors': [ '6.0.4' ],
15 silly audit   'postcss-value-parser': [ '4.2.0' ],
15 silly audit   'postcss-zindex': [ '6.0.2' ],
15 silly audit   'pretty-error': [ '4.0.0' ],
15 silly audit   'pretty-time': [ '1.1.0' ],
15 silly audit   'prism-react-renderer': [ '2.4.1' ],
15 silly audit   prismjs: [ '1.30.0' ],
15 silly audit   'process-nextick-args': [ '2.0.1' ],
15 silly audit   prompts: [ '2.4.2' ],
15 silly audit   'prop-types': [ '15.8.1' ],
15 silly audit   'property-information': [ '7.1.0' ],
15 silly audit   'proto-list': [ '1.2.4' ],
15 silly audit   'proxy-addr': [ '2.0.7' ],
15 silly audit   punycode: [ '2.3.1' ],
15 silly audit   pupa: [ '3.3.0' ],
15 silly audit   pvtsutils: [ '1.3.6' ],
15 silly audit   pvutils: [ '1.1.5' ],
15 silly audit   qs: [ '6.15.2' ],
15 silly audit   'queue-microtask': [ '1.2.3' ],
15 silly audit   'quick-lru': [ '5.1.1' ],
15 silly audit   randombytes: [ '2.1.0' ],
15 silly audit   'raw-body': [ '2.5.3' ],
15 silly audit   rc: [ '1.2.8' ],
15 silly audit   'strip-json-comments': [ '2.0.1', '3.1.1' ],
15 silly audit   react: [ '19.2.6' ],
15 silly audit   'react-dom': [ '19.2.6' ],
15 silly audit   'react-fast-compare': [ '3.2.2' ],
15 silly audit   '@slorber/react-helmet-async': [ '1.3.0' ],
15 silly audit   'react-is': [ '16.13.1' ],
15 silly audit   'react-json-view-lite': [ '2.5.0' ],
15 silly audit   'react-live': [ '4.1.8' ],
15 silly audit   '@docusaurus/react-loadable': [ '6.0.0' ],
15 silly audit   'react-loadable-ssr-addon-v5-slorber': [ '1.0.3' ],
15 silly audit   'react-router': [ '5.3.4' ],
15 silly audit   'react-router-config': [ '5.1.1' ],
15 silly audit   'react-router-dom': [ '5.3.4' ],
15 silly audit   readdirp: [ '3.6.0' ],
15 silly audit   'recma-build-jsx': [ '1.0.0' ],
15 silly audit   'recma-jsx': [ '1.0.1' ],
15 silly audit   'recma-parse': [ '1.0.0' ],
15 silly audit   'recma-stringify': [ '1.0.0' ],
15 silly audit   'reflect-metadata': [ '0.2.2' ],
15 silly audit   regenerate: [ '1.4.2' ],
15 silly audit   'registry-auth-token': [ '5.1.1' ],
15 silly audit   'registry-url': [ '6.0.1' ],
15 silly audit   'rehype-minify-whitespace': [ '6.0.2' ],
15 silly audit   'rehype-raw': [ '7.0.0' ],
15 silly audit   'rehype-recma': [ '1.0.0' ],
15 silly audit   relateurl: [ '0.2.7' ],
15 silly audit   'remark-definition-list': [ '2.0.0' ],
15 silly audit   'remark-directive': [ '3.0.1' ],
15 silly audit   'remark-emoji': [ '4.0.1' ],
15 silly audit   'remark-frontmatter': [ '5.0.0' ],
15 silly audit   'remark-gfm': [ '4.0.1' ],
15 silly audit   'remark-mdx': [ '3.1.1' ],
15 silly audit   'remark-parse': [ '11.0.0' ],
15 silly audit   'remark-rehype': [ '11.1.2' ],
15 silly audit   'remark-stringify': [ '11.0.0' ],
15 silly audit   renderkid: [ '3.0.0' ],
15 silly audit   'require-from-string': [ '2.0.2' ],
15 silly audit   'require-like': [ '0.1.2' ],
15 silly audit   'requires-port': [ '1.0.0' ],
15 silly audit   resolve: [ '1.22.12' ],
15 silly audit   'resolve-alpn': [ '1.2.1' ],
15 silly audit   'resolve-from': [ '4.0.0' ],
15 silly audit   'resolve-pathname': [ '3.0.0' ],
15 silly audit   responselike: [ '3.0.0' ],
15 silly audit   retry: [ '0.13.1' ],
15 silly audit   reusify: [ '1.1.0' ],
15 silly audit   'robust-predicates': [ '3.0.3' ],
15 silly audit   roughjs: [ '4.6.6' ],
15 silly audit   rtlcss: [ '4.3.0' ],
15 silly audit   'run-applescript': [ '7.1.0' ],
15 silly audit   'run-parallel': [ '1.2.0' ],
15 silly audit   rw: [ '1.3.3' ],
15 silly audit   'safer-buffer': [ '2.1.2' ],
15 silly audit   sax: [ '1.6.0' ],
15 silly audit   scheduler: [ '0.27.0' ],
15 silly audit   'schema-dts': [ '1.1.5' ],
15 silly audit   'search-insights': [ '2.17.3' ],
15 silly audit   'section-matter': [ '1.0.0' ],
15 silly audit   'select-hose': [ '2.0.0' ],
15 silly audit   selfsigned: [ '5.5.0' ],
15 silly audit   'semver-diff': [ '4.0.0' ],
15 silly audit   send: [ '0.19.2' ],
15 silly audit   'serialize-javascript': [ '6.0.2' ],
15 silly audit   'serve-handler': [ '6.1.7' ],
15 silly audit   'serve-index': [ '1.9.2' ],
15 silly audit   statuses: [ '1.5.0', '2.0.2' ],
15 silly audit   'serve-static': [ '1.16.3' ],
15 silly audit   'set-function-length': [ '1.2.2' ],
15 silly audit   setprototypeof: [ '1.2.0' ],
15 silly audit   'shallow-clone': [ '3.0.1' ],
15 silly audit   shallowequal: [ '1.1.0' ],
15 silly audit   'shebang-command': [ '2.0.0' ],
15 silly audit   'shebang-regex': [ '3.0.0' ],
15 silly audit   'shell-quote': [ '1.8.4' ],
15 silly audit   'side-channel': [ '1.1.0' ],
15 silly audit   'side-channel-list': [ '1.0.1' ],
15 silly audit   'side-channel-map': [ '1.0.1' ],
15 silly audit   'side-channel-weakmap': [ '1.0.2' ],
15 silly audit   'signal-exit': [ '3.0.7' ],
15 silly audit   sirv: [ '2.0.4' ],
15 silly audit   sisteransi: [ '1.0.5' ],
15 silly audit   sitemap: [ '7.1.3' ],
15 silly audit   'skin-tone': [ '2.0.0' ],
15 silly audit   'snake-case': [ '3.0.4' ],
15 silly audit   sockjs: [ '0.3.24' ],
15 silly audit   'sort-css-media-queries': [ '2.2.0' ],
15 silly audit   'source-map-js': [ '1.2.1' ],
15 silly audit   'source-map-support': [ '0.5.21' ],
15 silly audit   'sourcemap-codec': [ '1.4.8' ],
15 silly audit   'space-separated-tokens': [ '2.0.2' ],
15 silly audit   spdy: [ '4.0.2' ],
15 silly audit   'spdy-transport': [ '3.0.0' ],
15 silly audit   'sprintf-js': [ '1.0.3' ],
15 silly audit   srcset: [ '4.0.0' ],
15 silly audit   'std-env': [ '3.10.0' ],
15 silly audit   'strip-ansi': [ '7.2.0', '6.0.1' ],
15 silly audit   'stringify-entities': [ '4.0.4' ],
15 silly audit   'stringify-object': [ '3.3.0' ],
15 silly audit   'strip-bom-string': [ '1.0.0' ],
15 silly audit   'strip-final-newline': [ '2.0.0' ],
15 silly audit   'style-to-js': [ '1.1.21' ],
15 silly audit   'style-to-object': [ '1.0.14' ],
15 silly audit   stylehacks: [ '6.1.1' ],
15 silly audit   stylis: [ '4.4.0' ],
15 silly audit   sucrase: [ '3.35.1' ],
15 silly audit   'supports-preserve-symlinks-flag': [ '1.0.0' ],
15 silly audit   'svg-parser': [ '2.0.4' ],
15 silly audit   svgo: [ '3.3.3' ],
15 silly audit   'swc-loader': [ '0.2.7' ],
15 silly audit   tapable: [ '2.3.3' ],
15 silly audit   terser: [ '5.48.0' ],
15 silly audit   'terser-webpack-plugin': [ '5.6.1' ],
15 silly audit   thenify: [ '3.3.1' ],
15 silly audit   'thenify-all': [ '1.6.0' ],
15 silly audit   thingies: [ '2.6.0' ],
15 silly audit   thunky: [ '1.1.0' ],
15 silly audit   'tiny-invariant': [ '1.3.3' ],
15 silly audit   'tiny-warning': [ '1.0.3' ],
15 silly audit   tinyexec: [ '1.2.4' ],
15 silly audit   tinyglobby: [ '0.2.17' ],
15 silly audit   fdir: [ '6.5.0' ],
15 silly audit   tinypool: [ '1.1.1' ],
15 silly audit   'to-regex-range': [ '5.0.1' ],
15 silly audit   toidentifier: [ '1.0.1' ],
15 silly audit   totalist: [ '3.0.1' ],
15 silly audit   'tree-dump': [ '1.1.0' ],
15 silly audit   'trim-lines': [ '3.0.1' ],
15 silly audit   'trim-trailing-lines': [ '2.1.0' ],
15 silly audit   trough: [ '2.2.0' ],
15 silly audit   'ts-dedent': [ '2.2.0' ],
15 silly audit   'ts-interface-checker': [ '0.1.13' ],
15 silly audit   tslib: [ '2.8.1', '1.14.1' ],
15 silly audit   tsyringe: [ '4.10.0' ],
15 silly audit   'type-is': [ '1.6.18' ],
15 silly audit   'typedarray-to-buffer': [ '3.1.5' ],
15 silly audit   typescript: [ '6.0.3' ],
15 silly audit   undici: [ '7.27.0' ],
15 silly audit   'undici-types': [ '7.24.6' ],
15 silly audit   'unicode-canonical-property-names-ecmascript': [ '2.0.1' ],
15 silly audit   'unicode-emoji-modifier-base': [ '1.0.0' ],
15 silly audit   'unicode-match-property-ecmascript': [ '2.0.0' ],
15 silly audit   'unicode-match-property-value-ecmascript': [ '2.2.1' ],
15 silly audit   'unicode-property-aliases-ecmascript': [ '2.2.0' ],
15 silly audit   unified: [ '11.0.5' ],
15 silly audit   'unique-string': [ '3.0.0' ],
15 silly audit   'unist-builder': [ '4.0.0' ],
15 silly audit   'unist-util-find-after': [ '5.0.0' ],
15 silly audit   'unist-util-is': [ '6.0.1' ],
15 silly audit   'unist-util-position': [ '5.0.0' ],
15 silly audit   'unist-util-position-from-estree': [ '2.0.0' ],
15 silly audit   'unist-util-stringify-position': [ '4.0.0' ],
15 silly audit   'unist-util-visit': [ '5.1.0' ],
15 silly audit   'unist-util-visit-parents': [ '6.0.2' ],
15 silly audit   universalify: [ '2.0.1' ],
15 silly audit   unpipe: [ '1.0.0' ],
15 silly audit   'update-browserslist-db': [ '1.2.3' ],
15 silly audit   'update-notifier': [ '6.0.2' ],
15 silly audit   'uri-js': [ '4.4.1' ],
15 silly audit   'url-loader': [ '4.1.1' ],
15 silly audit   'use-editable': [ '2.3.3' ],
15 silly audit   'util-deprecate': [ '1.0.2' ],
15 silly audit   utila: [ '0.4.0' ],
15 silly audit   'utility-types': [ '3.11.0' ],
15 silly audit   'utils-merge': [ '1.0.1' ],
15 silly audit   'value-equal': [ '1.0.1' ],
15 silly audit   vary: [ '1.1.2' ],
15 silly audit   vfile: [ '6.0.3' ],
15 silly audit   'vfile-location': [ '5.0.3' ],
15 silly audit   'vfile-message': [ '4.0.3' ],
15 silly audit   watchpack: [ '2.5.1' ],
15 silly audit   wbuf: [ '1.7.3' ],
15 silly audit   'web-namespaces': [ '2.0.1' ],
15 silly audit   webpack: [ '5.107.2' ],
15 silly audit   'webpack-bundle-analyzer': [ '4.10.2' ],
15 silly audit   'webpack-dev-middleware': [ '7.4.5' ],
15 silly audit   'webpack-dev-server': [ '5.2.4' ],
15 silly audit   ws: [ '8.21.0', '7.5.11' ],
15 silly audit   'webpack-sources': [ '3.5.0' ],
15 silly audit   webpackbar: [ '7.0.0' ],
15 silly audit   'websocket-driver': [ '0.7.4' ],
15 silly audit   'websocket-extensions': [ '0.1.4' ],
15 silly audit   'whatwg-encoding': [ '3.1.1' ],
15 silly audit   'whatwg-mimetype': [ '4.0.0' ],
15 silly audit   which: [ '2.0.2' ],
15 silly audit   'widest-line': [ '4.0.1' ],
15 silly audit   wildcard: [ '2.0.1' ],
15 silly audit   'wrap-ansi': [ '8.1.0' ],
15 silly audit   'write-file-atomic': [ '3.0.3' ],
15 silly audit   'wsl-utils': [ '0.1.0' ],
15 silly audit   'xdg-basedir': [ '5.1.0' ],
15 silly audit   'xml-js': [ '1.6.11' ],
15 silly audit   yallist: [ '3.1.1' ],
15 silly audit   yaml: [ '2.9.0' ],
15 silly audit   'yocto-queue': [ '1.2.2' ],
15 silly audit   zwitch: [ '2.0.4' ]
15 silly audit }
16 verbose reify failed optional dependency /Users/chenhan/Desktop/Git/WSDoc/node_modules/lightningcss-win32-x64-msvc
17 silly reify mark deleted [
17 silly reify   '/Users/chenhan/Desktop/Git/WSDoc/node_modules/lightningcss-win32-x64-msvc'
17 silly reify ]
18 verbose reify failed optional dependency /Users/chenhan/Desktop/Git/WSDoc/node_modules/lightningcss-win32-arm64-msvc
19 silly reify mark deleted [
19 silly reify   '/Users/chenhan/Desktop/Git/WSDoc/node_modules/lightningcss-win32-arm64-msvc'
19 silly reify ]
20 verbose reify failed optional dependency /Users/chenhan/Desktop/Git/WSDoc/node_modules/lightningcss-linux-x64-musl
21 silly reify mark deleted [
21 silly reify   '/Users/chenhan/Desktop/Git/WSDoc/node_modules/lightningcss-linux-x64-musl'
21 silly reify ]
22 verbose reify failed optional dependency /Users/chenhan/Desktop/Git/WSDoc/node_modules/lightningcss-linux-x64-gnu
23 silly reify mark deleted [
23 silly reify   '/Users/chenhan/Desktop/Git/WSDoc/node_modules/lightningcss-linux-x64-gnu'
23 silly reify ]
24 verbose reify failed optional dependency /Users/chenhan/Desktop/Git/WSDoc/node_modules/lightningcss-linux-arm64-musl
25 silly reify mark deleted [
25 silly reify   '/Users/chenhan/Desktop/Git/WSDoc/node_modules/lightningcss-linux-arm64-musl'
25 silly reify ]
26 verbose reify failed optional dependency /Users/chenhan/Desktop/Git/WSDoc/node_modules/lightningcss-linux-arm64-gnu
27 silly reify mark deleted [
27 silly reify   '/Users/chenhan/Desktop/Git/WSDoc/node_modules/lightningcss-linux-arm64-gnu'
27 silly reify ]
28 verbose reify failed optional dependency /Users/chenhan/Desktop/Git/WSDoc/node_modules/lightningcss-linux-arm-gnueabihf
29 silly reify mark deleted [
29 silly reify   '/Users/chenhan/Desktop/Git/WSDoc/node_modules/lightningcss-linux-arm-gnueabihf'
29 silly reify ]
30 verbose reify failed optional dependency /Users/chenhan/Desktop/Git/WSDoc/node_modules/lightningcss-freebsd-x64
31 silly reify mark deleted [
31 silly reify   '/Users/chenhan/Desktop/Git/WSDoc/node_modules/lightningcss-freebsd-x64'
31 silly reify ]
32 verbose reify failed optional dependency /Users/chenhan/Desktop/Git/WSDoc/node_modules/lightningcss-darwin-x64
33 silly reify mark deleted [
33 silly reify   '/Users/chenhan/Desktop/Git/WSDoc/node_modules/lightningcss-darwin-x64'
33 silly reify ]
34 verbose reify failed optional dependency /Users/chenhan/Desktop/Git/WSDoc/node_modules/lightningcss-android-arm64
35 silly reify mark deleted [
35 silly reify   '/Users/chenhan/Desktop/Git/WSDoc/node_modules/lightningcss-android-arm64'
35 silly reify ]
36 verbose reify failed optional dependency /Users/chenhan/Desktop/Git/WSDoc/node_modules/@swc/html-win32-x64-msvc
37 silly reify mark deleted [
37 silly reify   '/Users/chenhan/Desktop/Git/WSDoc/node_modules/@swc/html-win32-x64-msvc'
37 silly reify ]
38 verbose reify failed optional dependency /Users/chenhan/Desktop/Git/WSDoc/node_modules/@swc/html-win32-ia32-msvc
39 silly reify mark deleted [
39 silly reify   '/Users/chenhan/Desktop/Git/WSDoc/node_modules/@swc/html-win32-ia32-msvc'
39 silly reify ]
40 verbose reify failed optional dependency /Users/chenhan/Desktop/Git/WSDoc/node_modules/@swc/html-win32-arm64-msvc
41 silly reify mark deleted [
41 silly reify   '/Users/chenhan/Desktop/Git/WSDoc/node_modules/@swc/html-win32-arm64-msvc'
41 silly reify ]
42 verbose reify failed optional dependency /Users/chenhan/Desktop/Git/WSDoc/node_modules/@swc/html-linux-x64-musl
43 silly reify mark deleted [
43 silly reify   '/Users/chenhan/Desktop/Git/WSDoc/node_modules/@swc/html-linux-x64-musl'
43 silly reify ]
44 verbose reify failed optional dependency /Users/chenhan/Desktop/Git/WSDoc/node_modules/@swc/html-linux-x64-gnu
45 silly reify mark deleted [
45 silly reify   '/Users/chenhan/Desktop/Git/WSDoc/node_modules/@swc/html-linux-x64-gnu'
45 silly reify ]
46 verbose reify failed optional dependency /Users/chenhan/Desktop/Git/WSDoc/node_modules/@swc/html-linux-s390x-gnu
47 silly reify mark deleted [
47 silly reify   '/Users/chenhan/Desktop/Git/WSDoc/node_modules/@swc/html-linux-s390x-gnu'
47 silly reify ]
48 verbose reify failed optional dependency /Users/chenhan/Desktop/Git/WSDoc/node_modules/@swc/html-linux-ppc64-gnu
49 silly reify mark deleted [
49 silly reify   '/Users/chenhan/Desktop/Git/WSDoc/node_modules/@swc/html-linux-ppc64-gnu'
49 silly reify ]
50 verbose reify failed optional dependency /Users/chenhan/Desktop/Git/WSDoc/node_modules/@swc/html-linux-arm64-musl
51 silly reify mark deleted [
51 silly reify   '/Users/chenhan/Desktop/Git/WSDoc/node_modules/@swc/html-linux-arm64-musl'
51 silly reify ]
52 verbose reify failed optional dependency /Users/chenhan/Desktop/Git/WSDoc/node_modules/@swc/html-linux-arm64-gnu
53 silly reify mark deleted [
53 silly reify   '/Users/chenhan/Desktop/Git/WSDoc/node_modules/@swc/html-linux-arm64-gnu'
53 silly reify ]
54 verbose reify failed optional dependency /Users/chenhan/Desktop/Git/WSDoc/node_modules/@swc/html-linux-arm-gnueabihf
55 silly reify mark deleted [
55 silly reify   '/Users/chenhan/Desktop/Git/WSDoc/node_modules/@swc/html-linux-arm-gnueabihf'
55 silly reify ]
56 verbose reify failed optional dependency /Users/chenhan/Desktop/Git/WSDoc/node_modules/@swc/html-darwin-x64
57 silly reify mark deleted [
57 silly reify   '/Users/chenhan/Desktop/Git/WSDoc/node_modules/@swc/html-darwin-x64'
57 silly reify ]
58 verbose reify failed optional dependency /Users/chenhan/Desktop/Git/WSDoc/node_modules/@swc/core-win32-x64-msvc
59 silly reify mark deleted [
59 silly reify   '/Users/chenhan/Desktop/Git/WSDoc/node_modules/@swc/core-win32-x64-msvc'
59 silly reify ]
60 verbose reify failed optional dependency /Users/chenhan/Desktop/Git/WSDoc/node_modules/@swc/core-win32-ia32-msvc
61 silly reify mark deleted [
61 silly reify   '/Users/chenhan/Desktop/Git/WSDoc/node_modules/@swc/core-win32-ia32-msvc'
61 silly reify ]
62 verbose reify failed optional dependency /Users/chenhan/Desktop/Git/WSDoc/node_modules/@swc/core-win32-arm64-msvc
63 silly reify mark deleted [
63 silly reify   '/Users/chenhan/Desktop/Git/WSDoc/node_modules/@swc/core-win32-arm64-msvc'
63 silly reify ]
64 verbose reify failed optional dependency /Users/chenhan/Desktop/Git/WSDoc/node_modules/@swc/core-linux-x64-musl
65 silly reify mark deleted [
65 silly reify   '/Users/chenhan/Desktop/Git/WSDoc/node_modules/@swc/core-linux-x64-musl'
65 silly reify ]
66 verbose reify failed optional dependency /Users/chenhan/Desktop/Git/WSDoc/node_modules/@swc/core-linux-x64-gnu
67 silly reify mark deleted [
67 silly reify   '/Users/chenhan/Desktop/Git/WSDoc/node_modules/@swc/core-linux-x64-gnu'
67 silly reify ]
68 verbose reify failed optional dependency /Users/chenhan/Desktop/Git/WSDoc/node_modules/@swc/core-linux-s390x-gnu
69 silly reify mark deleted [
69 silly reify   '/Users/chenhan/Desktop/Git/WSDoc/node_modules/@swc/core-linux-s390x-gnu'
69 silly reify ]
70 verbose reify failed optional dependency /Users/chenhan/Desktop/Git/WSDoc/node_modules/@swc/core-linux-ppc64-gnu
71 silly reify mark deleted [
71 silly reify   '/Users/chenhan/Desktop/Git/WSDoc/node_modules/@swc/core-linux-ppc64-gnu'
71 silly reify ]
72 verbose reify failed optional dependency /Users/chenhan/Desktop/Git/WSDoc/node_modules/@swc/core-linux-arm64-musl
73 silly reify mark deleted [
73 silly reify   '/Users/chenhan/Desktop/Git/WSDoc/node_modules/@swc/core-linux-arm64-musl'
73 silly reify ]
74 verbose reify failed optional dependency /Users/chenhan/Desktop/Git/WSDoc/node_modules/@swc/core-linux-arm64-gnu
75 silly reify mark deleted [
75 silly reify   '/Users/chenhan/Desktop/Git/WSDoc/node_modules/@swc/core-linux-arm64-gnu'
75 silly reify ]
76 verbose reify failed optional dependency /Users/chenhan/Desktop/Git/WSDoc/node_modules/@swc/core-linux-arm-gnueabihf
77 silly reify mark deleted [
77 silly reify   '/Users/chenhan/Desktop/Git/WSDoc/node_modules/@swc/core-linux-arm-gnueabihf'
77 silly reify ]
78 verbose reify failed optional dependency /Users/chenhan/Desktop/Git/WSDoc/node_modules/@swc/core-darwin-x64
79 silly reify mark deleted [
79 silly reify   '/Users/chenhan/Desktop/Git/WSDoc/node_modules/@swc/core-darwin-x64'
79 silly reify ]
80 verbose reify failed optional dependency /Users/chenhan/Desktop/Git/WSDoc/node_modules/@rspack/binding-win32-x64-msvc
81 silly reify mark deleted [
81 silly reify   '/Users/chenhan/Desktop/Git/WSDoc/node_modules/@rspack/binding-win32-x64-msvc'
81 silly reify ]
82 verbose reify failed optional dependency /Users/chenhan/Desktop/Git/WSDoc/node_modules/@rspack/binding-win32-ia32-msvc
83 silly reify mark deleted [
83 silly reify   '/Users/chenhan/Desktop/Git/WSDoc/node_modules/@rspack/binding-win32-ia32-msvc'
83 silly reify ]
84 verbose reify failed optional dependency /Users/chenhan/Desktop/Git/WSDoc/node_modules/@rspack/binding-win32-arm64-msvc
85 silly reify mark deleted [
85 silly reify   '/Users/chenhan/Desktop/Git/WSDoc/node_modules/@rspack/binding-win32-arm64-msvc'
85 silly reify ]
86 verbose reify failed optional dependency /Users/chenhan/Desktop/Git/WSDoc/node_modules/@rspack/binding-wasm32-wasi
87 silly reify mark deleted [
87 silly reify   '/Users/chenhan/Desktop/Git/WSDoc/node_modules/@rspack/binding-wasm32-wasi'
87 silly reify ]
88 verbose reify failed optional dependency /Users/chenhan/Desktop/Git/WSDoc/node_modules/@napi-rs/wasm-runtime
89 silly reify mark deleted [
89 silly reify   '/Users/chenhan/Desktop/Git/WSDoc/node_modules/@napi-rs/wasm-runtime'
89 silly reify ]
90 verbose reify failed optional dependency /Users/chenhan/Desktop/Git/WSDoc/node_modules/@rspack/binding-linux-x64-musl
91 silly reify mark deleted [
91 silly reify   '/Users/chenhan/Desktop/Git/WSDoc/node_modules/@rspack/binding-linux-x64-musl'
91 silly reify ]
92 verbose reify failed optional dependency /Users/chenhan/Desktop/Git/WSDoc/node_modules/@rspack/binding-linux-x64-gnu
93 silly reify mark deleted [
93 silly reify   '/Users/chenhan/Desktop/Git/WSDoc/node_modules/@rspack/binding-linux-x64-gnu'
93 silly reify ]
94 verbose reify failed optional dependency /Users/chenhan/Desktop/Git/WSDoc/node_modules/@rspack/binding-linux-arm64-musl
95 silly reify mark deleted [
95 silly reify   '/Users/chenhan/Desktop/Git/WSDoc/node_modules/@rspack/binding-linux-arm64-musl'
95 silly reify ]
96 verbose reify failed optional dependency /Users/chenhan/Desktop/Git/WSDoc/node_modules/@rspack/binding-linux-arm64-gnu
97 silly reify mark deleted [
97 silly reify   '/Users/chenhan/Desktop/Git/WSDoc/node_modules/@rspack/binding-linux-arm64-gnu'
97 silly reify ]
98 verbose reify failed optional dependency /Users/chenhan/Desktop/Git/WSDoc/node_modules/@rspack/binding-darwin-x64
99 silly reify mark deleted [
99 silly reify   '/Users/chenhan/Desktop/Git/WSDoc/node_modules/@rspack/binding-darwin-x64'
99 silly reify ]
100 verbose reify failed optional dependency /Users/chenhan/Desktop/Git/WSDoc/node_modules/@node-rs/jieba-win32-x64-msvc
101 silly reify mark deleted [
101 silly reify   '/Users/chenhan/Desktop/Git/WSDoc/node_modules/@node-rs/jieba-win32-x64-msvc'
101 silly reify ]
102 verbose reify failed optional dependency /Users/chenhan/Desktop/Git/WSDoc/node_modules/@node-rs/jieba-win32-ia32-msvc
103 silly reify mark deleted [
103 silly reify   '/Users/chenhan/Desktop/Git/WSDoc/node_modules/@node-rs/jieba-win32-ia32-msvc'
103 silly reify ]
104 verbose reify failed optional dependency /Users/chenhan/Desktop/Git/WSDoc/node_modules/@node-rs/jieba-win32-arm64-msvc
105 silly reify mark deleted [
105 silly reify   '/Users/chenhan/Desktop/Git/WSDoc/node_modules/@node-rs/jieba-win32-arm64-msvc'
105 silly reify ]
106 verbose reify failed optional dependency /Users/chenhan/Desktop/Git/WSDoc/node_modules/@node-rs/jieba-wasm32-wasi
107 silly reify mark deleted [
107 silly reify   '/Users/chenhan/Desktop/Git/WSDoc/node_modules/@node-rs/jieba-wasm32-wasi'
107 silly reify ]
108 verbose reify failed optional dependency /Users/chenhan/Desktop/Git/WSDoc/node_modules/@node-rs/jieba-wasm32-wasi/node_modules/@napi-rs/wasm-runtime
109 silly reify mark deleted [
109 silly reify   '/Users/chenhan/Desktop/Git/WSDoc/node_modules/@node-rs/jieba-wasm32-wasi/node_modules/@napi-rs/wasm-runtime'
109 silly reify ]
110 verbose reify failed optional dependency /Users/chenhan/Desktop/Git/WSDoc/node_modules/@node-rs/jieba-linux-x64-musl
111 silly reify mark deleted [
111 silly reify   '/Users/chenhan/Desktop/Git/WSDoc/node_modules/@node-rs/jieba-linux-x64-musl'
111 silly reify ]
112 verbose reify failed optional dependency /Users/chenhan/Desktop/Git/WSDoc/node_modules/@node-rs/jieba-linux-x64-gnu
113 silly reify mark deleted [
113 silly reify   '/Users/chenhan/Desktop/Git/WSDoc/node_modules/@node-rs/jieba-linux-x64-gnu'
113 silly reify ]
114 verbose reify failed optional dependency /Users/chenhan/Desktop/Git/WSDoc/node_modules/@node-rs/jieba-linux-arm64-musl
115 silly reify mark deleted [
115 silly reify   '/Users/chenhan/Desktop/Git/WSDoc/node_modules/@node-rs/jieba-linux-arm64-musl'
115 silly reify ]
116 verbose reify failed optional dependency /Users/chenhan/Desktop/Git/WSDoc/node_modules/@node-rs/jieba-linux-arm64-gnu
117 silly reify mark deleted [
117 silly reify   '/Users/chenhan/Desktop/Git/WSDoc/node_modules/@node-rs/jieba-linux-arm64-gnu'
117 silly reify ]
118 verbose reify failed optional dependency /Users/chenhan/Desktop/Git/WSDoc/node_modules/@node-rs/jieba-linux-arm-gnueabihf
119 silly reify mark deleted [
119 silly reify   '/Users/chenhan/Desktop/Git/WSDoc/node_modules/@node-rs/jieba-linux-arm-gnueabihf'
119 silly reify ]
120 verbose reify failed optional dependency /Users/chenhan/Desktop/Git/WSDoc/node_modules/@node-rs/jieba-freebsd-x64
121 silly reify mark deleted [
121 silly reify   '/Users/chenhan/Desktop/Git/WSDoc/node_modules/@node-rs/jieba-freebsd-x64'
121 silly reify ]
122 verbose reify failed optional dependency /Users/chenhan/Desktop/Git/WSDoc/node_modules/@node-rs/jieba-darwin-x64
123 silly reify mark deleted [
123 silly reify   '/Users/chenhan/Desktop/Git/WSDoc/node_modules/@node-rs/jieba-darwin-x64'
123 silly reify ]
124 verbose reify failed optional dependency /Users/chenhan/Desktop/Git/WSDoc/node_modules/@node-rs/jieba-android-arm64
125 silly reify mark deleted [
125 silly reify   '/Users/chenhan/Desktop/Git/WSDoc/node_modules/@node-rs/jieba-android-arm64'
125 silly reify ]
126 verbose reify failed optional dependency /Users/chenhan/Desktop/Git/WSDoc/node_modules/@node-rs/jieba-android-arm-eabi
127 silly reify mark deleted [
127 silly reify   '/Users/chenhan/Desktop/Git/WSDoc/node_modules/@node-rs/jieba-android-arm-eabi'
127 silly reify ]
128 http cache zwitch@https://registry.npmjs.org/zwitch/-/zwitch-2.0.4.tgz 0ms (cache hit)
129 http cache yocto-queue@https://registry.npmjs.org/yocto-queue/-/yocto-queue-1.2.2.tgz 0ms (cache hit)
130 http cache yallist@https://registry.npmjs.org/yallist/-/yallist-3.1.1.tgz 0ms (cache hit)
131 http cache yaml@https://registry.npmjs.org/yaml/-/yaml-2.9.0.tgz 0ms (cache hit)
132 http cache xml-js@https://registry.npmjs.org/xml-js/-/xml-js-1.6.11.tgz 0ms (cache hit)
133 http cache wsl-utils@https://registry.npmjs.org/wsl-utils/-/wsl-utils-0.1.0.tgz 0ms (cache hit)
134 http cache ws@https://registry.npmjs.org/ws/-/ws-7.5.11.tgz 0ms (cache hit)
135 http cache write-file-atomic@https://registry.npmjs.org/write-file-atomic/-/write-file-atomic-3.0.3.tgz 0ms (cache hit)
136 http cache xdg-basedir@https://registry.npmjs.org/xdg-basedir/-/xdg-basedir-5.1.0.tgz 0ms (cache hit)
137 http cache wrap-ansi@https://registry.npmjs.org/wrap-ansi/-/wrap-ansi-8.1.0.tgz 0ms (cache hit)
138 http cache wildcard@https://registry.npmjs.org/wildcard/-/wildcard-2.0.1.tgz 0ms (cache hit)
139 http cache whatwg-mimetype@https://registry.npmjs.org/whatwg-mimetype/-/whatwg-mimetype-4.0.0.tgz 0ms (cache hit)
140 http cache whatwg-encoding@https://registry.npmjs.org/whatwg-encoding/-/whatwg-encoding-3.1.1.tgz 0ms (cache hit)
141 http cache websocket-extensions@https://registry.npmjs.org/websocket-extensions/-/websocket-extensions-0.1.4.tgz 0ms (cache hit)
142 http cache webpackbar@https://registry.npmjs.org/webpackbar/-/webpackbar-7.0.0.tgz 0ms (cache hit)
143 http cache widest-line@https://registry.npmjs.org/widest-line/-/widest-line-4.0.1.tgz 0ms (cache hit)
144 http cache websocket-driver@https://registry.npmjs.org/websocket-driver/-/websocket-driver-0.7.4.tgz 0ms (cache hit)
145 http cache webpack-sources@https://registry.npmjs.org/webpack-sources/-/webpack-sources-3.5.0.tgz 0ms (cache hit)
146 http cache webpack-merge@https://registry.npmjs.org/webpack-merge/-/webpack-merge-6.0.1.tgz 0ms (cache hit)
147 http cache webpack-dev-server@https://registry.npmjs.org/webpack-dev-server/-/webpack-dev-server-5.2.4.tgz 0ms (cache hit)
148 http cache webpack-dev-middleware@https://registry.npmjs.org/webpack-dev-middleware/-/webpack-dev-middleware-7.4.5.tgz 0ms (cache hit)
149 http cache webpack@https://registry.npmjs.org/webpack/-/webpack-5.107.2.tgz 0ms (cache hit)
150 http cache web-namespaces@https://registry.npmjs.org/web-namespaces/-/web-namespaces-2.0.1.tgz 0ms (cache hit)
151 http cache watchpack@https://registry.npmjs.org/watchpack/-/watchpack-2.5.1.tgz 0ms (cache hit)
152 http cache which@https://registry.npmjs.org/which/-/which-2.0.2.tgz 0ms (cache hit)
153 http cache wbuf@https://registry.npmjs.org/wbuf/-/wbuf-1.7.3.tgz 0ms (cache hit)
154 http cache vfile-message@https://registry.npmjs.org/vfile-message/-/vfile-message-4.0.3.tgz 0ms (cache hit)
155 http cache vfile-location@https://registry.npmjs.org/vfile-location/-/vfile-location-5.0.3.tgz 0ms (cache hit)
156 http cache webpack-bundle-analyzer@https://registry.npmjs.org/webpack-bundle-analyzer/-/webpack-bundle-analyzer-4.10.2.tgz 0ms (cache hit)
157 http cache vary@https://registry.npmjs.org/vary/-/vary-1.1.2.tgz 0ms (cache hit)
158 http cache value-equal@https://registry.npmjs.org/value-equal/-/value-equal-1.0.1.tgz 0ms (cache hit)
159 http cache utils-merge@https://registry.npmjs.org/utils-merge/-/utils-merge-1.0.1.tgz 0ms (cache hit)
160 http cache utility-types@https://registry.npmjs.org/utility-types/-/utility-types-3.11.0.tgz 0ms (cache hit)
161 http cache util-deprecate@https://registry.npmjs.org/util-deprecate/-/util-deprecate-1.0.2.tgz 0ms (cache hit)
162 http cache uuid@https://registry.npmjs.org/uuid/-/uuid-8.3.2.tgz 0ms (cache hit)
163 http cache utila@https://registry.npmjs.org/utila/-/utila-0.4.0.tgz 0ms (cache hit)
164 http cache use-editable@https://registry.npmjs.org/use-editable/-/use-editable-2.3.3.tgz 0ms (cache hit)
165 http cache url-loader@https://registry.npmjs.org/url-loader/-/url-loader-4.1.1.tgz 0ms (cache hit)
166 http cache uri-js@https://registry.npmjs.org/uri-js/-/uri-js-4.4.1.tgz 0ms (cache hit)
167 http cache update-browserslist-db@https://registry.npmjs.org/update-browserslist-db/-/update-browserslist-db-1.2.3.tgz 0ms (cache hit)
168 http cache update-notifier@https://registry.npmjs.org/update-notifier/-/update-notifier-6.0.2.tgz 0ms (cache hit)
169 http cache unpipe@https://registry.npmjs.org/unpipe/-/unpipe-1.0.0.tgz 0ms (cache hit)
170 http cache unist-util-visit@https://registry.npmjs.org/unist-util-visit/-/unist-util-visit-5.1.0.tgz 0ms (cache hit)
171 http cache vfile@https://registry.npmjs.org/vfile/-/vfile-6.0.3.tgz 0ms (cache hit)
172 http cache universalify@https://registry.npmjs.org/universalify/-/universalify-2.0.1.tgz 0ms (cache hit)
173 http cache unist-util-visit-parents@https://registry.npmjs.org/unist-util-visit-parents/-/unist-util-visit-parents-6.0.2.tgz 0ms (cache hit)
174 http cache unist-util-stringify-position@https://registry.npmjs.org/unist-util-stringify-position/-/unist-util-stringify-position-4.0.0.tgz 0ms (cache hit)
175 http cache unist-util-is@https://registry.npmjs.org/unist-util-is/-/unist-util-is-6.0.1.tgz 0ms (cache hit)
176 http cache unist-builder@https://registry.npmjs.org/unist-builder/-/unist-builder-4.0.0.tgz 0ms (cache hit)
177 http cache unist-util-position-from-estree@https://registry.npmjs.org/unist-util-position-from-estree/-/unist-util-position-from-estree-2.0.0.tgz 0ms (cache hit)
178 http cache unist-util-find-after@https://registry.npmjs.org/unist-util-find-after/-/unist-util-find-after-5.0.0.tgz 0ms (cache hit)
179 http cache unique-string@https://registry.npmjs.org/unique-string/-/unique-string-3.0.0.tgz 0ms (cache hit)
180 http cache unified@https://registry.npmjs.org/unified/-/unified-11.0.5.tgz 0ms (cache hit)
181 http cache unist-util-position@https://registry.npmjs.org/unist-util-position/-/unist-util-position-5.0.0.tgz 0ms (cache hit)
182 http cache unicode-property-aliases-ecmascript@https://registry.npmjs.org/unicode-property-aliases-ecmascript/-/unicode-property-aliases-ecmascript-2.2.0.tgz 0ms (cache hit)
183 http cache unicode-match-property-value-ecmascript@https://registry.npmjs.org/unicode-match-property-value-ecmascript/-/unicode-match-property-value-ecmascript-2.2.1.tgz 0ms (cache hit)
184 http cache unicode-match-property-ecmascript@https://registry.npmjs.org/unicode-match-property-ecmascript/-/unicode-match-property-ecmascript-2.0.0.tgz 0ms (cache hit)
185 http cache unicode-canonical-property-names-ecmascript@https://registry.npmjs.org/unicode-canonical-property-names-ecmascript/-/unicode-canonical-property-names-ecmascript-2.0.1.tgz 0ms (cache hit)
186 http cache unicode-emoji-modifier-base@https://registry.npmjs.org/unicode-emoji-modifier-base/-/unicode-emoji-modifier-base-1.0.0.tgz 0ms (cache hit)
187 http cache undici@https://registry.npmjs.org/undici/-/undici-7.27.0.tgz 0ms (cache hit)
188 http cache typescript@https://registry.npmjs.org/typescript/-/typescript-6.0.3.tgz 0ms (cache hit)
189 http cache typedarray-to-buffer@https://registry.npmjs.org/typedarray-to-buffer/-/typedarray-to-buffer-3.1.5.tgz 0ms (cache hit)
190 http cache type-is@https://registry.npmjs.org/type-is/-/type-is-1.6.18.tgz 0ms (cache hit)
191 http cache tslib@https://registry.npmjs.org/tslib/-/tslib-2.8.1.tgz 0ms (cache hit)
192 http cache type-fest@https://registry.npmjs.org/type-fest/-/type-fest-2.19.0.tgz 0ms (cache hit)
193 http cache undici-types@https://registry.npmjs.org/undici-types/-/undici-types-7.24.6.tgz 0ms (cache hit)
194 http cache ts-interface-checker@https://registry.npmjs.org/ts-interface-checker/-/ts-interface-checker-0.1.13.tgz 0ms (cache hit)
195 http cache ts-dedent@https://registry.npmjs.org/ts-dedent/-/ts-dedent-2.2.0.tgz 0ms (cache hit)
196 http cache tsyringe@https://registry.npmjs.org/tsyringe/-/tsyringe-4.10.0.tgz 0ms (cache hit)
197 http cache trough@https://registry.npmjs.org/trough/-/trough-2.2.0.tgz 0ms (cache hit)
198 http cache tree-dump@https://registry.npmjs.org/tree-dump/-/tree-dump-1.1.0.tgz 0ms (cache hit)
199 http cache trim-lines@https://registry.npmjs.org/trim-lines/-/trim-lines-3.0.1.tgz 0ms (cache hit)
200 http cache to-regex-range@https://registry.npmjs.org/to-regex-range/-/to-regex-range-5.0.1.tgz 0ms (cache hit)
201 http cache toidentifier@https://registry.npmjs.org/toidentifier/-/toidentifier-1.0.1.tgz 0ms (cache hit)
202 http cache trim-trailing-lines@https://registry.npmjs.org/trim-trailing-lines/-/trim-trailing-lines-2.1.0.tgz 0ms (cache hit)
203 http cache tinyglobby@https://registry.npmjs.org/tinyglobby/-/tinyglobby-0.2.17.tgz 0ms (cache hit)
204 http cache tinyexec@https://registry.npmjs.org/tinyexec/-/tinyexec-1.2.4.tgz 0ms (cache hit)
205 http cache tinypool@https://registry.npmjs.org/tinypool/-/tinypool-1.1.1.tgz 0ms (cache hit)
206 http cache tiny-invariant@https://registry.npmjs.org/tiny-invariant/-/tiny-invariant-1.3.3.tgz 0ms (cache hit)
207 http cache tiny-warning@https://registry.npmjs.org/tiny-warning/-/tiny-warning-1.0.3.tgz 0ms (cache hit)
208 http cache thingies@https://registry.npmjs.org/thingies/-/thingies-2.6.0.tgz 0ms (cache hit)
209 http cache thunky@https://registry.npmjs.org/thunky/-/thunky-1.1.0.tgz 0ms (cache hit)
210 http cache thenify-all@https://registry.npmjs.org/thenify-all/-/thenify-all-1.6.0.tgz 0ms (cache hit)
211 http cache terser@https://registry.npmjs.org/terser/-/terser-5.48.0.tgz 0ms (cache hit)
212 http cache totalist@https://registry.npmjs.org/totalist/-/totalist-3.0.1.tgz 0ms (cache hit)
213 http cache thenify@https://registry.npmjs.org/thenify/-/thenify-3.3.1.tgz 0ms (cache hit)
214 http cache terser-webpack-plugin@https://registry.npmjs.org/terser-webpack-plugin/-/terser-webpack-plugin-5.6.1.tgz 0ms (cache hit)
215 http cache swc-loader@https://registry.npmjs.org/swc-loader/-/swc-loader-0.2.7.tgz 0ms (cache hit)
216 http cache tapable@https://registry.npmjs.org/tapable/-/tapable-2.3.3.tgz 0ms (cache hit)
217 http cache svg-parser@https://registry.npmjs.org/svg-parser/-/svg-parser-2.0.4.tgz 0ms (cache hit)
218 http cache supports-color@https://registry.npmjs.org/supports-color/-/supports-color-7.2.0.tgz 0ms (cache hit)
219 http cache supports-preserve-symlinks-flag@https://registry.npmjs.org/supports-preserve-symlinks-flag/-/supports-preserve-symlinks-flag-1.0.0.tgz 0ms (cache hit)
220 http cache stylis@https://registry.npmjs.org/stylis/-/stylis-4.4.0.tgz 0ms (cache hit)
221 http cache svgo@https://registry.npmjs.org/svgo/-/svgo-3.3.3.tgz 0ms (cache hit)
222 http cache sucrase@https://registry.npmjs.org/sucrase/-/sucrase-3.35.1.tgz 0ms (cache hit)
223 http cache style-to-object@https://registry.npmjs.org/style-to-object/-/style-to-object-1.0.14.tgz 0ms (cache hit)
224 http cache stylehacks@https://registry.npmjs.org/stylehacks/-/stylehacks-6.1.1.tgz 0ms (cache hit)
225 http cache style-to-js@https://registry.npmjs.org/style-to-js/-/style-to-js-1.1.21.tgz 0ms (cache hit)
226 http cache strip-json-comments@https://registry.npmjs.org/strip-json-comments/-/strip-json-comments-3.1.1.tgz 0ms (cache hit)
227 http cache strip-bom-string@https://registry.npmjs.org/strip-bom-string/-/strip-bom-string-1.0.0.tgz 0ms (cache hit)
228 http cache strip-ansi@https://registry.npmjs.org/strip-ansi/-/strip-ansi-6.0.1.tgz 0ms (cache hit)
229 http cache stringify-object@https://registry.npmjs.org/stringify-object/-/stringify-object-3.3.0.tgz 0ms (cache hit)
230 http cache string-width@https://registry.npmjs.org/string-width/-/string-width-5.1.2.tgz 0ms (cache hit)
231 http cache strip-final-newline@https://registry.npmjs.org/strip-final-newline/-/strip-final-newline-2.0.0.tgz 0ms (cache hit)
232 http cache string_decoder@https://registry.npmjs.org/string_decoder/-/string_decoder-1.3.0.tgz 0ms (cache hit)
233 http cache stringify-entities@https://registry.npmjs.org/stringify-entities/-/stringify-entities-4.0.4.tgz 0ms (cache hit)
234 http cache std-env@https://registry.npmjs.org/std-env/-/std-env-3.10.0.tgz 0ms (cache hit)
235 http cache spdy@https://registry.npmjs.org/spdy/-/spdy-4.0.2.tgz 0ms (cache hit)
236 http cache sprintf-js@https://registry.npmjs.org/sprintf-js/-/sprintf-js-1.0.3.tgz 0ms (cache hit)
237 http cache statuses@https://registry.npmjs.org/statuses/-/statuses-2.0.2.tgz 0ms (cache hit)
238 http cache spdy-transport@https://registry.npmjs.org/spdy-transport/-/spdy-transport-3.0.0.tgz 0ms (cache hit)
239 http cache srcset@https://registry.npmjs.org/srcset/-/srcset-4.0.0.tgz 0ms (cache hit)
240 http cache sourcemap-codec@https://registry.npmjs.org/sourcemap-codec/-/sourcemap-codec-1.4.8.tgz 0ms (cache hit)
241 http cache space-separated-tokens@https://registry.npmjs.org/space-separated-tokens/-/space-separated-tokens-2.0.2.tgz 0ms (cache hit)
242 http cache source-map-js@https://registry.npmjs.org/source-map-js/-/source-map-js-1.2.1.tgz 0ms (cache hit)
243 http cache source-map-support@https://registry.npmjs.org/source-map-support/-/source-map-support-0.5.21.tgz 0ms (cache hit)
244 http cache source-map@https://registry.npmjs.org/source-map/-/source-map-0.7.6.tgz 0ms (cache hit)
245 http cache snake-case@https://registry.npmjs.org/snake-case/-/snake-case-3.0.4.tgz 0ms (cache hit)
246 http cache sockjs@https://registry.npmjs.org/sockjs/-/sockjs-0.3.24.tgz 0ms (cache hit)
247 http cache skin-tone@https://registry.npmjs.org/skin-tone/-/skin-tone-2.0.0.tgz 0ms (cache hit)
248 http cache sitemap@https://registry.npmjs.org/sitemap/-/sitemap-7.1.3.tgz 0ms (cache hit)
249 http cache slash@https://registry.npmjs.org/slash/-/slash-3.0.0.tgz 0ms (cache hit)
250 http cache sort-css-media-queries@https://registry.npmjs.org/sort-css-media-queries/-/sort-css-media-queries-2.2.0.tgz 0ms (cache hit)
251 http cache signal-exit@https://registry.npmjs.org/signal-exit/-/signal-exit-3.0.7.tgz 0ms (cache hit)
252 http cache sisteransi@https://registry.npmjs.org/sisteransi/-/sisteransi-1.0.5.tgz 0ms (cache hit)
253 http cache sirv@https://registry.npmjs.org/sirv/-/sirv-2.0.4.tgz 0ms (cache hit)
254 http cache side-channel-weakmap@https://registry.npmjs.org/side-channel-weakmap/-/side-channel-weakmap-1.0.2.tgz 0ms (cache hit)
255 http cache side-channel-list@https://registry.npmjs.org/side-channel-list/-/side-channel-list-1.0.1.tgz 0ms (cache hit)
256 http cache side-channel@https://registry.npmjs.org/side-channel/-/side-channel-1.1.0.tgz 0ms (cache hit)
257 http cache shebang-command@https://registry.npmjs.org/shebang-command/-/shebang-command-2.0.0.tgz 0ms (cache hit)
258 http cache shebang-regex@https://registry.npmjs.org/shebang-regex/-/shebang-regex-3.0.0.tgz 0ms (cache hit)
259 http cache side-channel-map@https://registry.npmjs.org/side-channel-map/-/side-channel-map-1.0.1.tgz 0ms (cache hit)
260 http cache shell-quote@https://registry.npmjs.org/shell-quote/-/shell-quote-1.8.4.tgz 0ms (cache hit)
261 http cache shallowequal@https://registry.npmjs.org/shallowequal/-/shallowequal-1.1.0.tgz 0ms (cache hit)
262 http cache shallow-clone@https://registry.npmjs.org/shallow-clone/-/shallow-clone-3.0.1.tgz 0ms (cache hit)
263 http cache serve-static@https://registry.npmjs.org/serve-static/-/serve-static-1.16.3.tgz 0ms (cache hit)
264 http cache setprototypeof@https://registry.npmjs.org/setprototypeof/-/setprototypeof-1.2.0.tgz 0ms (cache hit)
265 http cache set-function-length@https://registry.npmjs.org/set-function-length/-/set-function-length-1.2.2.tgz 0ms (cache hit)
266 http cache serve-handler@https://registry.npmjs.org/serve-handler/-/serve-handler-6.1.7.tgz 0ms (cache hit)
267 http cache serve-index@https://registry.npmjs.org/serve-index/-/serve-index-1.9.2.tgz 0ms (cache hit)
268 http cache semver-diff@https://registry.npmjs.org/semver-diff/-/semver-diff-4.0.0.tgz 0ms (cache hit)
269 http cache semver@https://registry.npmjs.org/semver/-/semver-7.8.1.tgz 0ms (cache hit)
270 http cache send@https://registry.npmjs.org/send/-/send-0.19.2.tgz 0ms (cache hit)
271 http cache select-hose@https://registry.npmjs.org/select-hose/-/select-hose-2.0.0.tgz 0ms (cache hit)
272 http cache selfsigned@https://registry.npmjs.org/selfsigned/-/selfsigned-5.5.0.tgz 0ms (cache hit)
273 http cache section-matter@https://registry.npmjs.org/section-matter/-/section-matter-1.0.0.tgz 0ms (cache hit)
274 http cache search-insights@https://registry.npmjs.org/search-insights/-/search-insights-2.17.3.tgz 0ms (cache hit)
275 http cache serialize-javascript@https://registry.npmjs.org/serialize-javascript/-/serialize-javascript-6.0.2.tgz 0ms (cache hit)
276 http cache sax@https://registry.npmjs.org/sax/-/sax-1.6.0.tgz 0ms (cache hit)
277 http cache run-parallel@https://registry.npmjs.org/run-parallel/-/run-parallel-1.2.0.tgz 0ms (cache hit)
278 http cache safer-buffer@https://registry.npmjs.org/safer-buffer/-/safer-buffer-2.1.2.tgz 0ms (cache hit)
279 http cache schema-utils@https://registry.npmjs.org/schema-utils/-/schema-utils-4.3.3.tgz 0ms (cache hit)
280 http cache rw@https://registry.npmjs.org/rw/-/rw-1.3.3.tgz 0ms (cache hit)
281 http cache schema-dts@https://registry.npmjs.org/schema-dts/-/schema-dts-1.1.5.tgz 0ms (cache hit)
282 http cache safe-buffer@https://registry.npmjs.org/safe-buffer/-/safe-buffer-5.2.1.tgz 0ms (cache hit)
283 http cache run-applescript@https://registry.npmjs.org/run-applescript/-/run-applescript-7.1.0.tgz 0ms (cache hit)
284 http cache roughjs@https://registry.npmjs.org/roughjs/-/roughjs-4.6.6.tgz 0ms (cache hit)
285 http cache rtlcss@https://registry.npmjs.org/rtlcss/-/rtlcss-4.3.0.tgz 0ms (cache hit)
286 http cache scheduler@https://registry.npmjs.org/scheduler/-/scheduler-0.27.0.tgz 0ms (cache hit)
287 http cache reusify@https://registry.npmjs.org/reusify/-/reusify-1.1.0.tgz 0ms (cache hit)
288 http cache robust-predicates@https://registry.npmjs.org/robust-predicates/-/robust-predicates-3.0.3.tgz 0ms (cache hit)
289 http cache responselike@https://registry.npmjs.org/responselike/-/responselike-3.0.0.tgz 0ms (cache hit)
290 http cache retry@https://registry.npmjs.org/retry/-/retry-0.13.1.tgz 0ms (cache hit)
291 http cache resolve-pathname@https://registry.npmjs.org/resolve-pathname/-/resolve-pathname-3.0.0.tgz 0ms (cache hit)
292 http cache resolve-from@https://registry.npmjs.org/resolve-from/-/resolve-from-4.0.0.tgz 0ms (cache hit)
293 http cache resolve-alpn@https://registry.npmjs.org/resolve-alpn/-/resolve-alpn-1.2.1.tgz 0ms (cache hit)
294 http cache resolve@https://registry.npmjs.org/resolve/-/resolve-1.22.12.tgz 0ms (cache hit)
295 http cache require-from-string@https://registry.npmjs.org/require-from-string/-/require-from-string-2.0.2.tgz 0ms (cache hit)
296 http cache requires-port@https://registry.npmjs.org/requires-port/-/requires-port-1.0.0.tgz 0ms (cache hit)
297 http cache require-like@https://registry.npmjs.org/require-like/-/require-like-0.1.2.tgz 0ms (cache hit)
298 http cache renderkid@https://registry.npmjs.org/renderkid/-/renderkid-3.0.0.tgz 0ms (cache hit)
299 http cache remark-stringify@https://registry.npmjs.org/remark-stringify/-/remark-stringify-11.0.0.tgz 0ms (cache hit)
300 http cache remark-mdx@https://registry.npmjs.org/remark-mdx/-/remark-mdx-3.1.1.tgz 0ms (cache hit)
301 http cache remark-parse@https://registry.npmjs.org/remark-parse/-/remark-parse-11.0.0.tgz 0ms (cache hit)
302 http cache remark-directive@https://registry.npmjs.org/remark-directive/-/remark-directive-3.0.1.tgz 0ms (cache hit)
303 http cache remark-gfm@https://registry.npmjs.org/remark-gfm/-/remark-gfm-4.0.1.tgz 0ms (cache hit)
304 http cache remark-rehype@https://registry.npmjs.org/remark-rehype/-/remark-rehype-11.1.2.tgz 0ms (cache hit)
305 http cache remark-frontmatter@https://registry.npmjs.org/remark-frontmatter/-/remark-frontmatter-5.0.0.tgz 0ms (cache hit)
306 http cache relateurl@https://registry.npmjs.org/relateurl/-/relateurl-0.2.7.tgz 0ms (cache hit)
307 http cache remark-emoji@https://registry.npmjs.org/remark-emoji/-/remark-emoji-4.0.1.tgz 0ms (cache hit)
308 http cache rehype-raw@https://registry.npmjs.org/rehype-raw/-/rehype-raw-7.0.0.tgz 0ms (cache hit)
309 http cache remark-definition-list@https://registry.npmjs.org/remark-definition-list/-/remark-definition-list-2.0.0.tgz 0ms (cache hit)
310 http cache rehype-recma@https://registry.npmjs.org/rehype-recma/-/rehype-recma-1.0.0.tgz 0ms (cache hit)
311 http cache regjsparser@https://registry.npmjs.org/regjsparser/-/regjsparser-0.13.1.tgz 0ms (cache hit)
312 http cache registry-url@https://registry.npmjs.org/registry-url/-/registry-url-6.0.1.tgz 0ms (cache hit)
313 http cache rehype-minify-whitespace@https://registry.npmjs.org/rehype-minify-whitespace/-/rehype-minify-whitespace-6.0.2.tgz 0ms (cache hit)
314 http cache regjsgen@https://registry.npmjs.org/regjsgen/-/regjsgen-0.8.0.tgz 0ms (cache hit)
315 http cache regexpu-core@https://registry.npmjs.org/regexpu-core/-/regexpu-core-6.4.0.tgz 0ms (cache hit)
316 http cache registry-auth-token@https://registry.npmjs.org/registry-auth-token/-/registry-auth-token-5.1.1.tgz 0ms (cache hit)
317 http cache regenerate@https://registry.npmjs.org/regenerate/-/regenerate-1.4.2.tgz 0ms (cache hit)
318 http cache recma-stringify@https://registry.npmjs.org/recma-stringify/-/recma-stringify-1.0.0.tgz 0ms (cache hit)
319 http cache recma-build-jsx@https://registry.npmjs.org/recma-build-jsx/-/recma-build-jsx-1.0.0.tgz 0ms (cache hit)
320 http cache regenerate-unicode-properties@https://registry.npmjs.org/regenerate-unicode-properties/-/regenerate-unicode-properties-10.2.2.tgz 0ms (cache hit)
321 http cache recma-jsx@https://registry.npmjs.org/recma-jsx/-/recma-jsx-1.0.1.tgz 0ms (cache hit)
322 http cache reflect-metadata@https://registry.npmjs.org/reflect-metadata/-/reflect-metadata-0.2.2.tgz 0ms (cache hit)
323 http cache react-router-config@https://registry.npmjs.org/react-router-config/-/react-router-config-5.1.1.tgz 0ms (cache hit)
324 http cache readable-stream@https://registry.npmjs.org/readable-stream/-/readable-stream-3.6.2.tgz 0ms (cache hit)
325 http cache recma-parse@https://registry.npmjs.org/recma-parse/-/recma-parse-1.0.0.tgz 0ms (cache hit)
326 http cache react-router@https://registry.npmjs.org/react-router/-/react-router-5.3.4.tgz 0ms (cache hit)
327 http cache react-router-dom@https://registry.npmjs.org/react-router-dom/-/react-router-dom-5.3.4.tgz 0ms (cache hit)
328 http cache readdirp@https://registry.npmjs.org/readdirp/-/readdirp-3.6.0.tgz 0ms (cache hit)
329 http cache react-loadable-ssr-addon-v5-slorber@https://registry.npmjs.org/react-loadable-ssr-addon-v5-slorber/-/react-loadable-ssr-addon-v5-slorber-1.0.3.tgz 0ms (cache hit)
330 http cache react-loadable@https://registry.npmjs.org/@docusaurus/react-loadable/-/react-loadable-6.0.0.tgz 0ms (cache hit)
331 http cache react-live@https://registry.npmjs.org/react-live/-/react-live-4.1.8.tgz 0ms (cache hit)
332 http cache react-json-view-lite@https://registry.npmjs.org/react-json-view-lite/-/react-json-view-lite-2.5.0.tgz 0ms (cache hit)
333 http cache react-helmet-async@https://registry.npmjs.org/@slorber/react-helmet-async/-/react-helmet-async-1.3.0.tgz 0ms (cache hit)
334 http cache react-is@https://registry.npmjs.org/react-is/-/react-is-16.13.1.tgz 0ms (cache hit)
335 http cache react-dom@https://registry.npmjs.org/react-dom/-/react-dom-19.2.6.tgz 0ms (cache hit)
336 http cache react@https://registry.npmjs.org/react/-/react-19.2.6.tgz 0ms (cache hit)
337 http cache rc@https://registry.npmjs.org/rc/-/rc-1.2.8.tgz 0ms (cache hit)
338 http cache react-fast-compare@https://registry.npmjs.org/react-fast-compare/-/react-fast-compare-3.2.2.tgz 0ms (cache hit)
339 http cache raw-body@https://registry.npmjs.org/raw-body/-/raw-body-2.5.3.tgz 0ms (cache hit)
340 http cache randombytes@https://registry.npmjs.org/randombytes/-/randombytes-2.1.0.tgz 0ms (cache hit)
341 http cache quick-lru@https://registry.npmjs.org/quick-lru/-/quick-lru-5.1.1.tgz 0ms (cache hit)
342 http cache queue-microtask@https://registry.npmjs.org/queue-microtask/-/queue-microtask-1.2.3.tgz 0ms (cache hit)
343 http cache range-parser@https://registry.npmjs.org/range-parser/-/range-parser-1.2.0.tgz 0ms (cache hit)
344 http cache qs@https://registry.npmjs.org/qs/-/qs-6.15.2.tgz 0ms (cache hit)
345 http cache pvtsutils@https://registry.npmjs.org/pvtsutils/-/pvtsutils-1.3.6.tgz 0ms (cache hit)
346 http cache pvutils@https://registry.npmjs.org/pvutils/-/pvutils-1.1.5.tgz 0ms (cache hit)
347 http cache pupa@https://registry.npmjs.org/pupa/-/pupa-3.3.0.tgz 0ms (cache hit)
348 http cache proto-list@https://registry.npmjs.org/proto-list/-/proto-list-1.2.4.tgz 0ms (cache hit)
349 http cache proxy-addr@https://registry.npmjs.org/proxy-addr/-/proxy-addr-2.0.7.tgz 0ms (cache hit)
350 http cache property-information@https://registry.npmjs.org/property-information/-/property-information-7.1.0.tgz 0ms (cache hit)
351 http cache punycode@https://registry.npmjs.org/punycode/-/punycode-2.3.1.tgz 0ms (cache hit)
352 http cache prop-types@https://registry.npmjs.org/prop-types/-/prop-types-15.8.1.tgz 0ms (cache hit)
353 http cache prompts@https://registry.npmjs.org/prompts/-/prompts-2.4.2.tgz 0ms (cache hit)
354 http cache prismjs@https://registry.npmjs.org/prismjs/-/prismjs-1.30.0.tgz 0ms (cache hit)
355 http cache prism-react-renderer@https://registry.npmjs.org/prism-react-renderer/-/prism-react-renderer-2.4.1.tgz 0ms (cache hit)
356 http cache process-nextick-args@https://registry.npmjs.org/process-nextick-args/-/process-nextick-args-2.0.1.tgz 0ms (cache hit)
357 http cache pretty-time@https://registry.npmjs.org/pretty-time/-/pretty-time-1.1.0.tgz 0ms (cache hit)
358 http cache pretty-error@https://registry.npmjs.org/pretty-error/-/pretty-error-4.0.0.tgz 0ms (cache hit)
359 http cache postcss-zindex@https://registry.npmjs.org/postcss-zindex/-/postcss-zindex-6.0.2.tgz 0ms (cache hit)
360 http cache postcss-value-parser@https://registry.npmjs.org/postcss-value-parser/-/postcss-value-parser-4.2.0.tgz 0ms (cache hit)
361 http cache postcss-unique-selectors@https://registry.npmjs.org/postcss-unique-selectors/-/postcss-unique-selectors-6.0.4.tgz 0ms (cache hit)
362 http cache postcss-svgo@https://registry.npmjs.org/postcss-svgo/-/postcss-svgo-6.0.3.tgz 0ms (cache hit)
363 http cache postcss-sort-media-queries@https://registry.npmjs.org/postcss-sort-media-queries/-/postcss-sort-media-queries-5.2.0.tgz 0ms (cache hit)
364 http cache postcss-selector-not@https://registry.npmjs.org/postcss-selector-not/-/postcss-selector-not-8.0.1.tgz 0ms (cache hit)
365 http cache postcss-selector-parser@https://registry.npmjs.org/postcss-selector-parser/-/postcss-selector-parser-6.1.2.tgz 0ms (cache hit)
366 http cache postcss-replace-overflow-wrap@https://registry.npmjs.org/postcss-replace-overflow-wrap/-/postcss-replace-overflow-wrap-4.0.0.tgz 0ms (cache hit)
367 http cache postcss-pseudo-class-any-link@https://registry.npmjs.org/postcss-pseudo-class-any-link/-/postcss-pseudo-class-any-link-10.0.1.tgz 0ms (cache hit)
368 http cache postcss-reduce-idents@https://registry.npmjs.org/postcss-reduce-idents/-/postcss-reduce-idents-6.0.3.tgz 0ms (cache hit)
369 http cache postcss-reduce-transforms@https://registry.npmjs.org/postcss-reduce-transforms/-/postcss-reduce-transforms-6.0.2.tgz 0ms (cache hit)
370 http cache postcss-preset-env@https://registry.npmjs.org/postcss-preset-env/-/postcss-preset-env-10.6.1.tgz 0ms (cache hit)
371 http cache postcss-reduce-initial@https://registry.npmjs.org/postcss-reduce-initial/-/postcss-reduce-initial-6.1.0.tgz 0ms (cache hit)
372 http cache postcss-place@https://registry.npmjs.org/postcss-place/-/postcss-place-10.0.0.tgz 0ms (cache hit)
373 http cache postcss-page-break@https://registry.npmjs.org/postcss-page-break/-/postcss-page-break-3.0.4.tgz 0ms (cache hit)
374 http cache postcss-overflow-shorthand@https://registry.npmjs.org/postcss-overflow-shorthand/-/postcss-overflow-shorthand-6.0.0.tgz 0ms (cache hit)
375 http cache postcss-opacity-percentage@https://registry.npmjs.org/postcss-opacity-percentage/-/postcss-opacity-percentage-3.0.0.tgz 0ms (cache hit)
376 http cache postcss-normalize-whitespace@https://registry.npmjs.org/postcss-normalize-whitespace/-/postcss-normalize-whitespace-6.0.2.tgz 0ms (cache hit)
377 http cache postcss-ordered-values@https://registry.npmjs.org/postcss-ordered-values/-/postcss-ordered-values-6.0.2.tgz 0ms (cache hit)
378 http cache postcss-normalize-url@https://registry.npmjs.org/postcss-normalize-url/-/postcss-normalize-url-6.0.2.tgz 0ms (cache hit)
379 http cache postcss-normalize-unicode@https://registry.npmjs.org/postcss-normalize-unicode/-/postcss-normalize-unicode-6.1.0.tgz 0ms (cache hit)
380 http cache postcss-normalize-string@https://registry.npmjs.org/postcss-normalize-string/-/postcss-normalize-string-6.0.2.tgz 0ms (cache hit)
381 http cache postcss-normalize-timing-functions@https://registry.npmjs.org/postcss-normalize-timing-functions/-/postcss-normalize-timing-functions-6.0.2.tgz 0ms (cache hit)
382 http cache postcss-normalize-repeat-style@https://registry.npmjs.org/postcss-normalize-repeat-style/-/postcss-normalize-repeat-style-6.0.2.tgz 0ms (cache hit)
383 http cache postcss-normalize-positions@https://registry.npmjs.org/postcss-normalize-positions/-/postcss-normalize-positions-6.0.2.tgz 0ms (cache hit)
384 http cache postcss-normalize-display-values@https://registry.npmjs.org/postcss-normalize-display-values/-/postcss-normalize-display-values-6.0.2.tgz 0ms (cache hit)
385 http cache postcss-modules-scope@https://registry.npmjs.org/postcss-modules-scope/-/postcss-modules-scope-3.2.1.tgz 0ms (cache hit)
386 http cache postcss-normalize-charset@https://registry.npmjs.org/postcss-normalize-charset/-/postcss-normalize-charset-6.0.2.tgz 0ms (cache hit)
387 http cache postcss-nesting@https://registry.npmjs.org/postcss-nesting/-/postcss-nesting-13.0.2.tgz 0ms (cache hit)
388 http cache postcss-modules-values@https://registry.npmjs.org/postcss-modules-values/-/postcss-modules-values-4.0.0.tgz 0ms (cache hit)
389 http cache postcss-modules-extract-imports@https://registry.npmjs.org/postcss-modules-extract-imports/-/postcss-modules-extract-imports-3.1.0.tgz 0ms (cache hit)
390 http cache postcss-modules-local-by-default@https://registry.npmjs.org/postcss-modules-local-by-default/-/postcss-modules-local-by-default-4.2.0.tgz 0ms (cache hit)
391 http cache postcss-minify-selectors@https://registry.npmjs.org/postcss-minify-selectors/-/postcss-minify-selectors-6.0.4.tgz 0ms (cache hit)
392 http cache postcss-minify-params@https://registry.npmjs.org/postcss-minify-params/-/postcss-minify-params-6.1.0.tgz 0ms (cache hit)
393 http cache postcss-minify-gradients@https://registry.npmjs.org/postcss-minify-gradients/-/postcss-minify-gradients-6.0.3.tgz 0ms (cache hit)
394 http cache postcss-minify-font-values@https://registry.npmjs.org/postcss-minify-font-values/-/postcss-minify-font-values-6.1.0.tgz 0ms (cache hit)
395 http cache postcss-merge-rules@https://registry.npmjs.org/postcss-merge-rules/-/postcss-merge-rules-6.1.1.tgz 0ms (cache hit)
396 http cache postcss-merge-longhand@https://registry.npmjs.org/postcss-merge-longhand/-/postcss-merge-longhand-6.0.5.tgz 0ms (cache hit)
397 http cache postcss-merge-idents@https://registry.npmjs.org/postcss-merge-idents/-/postcss-merge-idents-6.0.3.tgz 0ms (cache hit)
398 http cache postcss-logical@https://registry.npmjs.org/postcss-logical/-/postcss-logical-8.1.0.tgz 0ms (cache hit)
399 http cache postcss-loader@https://registry.npmjs.org/postcss-loader/-/postcss-loader-7.3.4.tgz 0ms (cache hit)
400 http cache postcss-lab-function@https://registry.npmjs.org/postcss-lab-function/-/postcss-lab-function-7.0.12.tgz 0ms (cache hit)
401 http cache postcss-image-set-function@https://registry.npmjs.org/postcss-image-set-function/-/postcss-image-set-function-7.0.0.tgz 0ms (cache hit)
402 http cache postcss-gap-properties@https://registry.npmjs.org/postcss-gap-properties/-/postcss-gap-properties-6.0.0.tgz 0ms (cache hit)
403 http cache postcss-font-variant@https://registry.npmjs.org/postcss-font-variant/-/postcss-font-variant-5.0.0.tgz 0ms (cache hit)
404 http cache postcss-focus-within@https://registry.npmjs.org/postcss-focus-within/-/postcss-focus-within-9.0.1.tgz 0ms (cache hit)
405 http cache postcss-focus-visible@https://registry.npmjs.org/postcss-focus-visible/-/postcss-focus-visible-10.0.1.tgz 0ms (cache hit)
406 http cache postcss-double-position-gradients@https://registry.npmjs.org/postcss-double-position-gradients/-/postcss-double-position-gradients-6.0.4.tgz 0ms (cache hit)
407 http cache postcss-discard-empty@https://registry.npmjs.org/postcss-discard-empty/-/postcss-discard-empty-6.0.3.tgz 0ms (cache hit)
408 http cache postcss-discard-unused@https://registry.npmjs.org/postcss-discard-unused/-/postcss-discard-unused-6.0.5.tgz 0ms (cache hit)
409 http cache postcss-discard-overridden@https://registry.npmjs.org/postcss-discard-overridden/-/postcss-discard-overridden-6.0.2.tgz 0ms (cache hit)
410 http cache postcss-discard-duplicates@https://registry.npmjs.org/postcss-discard-duplicates/-/postcss-discard-duplicates-6.0.3.tgz 0ms (cache hit)
411 http cache postcss-discard-comments@https://registry.npmjs.org/postcss-discard-comments/-/postcss-discard-comments-6.0.2.tgz 0ms (cache hit)
412 http cache postcss-dir-pseudo-class@https://registry.npmjs.org/postcss-dir-pseudo-class/-/postcss-dir-pseudo-class-9.0.1.tgz 0ms (cache hit)
413 http cache postcss-custom-selectors@https://registry.npmjs.org/postcss-custom-selectors/-/postcss-custom-selectors-8.0.5.tgz 0ms (cache hit)
414 http cache postcss-custom-media@https://registry.npmjs.org/postcss-custom-media/-/postcss-custom-media-11.0.6.tgz 0ms (cache hit)
415 http cache postcss-colormin@https://registry.npmjs.org/postcss-colormin/-/postcss-colormin-6.1.0.tgz 0ms (cache hit)
416 http cache postcss-convert-values@https://registry.npmjs.org/postcss-convert-values/-/postcss-convert-values-6.1.0.tgz 0ms (cache hit)
417 http cache postcss-color-hex-alpha@https://registry.npmjs.org/postcss-color-hex-alpha/-/postcss-color-hex-alpha-10.0.0.tgz 0ms (cache hit)
418 http cache postcss-color-functional-notation@https://registry.npmjs.org/postcss-color-functional-notation/-/postcss-color-functional-notation-7.0.12.tgz 0ms (cache hit)
419 http cache postcss-color-rebeccapurple@https://registry.npmjs.org/postcss-color-rebeccapurple/-/postcss-color-rebeccapurple-10.0.0.tgz 0ms (cache hit)
420 http cache postcss-custom-properties@https://registry.npmjs.org/postcss-custom-properties/-/postcss-custom-properties-14.0.6.tgz 0ms (cache hit)
421 http cache postcss-clamp@https://registry.npmjs.org/postcss-clamp/-/postcss-clamp-4.1.0.tgz 0ms (cache hit)
422 http cache postcss-calc@https://registry.npmjs.org/postcss-calc/-/postcss-calc-9.0.1.tgz 0ms (cache hit)
423 http cache postcss@https://registry.npmjs.org/postcss/-/postcss-8.5.15.tgz 0ms (cache hit)
424 http cache postcss-attribute-case-insensitive@https://registry.npmjs.org/postcss-attribute-case-insensitive/-/postcss-attribute-case-insensitive-7.0.1.tgz 0ms (cache hit)
425 http cache points-on-path@https://registry.npmjs.org/points-on-path/-/points-on-path-0.2.1.tgz 0ms (cache hit)
426 http cache pkijs@https://registry.npmjs.org/pkijs/-/pkijs-3.4.0.tgz 0ms (cache hit)
427 http cache pkg-dir@https://registry.npmjs.org/pkg-dir/-/pkg-dir-7.0.0.tgz 0ms (cache hit)
428 http cache pirates@https://registry.npmjs.org/pirates/-/pirates-4.0.7.tgz 0ms (cache hit)
429 http cache picomatch@https://registry.npmjs.org/picomatch/-/picomatch-2.3.2.tgz 0ms (cache hit)
430 http cache picocolors@https://registry.npmjs.org/picocolors/-/picocolors-1.1.1.tgz 0ms (cache hit)
431 http cache path-type@https://registry.npmjs.org/path-type/-/path-type-4.0.0.tgz 0ms (cache hit)
432 http cache path-to-regexp@https://registry.npmjs.org/path-to-regexp/-/path-to-regexp-1.9.0.tgz 0ms (cache hit)
433 http cache points-on-curve@https://registry.npmjs.org/points-on-curve/-/points-on-curve-0.2.0.tgz 0ms (cache hit)
434 http cache path-key@https://registry.npmjs.org/path-key/-/path-key-3.1.1.tgz 0ms (cache hit)
435 http cache path-exists@https://registry.npmjs.org/path-exists/-/path-exists-5.0.0.tgz 0ms (cache hit)
436 http cache path-data-parser@https://registry.npmjs.org/path-data-parser/-/path-data-parser-0.1.0.tgz 0ms (cache hit)
437 http cache path-parse@https://registry.npmjs.org/path-parse/-/path-parse-1.0.7.tgz 0ms (cache hit)
438 http cache pascal-case@https://registry.npmjs.org/pascal-case/-/pascal-case-3.1.2.tgz 0ms (cache hit)
439 http cache parseurl@https://registry.npmjs.org/parseurl/-/parseurl-1.3.3.tgz 0ms (cache hit)
440 http cache parse5-htmlparser2-tree-adapter@https://registry.npmjs.org/parse5-htmlparser2-tree-adapter/-/parse5-htmlparser2-tree-adapter-7.1.0.tgz 0ms (cache hit)
441 http cache parse5@https://registry.npmjs.org/parse5/-/parse5-7.3.0.tgz 0ms (cache hit)
442 http cache path-is-inside@https://registry.npmjs.org/path-is-inside/-/path-is-inside-1.0.2.tgz 0ms (cache hit)
443 http cache parse-numeric-range@https://registry.npmjs.org/parse-numeric-range/-/parse-numeric-range-1.3.0.tgz 0ms (cache hit)
444 http cache parse-json@https://registry.npmjs.org/parse-json/-/parse-json-5.2.0.tgz 0ms (cache hit)
445 http cache parse5-parser-stream@https://registry.npmjs.org/parse5-parser-stream/-/parse5-parser-stream-7.1.2.tgz 0ms (cache hit)
446 http cache parent-module@https://registry.npmjs.org/parent-module/-/parent-module-1.0.1.tgz 0ms (cache hit)
447 http cache param-case@https://registry.npmjs.org/param-case/-/param-case-3.0.4.tgz 0ms (cache hit)
448 http cache package-manager-detector@https://registry.npmjs.org/package-manager-detector/-/package-manager-detector-1.6.0.tgz 0ms (cache hit)
449 http cache p-timeout@https://registry.npmjs.org/p-timeout/-/p-timeout-3.2.0.tgz 0ms (cache hit)
450 http cache package-json@https://registry.npmjs.org/package-json/-/package-json-8.1.1.tgz 0ms (cache hit)
451 http cache p-retry@https://registry.npmjs.org/p-retry/-/p-retry-6.2.1.tgz 0ms (cache hit)
452 http cache p-queue@https://registry.npmjs.org/p-queue/-/p-queue-6.6.2.tgz 0ms (cache hit)
453 http cache parse-entities@https://registry.npmjs.org/parse-entities/-/parse-entities-4.0.2.tgz 0ms (cache hit)
454 http cache p-limit@https://registry.npmjs.org/p-limit/-/p-limit-4.0.0.tgz 0ms (cache hit)
455 http cache os-homedir@https://registry.npmjs.org/os-homedir/-/os-homedir-1.0.2.tgz 0ms (cache hit)
456 http cache p-locate@https://registry.npmjs.org/p-locate/-/p-locate-6.0.0.tgz 0ms (cache hit)
457 http cache p-finally@https://registry.npmjs.org/p-finally/-/p-finally-1.0.0.tgz 0ms (cache hit)
458 http cache opener@https://registry.npmjs.org/opener/-/opener-1.5.2.tgz 0ms (cache hit)
459 http cache p-map@https://registry.npmjs.org/p-map/-/p-map-4.0.0.tgz 0ms (cache hit)
460 http cache onetime@https://registry.npmjs.org/onetime/-/onetime-5.1.2.tgz 0ms (cache hit)
461 http cache open@https://registry.npmjs.org/open/-/open-8.4.2.tgz 0ms (cache hit)
462 http cache on-finished@https://registry.npmjs.org/on-finished/-/on-finished-2.4.1.tgz 0ms (cache hit)
463 http cache p-cancelable@https://registry.npmjs.org/p-cancelable/-/p-cancelable-3.0.0.tgz 0ms (cache hit)
464 http cache on-headers@https://registry.npmjs.org/on-headers/-/on-headers-1.1.0.tgz 0ms (cache hit)
465 http cache object.assign@https://registry.npmjs.org/object.assign/-/object.assign-4.1.7.tgz 0ms (cache hit)
466 http cache obuf@https://registry.npmjs.org/obuf/-/obuf-1.1.2.tgz 0ms (cache hit)
467 http cache object-keys@https://registry.npmjs.org/object-keys/-/object-keys-1.1.1.tgz 0ms (cache hit)
468 http cache object-inspect@https://registry.npmjs.org/object-inspect/-/object-inspect-1.13.4.tgz 0ms (cache hit)
469 http cache object-assign@https://registry.npmjs.org/object-assign/-/object-assign-4.1.1.tgz 0ms (cache hit)
470 http cache null-loader@https://registry.npmjs.org/null-loader/-/null-loader-4.0.1.tgz 0ms (cache hit)
471 http cache normalize-path@https://registry.npmjs.org/normalize-path/-/normalize-path-3.0.0.tgz 0ms (cache hit)
472 http cache nth-check@https://registry.npmjs.org/nth-check/-/nth-check-2.1.1.tgz 0ms (cache hit)
473 http cache normalize-url@https://registry.npmjs.org/normalize-url/-/normalize-url-8.1.1.tgz 0ms (cache hit)
474 http cache nprogress@https://registry.npmjs.org/nprogress/-/nprogress-0.2.0.tgz 0ms (cache hit)
475 http cache node-emoji@https://registry.npmjs.org/node-emoji/-/node-emoji-2.2.0.tgz 0ms (cache hit)
476 http cache npm-run-path@https://registry.npmjs.org/npm-run-path/-/npm-run-path-4.0.1.tgz 0ms (cache hit)
477 http cache no-case@https://registry.npmjs.org/no-case/-/no-case-3.0.4.tgz 0ms (cache hit)
478 http cache node-releases@https://registry.npmjs.org/node-releases/-/node-releases-2.0.46.tgz 0ms (cache hit)
479 http cache mz@https://registry.npmjs.org/mz/-/mz-2.7.0.tgz 0ms (cache hit)
480 http cache multicast-dns@https://registry.npmjs.org/multicast-dns/-/multicast-dns-7.2.5.tgz 0ms (cache hit)
481 http cache negotiator@https://registry.npmjs.org/negotiator/-/negotiator-0.6.4.tgz 0ms (cache hit)
482 http cache mrmime@https://registry.npmjs.org/mrmime/-/mrmime-2.0.1.tgz 0ms (cache hit)
483 http cache minimist@https://registry.npmjs.org/minimist/-/minimist-1.2.8.tgz 0ms (cache hit)
484 http cache nanoid@https://registry.npmjs.org/nanoid/-/nanoid-3.3.12.tgz 0ms (cache hit)
485 http cache ms@https://registry.npmjs.org/ms/-/ms-2.1.3.tgz 0ms (cache hit)
486 http cache minimatch@https://registry.npmjs.org/minimatch/-/minimatch-3.1.5.tgz 0ms (cache hit)
487 http cache neo-async@https://registry.npmjs.org/neo-async/-/neo-async-2.6.2.tgz 0ms (cache hit)
488 http cache mini-css-extract-plugin@https://registry.npmjs.org/mini-css-extract-plugin/-/mini-css-extract-plugin-2.10.2.tgz 0ms (cache hit)
489 http cache mimic-fn@https://registry.npmjs.org/mimic-fn/-/mimic-fn-2.1.0.tgz 0ms (cache hit)
490 http cache mimic-response@https://registry.npmjs.org/mimic-response/-/mimic-response-4.0.0.tgz 0ms (cache hit)
491 http cache minimalistic-assert@https://registry.npmjs.org/minimalistic-assert/-/minimalistic-assert-1.0.1.tgz 0ms (cache hit)
492 http cache mime-db@https://registry.npmjs.org/mime-db/-/mime-db-1.33.0.tgz 0ms (cache hit)
493 http cache mime-types@https://registry.npmjs.org/mime-types/-/mime-types-2.1.18.tgz 0ms (cache hit)
494 http cache micromatch@https://registry.npmjs.org/micromatch/-/micromatch-4.0.8.tgz 0ms (cache hit)
495 http cache mime@https://registry.npmjs.org/mime/-/mime-1.6.0.tgz 0ms (cache hit)
496 http cache micromark-util-types@https://registry.npmjs.org/micromark-util-types/-/micromark-util-types-2.0.2.tgz 0ms (cache hit)
497 http cache micromark-util-symbol@https://registry.npmjs.org/micromark-util-symbol/-/micromark-util-symbol-1.1.0.tgz 0ms (cache hit)
498 http cache micromark-util-sanitize-uri@https://registry.npmjs.org/micromark-util-sanitize-uri/-/micromark-util-sanitize-uri-2.0.1.tgz 0ms (cache hit)
499 http cache micromark-util-resolve-all@https://registry.npmjs.org/micromark-util-resolve-all/-/micromark-util-resolve-all-2.0.1.tgz 0ms (cache hit)
500 http cache micromark-util-normalize-identifier@https://registry.npmjs.org/micromark-util-normalize-identifier/-/micromark-util-normalize-identifier-2.0.1.tgz 0ms (cache hit)
501 http cache micromark-util-subtokenize@https://registry.npmjs.org/micromark-util-subtokenize/-/micromark-util-subtokenize-2.1.0.tgz 0ms (cache hit)
502 http cache micromark-util-events-to-acorn@https://registry.npmjs.org/micromark-util-events-to-acorn/-/micromark-util-events-to-acorn-2.0.3.tgz 0ms (cache hit)
503 http cache micromark-util-html-tag-name@https://registry.npmjs.org/micromark-util-html-tag-name/-/micromark-util-html-tag-name-2.0.1.tgz 0ms (cache hit)
504 http cache micromark-util-encode@https://registry.npmjs.org/micromark-util-encode/-/micromark-util-encode-2.0.1.tgz 0ms (cache hit)
505 http cache micromark-util-combine-extensions@https://registry.npmjs.org/micromark-util-combine-extensions/-/micromark-util-combine-extensions-2.0.1.tgz 0ms (cache hit)
506 http cache micromark-util-chunked@https://registry.npmjs.org/micromark-util-chunked/-/micromark-util-chunked-2.0.1.tgz 0ms (cache hit)
507 http cache micromark-util-classify-character@https://registry.npmjs.org/micromark-util-classify-character/-/micromark-util-classify-character-2.0.1.tgz 0ms (cache hit)
508 http cache micromark-factory-whitespace@https://registry.npmjs.org/micromark-factory-whitespace/-/micromark-factory-whitespace-2.0.1.tgz 0ms (cache hit)
509 http cache micromark-util-character@https://registry.npmjs.org/micromark-util-character/-/micromark-util-character-1.2.0.tgz 0ms (cache hit)
510 http cache micromark-util-decode-numeric-character-reference@https://registry.npmjs.org/micromark-util-decode-numeric-character-reference/-/micromark-util-decode-numeric-character-reference-2.0.2.tgz 0ms (cache hit)
511 http cache micromark-factory-mdx-expression@https://registry.npmjs.org/micromark-factory-mdx-expression/-/micromark-factory-mdx-expression-2.0.3.tgz 0ms (cache hit)
512 http cache micromark-util-decode-string@https://registry.npmjs.org/micromark-util-decode-string/-/micromark-util-decode-string-2.0.1.tgz 0ms (cache hit)
513 http cache micromark-factory-title@https://registry.npmjs.org/micromark-factory-title/-/micromark-factory-title-2.0.1.tgz 0ms (cache hit)
514 http cache micromark-factory-label@https://registry.npmjs.org/micromark-factory-label/-/micromark-factory-label-2.0.1.tgz 0ms (cache hit)
515 http cache micromark-extension-mdxjs@https://registry.npmjs.org/micromark-extension-mdxjs/-/micromark-extension-mdxjs-3.0.0.tgz 0ms (cache hit)
516 http cache micromark-factory-destination@https://registry.npmjs.org/micromark-factory-destination/-/micromark-factory-destination-2.0.1.tgz 0ms (cache hit)
517 http cache micromark-extension-mdxjs-esm@https://registry.npmjs.org/micromark-extension-mdxjs-esm/-/micromark-extension-mdxjs-esm-3.0.0.tgz 0ms (cache hit)
518 http cache micromark-factory-space@https://registry.npmjs.org/micromark-factory-space/-/micromark-factory-space-1.1.0.tgz 0ms (cache hit)
519 http cache micromark-extension-mdx-md@https://registry.npmjs.org/micromark-extension-mdx-md/-/micromark-extension-mdx-md-2.0.0.tgz 0ms (cache hit)
520 http cache micromark-extension-gfm-task-list-item@https://registry.npmjs.org/micromark-extension-gfm-task-list-item/-/micromark-extension-gfm-task-list-item-2.1.0.tgz 0ms (cache hit)
521 http cache micromark-extension-gfm-tagfilter@https://registry.npmjs.org/micromark-extension-gfm-tagfilter/-/micromark-extension-gfm-tagfilter-2.0.0.tgz 0ms (cache hit)
522 http cache micromark-extension-gfm-strikethrough@https://registry.npmjs.org/micromark-extension-gfm-strikethrough/-/micromark-extension-gfm-strikethrough-2.1.0.tgz 0ms (cache hit)
523 http cache micromark-extension-mdx-expression@https://registry.npmjs.org/micromark-extension-mdx-expression/-/micromark-extension-mdx-expression-3.0.1.tgz 0ms (cache hit)
524 http cache micromark-extension-gfm-footnote@https://registry.npmjs.org/micromark-extension-gfm-footnote/-/micromark-extension-gfm-footnote-2.1.0.tgz 0ms (cache hit)
525 http cache micromark-extension-gfm-autolink-literal@https://registry.npmjs.org/micromark-extension-gfm-autolink-literal/-/micromark-extension-gfm-autolink-literal-2.1.0.tgz 0ms (cache hit)
526 http cache micromark-extension-directive@https://registry.npmjs.org/micromark-extension-directive/-/micromark-extension-directive-3.0.2.tgz 0ms (cache hit)
527 http cache micromark-extension-gfm-table@https://registry.npmjs.org/micromark-extension-gfm-table/-/micromark-extension-gfm-table-2.1.1.tgz 0ms (cache hit)
528 http cache micromark-extension-frontmatter@https://registry.npmjs.org/micromark-extension-frontmatter/-/micromark-extension-frontmatter-2.0.0.tgz 0ms (cache hit)
529 http cache micromark-extension-gfm@https://registry.npmjs.org/micromark-extension-gfm/-/micromark-extension-gfm-3.0.0.tgz 0ms (cache hit)
530 http cache micromark@https://registry.npmjs.org/micromark/-/micromark-4.0.2.tgz 0ms (cache hit)
531 http cache methods@https://registry.npmjs.org/methods/-/methods-1.1.2.tgz 0ms (cache hit)
532 http cache micromark-core-commonmark@https://registry.npmjs.org/micromark-core-commonmark/-/micromark-core-commonmark-2.0.3.tgz 0ms (cache hit)
533 http cache micromark-extension-mdx-jsx@https://registry.npmjs.org/micromark-extension-mdx-jsx/-/micromark-extension-mdx-jsx-3.0.2.tgz 0ms (cache hit)
534 http cache micromark-extension-definition-list@https://registry.npmjs.org/micromark-extension-definition-list/-/micromark-extension-definition-list-2.0.1.tgz 0ms (cache hit)
535 http cache merge2@https://registry.npmjs.org/merge2/-/merge2-1.4.1.tgz 0ms (cache hit)
536 http cache memfs@https://registry.npmjs.org/memfs/-/memfs-4.57.3.tgz 0ms (cache hit)
537 http cache merge-descriptors@https://registry.npmjs.org/merge-descriptors/-/merge-descriptors-1.0.3.tgz 0ms (cache hit)
538 http cache media-typer@https://registry.npmjs.org/media-typer/-/media-typer-0.3.0.tgz 0ms (cache hit)
539 http cache mermaid@https://registry.npmjs.org/mermaid/-/mermaid-11.15.0.tgz 0ms (cache hit)
540 http cache merge-stream@https://registry.npmjs.org/merge-stream/-/merge-stream-2.0.0.tgz 0ms (cache hit)
541 http cache mdast-util-to-string@https://registry.npmjs.org/mdast-util-to-string/-/mdast-util-to-string-4.0.0.tgz 0ms (cache hit)
542 http cache mdn-data@https://registry.npmjs.org/mdn-data/-/mdn-data-2.0.30.tgz 0ms (cache hit)
543 http cache mdast-util-to-markdown@https://registry.npmjs.org/mdast-util-to-markdown/-/mdast-util-to-markdown-2.1.2.tgz 0ms (cache hit)
544 http cache mdast-util-to-hast@https://registry.npmjs.org/mdast-util-to-hast/-/mdast-util-to-hast-13.2.1.tgz 0ms (cache hit)
545 http cache mdast-util-mdxjs-esm@https://registry.npmjs.org/mdast-util-mdxjs-esm/-/mdast-util-mdxjs-esm-2.0.1.tgz 0ms (cache hit)
546 http cache mdast-util-mdx-jsx@https://registry.npmjs.org/mdast-util-mdx-jsx/-/mdast-util-mdx-jsx-3.2.0.tgz 0ms (cache hit)
547 http cache mdast-util-mdx-expression@https://registry.npmjs.org/mdast-util-mdx-expression/-/mdast-util-mdx-expression-2.0.1.tgz 0ms (cache hit)
548 http cache mdast-util-phrasing@https://registry.npmjs.org/mdast-util-phrasing/-/mdast-util-phrasing-4.1.0.tgz 0ms (cache hit)
549 http cache mdast-util-mdx@https://registry.npmjs.org/mdast-util-mdx/-/mdast-util-mdx-3.0.0.tgz 0ms (cache hit)
550 http cache mdast-util-gfm-table@https://registry.npmjs.org/mdast-util-gfm-table/-/mdast-util-gfm-table-2.0.0.tgz 0ms (cache hit)
551 http cache mdast-util-gfm-task-list-item@https://registry.npmjs.org/mdast-util-gfm-task-list-item/-/mdast-util-gfm-task-list-item-2.0.0.tgz 0ms (cache hit)
552 http cache mdast-util-gfm-strikethrough@https://registry.npmjs.org/mdast-util-gfm-strikethrough/-/mdast-util-gfm-strikethrough-2.0.0.tgz 0ms (cache hit)
553 http cache mdast-util-gfm@https://registry.npmjs.org/mdast-util-gfm/-/mdast-util-gfm-3.1.0.tgz 0ms (cache hit)
554 http cache mdast-util-find-and-replace@https://registry.npmjs.org/mdast-util-find-and-replace/-/mdast-util-find-and-replace-3.0.2.tgz 0ms (cache hit)
555 http cache mdast-util-frontmatter@https://registry.npmjs.org/mdast-util-frontmatter/-/mdast-util-frontmatter-2.0.1.tgz 0ms (cache hit)
556 http cache mdast-util-gfm-footnote@https://registry.npmjs.org/mdast-util-gfm-footnote/-/mdast-util-gfm-footnote-2.1.0.tgz 0ms (cache hit)
557 http cache mdast-util-gfm-autolink-literal@https://registry.npmjs.org/mdast-util-gfm-autolink-literal/-/mdast-util-gfm-autolink-literal-2.0.1.tgz 0ms (cache hit)
558 http cache mdast-util-directive@https://registry.npmjs.org/mdast-util-directive/-/mdast-util-directive-3.1.0.tgz 0ms (cache hit)
559 http cache mdast-util-definition-list@https://registry.npmjs.org/mdast-util-definition-list/-/mdast-util-definition-list-2.0.0.tgz 0ms (cache hit)
560 http cache marked@https://registry.npmjs.org/marked/-/marked-16.4.2.tgz 0ms (cache hit)
561 http cache math-intrinsics@https://registry.npmjs.org/math-intrinsics/-/math-intrinsics-1.1.0.tgz 0ms (cache hit)
562 http cache markdown-table@https://registry.npmjs.org/markdown-table/-/markdown-table-3.0.4.tgz 0ms (cache hit)
563 http cache markdown-extensions@https://registry.npmjs.org/markdown-extensions/-/markdown-extensions-2.0.0.tgz 0ms (cache hit)
564 http cache mark.js@https://registry.npmjs.org/mark.js/-/mark.js-8.11.1.tgz 0ms (cache hit)
565 http cache mdast-util-from-markdown@https://registry.npmjs.org/mdast-util-from-markdown/-/mdast-util-from-markdown-2.0.3.tgz 0ms (cache hit)
566 http cache magic-string@https://registry.npmjs.org/magic-string/-/magic-string-0.25.9.tgz 0ms (cache hit)
567 http cache lunr@https://registry.npmjs.org/lunr/-/lunr-2.3.9.tgz 1ms (cache hit)
568 http cache lru-cache@https://registry.npmjs.org/lru-cache/-/lru-cache-5.1.1.tgz 0ms (cache hit)
569 http cache lower-case@https://registry.npmjs.org/lower-case/-/lower-case-2.0.2.tgz 0ms (cache hit)
570 http cache lunr-languages@https://registry.npmjs.org/lunr-languages/-/lunr-languages-1.20.0.tgz 0ms (cache hit)
571 http cache lowercase-keys@https://registry.npmjs.org/lowercase-keys/-/lowercase-keys-3.0.0.tgz 0ms (cache hit)
572 http cache loose-envify@https://registry.npmjs.org/loose-envify/-/loose-envify-1.4.0.tgz 0ms (cache hit)
573 http cache longest-streak@https://registry.npmjs.org/longest-streak/-/longest-streak-3.1.0.tgz 0ms (cache hit)
574 http cache lodash.uniq@https://registry.npmjs.org/lodash.uniq/-/lodash.uniq-4.5.0.tgz 0ms (cache hit)
575 http cache lodash.debounce@https://registry.npmjs.org/lodash.debounce/-/lodash.debounce-4.0.8.tgz 0ms (cache hit)
576 http cache lodash@https://registry.npmjs.org/lodash/-/lodash-4.18.1.tgz 0ms (cache hit)
577 http cache locate-path@https://registry.npmjs.org/locate-path/-/locate-path-7.2.0.tgz 0ms (cache hit)
578 http cache loader-utils@https://registry.npmjs.org/loader-utils/-/loader-utils-2.0.4.tgz 0ms (cache hit)
579 http cache loader-runner@https://registry.npmjs.org/loader-runner/-/loader-runner-4.3.2.tgz 0ms (cache hit)
580 http cache lines-and-columns@https://registry.npmjs.org/lines-and-columns/-/lines-and-columns-1.2.4.tgz 0ms (cache hit)
581 http cache lightningcss-darwin-arm64@https://registry.npmjs.org/lightningcss-darwin-arm64/-/lightningcss-darwin-arm64-1.32.0.tgz 0ms (cache hit)
582 http cache lilconfig@https://registry.npmjs.org/lilconfig/-/lilconfig-3.1.3.tgz 0ms (cache hit)
583 http cache lightningcss@https://registry.npmjs.org/lightningcss/-/lightningcss-1.32.0.tgz 0ms (cache hit)
584 http cache leven@https://registry.npmjs.org/leven/-/leven-3.1.0.tgz 0ms (cache hit)
585 http cache lodash.memoize@https://registry.npmjs.org/lodash.memoize/-/lodash.memoize-4.1.2.tgz 0ms (cache hit)
586 http cache layout-base@https://registry.npmjs.org/layout-base/-/layout-base-1.0.2.tgz 0ms (cache hit)
587 http cache launch-editor@https://registry.npmjs.org/launch-editor/-/launch-editor-2.14.0.tgz 0ms (cache hit)
588 http cache kleur@https://registry.npmjs.org/kleur/-/kleur-3.0.3.tgz 0ms (cache hit)
589 http cache latest-version@https://registry.npmjs.org/latest-version/-/latest-version-7.0.0.tgz 0ms (cache hit)
590 http cache klaw-sync@https://registry.npmjs.org/klaw-sync/-/klaw-sync-6.0.0.tgz 0ms (cache hit)
591 http cache kind-of@https://registry.npmjs.org/kind-of/-/kind-of-6.0.3.tgz 0ms (cache hit)
592 http cache khroma@https://registry.npmjs.org/khroma/-/khroma-2.1.0.tgz 0ms (cache hit)
593 http cache keyv@https://registry.npmjs.org/keyv/-/keyv-4.5.4.tgz 0ms (cache hit)
594 http cache lodash-es@https://registry.npmjs.org/lodash-es/-/lodash-es-4.18.1.tgz 0ms (cache hit)
595 http cache katex@https://registry.npmjs.org/katex/-/katex-0.16.47.tgz 0ms (cache hit)
596 http cache jsonfile@https://registry.npmjs.org/jsonfile/-/jsonfile-6.2.1.tgz 0ms (cache hit)
597 http cache json5@https://registry.npmjs.org/json5/-/json5-2.2.3.tgz 0ms (cache hit)
598 http cache json-schema-traverse@https://registry.npmjs.org/json-schema-traverse/-/json-schema-traverse-1.0.0.tgz 0ms (cache hit)
599 http cache json-parse-even-better-errors@https://registry.npmjs.org/json-parse-even-better-errors/-/json-parse-even-better-errors-2.3.1.tgz 0ms (cache hit)
600 http cache js-tokens@https://registry.npmjs.org/js-tokens/-/js-tokens-4.0.0.tgz 0ms (cache hit)
601 http cache json-buffer@https://registry.npmjs.org/json-buffer/-/json-buffer-3.0.1.tgz 0ms (cache hit)
602 http cache joi@https://registry.npmjs.org/joi/-/joi-17.13.3.tgz 0ms (cache hit)
603 http cache jiti@https://registry.npmjs.org/jiti/-/jiti-1.21.7.tgz 0ms (cache hit)
604 http cache jsesc@https://registry.npmjs.org/jsesc/-/jsesc-3.1.0.tgz 0ms (cache hit)
605 http cache jest-worker@https://registry.npmjs.org/jest-worker/-/jest-worker-29.7.0.tgz 0ms (cache hit)
606 http cache isobject@https://registry.npmjs.org/isobject/-/isobject-3.0.1.tgz 0ms (cache hit)
607 http cache js-yaml@https://registry.npmjs.org/js-yaml/-/js-yaml-4.2.0.tgz 0ms (cache hit)
608 http cache jest-util@https://registry.npmjs.org/jest-util/-/jest-util-29.7.0.tgz 0ms (cache hit)
609 http cache is-yarn-global@https://registry.npmjs.org/is-yarn-global/-/is-yarn-global-0.4.1.tgz 0ms (cache hit)
610 http cache isexe@https://registry.npmjs.org/isexe/-/isexe-2.0.0.tgz 0ms (cache hit)
611 http cache isarray@https://registry.npmjs.org/isarray/-/isarray-0.0.1.tgz 0ms (cache hit)
612 http cache is-typedarray@https://registry.npmjs.org/is-typedarray/-/is-typedarray-1.0.0.tgz 0ms (cache hit)
613 http cache is-stream@https://registry.npmjs.org/is-stream/-/is-stream-2.0.1.tgz 0ms (cache hit)
614 http cache is-regexp@https://registry.npmjs.org/is-regexp/-/is-regexp-1.0.0.tgz 0ms (cache hit)
615 http cache is-path-inside@https://registry.npmjs.org/is-path-inside/-/is-path-inside-3.0.3.tgz 0ms (cache hit)
616 http cache is-wsl@https://registry.npmjs.org/is-wsl/-/is-wsl-2.2.0.tgz 0ms (cache hit)
617 http cache is-plain-object@https://registry.npmjs.org/is-plain-object/-/is-plain-object-2.0.4.tgz 0ms (cache hit)
618 http cache is-plain-obj@https://registry.npmjs.org/is-plain-obj/-/is-plain-obj-4.1.0.tgz 0ms (cache hit)
619 http cache is-npm@https://registry.npmjs.org/is-npm/-/is-npm-6.1.0.tgz 0ms (cache hit)
620 http cache is-network-error@https://registry.npmjs.org/is-network-error/-/is-network-error-1.3.2.tgz 0ms (cache hit)
621 http cache is-inside-container@https://registry.npmjs.org/is-inside-container/-/is-inside-container-1.0.0.tgz 0ms (cache hit)
622 http cache is-installed-globally@https://registry.npmjs.org/is-installed-globally/-/is-installed-globally-0.4.0.tgz 0ms (cache hit)
623 http cache is-glob@https://registry.npmjs.org/is-glob/-/is-glob-4.0.3.tgz 0ms (cache hit)
624 http cache is-hexadecimal@https://registry.npmjs.org/is-hexadecimal/-/is-hexadecimal-2.0.1.tgz 0ms (cache hit)
625 http cache is-number@https://registry.npmjs.org/is-number/-/is-number-7.0.0.tgz 0ms (cache hit)
626 http cache is-fullwidth-code-point@https://registry.npmjs.org/is-fullwidth-code-point/-/is-fullwidth-code-point-3.0.0.tgz 0ms (cache hit)
627 http cache is-extglob@https://registry.npmjs.org/is-extglob/-/is-extglob-2.1.1.tgz 0ms (cache hit)
628 http cache is-obj@https://registry.npmjs.org/is-obj/-/is-obj-1.0.1.tgz 0ms (cache hit)
629 http cache is-extendable@https://registry.npmjs.org/is-extendable/-/is-extendable-0.1.1.tgz 0ms (cache hit)
630 http cache is-docker@https://registry.npmjs.org/is-docker/-/is-docker-2.2.1.tgz 0ms (cache hit)
631 http cache is-decimal@https://registry.npmjs.org/is-decimal/-/is-decimal-2.0.1.tgz 0ms (cache hit)
632 http cache is-alphanumerical@https://registry.npmjs.org/is-alphanumerical/-/is-alphanumerical-2.0.1.tgz 0ms (cache hit)
633 http cache is-arrayish@https://registry.npmjs.org/is-arrayish/-/is-arrayish-0.2.1.tgz 0ms (cache hit)
634 http cache is-ci@https://registry.npmjs.org/is-ci/-/is-ci-3.0.1.tgz 0ms (cache hit)
635 http cache ipaddr.js@https://registry.npmjs.org/ipaddr.js/-/ipaddr.js-2.4.0.tgz 0ms (cache hit)
636 http cache is-alphabetical@https://registry.npmjs.org/is-alphabetical/-/is-alphabetical-2.0.1.tgz 0ms (cache hit)
637 http cache internmap@https://registry.npmjs.org/internmap/-/internmap-2.0.3.tgz 0ms (cache hit)
638 http cache invariant@https://registry.npmjs.org/invariant/-/invariant-2.2.4.tgz 0ms (cache hit)
639 http cache ini@https://registry.npmjs.org/ini/-/ini-2.0.0.tgz 0ms (cache hit)
640 http cache inline-style-parser@https://registry.npmjs.org/inline-style-parser/-/inline-style-parser-0.2.7.tgz 0ms (cache hit)
641 http cache is-core-module@https://registry.npmjs.org/is-core-module/-/is-core-module-2.16.2.tgz 0ms (cache hit)
642 http cache inherits@https://registry.npmjs.org/inherits/-/inherits-2.0.4.tgz 0ms (cache hit)
643 http cache infima@https://registry.npmjs.org/infima/-/infima-0.2.0-alpha.45.tgz 0ms (cache hit)
644 http cache is-binary-path@https://registry.npmjs.org/is-binary-path/-/is-binary-path-2.1.0.tgz 0ms (cache hit)
645 http cache imurmurhash@https://registry.npmjs.org/imurmurhash/-/imurmurhash-0.1.4.tgz 0ms (cache hit)
646 http cache indent-string@https://registry.npmjs.org/indent-string/-/indent-string-4.0.0.tgz 0ms (cache hit)
647 http cache import-fresh@https://registry.npmjs.org/import-fresh/-/import-fresh-3.3.1.tgz 0ms (cache hit)
648 http cache immediate@https://registry.npmjs.org/immediate/-/immediate-3.3.0.tgz 0ms (cache hit)
649 http cache import-lazy@https://registry.npmjs.org/import-lazy/-/import-lazy-4.0.0.tgz 0ms (cache hit)
650 http cache image-size@https://registry.npmjs.org/image-size/-/image-size-2.0.2.tgz 0ms (cache hit)
651 http cache import-meta-resolve@https://registry.npmjs.org/import-meta-resolve/-/import-meta-resolve-4.2.0.tgz 0ms (cache hit)
652 http cache icss-utils@https://registry.npmjs.org/icss-utils/-/icss-utils-5.1.0.tgz 0ms (cache hit)
653 http cache iconv-lite@https://registry.npmjs.org/iconv-lite/-/iconv-lite-0.4.24.tgz 0ms (cache hit)
654 http cache hyperdyperid@https://registry.npmjs.org/hyperdyperid/-/hyperdyperid-1.2.0.tgz 0ms (cache hit)
655 http cache human-signals@https://registry.npmjs.org/human-signals/-/human-signals-2.1.0.tgz 0ms (cache hit)
656 http cache ignore@https://registry.npmjs.org/ignore/-/ignore-5.3.2.tgz 0ms (cache hit)
657 http cache http-proxy-middleware@https://registry.npmjs.org/http-proxy-middleware/-/http-proxy-middleware-2.0.9.tgz 0ms (cache hit)
658 http cache http-proxy@https://registry.npmjs.org/http-proxy/-/http-proxy-1.18.1.tgz 0ms (cache hit)
659 http cache http-parser-js@https://registry.npmjs.org/http-parser-js/-/http-parser-js-0.5.10.tgz 0ms (cache hit)
660 http cache http-errors@https://registry.npmjs.org/http-errors/-/http-errors-2.0.1.tgz 0ms (cache hit)
661 http cache http-deceiver@https://registry.npmjs.org/http-deceiver/-/http-deceiver-1.2.7.tgz 0ms (cache hit)
662 http cache http-cache-semantics@https://registry.npmjs.org/http-cache-semantics/-/http-cache-semantics-4.2.0.tgz 0ms (cache hit)
663 http cache htmlparser2@https://registry.npmjs.org/htmlparser2/-/htmlparser2-8.0.2.tgz 0ms (cache hit)
664 http cache html-webpack-plugin@https://registry.npmjs.org/html-webpack-plugin/-/html-webpack-plugin-5.6.7.tgz 0ms (cache hit)
665 http cache html-void-elements@https://registry.npmjs.org/html-void-elements/-/html-void-elements-3.0.0.tgz 0ms (cache hit)
666 http cache html-tags@https://registry.npmjs.org/html-tags/-/html-tags-3.3.1.tgz 0ms (cache hit)
667 http cache html-minifier-terser@https://registry.npmjs.org/html-minifier-terser/-/html-minifier-terser-7.2.0.tgz 0ms (cache hit)
668 http cache html-escaper@https://registry.npmjs.org/html-escaper/-/html-escaper-2.0.2.tgz 0ms (cache hit)
669 http cache hpack.js@https://registry.npmjs.org/hpack.js/-/hpack.js-2.1.6.tgz 0ms (cache hit)
670 http cache hoist-non-react-statics@https://registry.npmjs.org/hoist-non-react-statics/-/hoist-non-react-statics-3.3.2.tgz 0ms (cache hit)
671 http cache history@https://registry.npmjs.org/history/-/history-4.10.1.tgz 0ms (cache hit)
672 http cache he@https://registry.npmjs.org/he/-/he-1.2.0.tgz 0ms (cache hit)
673 http cache hastscript@https://registry.npmjs.org/hastscript/-/hastscript-9.0.1.tgz 0ms (cache hit)
674 http cache hast-util-to-text@https://registry.npmjs.org/hast-util-to-text/-/hast-util-to-text-4.0.2.tgz 0ms (cache hit)
675 http cache http2-wrapper@https://registry.npmjs.org/http2-wrapper/-/http2-wrapper-2.2.1.tgz 0ms (cache hit)
676 http cache hast-util-whitespace@https://registry.npmjs.org/hast-util-whitespace/-/hast-util-whitespace-3.0.0.tgz 0ms (cache hit)
677 http cache hast-util-to-mdast@https://registry.npmjs.org/hast-util-to-mdast/-/hast-util-to-mdast-10.1.2.tgz 0ms (cache hit)
678 http cache hast-util-to-parse5@https://registry.npmjs.org/hast-util-to-parse5/-/hast-util-to-parse5-8.0.1.tgz 0ms (cache hit)
679 http cache hast-util-parse-selector@https://registry.npmjs.org/hast-util-parse-selector/-/hast-util-parse-selector-4.0.0.tgz 0ms (cache hit)
680 http cache hast-util-raw@https://registry.npmjs.org/hast-util-raw/-/hast-util-raw-9.1.0.tgz 0ms (cache hit)
681 http cache hast-util-to-html@https://registry.npmjs.org/hast-util-to-html/-/hast-util-to-html-9.0.5.tgz 0ms (cache hit)
682 http cache hast-util-to-estree@https://registry.npmjs.org/hast-util-to-estree/-/hast-util-to-estree-3.1.3.tgz 0ms (cache hit)
683 http cache hast-util-to-jsx-runtime@https://registry.npmjs.org/hast-util-to-jsx-runtime/-/hast-util-to-jsx-runtime-2.3.6.tgz 0ms (cache hit)
684 http cache hast-util-is-element@https://registry.npmjs.org/hast-util-is-element/-/hast-util-is-element-3.0.0.tgz 0ms (cache hit)
685 http cache hast-util-phrasing@https://registry.npmjs.org/hast-util-phrasing/-/hast-util-phrasing-3.0.1.tgz 0ms (cache hit)
686 http cache hast-util-is-body-ok-link@https://registry.npmjs.org/hast-util-is-body-ok-link/-/hast-util-is-body-ok-link-3.0.1.tgz 0ms (cache hit)
687 http cache hast-util-minify-whitespace@https://registry.npmjs.org/hast-util-minify-whitespace/-/hast-util-minify-whitespace-1.0.1.tgz 0ms (cache hit)
688 http cache hast-util-from-parse5@https://registry.npmjs.org/hast-util-from-parse5/-/hast-util-from-parse5-8.0.3.tgz 0ms (cache hit)
689 http cache hast-util-embedded@https://registry.npmjs.org/hast-util-embedded/-/hast-util-embedded-3.0.0.tgz 0ms (cache hit)
690 http cache hast-util-has-property@https://registry.npmjs.org/hast-util-has-property/-/hast-util-has-property-3.0.0.tgz 0ms (cache hit)
691 http cache hast-util-definition-list@https://registry.npmjs.org/hast-util-definition-list/-/hast-util-definition-list-2.1.0.tgz 0ms (cache hit)
692 http cache hasown@https://registry.npmjs.org/hasown/-/hasown-2.0.4.tgz 0ms (cache hit)
693 http cache has-symbols@https://registry.npmjs.org/has-symbols/-/has-symbols-1.1.0.tgz 0ms (cache hit)
694 http cache has-flag@https://registry.npmjs.org/has-flag/-/has-flag-4.0.0.tgz 0ms (cache hit)
695 http cache has-property-descriptors@https://registry.npmjs.org/has-property-descriptors/-/has-property-descriptors-1.0.2.tgz 0ms (cache hit)
696 http cache hachure-fill@https://registry.npmjs.org/hachure-fill/-/hachure-fill-0.5.2.tgz 0ms (cache hit)
697 http cache gzip-size@https://registry.npmjs.org/gzip-size/-/gzip-size-6.0.0.tgz 0ms (cache hit)
698 http cache has-yarn@https://registry.npmjs.org/has-yarn/-/has-yarn-3.0.0.tgz 0ms (cache hit)
699 http cache handle-thing@https://registry.npmjs.org/handle-thing/-/handle-thing-2.0.1.tgz 0ms (cache hit)
700 http cache gray-matter@https://registry.npmjs.org/gray-matter/-/gray-matter-4.0.3.tgz 0ms (cache hit)
701 http cache got@https://registry.npmjs.org/got/-/got-12.6.1.tgz 0ms (cache hit)
702 http cache graceful-fs@https://registry.npmjs.org/graceful-fs/-/graceful-fs-4.2.11.tgz 0ms (cache hit)
703 http cache global-dirs@https://registry.npmjs.org/global-dirs/-/global-dirs-3.0.1.tgz 0ms (cache hit)
704 http cache glob-to-regex.js@https://registry.npmjs.org/glob-to-regex.js/-/glob-to-regex.js-1.2.0.tgz 0ms (cache hit)
705 http cache glob-parent@https://registry.npmjs.org/glob-parent/-/glob-parent-5.1.2.tgz 0ms (cache hit)
706 http cache github-slugger@https://registry.npmjs.org/github-slugger/-/github-slugger-1.5.0.tgz 0ms (cache hit)
707 http cache gopd@https://registry.npmjs.org/gopd/-/gopd-1.2.0.tgz 0ms (cache hit)
708 http cache globby@https://registry.npmjs.org/globby/-/globby-11.1.0.tgz 0ms (cache hit)
709 http cache glob-to-regexp@https://registry.npmjs.org/glob-to-regexp/-/glob-to-regexp-0.4.1.tgz 0ms (cache hit)
710 http cache get-stream@https://registry.npmjs.org/get-stream/-/get-stream-6.0.1.tgz 0ms (cache hit)
711 http cache get-own-enumerable-property-symbols@https://registry.npmjs.org/get-own-enumerable-property-symbols/-/get-own-enumerable-property-symbols-3.0.2.tgz 0ms (cache hit)
712 http cache get-intrinsic@https://registry.npmjs.org/get-intrinsic/-/get-intrinsic-1.3.0.tgz 0ms (cache hit)
713 http cache function-bind@https://registry.npmjs.org/function-bind/-/function-bind-1.1.2.tgz 0ms (cache hit)
714 http cache fsevents@https://registry.npmjs.org/fsevents/-/fsevents-2.3.3.tgz 0ms (cache hit)
715 http cache fs-extra@https://registry.npmjs.org/fs-extra/-/fs-extra-11.3.5.tgz 0ms (cache hit)
716 http cache fresh@https://registry.npmjs.org/fresh/-/fresh-0.5.2.tgz 0ms (cache hit)
717 http cache fraction.js@https://registry.npmjs.org/fraction.js/-/fraction.js-5.3.4.tgz 0ms (cache hit)
718 http cache forwarded@https://registry.npmjs.org/forwarded/-/forwarded-0.2.0.tgz 0ms (cache hit)
719 http cache format@https://registry.npmjs.org/format/-/format-0.2.2.tgz 0ms (cache hit)
720 http cache form-data-encoder@https://registry.npmjs.org/form-data-encoder/-/form-data-encoder-2.1.4.tgz 0ms (cache hit)
721 http cache flat@https://registry.npmjs.org/flat/-/flat-5.0.2.tgz 0ms (cache hit)
722 http cache finalhandler@https://registry.npmjs.org/finalhandler/-/finalhandler-1.3.2.tgz 0ms (cache hit)
723 http cache find-cache-dir@https://registry.npmjs.org/find-cache-dir/-/find-cache-dir-4.0.0.tgz 0ms (cache hit)
724 http cache get-proto@https://registry.npmjs.org/get-proto/-/get-proto-1.0.1.tgz 0ms (cache hit)
725 http cache follow-redirects@https://registry.npmjs.org/follow-redirects/-/follow-redirects-1.16.0.tgz 0ms (cache hit)
726 http cache find-up@https://registry.npmjs.org/find-up/-/find-up-6.3.0.tgz 0ms (cache hit)
727 http cache gensync@https://registry.npmjs.org/gensync/-/gensync-1.0.0-beta.2.tgz 0ms (cache hit)
728 http cache fill-range@https://registry.npmjs.org/fill-range/-/fill-range-7.1.1.tgz 0ms (cache hit)
729 http cache faye-websocket@https://registry.npmjs.org/faye-websocket/-/faye-websocket-0.11.4.tgz 0ms (cache hit)
730 http cache file-loader@https://registry.npmjs.org/file-loader/-/file-loader-6.2.0.tgz 0ms (cache hit)
731 http cache feed@https://registry.npmjs.org/feed/-/feed-4.2.2.tgz 0ms (cache hit)
732 http cache fault@https://registry.npmjs.org/fault/-/fault-2.0.1.tgz 0ms (cache hit)
733 http cache fast-uri@https://registry.npmjs.org/fast-uri/-/fast-uri-3.1.2.tgz 0ms (cache hit)
734 http cache fastq@https://registry.npmjs.org/fastq/-/fastq-1.20.1.tgz 0ms (cache hit)
735 http cache extend-shallow@https://registry.npmjs.org/extend-shallow/-/extend-shallow-2.0.1.tgz 0ms (cache hit)
736 http cache fast-glob@https://registry.npmjs.org/fast-glob/-/fast-glob-3.3.3.tgz 0ms (cache hit)
737 http cache extend@https://registry.npmjs.org/extend/-/extend-3.0.2.tgz 0ms (cache hit)
738 http cache express@https://registry.npmjs.org/express/-/express-4.22.2.tgz 0ms (cache hit)
739 http cache fast-deep-equal@https://registry.npmjs.org/fast-deep-equal/-/fast-deep-equal-3.1.3.tgz 0ms (cache hit)
740 http cache events@https://registry.npmjs.org/events/-/events-3.3.0.tgz 0ms (cache hit)
741 http cache eventemitter3@https://registry.npmjs.org/eventemitter3/-/eventemitter3-4.0.7.tgz 0ms (cache hit)
742 http cache execa@https://registry.npmjs.org/execa/-/execa-5.1.1.tgz 0ms (cache hit)
743 http cache etag@https://registry.npmjs.org/etag/-/etag-1.8.1.tgz 0ms (cache hit)
744 http cache eval@https://registry.npmjs.org/eval/-/eval-0.1.8.tgz 0ms (cache hit)
745 http cache eta@https://registry.npmjs.org/eta/-/eta-2.2.0.tgz 0ms (cache hit)
746 http cache esutils@https://registry.npmjs.org/esutils/-/esutils-2.0.3.tgz 0ms (cache hit)
747 http cache estree-walker@https://registry.npmjs.org/estree-walker/-/estree-walker-3.0.3.tgz 0ms (cache hit)
748 http cache estree-util-visit@https://registry.npmjs.org/estree-util-visit/-/estree-util-visit-2.0.0.tgz 0ms (cache hit)
749 http cache estree-util-to-js@https://registry.npmjs.org/estree-util-to-js/-/estree-util-to-js-2.0.0.tgz 0ms (cache hit)
750 http cache estree-util-scope@https://registry.npmjs.org/estree-util-scope/-/estree-util-scope-1.0.0.tgz 0ms (cache hit)
751 http cache estree-util-is-identifier-name@https://registry.npmjs.org/estree-util-is-identifier-name/-/estree-util-is-identifier-name-3.0.0.tgz 0ms (cache hit)
752 http cache fast-json-stable-stringify@https://registry.npmjs.org/fast-json-stable-stringify/-/fast-json-stable-stringify-2.1.0.tgz 0ms (cache hit)
753 http cache estree-util-attach-comments@https://registry.npmjs.org/estree-util-attach-comments/-/estree-util-attach-comments-3.0.0.tgz 0ms (cache hit)
754 http cache esrecurse@https://registry.npmjs.org/esrecurse/-/esrecurse-4.3.0.tgz 0ms (cache hit)
755 http cache estraverse@https://registry.npmjs.org/estraverse/-/estraverse-4.3.0.tgz 0ms (cache hit)
756 http cache esprima@https://registry.npmjs.org/esprima/-/esprima-4.0.1.tgz 0ms (cache hit)
757 http cache eslint-scope@https://registry.npmjs.org/eslint-scope/-/eslint-scope-5.1.1.tgz 0ms (cache hit)
758 http cache estree-util-build-jsx@https://registry.npmjs.org/estree-util-build-jsx/-/estree-util-build-jsx-3.0.1.tgz 0ms (cache hit)
759 http cache escape-html@https://registry.npmjs.org/escape-html/-/escape-html-1.0.3.tgz 0ms (cache hit)
760 http cache estree-util-value-to-estree@https://registry.npmjs.org/estree-util-value-to-estree/-/estree-util-value-to-estree-3.5.0.tgz 0ms (cache hit)
761 http cache escalade@https://registry.npmjs.org/escalade/-/escalade-3.2.0.tgz 0ms (cache hit)
762 http cache escape-string-regexp@https://registry.npmjs.org/escape-string-regexp/-/escape-string-regexp-4.0.0.tgz 0ms (cache hit)
763 http cache es-toolkit@https://registry.npmjs.org/es-toolkit/-/es-toolkit-1.47.0.tgz 0ms (cache hit)
764 http cache esast-util-from-js@https://registry.npmjs.org/esast-util-from-js/-/esast-util-from-js-2.0.1.tgz 0ms (cache hit)
765 http cache esast-util-from-estree@https://registry.npmjs.org/esast-util-from-estree/-/esast-util-from-estree-2.0.0.tgz 0ms (cache hit)
766 http cache es-module-lexer@https://registry.npmjs.org/es-module-lexer/-/es-module-lexer-2.1.0.tgz 0ms (cache hit)
767 http cache es-errors@https://registry.npmjs.org/es-errors/-/es-errors-1.3.0.tgz 0ms (cache hit)
768 http cache escape-goat@https://registry.npmjs.org/escape-goat/-/escape-goat-4.0.0.tgz 0ms (cache hit)
769 http cache es-object-atoms@https://registry.npmjs.org/es-object-atoms/-/es-object-atoms-1.1.2.tgz 0ms (cache hit)
770 http cache es-define-property@https://registry.npmjs.org/es-define-property/-/es-define-property-1.0.1.tgz 0ms (cache hit)
771 http cache error-ex@https://registry.npmjs.org/error-ex/-/error-ex-1.3.4.tgz 0ms (cache hit)
772 http cache enhanced-resolve@https://registry.npmjs.org/enhanced-resolve/-/enhanced-resolve-5.22.1.tgz 0ms (cache hit)
773 http cache encodeurl@https://registry.npmjs.org/encodeurl/-/encodeurl-2.0.0.tgz 0ms (cache hit)
774 http cache entities@https://registry.npmjs.org/entities/-/entities-4.5.0.tgz 0ms (cache hit)
775 http cache emoticon@https://registry.npmjs.org/emoticon/-/emoticon-4.1.0.tgz 0ms (cache hit)
776 http cache encoding-sniffer@https://registry.npmjs.org/encoding-sniffer/-/encoding-sniffer-0.2.1.tgz 0ms (cache hit)
777 http cache emojis-list@https://registry.npmjs.org/emojis-list/-/emojis-list-3.0.0.tgz 0ms (cache hit)
778 http cache emojilib@https://registry.npmjs.org/emojilib/-/emojilib-2.4.0.tgz 0ms (cache hit)
779 http cache ee-first@https://registry.npmjs.org/ee-first/-/ee-first-1.1.1.tgz 0ms (cache hit)
780 http cache electron-to-chromium@https://registry.npmjs.org/electron-to-chromium/-/electron-to-chromium-1.5.364.tgz 0ms (cache hit)
781 http cache eastasianwidth@https://registry.npmjs.org/eastasianwidth/-/eastasianwidth-0.2.0.tgz 0ms (cache hit)
782 http cache emoji-regex@https://registry.npmjs.org/emoji-regex/-/emoji-regex-9.2.2.tgz 0ms (cache hit)
783 http cache domutils@https://registry.npmjs.org/domutils/-/domutils-3.2.2.tgz 0ms (cache hit)
784 http cache dunder-proto@https://registry.npmjs.org/dunder-proto/-/dunder-proto-1.0.1.tgz 0ms (cache hit)
785 http cache dot-case@https://registry.npmjs.org/dot-case/-/dot-case-3.0.4.tgz 0ms (cache hit)
786 http cache dot-prop@https://registry.npmjs.org/dot-prop/-/dot-prop-6.0.1.tgz 0ms (cache hit)
787 http cache dompurify@https://registry.npmjs.org/dompurify/-/dompurify-3.4.7.tgz 0ms (cache hit)
788 http cache duplexer@https://registry.npmjs.org/duplexer/-/duplexer-0.1.2.tgz 0ms (cache hit)
789 http cache domhandler@https://registry.npmjs.org/domhandler/-/domhandler-5.0.3.tgz 0ms (cache hit)
790 http cache dom-serializer@https://registry.npmjs.org/dom-serializer/-/dom-serializer-2.0.0.tgz 0ms (cache hit)
791 http cache docusaurus-remark-plugin-tab-blocks@https://registry.npmjs.org/docusaurus-remark-plugin-tab-blocks/-/docusaurus-remark-plugin-tab-blocks-4.0.0.tgz 0ms (cache hit)
792 http cache dom-converter@https://registry.npmjs.org/dom-converter/-/dom-converter-0.2.0.tgz 0ms (cache hit)
793 http cache docusaurus-plugin-llms@https://registry.npmjs.org/docusaurus-plugin-llms/-/docusaurus-plugin-llms-0.4.0.tgz 0ms (cache hit)
794 http cache dir-glob@https://registry.npmjs.org/dir-glob/-/dir-glob-3.0.1.tgz 0ms (cache hit)
795 http cache devlop@https://registry.npmjs.org/devlop/-/devlop-1.1.0.tgz 0ms (cache hit)
796 http cache domelementtype@https://registry.npmjs.org/domelementtype/-/domelementtype-2.3.0.tgz 0ms (cache hit)
797 http cache detect-port@https://registry.npmjs.org/detect-port/-/detect-port-1.6.1.tgz 0ms (cache hit)
798 http cache detect-node@https://registry.npmjs.org/detect-node/-/detect-node-2.1.0.tgz 0ms (cache hit)
799 http cache destroy@https://registry.npmjs.org/destroy/-/destroy-1.2.0.tgz 0ms (cache hit)
800 http cache dequal@https://registry.npmjs.org/dequal/-/dequal-2.0.3.tgz 0ms (cache hit)
801 http cache detect-libc@https://registry.npmjs.org/detect-libc/-/detect-libc-2.1.2.tgz 0ms (cache hit)
802 http cache delaunator@https://registry.npmjs.org/delaunator/-/delaunator-5.1.0.tgz 0ms (cache hit)
803 http cache define-properties@https://registry.npmjs.org/define-properties/-/define-properties-1.2.1.tgz 0ms (cache hit)
804 http cache depd@https://registry.npmjs.org/depd/-/depd-2.0.0.tgz 0ms (cache hit)
805 http cache define-lazy-prop@https://registry.npmjs.org/define-lazy-prop/-/define-lazy-prop-2.0.0.tgz 0ms (cache hit)
806 http cache define-data-property@https://registry.npmjs.org/define-data-property/-/define-data-property-1.1.4.tgz 0ms (cache hit)
807 http cache defer-to-connect@https://registry.npmjs.org/defer-to-connect/-/defer-to-connect-2.0.1.tgz 0ms (cache hit)
808 http cache default-browser-id@https://registry.npmjs.org/default-browser-id/-/default-browser-id-5.0.1.tgz 0ms (cache hit)
809 http cache dns-packet@https://registry.npmjs.org/dns-packet/-/dns-packet-5.6.1.tgz 0ms (cache hit)
810 http cache deepmerge@https://registry.npmjs.org/deepmerge/-/deepmerge-4.3.1.tgz 0ms (cache hit)
811 http cache decompress-response@https://registry.npmjs.org/decompress-response/-/decompress-response-6.0.0.tgz 0ms (cache hit)
812 http cache deep-extend@https://registry.npmjs.org/deep-extend/-/deep-extend-0.6.0.tgz 0ms (cache hit)
813 http cache default-browser@https://registry.npmjs.org/default-browser/-/default-browser-5.5.0.tgz 0ms (cache hit)
814 http cache debounce@https://registry.npmjs.org/debounce/-/debounce-1.2.1.tgz 0ms (cache hit)
815 http cache dayjs@https://registry.npmjs.org/dayjs/-/dayjs-1.11.21.tgz 0ms (cache hit)
816 http cache dagre-d3-es@https://registry.npmjs.org/dagre-d3-es/-/dagre-d3-es-7.0.14.tgz 0ms (cache hit)
817 http cache decode-named-character-reference@https://registry.npmjs.org/decode-named-character-reference/-/decode-named-character-reference-1.3.0.tgz 0ms (cache hit)
818 http cache d3-zoom@https://registry.npmjs.org/d3-zoom/-/d3-zoom-3.0.0.tgz 0ms (cache hit)
819 http cache debug@https://registry.npmjs.org/debug/-/debug-4.4.3.tgz 0ms (cache hit)
820 http cache d3-time-format@https://registry.npmjs.org/d3-time-format/-/d3-time-format-4.1.0.tgz 0ms (cache hit)
821 http cache d3-transition@https://registry.npmjs.org/d3-transition/-/d3-transition-3.0.1.tgz 0ms (cache hit)
822 http cache d3-time@https://registry.npmjs.org/d3-time/-/d3-time-3.1.0.tgz 0ms (cache hit)
823 http cache d3-timer@https://registry.npmjs.org/d3-timer/-/d3-timer-3.0.1.tgz 0ms (cache hit)
824 http cache d3-selection@https://registry.npmjs.org/d3-selection/-/d3-selection-3.0.0.tgz 0ms (cache hit)
825 http cache d3-scale-chromatic@https://registry.npmjs.org/d3-scale-chromatic/-/d3-scale-chromatic-3.1.0.tgz 0ms (cache hit)
826 http cache d3-scale@https://registry.npmjs.org/d3-scale/-/d3-scale-4.0.2.tgz 0ms (cache hit)
827 http cache d3-shape@https://registry.npmjs.org/d3-shape/-/d3-shape-3.2.0.tgz 0ms (cache hit)
828 http cache d3-random@https://registry.npmjs.org/d3-random/-/d3-random-3.0.1.tgz 0ms (cache hit)
829 http cache d3-polygon@https://registry.npmjs.org/d3-polygon/-/d3-polygon-3.0.1.tgz 0ms (cache hit)
830 http cache d3-quadtree@https://registry.npmjs.org/d3-quadtree/-/d3-quadtree-3.0.1.tgz 0ms (cache hit)
831 http cache d3-path@https://registry.npmjs.org/d3-path/-/d3-path-3.1.0.tgz 0ms (cache hit)
832 http cache d3-geo@https://registry.npmjs.org/d3-geo/-/d3-geo-3.1.1.tgz 0ms (cache hit)
833 http cache d3-hierarchy@https://registry.npmjs.org/d3-hierarchy/-/d3-hierarchy-3.1.2.tgz 0ms (cache hit)
834 http cache d3-format@https://registry.npmjs.org/d3-format/-/d3-format-3.1.2.tgz 0ms (cache hit)
835 http cache d3-interpolate@https://registry.npmjs.org/d3-interpolate/-/d3-interpolate-3.0.1.tgz 0ms (cache hit)
836 http cache d3-force@https://registry.npmjs.org/d3-force/-/d3-force-3.0.0.tgz 0ms (cache hit)
837 http cache d3-sankey@https://registry.npmjs.org/d3-sankey/-/d3-sankey-0.12.3.tgz 0ms (cache hit)
838 http cache d3-drag@https://registry.npmjs.org/d3-drag/-/d3-drag-3.0.0.tgz 0ms (cache hit)
839 http cache d3-fetch@https://registry.npmjs.org/d3-fetch/-/d3-fetch-3.0.1.tgz 0ms (cache hit)
840 http cache d3-dispatch@https://registry.npmjs.org/d3-dispatch/-/d3-dispatch-3.0.1.tgz 0ms (cache hit)
841 http cache d3-ease@https://registry.npmjs.org/d3-ease/-/d3-ease-3.0.1.tgz 0ms (cache hit)
842 http cache d3-delaunay@https://registry.npmjs.org/d3-delaunay/-/d3-delaunay-6.0.4.tgz 0ms (cache hit)
843 http cache d3-dsv@https://registry.npmjs.org/d3-dsv/-/d3-dsv-3.0.1.tgz 0ms (cache hit)
844 http cache d3-contour@https://registry.npmjs.org/d3-contour/-/d3-contour-4.0.2.tgz 0ms (cache hit)
845 http cache d3-chord@https://registry.npmjs.org/d3-chord/-/d3-chord-3.0.1.tgz 0ms (cache hit)
846 http cache d3-color@https://registry.npmjs.org/d3-color/-/d3-color-3.1.0.tgz 0ms (cache hit)
847 http cache d3-axis@https://registry.npmjs.org/d3-axis/-/d3-axis-3.0.0.tgz 0ms (cache hit)
848 http cache d3@https://registry.npmjs.org/d3/-/d3-7.9.0.tgz 0ms (cache hit)
849 http cache cytoscape-fcose@https://registry.npmjs.org/cytoscape-fcose/-/cytoscape-fcose-2.2.0.tgz 0ms (cache hit)
850 http cache d3-array@https://registry.npmjs.org/d3-array/-/d3-array-3.2.4.tgz 0ms (cache hit)
851 http cache cytoscape@https://registry.npmjs.org/cytoscape/-/cytoscape-3.33.4.tgz 0ms (cache hit)
852 http cache csstype@https://registry.npmjs.org/csstype/-/csstype-3.2.3.tgz 0ms (cache hit)
853 http cache csso@https://registry.npmjs.org/csso/-/csso-5.0.5.tgz 0ms (cache hit)
854 http cache cytoscape-cose-bilkent@https://registry.npmjs.org/cytoscape-cose-bilkent/-/cytoscape-cose-bilkent-4.1.0.tgz 0ms (cache hit)
855 http cache cssnano@https://registry.npmjs.org/cssnano/-/cssnano-6.1.2.tgz 0ms (cache hit)
856 http cache cssnano-utils@https://registry.npmjs.org/cssnano-utils/-/cssnano-utils-4.0.2.tgz 0ms (cache hit)
857 http cache cssnano-preset-advanced@https://registry.npmjs.org/cssnano-preset-advanced/-/cssnano-preset-advanced-6.1.2.tgz 0ms (cache hit)
858 http cache cssesc@https://registry.npmjs.org/cssesc/-/cssesc-3.0.0.tgz 0ms (cache hit)
859 http cache cssnano-preset-default@https://registry.npmjs.org/cssnano-preset-default/-/cssnano-preset-default-6.1.2.tgz 0ms (cache hit)
860 http cache css-what@https://registry.npmjs.org/css-what/-/css-what-6.2.2.tgz 0ms (cache hit)
861 http cache cssdb@https://registry.npmjs.org/cssdb/-/cssdb-8.9.0.tgz 0ms (cache hit)
862 http cache d3-brush@https://registry.npmjs.org/d3-brush/-/d3-brush-3.0.0.tgz 0ms (cache hit)
863 http cache css-prefers-color-scheme@https://registry.npmjs.org/css-prefers-color-scheme/-/css-prefers-color-scheme-10.0.0.tgz 0ms (cache hit)
864 http cache css-select@https://registry.npmjs.org/css-select/-/css-select-5.2.2.tgz 0ms (cache hit)
865 http cache css-tree@https://registry.npmjs.org/css-tree/-/css-tree-2.3.1.tgz 0ms (cache hit)
866 http cache css-loader@https://registry.npmjs.org/css-loader/-/css-loader-6.11.0.tgz 0ms (cache hit)
867 http cache css-minimizer-webpack-plugin@https://registry.npmjs.org/css-minimizer-webpack-plugin/-/css-minimizer-webpack-plugin-5.0.1.tgz 0ms (cache hit)
868 http cache css-blank-pseudo@https://registry.npmjs.org/css-blank-pseudo/-/css-blank-pseudo-7.0.1.tgz 0ms (cache hit)
869 http cache css-has-pseudo@https://registry.npmjs.org/css-has-pseudo/-/css-has-pseudo-7.0.3.tgz 0ms (cache hit)
870 http cache cose-base@https://registry.npmjs.org/cose-base/-/cose-base-1.0.3.tgz 0ms (cache hit)
871 http cache crypto-random-string@https://registry.npmjs.org/crypto-random-string/-/crypto-random-string-4.0.0.tgz 0ms (cache hit)
872 http cache cross-spawn@https://registry.npmjs.org/cross-spawn/-/cross-spawn-7.0.6.tgz 0ms (cache hit)
873 http cache copy-webpack-plugin@https://registry.npmjs.org/copy-webpack-plugin/-/copy-webpack-plugin-11.0.0.tgz 0ms (cache hit)
874 http cache core-js-compat@https://registry.npmjs.org/core-js-compat/-/core-js-compat-3.49.0.tgz 0ms (cache hit)
875 http cache cookie-signature@https://registry.npmjs.org/cookie-signature/-/cookie-signature-1.0.7.tgz 0ms (cache hit)
876 http cache core-util-is@https://registry.npmjs.org/core-util-is/-/core-util-is-1.0.3.tgz 0ms (cache hit)
877 http cache css-declaration-sorter@https://registry.npmjs.org/css-declaration-sorter/-/css-declaration-sorter-7.4.0.tgz 0ms (cache hit)
878 http cache cosmiconfig@https://registry.npmjs.org/cosmiconfig/-/cosmiconfig-8.3.6.tgz 0ms (cache hit)
879 http cache copy-text-to-clipboard@https://registry.npmjs.org/copy-text-to-clipboard/-/copy-text-to-clipboard-3.2.2.tgz 0ms (cache hit)
880 http cache convert-source-map@https://registry.npmjs.org/convert-source-map/-/convert-source-map-2.0.0.tgz 0ms (cache hit)
881 http cache content-type@https://registry.npmjs.org/content-type/-/content-type-1.0.5.tgz 0ms (cache hit)
882 http cache content-disposition@https://registry.npmjs.org/content-disposition/-/content-disposition-0.5.2.tgz 0ms (cache hit)
883 http cache core-js@https://registry.npmjs.org/core-js/-/core-js-3.49.0.tgz 0ms (cache hit)
884 http cache consola@https://registry.npmjs.org/consola/-/consola-3.4.2.tgz 0ms (cache hit)
885 http cache cookie@https://registry.npmjs.org/cookie/-/cookie-0.7.2.tgz 0ms (cache hit)
886 http cache config-chain@https://registry.npmjs.org/config-chain/-/config-chain-1.1.13.tgz 0ms (cache hit)
887 http cache connect-history-api-fallback@https://registry.npmjs.org/connect-history-api-fallback/-/connect-history-api-fallback-2.0.0.tgz 0ms (cache hit)
888 http cache compression@https://registry.npmjs.org/compression/-/compression-1.8.1.tgz 0ms (cache hit)
889 http cache compressible@https://registry.npmjs.org/compressible/-/compressible-2.0.18.tgz 0ms (cache hit)
890 http cache commander@https://registry.npmjs.org/commander/-/commander-5.1.0.tgz 0ms (cache hit)
891 http cache configstore@https://registry.npmjs.org/configstore/-/configstore-6.0.0.tgz 0ms (cache hit)
892 http cache concat-map@https://registry.npmjs.org/concat-map/-/concat-map-0.0.1.tgz 0ms (cache hit)
893 http cache comlink@https://registry.npmjs.org/comlink/-/comlink-4.4.2.tgz 0ms (cache hit)
894 http cache comma-separated-tokens@https://registry.npmjs.org/comma-separated-tokens/-/comma-separated-tokens-2.0.3.tgz 0ms (cache hit)
895 http cache common-path-prefix@https://registry.npmjs.org/common-path-prefix/-/common-path-prefix-3.0.0.tgz 0ms (cache hit)
896 http cache colorette@https://registry.npmjs.org/colorette/-/colorette-2.0.20.tgz 0ms (cache hit)
897 http cache colord@https://registry.npmjs.org/colord/-/colord-2.9.3.tgz 0ms (cache hit)
898 http cache color-name@https://registry.npmjs.org/color-name/-/color-name-1.1.4.tgz 0ms (cache hit)
899 http cache combine-promises@https://registry.npmjs.org/combine-promises/-/combine-promises-1.2.0.tgz 0ms (cache hit)
900 http cache collapse-white-space@https://registry.npmjs.org/collapse-white-space/-/collapse-white-space-2.1.0.tgz 0ms (cache hit)
901 http cache clean-stack@https://registry.npmjs.org/clean-stack/-/clean-stack-2.2.0.tgz 0ms (cache hit)
902 http cache clsx@https://registry.npmjs.org/clsx/-/clsx-2.1.1.tgz 0ms (cache hit)
903 http cache clone-deep@https://registry.npmjs.org/clone-deep/-/clone-deep-4.0.1.tgz 0ms (cache hit)
904 http cache color-convert@https://registry.npmjs.org/color-convert/-/color-convert-2.0.1.tgz 0ms (cache hit)
905 http cache cli-table3@https://registry.npmjs.org/cli-table3/-/cli-table3-0.6.5.tgz 0ms (cache hit)
906 http cache ci-info@https://registry.npmjs.org/ci-info/-/ci-info-3.9.0.tgz 0ms (cache hit)
907 http cache clean-css@https://registry.npmjs.org/clean-css/-/clean-css-5.3.3.tgz 0ms (cache hit)
908 http cache chrome-trace-event@https://registry.npmjs.org/chrome-trace-event/-/chrome-trace-event-1.0.4.tgz 0ms (cache hit)
909 http cache cli-boxes@https://registry.npmjs.org/cli-boxes/-/cli-boxes-3.0.0.tgz 0ms (cache hit)
910 http cache character-reference-invalid@https://registry.npmjs.org/character-reference-invalid/-/character-reference-invalid-2.0.1.tgz 0ms (cache hit)
911 http cache character-entities-legacy@https://registry.npmjs.org/character-entities-legacy/-/character-entities-legacy-3.0.0.tgz 0ms (cache hit)
912 http cache cheerio@https://registry.npmjs.org/cheerio/-/cheerio-1.0.0-rc.12.tgz 0ms (cache hit)
913 http cache character-entities-html4@https://registry.npmjs.org/character-entities-html4/-/character-entities-html4-2.1.0.tgz 0ms (cache hit)
914 http cache chokidar@https://registry.npmjs.org/chokidar/-/chokidar-3.6.0.tgz 0ms (cache hit)
915 http cache character-entities@https://registry.npmjs.org/character-entities/-/character-entities-2.0.2.tgz 0ms (cache hit)
916 http cache chalk@https://registry.npmjs.org/chalk/-/chalk-4.1.2.tgz 0ms (cache hit)
917 http cache char-regex@https://registry.npmjs.org/char-regex/-/char-regex-1.0.2.tgz 0ms (cache hit)
918 http cache cheerio-select@https://registry.npmjs.org/cheerio-select/-/cheerio-select-2.1.0.tgz 0ms (cache hit)
919 http cache caniuse-lite@https://registry.npmjs.org/caniuse-lite/-/caniuse-lite-1.0.30001793.tgz 0ms (cache hit)
920 http cache ccount@https://registry.npmjs.org/ccount/-/ccount-2.0.1.tgz 0ms (cache hit)
921 http cache camel-case@https://registry.npmjs.org/camel-case/-/camel-case-4.1.2.tgz 0ms (cache hit)
922 http cache callsites@https://registry.npmjs.org/callsites/-/callsites-3.1.0.tgz 0ms (cache hit)
923 http cache camelcase@https://registry.npmjs.org/camelcase/-/camelcase-6.3.0.tgz 0ms (cache hit)
924 http cache caniuse-api@https://registry.npmjs.org/caniuse-api/-/caniuse-api-3.0.0.tgz 0ms (cache hit)
925 http cache call-bound@https://registry.npmjs.org/call-bound/-/call-bound-1.0.4.tgz 0ms (cache hit)
926 http cache call-bind@https://registry.npmjs.org/call-bind/-/call-bind-1.0.9.tgz 0ms (cache hit)
927 http cache call-bind-apply-helpers@https://registry.npmjs.org/call-bind-apply-helpers/-/call-bind-apply-helpers-1.0.2.tgz 0ms (cache hit)
928 http cache cacheable-request@https://registry.npmjs.org/cacheable-request/-/cacheable-request-10.2.14.tgz 0ms (cache hit)
929 http cache bytestreamjs@https://registry.npmjs.org/bytestreamjs/-/bytestreamjs-2.0.1.tgz 0ms (cache hit)
930 http cache cacheable-lookup@https://registry.npmjs.org/cacheable-lookup/-/cacheable-lookup-7.0.0.tgz 0ms (cache hit)
931 http cache bundle-name@https://registry.npmjs.org/bundle-name/-/bundle-name-4.1.0.tgz 0ms (cache hit)
932 http cache buffer-from@https://registry.npmjs.org/buffer-from/-/buffer-from-1.1.2.tgz 0ms (cache hit)
933 http cache browserslist@https://registry.npmjs.org/browserslist/-/browserslist-4.28.2.tgz 0ms (cache hit)
934 http cache bytes@https://registry.npmjs.org/bytes/-/bytes-3.0.0.tgz 0ms (cache hit)
935 http cache brace-expansion@https://registry.npmjs.org/brace-expansion/-/brace-expansion-1.1.15.tgz 0ms (cache hit)
936 http cache boxen@https://registry.npmjs.org/boxen/-/boxen-6.2.1.tgz 0ms (cache hit)
937 http cache bonjour-service@https://registry.npmjs.org/bonjour-service/-/bonjour-service-1.4.0.tgz 0ms (cache hit)
938 http cache body-parser@https://registry.npmjs.org/body-parser/-/body-parser-1.20.5.tgz 0ms (cache hit)
939 http cache binary-extensions@https://registry.npmjs.org/binary-extensions/-/binary-extensions-2.3.0.tgz 0ms (cache hit)
940 http cache big.js@https://registry.npmjs.org/big.js/-/big.js-5.2.2.tgz 0ms (cache hit)
941 http cache batch@https://registry.npmjs.org/batch/-/batch-0.6.1.tgz 0ms (cache hit)
942 http cache braces@https://registry.npmjs.org/braces/-/braces-3.0.3.tgz 0ms (cache hit)
943 http cache baseline-browser-mapping@https://registry.npmjs.org/baseline-browser-mapping/-/baseline-browser-mapping-2.10.33.tgz 0ms (cache hit)
944 http cache bail@https://registry.npmjs.org/bail/-/bail-2.0.2.tgz 0ms (cache hit)
945 http cache boolbase@https://registry.npmjs.org/boolbase/-/boolbase-1.0.0.tgz 0ms (cache hit)
946 http cache babel-plugin-polyfill-regenerator@https://registry.npmjs.org/babel-plugin-polyfill-regenerator/-/babel-plugin-polyfill-regenerator-0.6.8.tgz 0ms (cache hit)
947 http cache balanced-match@https://registry.npmjs.org/balanced-match/-/balanced-match-1.0.2.tgz 0ms (cache hit)
948 http cache babel-plugin-polyfill-corejs2@https://registry.npmjs.org/babel-plugin-polyfill-corejs2/-/babel-plugin-polyfill-corejs2-0.4.17.tgz 0ms (cache hit)
949 http cache babel-loader@https://registry.npmjs.org/babel-loader/-/babel-loader-9.2.1.tgz 0ms (cache hit)
950 http cache babel-plugin-polyfill-corejs3@https://registry.npmjs.org/babel-plugin-polyfill-corejs3/-/babel-plugin-polyfill-corejs3-0.13.0.tgz 0ms (cache hit)
951 http cache babel-plugin-dynamic-import-node@https://registry.npmjs.org/babel-plugin-dynamic-import-node/-/babel-plugin-dynamic-import-node-2.3.3.tgz 0ms (cache hit)
952 http cache asn1js@https://registry.npmjs.org/asn1js/-/asn1js-3.0.10.tgz 0ms (cache hit)
953 http cache astring@https://registry.npmjs.org/astring/-/astring-1.9.0.tgz 0ms (cache hit)
954 http cache autoprefixer@https://registry.npmjs.org/autoprefixer/-/autoprefixer-10.5.0.tgz 0ms (cache hit)
955 http cache array-union@https://registry.npmjs.org/array-union/-/array-union-2.1.0.tgz 0ms (cache hit)
956 http cache array-flatten@https://registry.npmjs.org/array-flatten/-/array-flatten-1.1.1.tgz 0ms (cache hit)
957 http cache argparse@https://registry.npmjs.org/argparse/-/argparse-2.0.1.tgz 0ms (cache hit)
958 http cache any-promise@https://registry.npmjs.org/any-promise/-/any-promise-1.3.0.tgz 0ms (cache hit)
959 http cache anymatch@https://registry.npmjs.org/anymatch/-/anymatch-3.1.3.tgz 0ms (cache hit)
960 http cache ansis@https://registry.npmjs.org/ansis/-/ansis-3.17.0.tgz 0ms (cache hit)
961 http cache arg@https://registry.npmjs.org/arg/-/arg-5.0.2.tgz 0ms (cache hit)
962 http cache ansi-html-community@https://registry.npmjs.org/ansi-html-community/-/ansi-html-community-0.0.8.tgz 0ms (cache hit)
963 http cache ansi-regex@https://registry.npmjs.org/ansi-regex/-/ansi-regex-5.0.1.tgz 0ms (cache hit)
964 http cache ansi-align@https://registry.npmjs.org/ansi-align/-/ansi-align-3.0.1.tgz 0ms (cache hit)
965 http cache algoliasearch-helper@https://registry.npmjs.org/algoliasearch-helper/-/algoliasearch-helper-3.29.1.tgz 0ms (cache hit)
966 http cache ajv-keywords@https://registry.npmjs.org/ajv-keywords/-/ajv-keywords-5.1.0.tgz 0ms (cache hit)
967 http cache ajv-formats@https://registry.npmjs.org/ajv-formats/-/ajv-formats-2.1.1.tgz 0ms (cache hit)
968 http cache algoliasearch@https://registry.npmjs.org/algoliasearch/-/algoliasearch-5.53.0.tgz 0ms (cache hit)
969 http cache ansi-styles@https://registry.npmjs.org/ansi-styles/-/ansi-styles-4.3.0.tgz 0ms (cache hit)
970 http cache address@https://registry.npmjs.org/address/-/address-1.2.2.tgz 0ms (cache hit)
971 http cache aggregate-error@https://registry.npmjs.org/aggregate-error/-/aggregate-error-3.1.0.tgz 0ms (cache hit)
972 http cache ajv@https://registry.npmjs.org/ajv/-/ajv-8.20.0.tgz 0ms (cache hit)
973 http cache acorn-walk@https://registry.npmjs.org/acorn-walk/-/acorn-walk-8.3.5.tgz 0ms (cache hit)
974 http cache acorn@https://registry.npmjs.org/acorn/-/acorn-8.16.0.tgz 0ms (cache hit)
975 http cache acorn-import-phases@https://registry.npmjs.org/acorn-import-phases/-/acorn-import-phases-1.0.4.tgz 0ms (cache hit)
976 http cache acorn-jsx@https://registry.npmjs.org/acorn-jsx/-/acorn-jsx-5.3.2.tgz 0ms (cache hit)
977 http cache accepts@https://registry.npmjs.org/accepts/-/accepts-1.3.8.tgz 0ms (cache hit)
978 http cache @xtuc/ieee754@https://registry.npmjs.org/@xtuc/ieee754/-/ieee754-1.2.0.tgz 0ms (cache hit)
979 http cache @xtuc/long@https://registry.npmjs.org/@xtuc/long/-/long-4.2.2.tgz 0ms (cache hit)
980 http cache @webassemblyjs/wasm-opt@https://registry.npmjs.org/@webassemblyjs/wasm-opt/-/wasm-opt-1.14.1.tgz 0ms (cache hit)
981 http cache @webassemblyjs/wast-printer@https://registry.npmjs.org/@webassemblyjs/wast-printer/-/wast-printer-1.14.1.tgz 0ms (cache hit)
982 http cache @webassemblyjs/wasm-parser@https://registry.npmjs.org/@webassemblyjs/wasm-parser/-/wasm-parser-1.14.1.tgz 0ms (cache hit)
983 http cache @webassemblyjs/leb128@https://registry.npmjs.org/@webassemblyjs/leb128/-/leb128-1.13.2.tgz 0ms (cache hit)
984 http cache @webassemblyjs/wasm-gen@https://registry.npmjs.org/@webassemblyjs/wasm-gen/-/wasm-gen-1.14.1.tgz 0ms (cache hit)
985 http cache @webassemblyjs/utf8@https://registry.npmjs.org/@webassemblyjs/utf8/-/utf8-1.13.2.tgz 0ms (cache hit)
986 http cache @webassemblyjs/ieee754@https://registry.npmjs.org/@webassemblyjs/ieee754/-/ieee754-1.13.2.tgz 0ms (cache hit)
987 http cache @webassemblyjs/wasm-edit@https://registry.npmjs.org/@webassemblyjs/wasm-edit/-/wasm-edit-1.14.1.tgz 0ms (cache hit)
988 http cache @webassemblyjs/helper-wasm-bytecode@https://registry.npmjs.org/@webassemblyjs/helper-wasm-bytecode/-/helper-wasm-bytecode-1.13.2.tgz 0ms (cache hit)
989 http cache @webassemblyjs/helper-numbers@https://registry.npmjs.org/@webassemblyjs/helper-numbers/-/helper-numbers-1.13.2.tgz 0ms (cache hit)
990 http cache @webassemblyjs/floating-point-hex-parser@https://registry.npmjs.org/@webassemblyjs/floating-point-hex-parser/-/floating-point-hex-parser-1.13.2.tgz 0ms (cache hit)
991 http cache @webassemblyjs/ast@https://registry.npmjs.org/@webassemblyjs/ast/-/ast-1.14.1.tgz 0ms (cache hit)
992 http cache @webassemblyjs/helper-api-error@https://registry.npmjs.org/@webassemblyjs/helper-api-error/-/helper-api-error-1.13.2.tgz 0ms (cache hit)
993 http cache @ungap/structured-clone@https://registry.npmjs.org/@ungap/structured-clone/-/structured-clone-1.3.1.tgz 0ms (cache hit)
994 http cache @webassemblyjs/helper-buffer@https://registry.npmjs.org/@webassemblyjs/helper-buffer/-/helper-buffer-1.14.1.tgz 0ms (cache hit)
995 http cache @upsetjs/venn.js@https://registry.npmjs.org/@upsetjs/venn.js/-/venn.js-2.0.0.tgz 0ms (cache hit)
996 http cache @webassemblyjs/helper-wasm-section@https://registry.npmjs.org/@webassemblyjs/helper-wasm-section/-/helper-wasm-section-1.14.1.tgz 0ms (cache hit)
997 http cache @types/unist@https://registry.npmjs.org/@types/unist/-/unist-3.0.3.tgz 0ms (cache hit)
998 http cache @types/yargs-parser@https://registry.npmjs.org/@types/yargs-parser/-/yargs-parser-21.0.3.tgz 0ms (cache hit)
999 http cache @types/trusted-types@https://registry.npmjs.org/@types/trusted-types/-/trusted-types-2.0.7.tgz 0ms (cache hit)
1000 http cache @types/ws@https://registry.npmjs.org/@types/ws/-/ws-8.18.1.tgz 0ms (cache hit)
1001 http cache @types/sockjs@https://registry.npmjs.org/@types/sockjs/-/sockjs-0.3.36.tgz 0ms (cache hit)
1002 http cache @types/serve-static@https://registry.npmjs.org/@types/serve-static/-/serve-static-1.15.10.tgz 0ms (cache hit)
1003 http cache @types/send@https://registry.npmjs.org/@types/send/-/send-1.2.1.tgz 0ms (cache hit)
1004 http cache @types/serve-index@https://registry.npmjs.org/@types/serve-index/-/serve-index-1.9.4.tgz 0ms (cache hit)
1005 http cache @types/retry@https://registry.npmjs.org/@types/retry/-/retry-0.12.2.tgz 0ms (cache hit)
1006 http cache @types/react-router-dom@https://registry.npmjs.org/@types/react-router-dom/-/react-router-dom-5.3.3.tgz 0ms (cache hit)
1007 http cache @types/react-router-config@https://registry.npmjs.org/@types/react-router-config/-/react-router-config-5.0.11.tgz 0ms (cache hit)
1008 http cache @types/react-router@https://registry.npmjs.org/@types/react-router/-/react-router-5.1.20.tgz 0ms (cache hit)
1009 http cache @types/yargs@https://registry.npmjs.org/@types/yargs/-/yargs-17.0.35.tgz 0ms (cache hit)
1010 http cache @types/sax@https://registry.npmjs.org/@types/sax/-/sax-1.2.7.tgz 0ms (cache hit)
1011 http cache @types/range-parser@https://registry.npmjs.org/@types/range-parser/-/range-parser-1.2.7.tgz 0ms (cache hit)
1012 http cache @types/node@https://registry.npmjs.org/@types/node/-/node-25.9.1.tgz 0ms (cache hit)
1013 http cache @types/react@https://registry.npmjs.org/@types/react/-/react-19.2.15.tgz 0ms (cache hit)
1014 http cache @types/ms@https://registry.npmjs.org/@types/ms/-/ms-2.1.0.tgz 0ms (cache hit)
1015 http cache @types/prismjs@https://registry.npmjs.org/@types/prismjs/-/prismjs-1.26.6.tgz 0ms (cache hit)
1016 http cache @types/qs@https://registry.npmjs.org/@types/qs/-/qs-6.15.1.tgz 0ms (cache hit)
1017 http cache @types/mdx@https://registry.npmjs.org/@types/mdx/-/mdx-2.0.13.tgz 0ms (cache hit)
1018 http cache @types/mdast@https://registry.npmjs.org/@types/mdast/-/mdast-4.0.4.tgz 0ms (cache hit)
1019 http cache @types/istanbul-lib-report@https://registry.npmjs.org/@types/istanbul-lib-report/-/istanbul-lib-report-3.0.3.tgz 0ms (cache hit)
1020 http cache @types/mime@https://registry.npmjs.org/@types/mime/-/mime-1.3.5.tgz 0ms (cache hit)
1021 http cache @types/istanbul-reports@https://registry.npmjs.org/@types/istanbul-reports/-/istanbul-reports-3.0.4.tgz 0ms (cache hit)
1022 http cache @types/json-schema@https://registry.npmjs.org/@types/json-schema/-/json-schema-7.0.15.tgz 0ms (cache hit)
1023 http cache @types/istanbul-lib-coverage@https://registry.npmjs.org/@types/istanbul-lib-coverage/-/istanbul-lib-coverage-2.0.6.tgz 0ms (cache hit)
1024 http cache @types/http-proxy@https://registry.npmjs.org/@types/http-proxy/-/http-proxy-1.17.17.tgz 0ms (cache hit)
1025 http cache @types/html-minifier-terser@https://registry.npmjs.org/@types/html-minifier-terser/-/html-minifier-terser-6.1.0.tgz 0ms (cache hit)
1026 http cache @types/http-errors@https://registry.npmjs.org/@types/http-errors/-/http-errors-2.0.5.tgz 0ms (cache hit)
1027 http cache @types/hast@https://registry.npmjs.org/@types/hast/-/hast-3.0.4.tgz 0ms (cache hit)
1028 http cache @types/history@https://registry.npmjs.org/@types/history/-/history-4.7.11.tgz 0ms (cache hit)
1029 http cache @types/gtag.js@https://registry.npmjs.org/@types/gtag.js/-/gtag.js-0.0.20.tgz 0ms (cache hit)
1030 http cache @types/express-serve-static-core@https://registry.npmjs.org/@types/express-serve-static-core/-/express-serve-static-core-4.19.8.tgz 0ms (cache hit)
1031 http cache @types/geojson@https://registry.npmjs.org/@types/geojson/-/geojson-7946.0.16.tgz 0ms (cache hit)
1032 http cache @types/express@https://registry.npmjs.org/@types/express/-/express-4.17.25.tgz 0ms (cache hit)
1033 http cache @types/http-cache-semantics@https://registry.npmjs.org/@types/http-cache-semantics/-/http-cache-semantics-4.2.0.tgz 0ms (cache hit)
1034 http cache @types/estree-jsx@https://registry.npmjs.org/@types/estree-jsx/-/estree-jsx-1.0.5.tgz 0ms (cache hit)
1035 http cache @types/estree@https://registry.npmjs.org/@types/estree/-/estree-1.0.9.tgz 0ms (cache hit)
1036 http cache @types/debug@https://registry.npmjs.org/@types/debug/-/debug-4.1.13.tgz 0ms (cache hit)
1037 http cache @types/d3-transition@https://registry.npmjs.org/@types/d3-transition/-/d3-transition-3.0.9.tgz 0ms (cache hit)
1038 http cache @types/d3-zoom@https://registry.npmjs.org/@types/d3-zoom/-/d3-zoom-3.0.8.tgz 0ms (cache hit)
1039 http cache @types/d3-timer@https://registry.npmjs.org/@types/d3-timer/-/d3-timer-3.0.2.tgz 0ms (cache hit)
1040 http cache @types/d3-time-format@https://registry.npmjs.org/@types/d3-time-format/-/d3-time-format-4.0.3.tgz 0ms (cache hit)
1041 http cache @types/d3-time@https://registry.npmjs.org/@types/d3-time/-/d3-time-3.0.4.tgz 0ms (cache hit)
1042 http cache @types/d3-selection@https://registry.npmjs.org/@types/d3-selection/-/d3-selection-3.0.11.tgz 0ms (cache hit)
1043 http cache @types/d3-scale-chromatic@https://registry.npmjs.org/@types/d3-scale-chromatic/-/d3-scale-chromatic-3.1.0.tgz 0ms (cache hit)
1044 http cache @types/d3-quadtree@https://registry.npmjs.org/@types/d3-quadtree/-/d3-quadtree-3.0.6.tgz 0ms (cache hit)
1045 http cache @types/d3-shape@https://registry.npmjs.org/@types/d3-shape/-/d3-shape-3.1.8.tgz 0ms (cache hit)
1046 http cache @types/d3-path@https://registry.npmjs.org/@types/d3-path/-/d3-path-3.1.1.tgz 0ms (cache hit)
1047 http cache @types/d3-random@https://registry.npmjs.org/@types/d3-random/-/d3-random-3.0.3.tgz 0ms (cache hit)
1048 http cache @types/d3-polygon@https://registry.npmjs.org/@types/d3-polygon/-/d3-polygon-3.0.2.tgz 0ms (cache hit)
1049 http cache @types/d3-scale@https://registry.npmjs.org/@types/d3-scale/-/d3-scale-4.0.9.tgz 0ms (cache hit)
1050 http cache @types/d3-interpolate@https://registry.npmjs.org/@types/d3-interpolate/-/d3-interpolate-3.0.4.tgz 0ms (cache hit)
1051 http cache @types/d3-hierarchy@https://registry.npmjs.org/@types/d3-hierarchy/-/d3-hierarchy-3.1.7.tgz 0ms (cache hit)
1052 http cache @types/d3-format@https://registry.npmjs.org/@types/d3-format/-/d3-format-3.0.4.tgz 0ms (cache hit)
1053 http cache @types/d3-force@https://registry.npmjs.org/@types/d3-force/-/d3-force-3.0.10.tgz 0ms (cache hit)
1054 http cache @types/d3-ease@https://registry.npmjs.org/@types/d3-ease/-/d3-ease-3.0.2.tgz 0ms (cache hit)
1055 http cache @types/d3-dispatch@https://registry.npmjs.org/@types/d3-dispatch/-/d3-dispatch-3.0.7.tgz 0ms (cache hit)
1056 http cache @types/d3-delaunay@https://registry.npmjs.org/@types/d3-delaunay/-/d3-delaunay-6.0.4.tgz 0ms (cache hit)
1057 http cache @types/d3-fetch@https://registry.npmjs.org/@types/d3-fetch/-/d3-fetch-3.0.7.tgz 0ms (cache hit)
1058 http cache @types/d3-dsv@https://registry.npmjs.org/@types/d3-dsv/-/d3-dsv-3.0.7.tgz 0ms (cache hit)
1059 http cache @types/d3-contour@https://registry.npmjs.org/@types/d3-contour/-/d3-contour-3.0.6.tgz 0ms (cache hit)
1060 http cache @types/d3-chord@https://registry.npmjs.org/@types/d3-chord/-/d3-chord-3.0.6.tgz 0ms (cache hit)
1061 http cache @types/d3-color@https://registry.npmjs.org/@types/d3-color/-/d3-color-3.1.3.tgz 0ms (cache hit)
1062 http cache @types/d3-geo@https://registry.npmjs.org/@types/d3-geo/-/d3-geo-3.1.0.tgz 0ms (cache hit)
1063 http cache @types/d3-brush@https://registry.npmjs.org/@types/d3-brush/-/d3-brush-3.0.6.tgz 0ms (cache hit)
1064 http cache @types/d3-axis@https://registry.npmjs.org/@types/d3-axis/-/d3-axis-3.0.6.tgz 0ms (cache hit)
1065 http cache @types/d3-drag@https://registry.npmjs.org/@types/d3-drag/-/d3-drag-3.0.7.tgz 0ms (cache hit)
1066 http cache @types/d3@https://registry.npmjs.org/@types/d3/-/d3-7.4.3.tgz 0ms (cache hit)
1067 http cache @types/connect-history-api-fallback@https://registry.npmjs.org/@types/connect-history-api-fallback/-/connect-history-api-fallback-1.5.4.tgz 0ms (cache hit)
1068 http cache @types/bonjour@https://registry.npmjs.org/@types/bonjour/-/bonjour-3.5.13.tgz 0ms (cache hit)
1069 http cache @tybys/wasm-util@https://registry.npmjs.org/@tybys/wasm-util/-/wasm-util-0.10.2.tgz 0ms (cache hit)
1070 http cache @types/body-parser@https://registry.npmjs.org/@types/body-parser/-/body-parser-1.19.6.tgz 0ms (cache hit)
1071 http cache @types/d3-array@https://registry.npmjs.org/@types/d3-array/-/d3-array-3.2.2.tgz 0ms (cache hit)
1072 http cache @types/connect@https://registry.npmjs.org/@types/connect/-/connect-3.4.38.tgz 0ms (cache hit)
1073 http cache @szmarczak/http-timer@https://registry.npmjs.org/@szmarczak/http-timer/-/http-timer-5.0.1.tgz 0ms (cache hit)
1074 http cache @swc/types@https://registry.npmjs.org/@swc/types/-/types-0.1.26.tgz 0ms (cache hit)
1075 http cache @swc/html-darwin-arm64@https://registry.npmjs.org/@swc/html-darwin-arm64/-/html-darwin-arm64-1.15.40.tgz 0ms (cache hit)
1076 http cache @swc/counter@https://registry.npmjs.org/@swc/counter/-/counter-0.1.3.tgz 0ms (cache hit)
1077 http cache @swc/html@https://registry.npmjs.org/@swc/html/-/html-1.15.40.tgz 0ms (cache hit)
1078 http cache @swc/core@https://registry.npmjs.org/@swc/core/-/core-1.15.40.tgz 0ms (cache hit)
1079 http cache @svgr/webpack@https://registry.npmjs.org/@svgr/webpack/-/webpack-8.1.0.tgz 0ms (cache hit)
1080 http cache @swc/core-darwin-arm64@https://registry.npmjs.org/@swc/core-darwin-arm64/-/core-darwin-arm64-1.15.40.tgz 0ms (cache hit)
1081 http cache @svgr/plugin-svgo@https://registry.npmjs.org/@svgr/plugin-svgo/-/plugin-svgo-8.1.0.tgz 0ms (cache hit)
1082 http cache @svgr/plugin-jsx@https://registry.npmjs.org/@svgr/plugin-jsx/-/plugin-jsx-8.1.0.tgz 0ms (cache hit)
1083 http cache @svgr/babel-preset@https://registry.npmjs.org/@svgr/babel-preset/-/babel-preset-8.1.0.tgz 0ms (cache hit)
1084 http cache @svgr/babel-plugin-svg-dynamic-title@https://registry.npmjs.org/@svgr/babel-plugin-svg-dynamic-title/-/babel-plugin-svg-dynamic-title-8.0.0.tgz 0ms (cache hit)
1085 http cache @svgr/core@https://registry.npmjs.org/@svgr/core/-/core-8.1.0.tgz 0ms (cache hit)
1086 http cache @svgr/babel-plugin-transform-svg-component@https://registry.npmjs.org/@svgr/babel-plugin-transform-svg-component/-/babel-plugin-transform-svg-component-8.0.0.tgz 0ms (cache hit)
1087 http cache @svgr/babel-plugin-transform-react-native-svg@https://registry.npmjs.org/@svgr/babel-plugin-transform-react-native-svg/-/babel-plugin-transform-react-native-svg-8.1.0.tgz 0ms (cache hit)
1088 http cache @svgr/babel-plugin-replace-jsx-attribute-value@https://registry.npmjs.org/@svgr/babel-plugin-replace-jsx-attribute-value/-/babel-plugin-replace-jsx-attribute-value-8.0.0.tgz 0ms (cache hit)
1089 http cache @svgr/hast-util-to-babel-ast@https://registry.npmjs.org/@svgr/hast-util-to-babel-ast/-/hast-util-to-babel-ast-8.0.0.tgz 0ms (cache hit)
1090 http cache @svgr/babel-plugin-remove-jsx-attribute@https://registry.npmjs.org/@svgr/babel-plugin-remove-jsx-attribute/-/babel-plugin-remove-jsx-attribute-8.0.0.tgz 0ms (cache hit)
1091 http cache @svgr/babel-plugin-remove-jsx-empty-expression@https://registry.npmjs.org/@svgr/babel-plugin-remove-jsx-empty-expression/-/babel-plugin-remove-jsx-empty-expression-8.0.0.tgz 0ms (cache hit)
1092 http cache @svgr/babel-plugin-svg-em-dimensions@https://registry.npmjs.org/@svgr/babel-plugin-svg-em-dimensions/-/babel-plugin-svg-em-dimensions-8.0.0.tgz 0ms (cache hit)
1093 http cache @svgr/babel-plugin-add-jsx-attribute@https://registry.npmjs.org/@svgr/babel-plugin-add-jsx-attribute/-/babel-plugin-add-jsx-attribute-8.0.0.tgz 0ms (cache hit)
1094 http cache @slorber/remark-comment@https://registry.npmjs.org/@slorber/remark-comment/-/remark-comment-1.0.0.tgz 0ms (cache hit)
1095 http cache @sideway/pinpoint@https://registry.npmjs.org/@sideway/pinpoint/-/pinpoint-2.0.0.tgz 0ms (cache hit)
1096 http cache @sinclair/typebox@https://registry.npmjs.org/@sinclair/typebox/-/typebox-0.27.10.tgz 0ms (cache hit)
1097 http cache @sindresorhus/is@https://registry.npmjs.org/@sindresorhus/is/-/is-4.6.0.tgz 0ms (cache hit)
1098 http cache @sideway/formula@https://registry.npmjs.org/@sideway/formula/-/formula-3.0.1.tgz 0ms (cache hit)
1099 http cache @sideway/address@https://registry.npmjs.org/@sideway/address/-/address-4.1.5.tgz 0ms (cache hit)
1100 http cache @rspack/lite-tapable@https://registry.npmjs.org/@rspack/lite-tapable/-/lite-tapable-1.1.0.tgz 0ms (cache hit)
1101 http cache @rspack/binding-darwin-arm64@https://registry.npmjs.org/@rspack/binding-darwin-arm64/-/binding-darwin-arm64-1.7.11.tgz 0ms (cache hit)
1102 http cache @polka/url@https://registry.npmjs.org/@polka/url/-/url-1.0.0-next.29.tgz 0ms (cache hit)
1103 http cache @rspack/binding@https://registry.npmjs.org/@rspack/binding/-/binding-1.7.11.tgz 0ms (cache hit)
1104 http cache @pnpm/config.env-replace@https://registry.npmjs.org/@pnpm/config.env-replace/-/config.env-replace-1.1.0.tgz 0ms (cache hit)
1105 http cache @pnpm/npm-conf@https://registry.npmjs.org/@pnpm/npm-conf/-/npm-conf-3.0.2.tgz 0ms (cache hit)
1106 http cache @pnpm/network.ca-file@https://registry.npmjs.org/@pnpm/network.ca-file/-/network.ca-file-1.0.2.tgz 0ms (cache hit)
1107 http cache @philpl/buble@https://registry.npmjs.org/@philpl/buble/-/buble-0.19.7.tgz 0ms (cache hit)
1108 http cache @rspack/core@https://registry.npmjs.org/@rspack/core/-/core-1.7.11.tgz 0ms (cache hit)
1109 http cache @peculiar/asn1-x509-attr@https://registry.npmjs.org/@peculiar/asn1-x509-attr/-/asn1-x509-attr-2.7.0.tgz 0ms (cache hit)
1110 http cache @peculiar/x509@https://registry.npmjs.org/@peculiar/x509/-/x509-1.14.3.tgz 0ms (cache hit)
1111 http cache @peculiar/utils@https://registry.npmjs.org/@peculiar/utils/-/utils-2.0.3.tgz 0ms (cache hit)
1112 http cache @peculiar/asn1-x509@https://registry.npmjs.org/@peculiar/asn1-x509/-/asn1-x509-2.7.0.tgz 0ms (cache hit)
1113 http cache @peculiar/asn1-rsa@https://registry.npmjs.org/@peculiar/asn1-rsa/-/asn1-rsa-2.7.0.tgz 0ms (cache hit)
1114 http cache @peculiar/asn1-schema@https://registry.npmjs.org/@peculiar/asn1-schema/-/asn1-schema-2.7.0.tgz 0ms (cache hit)
1115 http cache @peculiar/asn1-ecc@https://registry.npmjs.org/@peculiar/asn1-ecc/-/asn1-ecc-2.7.0.tgz 0ms (cache hit)
1116 http cache @peculiar/asn1-pkcs9@https://registry.npmjs.org/@peculiar/asn1-pkcs9/-/asn1-pkcs9-2.7.0.tgz 0ms (cache hit)
1117 http cache @peculiar/asn1-pkcs8@https://registry.npmjs.org/@peculiar/asn1-pkcs8/-/asn1-pkcs8-2.7.0.tgz 0ms (cache hit)
1118 http cache @peculiar/asn1-pfx@https://registry.npmjs.org/@peculiar/asn1-pfx/-/asn1-pfx-2.7.0.tgz 0ms (cache hit)
1119 http cache @nodelib/fs.walk@https://registry.npmjs.org/@nodelib/fs.walk/-/fs.walk-1.2.8.tgz 0ms (cache hit)
1120 http cache @peculiar/asn1-cms@https://registry.npmjs.org/@peculiar/asn1-cms/-/asn1-cms-2.7.0.tgz 0ms (cache hit)
1121 http cache @nodelib/fs.stat@https://registry.npmjs.org/@nodelib/fs.stat/-/fs.stat-2.0.5.tgz 0ms (cache hit)
1122 http cache @nodelib/fs.scandir@https://registry.npmjs.org/@nodelib/fs.scandir/-/fs.scandir-2.1.5.tgz 0ms (cache hit)
1123 http cache @node-rs/jieba-darwin-arm64@https://registry.npmjs.org/@node-rs/jieba-darwin-arm64/-/jieba-darwin-arm64-1.10.4.tgz 0ms (cache hit)
1124 http cache @peculiar/asn1-csr@https://registry.npmjs.org/@peculiar/asn1-csr/-/asn1-csr-2.7.0.tgz 0ms (cache hit)
1125 http cache @noble/hashes@https://registry.npmjs.org/@noble/hashes/-/hashes-1.4.0.tgz 0ms (cache hit)
1126 http cache @node-rs/jieba@https://registry.npmjs.org/@node-rs/jieba/-/jieba-1.10.4.tgz 0ms (cache hit)
1127 http cache @napi-rs/wasm-runtime@https://registry.npmjs.org/@napi-rs/wasm-runtime/-/wasm-runtime-1.0.7.tgz 0ms (cache hit)
1128 http cache @module-federation/runtime-tools@https://registry.npmjs.org/@module-federation/runtime-tools/-/runtime-tools-0.22.0.tgz 0ms (cache hit)
1129 http cache @module-federation/runtime-core@https://registry.npmjs.org/@module-federation/runtime-core/-/runtime-core-0.22.0.tgz 0ms (cache hit)
1130 http cache @module-federation/sdk@https://registry.npmjs.org/@module-federation/sdk/-/sdk-0.22.0.tgz 0ms (cache hit)
1131 http cache @module-federation/error-codes@https://registry.npmjs.org/@module-federation/error-codes/-/error-codes-0.22.0.tgz 0ms (cache hit)
1132 http cache @module-federation/runtime@https://registry.npmjs.org/@module-federation/runtime/-/runtime-0.22.0.tgz 0ms (cache hit)
1133 http cache @module-federation/webpack-bundler-runtime@https://registry.npmjs.org/@module-federation/webpack-bundler-runtime/-/webpack-bundler-runtime-0.22.0.tgz 0ms (cache hit)
1134 http cache @mdx-js/react@https://registry.npmjs.org/@mdx-js/react/-/react-3.1.1.tgz 0ms (cache hit)
1135 http cache @mermaid-js/parser@https://registry.npmjs.org/@mermaid-js/parser/-/parser-1.1.1.tgz 0ms (cache hit)
1136 http cache @leichtgewicht/ip-codec@https://registry.npmjs.org/@leichtgewicht/ip-codec/-/ip-codec-2.0.5.tgz 0ms (cache hit)
1137 http cache @mdx-js/mdx@https://registry.npmjs.org/@mdx-js/mdx/-/mdx-3.1.1.tgz 0ms (cache hit)
1138 http cache @jsonjoy.com/json-pointer@https://registry.npmjs.org/@jsonjoy.com/json-pointer/-/json-pointer-1.0.2.tgz 0ms (cache hit)
1139 http cache @jsonjoy.com/util@https://registry.npmjs.org/@jsonjoy.com/util/-/util-1.9.0.tgz 0ms (cache hit)
1140 http cache @jsonjoy.com/fs-snapshot@https://registry.npmjs.org/@jsonjoy.com/fs-snapshot/-/fs-snapshot-4.57.3.tgz 0ms (cache hit)
1141 http cache @jsonjoy.com/fs-node-utils@https://registry.npmjs.org/@jsonjoy.com/fs-node-utils/-/fs-node-utils-4.57.3.tgz 0ms (cache hit)
1142 http cache @jsonjoy.com/fs-node-to-fsa@https://registry.npmjs.org/@jsonjoy.com/fs-node-to-fsa/-/fs-node-to-fsa-4.57.3.tgz 0ms (cache hit)
1143 http cache @jsonjoy.com/fs-print@https://registry.npmjs.org/@jsonjoy.com/fs-print/-/fs-print-4.57.3.tgz 0ms (cache hit)
1144 http cache @jsonjoy.com/json-pack@https://registry.npmjs.org/@jsonjoy.com/json-pack/-/json-pack-1.21.0.tgz 0ms (cache hit)
1145 http cache @jsonjoy.com/fs-node@https://registry.npmjs.org/@jsonjoy.com/fs-node/-/fs-node-4.57.3.tgz 0ms (cache hit)
1146 http cache @jsonjoy.com/fs-fsa@https://registry.npmjs.org/@jsonjoy.com/fs-fsa/-/fs-fsa-4.57.3.tgz 0ms (cache hit)
1147 http cache @jsonjoy.com/fs-node-builtins@https://registry.npmjs.org/@jsonjoy.com/fs-node-builtins/-/fs-node-builtins-4.57.3.tgz 0ms (cache hit)
1148 http cache @jsonjoy.com/base64@https://registry.npmjs.org/@jsonjoy.com/base64/-/base64-1.1.2.tgz 0ms (cache hit)
1149 http cache @jsonjoy.com/buffers@https://registry.npmjs.org/@jsonjoy.com/buffers/-/buffers-17.67.0.tgz 0ms (cache hit)
1150 http cache @jridgewell/sourcemap-codec@https://registry.npmjs.org/@jridgewell/sourcemap-codec/-/sourcemap-codec-1.5.5.tgz 0ms (cache hit)
1151 http cache @jridgewell/trace-mapping@https://registry.npmjs.org/@jridgewell/trace-mapping/-/trace-mapping-0.3.31.tgz 0ms (cache hit)
1152 http cache @jridgewell/source-map@https://registry.npmjs.org/@jridgewell/source-map/-/source-map-0.3.11.tgz 0ms (cache hit)
1153 http cache @jridgewell/resolve-uri@https://registry.npmjs.org/@jridgewell/resolve-uri/-/resolve-uri-3.1.2.tgz 0ms (cache hit)
1154 http cache @jsonjoy.com/fs-core@https://registry.npmjs.org/@jsonjoy.com/fs-core/-/fs-core-4.57.3.tgz 0ms (cache hit)
1155 http cache @jsonjoy.com/codegen@https://registry.npmjs.org/@jsonjoy.com/codegen/-/codegen-1.0.0.tgz 0ms (cache hit)
1156 http cache @jridgewell/remapping@https://registry.npmjs.org/@jridgewell/remapping/-/remapping-2.3.5.tgz 0ms (cache hit)
1157 http cache @jridgewell/gen-mapping@https://registry.npmjs.org/@jridgewell/gen-mapping/-/gen-mapping-0.3.13.tgz 0ms (cache hit)
1158 http cache @iconify/utils@https://registry.npmjs.org/@iconify/utils/-/utils-3.1.3.tgz 0ms (cache hit)
1159 http cache @iconify/types@https://registry.npmjs.org/@iconify/types/-/types-2.0.0.tgz 0ms (cache hit)
1160 http cache @jest/types@https://registry.npmjs.org/@jest/types/-/types-29.6.3.tgz 0ms (cache hit)
1161 http cache @jest/schemas@https://registry.npmjs.org/@jest/schemas/-/schemas-29.6.3.tgz 0ms (cache hit)
1162 http cache @emnapi/wasi-threads@https://registry.npmjs.org/@emnapi/wasi-threads/-/wasi-threads-1.2.1.tgz 0ms (cache hit)
1163 http cache @hapi/hoek@https://registry.npmjs.org/@hapi/hoek/-/hoek-9.3.0.tgz 0ms (cache hit)
1164 http cache @hapi/topo@https://registry.npmjs.org/@hapi/topo/-/topo-5.1.0.tgz 0ms (cache hit)
1165 http cache @emnapi/core@https://registry.npmjs.org/@emnapi/core/-/core-1.10.0.tgz 0ms (cache hit)
1166 http cache @emnapi/runtime@https://registry.npmjs.org/@emnapi/runtime/-/runtime-1.10.0.tgz 0ms (cache hit)
1167 http cache @easyops-cn/docusaurus-search-local@https://registry.npmjs.org/@easyops-cn/docusaurus-search-local/-/docusaurus-search-local-0.55.2.tgz 0ms (cache hit)
1168 http cache @docusaurus/utils-validation@https://registry.npmjs.org/@docusaurus/utils-validation/-/utils-validation-3.10.1.tgz 0ms (cache hit)
1169 http cache @easyops-cn/autocomplete.js@https://registry.npmjs.org/@easyops-cn/autocomplete.js/-/autocomplete.js-0.38.1.tgz 0ms (cache hit)
1170 http cache @docusaurus/utils-common@https://registry.npmjs.org/@docusaurus/utils-common/-/utils-common-3.10.1.tgz 0ms (cache hit)
1171 http cache @docusaurus/types@https://registry.npmjs.org/@docusaurus/types/-/types-3.10.1.tgz 0ms (cache hit)
1172 http cache @docusaurus/tsconfig@https://registry.npmjs.org/@docusaurus/tsconfig/-/tsconfig-3.10.1.tgz 0ms (cache hit)
1173 http cache @docusaurus/theme-translations@https://registry.npmjs.org/@docusaurus/theme-translations/-/theme-translations-3.10.1.tgz 0ms (cache hit)
1174 http cache @docusaurus/theme-search-algolia@https://registry.npmjs.org/@docusaurus/theme-search-algolia/-/theme-search-algolia-3.10.1.tgz 0ms (cache hit)
1175 http cache @docusaurus/theme-mermaid@https://registry.npmjs.org/@docusaurus/theme-mermaid/-/theme-mermaid-3.10.1.tgz 0ms (cache hit)
1176 http cache @docusaurus/utils@https://registry.npmjs.org/@docusaurus/utils/-/utils-3.10.1.tgz 0ms (cache hit)
1177 http cache @docusaurus/theme-common@https://registry.npmjs.org/@docusaurus/theme-common/-/theme-common-3.10.1.tgz 0ms (cache hit)
1178 http cache @docusaurus/theme-classic@https://registry.npmjs.org/@docusaurus/theme-classic/-/theme-classic-3.10.1.tgz 0ms (cache hit)
1179 http cache @docusaurus/plugin-svgr@https://registry.npmjs.org/@docusaurus/plugin-svgr/-/plugin-svgr-3.10.1.tgz 0ms (cache hit)
1180 http cache @docusaurus/theme-live-codeblock@https://registry.npmjs.org/@docusaurus/theme-live-codeblock/-/theme-live-codeblock-3.10.1.tgz 0ms (cache hit)
1181 http cache @docusaurus/preset-classic@https://registry.npmjs.org/@docusaurus/preset-classic/-/preset-classic-3.10.1.tgz 0ms (cache hit)
1182 http cache @docusaurus/plugin-sitemap@https://registry.npmjs.org/@docusaurus/plugin-sitemap/-/plugin-sitemap-3.10.1.tgz 0ms (cache hit)
1183 http cache @docusaurus/plugin-google-gtag@https://registry.npmjs.org/@docusaurus/plugin-google-gtag/-/plugin-google-gtag-3.10.1.tgz 0ms (cache hit)
1184 http cache @docusaurus/plugin-google-analytics@https://registry.npmjs.org/@docusaurus/plugin-google-analytics/-/plugin-google-analytics-3.10.1.tgz 0ms (cache hit)
1185 http cache @docusaurus/plugin-css-cascade-layers@https://registry.npmjs.org/@docusaurus/plugin-css-cascade-layers/-/plugin-css-cascade-layers-3.10.1.tgz 0ms (cache hit)
1186 http cache @docusaurus/plugin-content-blog@https://registry.npmjs.org/@docusaurus/plugin-content-blog/-/plugin-content-blog-3.10.1.tgz 0ms (cache hit)
1187 http cache @docusaurus/plugin-content-docs@https://registry.npmjs.org/@docusaurus/plugin-content-docs/-/plugin-content-docs-3.10.1.tgz 0ms (cache hit)
1188 http cache @docusaurus/plugin-debug@https://registry.npmjs.org/@docusaurus/plugin-debug/-/plugin-debug-3.10.1.tgz 0ms (cache hit)
1189 http cache @docusaurus/plugin-google-tag-manager@https://registry.npmjs.org/@docusaurus/plugin-google-tag-manager/-/plugin-google-tag-manager-3.10.1.tgz 0ms (cache hit)
1190 http cache @docusaurus/plugin-client-redirects@https://registry.npmjs.org/@docusaurus/plugin-client-redirects/-/plugin-client-redirects-3.10.1.tgz 0ms (cache hit)
1191 http cache @docusaurus/mdx-loader@https://registry.npmjs.org/@docusaurus/mdx-loader/-/mdx-loader-3.10.1.tgz 0ms (cache hit)
1192 http cache @docusaurus/faster@https://registry.npmjs.org/@docusaurus/faster/-/faster-3.10.1.tgz 0ms (cache hit)
1193 http cache @docusaurus/logger@https://registry.npmjs.org/@docusaurus/logger/-/logger-3.10.1.tgz 0ms (cache hit)
1194 http cache @docusaurus/core@https://registry.npmjs.org/@docusaurus/core/-/core-3.10.1.tgz 0ms (cache hit)
1195 http cache @docusaurus/cssnano-preset@https://registry.npmjs.org/@docusaurus/cssnano-preset/-/cssnano-preset-3.10.1.tgz 0ms (cache hit)
1196 http cache @docusaurus/bundler@https://registry.npmjs.org/@docusaurus/bundler/-/bundler-3.10.1.tgz 0ms (cache hit)
1197 http cache @docusaurus/babel@https://registry.npmjs.org/@docusaurus/babel/-/babel-3.10.1.tgz 0ms (cache hit)
1198 http cache @docsearch/css@https://registry.npmjs.org/@docsearch/css/-/css-4.6.3.tgz 0ms (cache hit)
1199 http cache @docusaurus/plugin-content-pages@https://registry.npmjs.org/@docusaurus/plugin-content-pages/-/plugin-content-pages-3.10.1.tgz 0ms (cache hit)
1200 http cache @docsearch/react@https://registry.npmjs.org/@docsearch/react/-/react-4.6.3.tgz 0ms (cache hit)
1201 http cache @docsearch/core@https://registry.npmjs.org/@docsearch/core/-/core-4.6.3.tgz 0ms (cache hit)
1202 http cache @csstools/postcss-trigonometric-functions@https://registry.npmjs.org/@csstools/postcss-trigonometric-functions/-/postcss-trigonometric-functions-4.0.9.tgz 0ms (cache hit)
1203 http cache @docusaurus/module-type-aliases@https://registry.npmjs.org/@docusaurus/module-type-aliases/-/module-type-aliases-3.10.1.tgz 0ms (cache hit)
1204 http cache @discoveryjs/json-ext@https://registry.npmjs.org/@discoveryjs/json-ext/-/json-ext-0.5.7.tgz 0ms (cache hit)
1205 http cache @csstools/postcss-syntax-descriptor-syntax-production@https://registry.npmjs.org/@csstools/postcss-syntax-descriptor-syntax-production/-/postcss-syntax-descriptor-syntax-production-1.0.1.tgz 0ms (cache hit)
1206 http cache @csstools/postcss-system-ui-font-family@https://registry.npmjs.org/@csstools/postcss-system-ui-font-family/-/postcss-system-ui-font-family-1.0.0.tgz 0ms (cache hit)
1207 http cache @csstools/postcss-unset-value@https://registry.npmjs.org/@csstools/postcss-unset-value/-/postcss-unset-value-4.0.0.tgz 0ms (cache hit)
1208 http cache @csstools/postcss-text-decoration-shorthand@https://registry.npmjs.org/@csstools/postcss-text-decoration-shorthand/-/postcss-text-decoration-shorthand-4.0.3.tgz 0ms (cache hit)
1209 http cache @csstools/postcss-stepped-value-functions@https://registry.npmjs.org/@csstools/postcss-stepped-value-functions/-/postcss-stepped-value-functions-4.0.9.tgz 0ms (cache hit)
1210 http cache @csstools/postcss-sign-functions@https://registry.npmjs.org/@csstools/postcss-sign-functions/-/postcss-sign-functions-1.1.4.tgz 0ms (cache hit)
1211 http cache @csstools/postcss-scope-pseudo-class@https://registry.npmjs.org/@csstools/postcss-scope-pseudo-class/-/postcss-scope-pseudo-class-4.0.1.tgz 0ms (cache hit)
1212 http cache @csstools/postcss-progressive-custom-properties@https://registry.npmjs.org/@csstools/postcss-progressive-custom-properties/-/postcss-progressive-custom-properties-4.2.1.tgz 0ms (cache hit)
1213 http cache @csstools/postcss-property-rule-prelude-list@https://registry.npmjs.org/@csstools/postcss-property-rule-prelude-list/-/postcss-property-rule-prelude-list-1.0.0.tgz 0ms (cache hit)
1214 http cache @csstools/postcss-random-function@https://registry.npmjs.org/@csstools/postcss-random-function/-/postcss-random-function-2.0.1.tgz 0ms (cache hit)
1215 http cache @csstools/postcss-position-area-property@https://registry.npmjs.org/@csstools/postcss-position-area-property/-/postcss-position-area-property-1.0.0.tgz 0ms (cache hit)
1216 http cache @csstools/postcss-oklab-function@https://registry.npmjs.org/@csstools/postcss-oklab-function/-/postcss-oklab-function-4.0.12.tgz 0ms (cache hit)
1217 http cache @csstools/postcss-normalize-display-values@https://registry.npmjs.org/@csstools/postcss-normalize-display-values/-/postcss-normalize-display-values-4.0.1.tgz 0ms (cache hit)
1218 http cache @csstools/postcss-nested-calc@https://registry.npmjs.org/@csstools/postcss-nested-calc/-/postcss-nested-calc-4.0.0.tgz 0ms (cache hit)
1219 http cache @csstools/postcss-media-queries-aspect-ratio-number-values@https://registry.npmjs.org/@csstools/postcss-media-queries-aspect-ratio-number-values/-/postcss-media-queries-aspect-ratio-number-values-3.0.5.tgz 0ms (cache hit)
1220 http cache @csstools/postcss-media-minmax@https://registry.npmjs.org/@csstools/postcss-media-minmax/-/postcss-media-minmax-2.0.9.tgz 0ms (cache hit)
1221 http cache @csstools/postcss-logical-viewport-units@https://registry.npmjs.org/@csstools/postcss-logical-viewport-units/-/postcss-logical-viewport-units-3.0.4.tgz 0ms (cache hit)
1222 http cache @csstools/postcss-logical-overflow@https://registry.npmjs.org/@csstools/postcss-logical-overflow/-/postcss-logical-overflow-2.0.0.tgz 0ms (cache hit)
1223 http cache @csstools/postcss-logical-overscroll-behavior@https://registry.npmjs.org/@csstools/postcss-logical-overscroll-behavior/-/postcss-logical-overscroll-behavior-2.0.0.tgz 0ms (cache hit)
1224 http cache @csstools/postcss-logical-resize@https://registry.npmjs.org/@csstools/postcss-logical-resize/-/postcss-logical-resize-3.0.0.tgz 0ms (cache hit)
1225 http cache @csstools/utilities@https://registry.npmjs.org/@csstools/utilities/-/utilities-2.0.0.tgz 0ms (cache hit)
1226 http cache @csstools/postcss-light-dark-function@https://registry.npmjs.org/@csstools/postcss-light-dark-function/-/postcss-light-dark-function-2.0.11.tgz 0ms (cache hit)
1227 http cache @csstools/postcss-is-pseudo-class@https://registry.npmjs.org/@csstools/postcss-is-pseudo-class/-/postcss-is-pseudo-class-5.0.3.tgz 0ms (cache hit)
1228 http cache @csstools/postcss-logical-float-and-clear@https://registry.npmjs.org/@csstools/postcss-logical-float-and-clear/-/postcss-logical-float-and-clear-3.0.0.tgz 0ms (cache hit)
1229 http cache @csstools/postcss-relative-color-syntax@https://registry.npmjs.org/@csstools/postcss-relative-color-syntax/-/postcss-relative-color-syntax-3.0.12.tgz 0ms (cache hit)
1230 http cache @csstools/postcss-hwb-function@https://registry.npmjs.org/@csstools/postcss-hwb-function/-/postcss-hwb-function-4.0.12.tgz 0ms (cache hit)
1231 http cache @csstools/postcss-ic-unit@https://registry.npmjs.org/@csstools/postcss-ic-unit/-/postcss-ic-unit-4.0.4.tgz 0ms (cache hit)
1232 http cache @csstools/postcss-initial@https://registry.npmjs.org/@csstools/postcss-initial/-/postcss-initial-2.0.1.tgz 0ms (cache hit)
1233 http cache @csstools/postcss-gamut-mapping@https://registry.npmjs.org/@csstools/postcss-gamut-mapping/-/postcss-gamut-mapping-2.0.11.tgz 0ms (cache hit)
1234 http cache @csstools/postcss-font-format-keywords@https://registry.npmjs.org/@csstools/postcss-font-format-keywords/-/postcss-font-format-keywords-4.0.0.tgz 0ms (cache hit)
1235 http cache @csstools/postcss-exponential-functions@https://registry.npmjs.org/@csstools/postcss-exponential-functions/-/postcss-exponential-functions-2.0.9.tgz 0ms (cache hit)
1236 http cache @csstools/postcss-content-alt-text@https://registry.npmjs.org/@csstools/postcss-content-alt-text/-/postcss-content-alt-text-2.0.8.tgz 0ms (cache hit)
1237 http cache @csstools/postcss-gradients-interpolation-method@https://registry.npmjs.org/@csstools/postcss-gradients-interpolation-method/-/postcss-gradients-interpolation-method-5.0.12.tgz 0ms (cache hit)
1238 http cache @csstools/postcss-contrast-color-function@https://registry.npmjs.org/@csstools/postcss-contrast-color-function/-/postcss-contrast-color-function-2.0.12.tgz 0ms (cache hit)
1239 http cache @csstools/postcss-color-function-display-p3-linear@https://registry.npmjs.org/@csstools/postcss-color-function-display-p3-linear/-/postcss-color-function-display-p3-linear-1.0.1.tgz 0ms (cache hit)
1240 http cache @csstools/postcss-color-mix-variadic-function-arguments@https://registry.npmjs.org/@csstools/postcss-color-mix-variadic-function-arguments/-/postcss-color-mix-variadic-function-arguments-1.0.2.tgz 0ms (cache hit)
1241 http cache @csstools/postcss-color-mix-function@https://registry.npmjs.org/@csstools/postcss-color-mix-function/-/postcss-color-mix-function-3.0.12.tgz 0ms (cache hit)
1242 http cache @csstools/postcss-cascade-layers@https://registry.npmjs.org/@csstools/postcss-cascade-layers/-/postcss-cascade-layers-5.0.2.tgz 0ms (cache hit)
1243 http cache @csstools/postcss-alpha-function@https://registry.npmjs.org/@csstools/postcss-alpha-function/-/postcss-alpha-function-1.0.1.tgz 0ms (cache hit)
1244 http cache @csstools/postcss-color-function@https://registry.npmjs.org/@csstools/postcss-color-function/-/postcss-color-function-4.0.12.tgz 0ms (cache hit)
1245 http cache @csstools/media-query-list-parser@https://registry.npmjs.org/@csstools/media-query-list-parser/-/media-query-list-parser-4.0.3.tgz 0ms (cache hit)
1246 http cache @csstools/css-tokenizer@https://registry.npmjs.org/@csstools/css-tokenizer/-/css-tokenizer-3.0.4.tgz 0ms (cache hit)
1247 http cache @csstools/css-parser-algorithms@https://registry.npmjs.org/@csstools/css-parser-algorithms/-/css-parser-algorithms-3.0.5.tgz 0ms (cache hit)
1248 http cache @chevrotain/types@https://registry.npmjs.org/@chevrotain/types/-/types-11.1.2.tgz 0ms (cache hit)
1249 http cache @csstools/cascade-layer-name-parser@https://registry.npmjs.org/@csstools/cascade-layer-name-parser/-/cascade-layer-name-parser-2.0.5.tgz 0ms (cache hit)
1250 http cache @csstools/color-helpers@https://registry.npmjs.org/@csstools/color-helpers/-/color-helpers-5.1.0.tgz 0ms (cache hit)
1251 http cache @csstools/css-color-parser@https://registry.npmjs.org/@csstools/css-color-parser/-/css-color-parser-3.1.0.tgz 0ms (cache hit)
1252 http cache @colors/colors@https://registry.npmjs.org/@colors/colors/-/colors-1.5.0.tgz 0ms (cache hit)
1253 http cache @csstools/css-calc@https://registry.npmjs.org/@csstools/css-calc/-/css-calc-2.1.4.tgz 0ms (cache hit)
1254 http cache @babel/types@https://registry.npmjs.org/@babel/types/-/types-7.29.7.tgz 0ms (cache hit)
1255 http cache @babel/runtime@https://registry.npmjs.org/@babel/runtime/-/runtime-7.29.7.tgz 0ms (cache hit)
1256 http cache @babel/traverse@https://registry.npmjs.org/@babel/traverse/-/traverse-7.29.7.tgz 0ms (cache hit)
1257 http cache @braintree/sanitize-url@https://registry.npmjs.org/@braintree/sanitize-url/-/sanitize-url-7.1.2.tgz 0ms (cache hit)
1258 http cache @babel/preset-typescript@https://registry.npmjs.org/@babel/preset-typescript/-/preset-typescript-7.29.7.tgz 0ms (cache hit)
1259 http cache @babel/preset-modules@https://registry.npmjs.org/@babel/preset-modules/-/preset-modules-0.1.6-no-external-plugins.tgz 0ms (cache hit)
1260 http cache @babel/preset-react@https://registry.npmjs.org/@babel/preset-react/-/preset-react-7.29.7.tgz 0ms (cache hit)
1261 http cache @babel/template@https://registry.npmjs.org/@babel/template/-/template-7.29.7.tgz 0ms (cache hit)
1262 http cache @babel/preset-env@https://registry.npmjs.org/@babel/preset-env/-/preset-env-7.29.7.tgz 0ms (cache hit)
1263 http cache @babel/plugin-transform-unicode-regex@https://registry.npmjs.org/@babel/plugin-transform-unicode-regex/-/plugin-transform-unicode-regex-7.29.7.tgz 0ms (cache hit)
1264 http cache @babel/plugin-transform-unicode-sets-regex@https://registry.npmjs.org/@babel/plugin-transform-unicode-sets-regex/-/plugin-transform-unicode-sets-regex-7.29.7.tgz 0ms (cache hit)
1265 http cache @babel/plugin-transform-typescript@https://registry.npmjs.org/@babel/plugin-transform-typescript/-/plugin-transform-typescript-7.29.7.tgz 0ms (cache hit)
1266 http cache @babel/plugin-transform-unicode-property-regex@https://registry.npmjs.org/@babel/plugin-transform-unicode-property-regex/-/plugin-transform-unicode-property-regex-7.29.7.tgz 0ms (cache hit)
1267 http cache @babel/plugin-transform-typeof-symbol@https://registry.npmjs.org/@babel/plugin-transform-typeof-symbol/-/plugin-transform-typeof-symbol-7.29.7.tgz 0ms (cache hit)
1268 http cache @babel/plugin-transform-unicode-escapes@https://registry.npmjs.org/@babel/plugin-transform-unicode-escapes/-/plugin-transform-unicode-escapes-7.29.7.tgz 0ms (cache hit)
1269 http cache @babel/plugin-transform-template-literals@https://registry.npmjs.org/@babel/plugin-transform-template-literals/-/plugin-transform-template-literals-7.29.7.tgz 0ms (cache hit)
1270 http cache @babel/plugin-transform-spread@https://registry.npmjs.org/@babel/plugin-transform-spread/-/plugin-transform-spread-7.29.7.tgz 0ms (cache hit)
1271 http cache @babel/plugin-transform-sticky-regex@https://registry.npmjs.org/@babel/plugin-transform-sticky-regex/-/plugin-transform-sticky-regex-7.29.7.tgz 0ms (cache hit)
1272 http cache @babel/plugin-transform-shorthand-properties@https://registry.npmjs.org/@babel/plugin-transform-shorthand-properties/-/plugin-transform-shorthand-properties-7.29.7.tgz 0ms (cache hit)
1273 http cache @babel/plugin-transform-reserved-words@https://registry.npmjs.org/@babel/plugin-transform-reserved-words/-/plugin-transform-reserved-words-7.29.7.tgz 0ms (cache hit)
1274 http cache @babel/plugin-transform-runtime@https://registry.npmjs.org/@babel/plugin-transform-runtime/-/plugin-transform-runtime-7.29.7.tgz 0ms (cache hit)
1275 http cache @babel/plugin-transform-regexp-modifiers@https://registry.npmjs.org/@babel/plugin-transform-regexp-modifiers/-/plugin-transform-regexp-modifiers-7.29.7.tgz 0ms (cache hit)
1276 http cache @babel/plugin-transform-react-pure-annotations@https://registry.npmjs.org/@babel/plugin-transform-react-pure-annotations/-/plugin-transform-react-pure-annotations-7.29.7.tgz 0ms (cache hit)
1277 http cache @babel/plugin-transform-regenerator@https://registry.npmjs.org/@babel/plugin-transform-regenerator/-/plugin-transform-regenerator-7.29.7.tgz 0ms (cache hit)
1278 http cache @babel/plugin-transform-react-jsx-development@https://registry.npmjs.org/@babel/plugin-transform-react-jsx-development/-/plugin-transform-react-jsx-development-7.29.7.tgz 0ms (cache hit)
1279 http cache @babel/plugin-transform-react-jsx@https://registry.npmjs.org/@babel/plugin-transform-react-jsx/-/plugin-transform-react-jsx-7.29.7.tgz 0ms (cache hit)
1280 http cache @babel/plugin-transform-property-literals@https://registry.npmjs.org/@babel/plugin-transform-property-literals/-/plugin-transform-property-literals-7.29.7.tgz 0ms (cache hit)
1281 http cache @babel/plugin-transform-react-constant-elements@https://registry.npmjs.org/@babel/plugin-transform-react-constant-elements/-/plugin-transform-react-constant-elements-7.29.7.tgz 1ms (cache hit)
1282 http cache @babel/plugin-transform-private-property-in-object@https://registry.npmjs.org/@babel/plugin-transform-private-property-in-object/-/plugin-transform-private-property-in-object-7.29.7.tgz 0ms (cache hit)
1283 http cache @babel/plugin-transform-react-display-name@https://registry.npmjs.org/@babel/plugin-transform-react-display-name/-/plugin-transform-react-display-name-7.29.7.tgz 0ms (cache hit)
1284 http cache @babel/plugin-transform-private-methods@https://registry.npmjs.org/@babel/plugin-transform-private-methods/-/plugin-transform-private-methods-7.29.7.tgz 0ms (cache hit)
1285 http cache @babel/plugin-transform-parameters@https://registry.npmjs.org/@babel/plugin-transform-parameters/-/plugin-transform-parameters-7.29.7.tgz 0ms (cache hit)
1286 http cache @babel/plugin-transform-optional-chaining@https://registry.npmjs.org/@babel/plugin-transform-optional-chaining/-/plugin-transform-optional-chaining-7.29.7.tgz 0ms (cache hit)
1287 http cache @babel/plugin-transform-object-rest-spread@https://registry.npmjs.org/@babel/plugin-transform-object-rest-spread/-/plugin-transform-object-rest-spread-7.29.7.tgz 0ms (cache hit)
1288 http cache @babel/plugin-transform-optional-catch-binding@https://registry.npmjs.org/@babel/plugin-transform-optional-catch-binding/-/plugin-transform-optional-catch-binding-7.29.7.tgz 0ms (cache hit)
1289 http cache @babel/plugin-transform-numeric-separator@https://registry.npmjs.org/@babel/plugin-transform-numeric-separator/-/plugin-transform-numeric-separator-7.29.7.tgz 0ms (cache hit)
1290 http cache @babel/plugin-transform-new-target@https://registry.npmjs.org/@babel/plugin-transform-new-target/-/plugin-transform-new-target-7.29.7.tgz 0ms (cache hit)
1291 http cache @babel/plugin-transform-nullish-coalescing-operator@https://registry.npmjs.org/@babel/plugin-transform-nullish-coalescing-operator/-/plugin-transform-nullish-coalescing-operator-7.29.7.tgz 0ms (cache hit)
1292 http cache @babel/plugin-transform-named-capturing-groups-regex@https://registry.npmjs.org/@babel/plugin-transform-named-capturing-groups-regex/-/plugin-transform-named-capturing-groups-regex-7.29.7.tgz 0ms (cache hit)
1293 http cache @babel/plugin-transform-object-super@https://registry.npmjs.org/@babel/plugin-transform-object-super/-/plugin-transform-object-super-7.29.7.tgz 0ms (cache hit)
1294 http cache @babel/plugin-transform-modules-systemjs@https://registry.npmjs.org/@babel/plugin-transform-modules-systemjs/-/plugin-transform-modules-systemjs-7.29.7.tgz 0ms (cache hit)
1295 http cache @babel/plugin-transform-modules-umd@https://registry.npmjs.org/@babel/plugin-transform-modules-umd/-/plugin-transform-modules-umd-7.29.7.tgz 0ms (cache hit)
1296 http cache @babel/plugin-transform-member-expression-literals@https://registry.npmjs.org/@babel/plugin-transform-member-expression-literals/-/plugin-transform-member-expression-literals-7.29.7.tgz 0ms (cache hit)
1297 http cache @babel/plugin-transform-logical-assignment-operators@https://registry.npmjs.org/@babel/plugin-transform-logical-assignment-operators/-/plugin-transform-logical-assignment-operators-7.29.7.tgz 0ms (cache hit)
1298 http cache @babel/plugin-transform-literals@https://registry.npmjs.org/@babel/plugin-transform-literals/-/plugin-transform-literals-7.29.7.tgz 0ms (cache hit)
1299 http cache @babel/plugin-transform-json-strings@https://registry.npmjs.org/@babel/plugin-transform-json-strings/-/plugin-transform-json-strings-7.29.7.tgz 0ms (cache hit)
1300 http cache @babel/plugin-transform-for-of@https://registry.npmjs.org/@babel/plugin-transform-for-of/-/plugin-transform-for-of-7.29.7.tgz 0ms (cache hit)
1301 http cache @babel/plugin-transform-function-name@https://registry.npmjs.org/@babel/plugin-transform-function-name/-/plugin-transform-function-name-7.29.7.tgz 0ms (cache hit)
1302 http cache @babel/plugin-transform-export-namespace-from@https://registry.npmjs.org/@babel/plugin-transform-export-namespace-from/-/plugin-transform-export-namespace-from-7.29.7.tgz 0ms (cache hit)
1303 http cache @babel/plugin-transform-exponentiation-operator@https://registry.npmjs.org/@babel/plugin-transform-exponentiation-operator/-/plugin-transform-exponentiation-operator-7.29.7.tgz 0ms (cache hit)
1304 http cache @babel/plugin-transform-modules-amd@https://registry.npmjs.org/@babel/plugin-transform-modules-amd/-/plugin-transform-modules-amd-7.29.7.tgz 0ms (cache hit)
1305 http cache @babel/plugin-transform-dynamic-import@https://registry.npmjs.org/@babel/plugin-transform-dynamic-import/-/plugin-transform-dynamic-import-7.29.7.tgz 0ms (cache hit)
1306 http cache @babel/plugin-transform-explicit-resource-management@https://registry.npmjs.org/@babel/plugin-transform-explicit-resource-management/-/plugin-transform-explicit-resource-management-7.29.7.tgz 0ms (cache hit)
1307 http cache @babel/plugin-transform-dotall-regex@https://registry.npmjs.org/@babel/plugin-transform-dotall-regex/-/plugin-transform-dotall-regex-7.29.7.tgz 0ms (cache hit)
1308 http cache @babel/plugin-transform-duplicate-keys@https://registry.npmjs.org/@babel/plugin-transform-duplicate-keys/-/plugin-transform-duplicate-keys-7.29.7.tgz 0ms (cache hit)
1309 http cache @babel/plugin-transform-destructuring@https://registry.npmjs.org/@babel/plugin-transform-destructuring/-/plugin-transform-destructuring-7.29.7.tgz 0ms (cache hit)
1310 http cache @babel/plugin-transform-modules-commonjs@https://registry.npmjs.org/@babel/plugin-transform-modules-commonjs/-/plugin-transform-modules-commonjs-7.29.7.tgz 0ms (cache hit)
1311 http cache @babel/plugin-transform-duplicate-named-capturing-groups-regex@https://registry.npmjs.org/@babel/plugin-transform-duplicate-named-capturing-groups-regex/-/plugin-transform-duplicate-named-capturing-groups-regex-7.29.7.tgz 0ms (cache hit)
1312 http cache @babel/plugin-transform-classes@https://registry.npmjs.org/@babel/plugin-transform-classes/-/plugin-transform-classes-7.29.7.tgz 0ms (cache hit)
1313 http cache @babel/plugin-transform-class-static-block@https://registry.npmjs.org/@babel/plugin-transform-class-static-block/-/plugin-transform-class-static-block-7.29.7.tgz 0ms (cache hit)
1314 http cache @babel/plugin-transform-class-properties@https://registry.npmjs.org/@babel/plugin-transform-class-properties/-/plugin-transform-class-properties-7.29.7.tgz 0ms (cache hit)
1315 http cache @babel/plugin-transform-block-scoping@https://registry.npmjs.org/@babel/plugin-transform-block-scoping/-/plugin-transform-block-scoping-7.29.7.tgz 0ms (cache hit)
1316 http cache @babel/plugin-transform-block-scoped-functions@https://registry.npmjs.org/@babel/plugin-transform-block-scoped-functions/-/plugin-transform-block-scoped-functions-7.29.7.tgz 0ms (cache hit)
1317 http cache @babel/plugin-transform-computed-properties@https://registry.npmjs.org/@babel/plugin-transform-computed-properties/-/plugin-transform-computed-properties-7.29.7.tgz 0ms (cache hit)
1318 http cache @babel/plugin-transform-async-to-generator@https://registry.npmjs.org/@babel/plugin-transform-async-to-generator/-/plugin-transform-async-to-generator-7.29.7.tgz 0ms (cache hit)
1319 http cache @babel/plugin-transform-async-generator-functions@https://registry.npmjs.org/@babel/plugin-transform-async-generator-functions/-/plugin-transform-async-generator-functions-7.29.7.tgz 0ms (cache hit)
1320 http cache @babel/plugin-transform-arrow-functions@https://registry.npmjs.org/@babel/plugin-transform-arrow-functions/-/plugin-transform-arrow-functions-7.29.7.tgz 0ms (cache hit)
1321 http cache @babel/plugin-syntax-typescript@https://registry.npmjs.org/@babel/plugin-syntax-typescript/-/plugin-syntax-typescript-7.29.7.tgz 0ms (cache hit)
1322 http cache @babel/plugin-syntax-jsx@https://registry.npmjs.org/@babel/plugin-syntax-jsx/-/plugin-syntax-jsx-7.29.7.tgz 0ms (cache hit)
1323 http cache @babel/plugin-syntax-import-assertions@https://registry.npmjs.org/@babel/plugin-syntax-import-assertions/-/plugin-syntax-import-assertions-7.29.7.tgz 0ms (cache hit)
1324 http cache @babel/plugin-syntax-unicode-sets-regex@https://registry.npmjs.org/@babel/plugin-syntax-unicode-sets-regex/-/plugin-syntax-unicode-sets-regex-7.18.6.tgz 0ms (cache hit)
1325 http cache @babel/plugin-syntax-dynamic-import@https://registry.npmjs.org/@babel/plugin-syntax-dynamic-import/-/plugin-syntax-dynamic-import-7.8.3.tgz 0ms (cache hit)
1326 http cache @babel/plugin-syntax-import-attributes@https://registry.npmjs.org/@babel/plugin-syntax-import-attributes/-/plugin-syntax-import-attributes-7.29.7.tgz 0ms (cache hit)
1327 http cache @babel/plugin-proposal-private-property-in-object@https://registry.npmjs.org/@babel/plugin-proposal-private-property-in-object/-/plugin-proposal-private-property-in-object-7.21.0-placeholder-for-preset-env.2.tgz 0ms (cache hit)
1328 http cache @babel/plugin-bugfix-safari-rest-destructuring-rhs-array@https://registry.npmjs.org/@babel/plugin-bugfix-safari-rest-destructuring-rhs-array/-/plugin-bugfix-safari-rest-destructuring-rhs-array-7.29.7.tgz 0ms (cache hit)
1329 http cache @babel/plugin-bugfix-v8-static-class-fields-redefine-readonly@https://registry.npmjs.org/@babel/plugin-bugfix-v8-static-class-fields-redefine-readonly/-/plugin-bugfix-v8-static-class-fields-redefine-readonly-7.29.7.tgz 0ms (cache hit)
1330 http cache @babel/plugin-bugfix-v8-spread-parameters-in-optional-chaining@https://registry.npmjs.org/@babel/plugin-bugfix-v8-spread-parameters-in-optional-chaining/-/plugin-bugfix-v8-spread-parameters-in-optional-chaining-7.29.7.tgz 0ms (cache hit)
1331 http cache @babel/plugin-bugfix-safari-class-field-initializer-scope@https://registry.npmjs.org/@babel/plugin-bugfix-safari-class-field-initializer-scope/-/plugin-bugfix-safari-class-field-initializer-scope-7.29.7.tgz 0ms (cache hit)
1332 http cache @babel/plugin-bugfix-safari-id-destructuring-collision-in-function-expression@https://registry.npmjs.org/@babel/plugin-bugfix-safari-id-destructuring-collision-in-function-expression/-/plugin-bugfix-safari-id-destructuring-collision-in-function-expression-7.29.7.tgz 0ms (cache hit)
1333 http cache @babel/plugin-bugfix-firefox-class-in-computed-class-key@https://registry.npmjs.org/@babel/plugin-bugfix-firefox-class-in-computed-class-key/-/plugin-bugfix-firefox-class-in-computed-class-key-7.29.7.tgz 0ms (cache hit)
1334 http cache @babel/parser@https://registry.npmjs.org/@babel/parser/-/parser-7.29.7.tgz 0ms (cache hit)
1335 http cache @babel/helper-wrap-function@https://registry.npmjs.org/@babel/helper-wrap-function/-/helper-wrap-function-7.29.7.tgz 0ms (cache hit)
1336 http cache @babel/helper-validator-option@https://registry.npmjs.org/@babel/helper-validator-option/-/helper-validator-option-7.29.7.tgz 0ms (cache hit)
1337 http cache @babel/helper-string-parser@https://registry.npmjs.org/@babel/helper-string-parser/-/helper-string-parser-7.29.7.tgz 0ms (cache hit)
1338 http cache @babel/helper-replace-supers@https://registry.npmjs.org/@babel/helper-replace-supers/-/helper-replace-supers-7.29.7.tgz 0ms (cache hit)
1339 http cache @babel/helpers@https://registry.npmjs.org/@babel/helpers/-/helpers-7.29.7.tgz 0ms (cache hit)
1340 http cache @babel/helper-plugin-utils@https://registry.npmjs.org/@babel/helper-plugin-utils/-/helper-plugin-utils-7.29.7.tgz 0ms (cache hit)
1341 http cache @babel/helper-optimise-call-expression@https://registry.npmjs.org/@babel/helper-optimise-call-expression/-/helper-optimise-call-expression-7.29.7.tgz 0ms (cache hit)
1342 http cache @babel/helper-skip-transparent-expression-wrappers@https://registry.npmjs.org/@babel/helper-skip-transparent-expression-wrappers/-/helper-skip-transparent-expression-wrappers-7.29.7.tgz 0ms (cache hit)
1343 http cache @babel/helper-module-transforms@https://registry.npmjs.org/@babel/helper-module-transforms/-/helper-module-transforms-7.29.7.tgz 0ms (cache hit)
1344 http cache @babel/helper-validator-identifier@https://registry.npmjs.org/@babel/helper-validator-identifier/-/helper-validator-identifier-7.29.7.tgz 0ms (cache hit)
1345 http cache @babel/helper-remap-async-to-generator@https://registry.npmjs.org/@babel/helper-remap-async-to-generator/-/helper-remap-async-to-generator-7.29.7.tgz 0ms (cache hit)
1346 http cache @babel/helper-define-polyfill-provider@https://registry.npmjs.org/@babel/helper-define-polyfill-provider/-/helper-define-polyfill-provider-0.6.8.tgz 0ms (cache hit)
1347 http cache @babel/helper-member-expression-to-functions@https://registry.npmjs.org/@babel/helper-member-expression-to-functions/-/helper-member-expression-to-functions-7.29.7.tgz 0ms (cache hit)
1348 http cache @babel/helper-globals@https://registry.npmjs.org/@babel/helper-globals/-/helper-globals-7.29.7.tgz 0ms (cache hit)
1349 http cache @babel/helper-create-regexp-features-plugin@https://registry.npmjs.org/@babel/helper-create-regexp-features-plugin/-/helper-create-regexp-features-plugin-7.29.7.tgz 0ms (cache hit)
1350 http cache @babel/helper-annotate-as-pure@https://registry.npmjs.org/@babel/helper-annotate-as-pure/-/helper-annotate-as-pure-7.29.7.tgz 0ms (cache hit)
1351 http cache @babel/helper-module-imports@https://registry.npmjs.org/@babel/helper-module-imports/-/helper-module-imports-7.29.7.tgz 0ms (cache hit)
1352 http cache @babel/helper-compilation-targets@https://registry.npmjs.org/@babel/helper-compilation-targets/-/helper-compilation-targets-7.29.7.tgz 0ms (cache hit)
1353 http cache @babel/helper-create-class-features-plugin@https://registry.npmjs.org/@babel/helper-create-class-features-plugin/-/helper-create-class-features-plugin-7.29.7.tgz 0ms (cache hit)
1354 http cache @babel/generator@https://registry.npmjs.org/@babel/generator/-/generator-7.29.7.tgz 0ms (cache hit)
1355 http cache @babel/core@https://registry.npmjs.org/@babel/core/-/core-7.29.7.tgz 0ms (cache hit)
1356 http cache @antfu/install-pkg@https://registry.npmjs.org/@antfu/install-pkg/-/install-pkg-1.1.0.tgz 0ms (cache hit)
1357 http cache @babel/code-frame@https://registry.npmjs.org/@babel/code-frame/-/code-frame-7.29.7.tgz 0ms (cache hit)
1358 http cache @algolia/requester-browser-xhr@https://registry.npmjs.org/@algolia/requester-browser-xhr/-/requester-browser-xhr-5.53.0.tgz 0ms (cache hit)
1359 http cache @algolia/requester-fetch@https://registry.npmjs.org/@algolia/requester-fetch/-/requester-fetch-5.53.0.tgz 0ms (cache hit)
1360 http cache @algolia/monitoring@https://registry.npmjs.org/@algolia/monitoring/-/monitoring-1.53.0.tgz 0ms (cache hit)
1361 http cache @algolia/recommend@https://registry.npmjs.org/@algolia/recommend/-/recommend-5.53.0.tgz 0ms (cache hit)
1362 http cache @algolia/ingestion@https://registry.npmjs.org/@algolia/ingestion/-/ingestion-1.53.0.tgz 0ms (cache hit)
1363 http cache @algolia/events@https://registry.npmjs.org/@algolia/events/-/events-4.0.1.tgz 0ms (cache hit)
1364 http cache @algolia/client-search@https://registry.npmjs.org/@algolia/client-search/-/client-search-5.53.0.tgz 0ms (cache hit)
1365 http cache @algolia/client-personalization@https://registry.npmjs.org/@algolia/client-personalization/-/client-personalization-5.53.0.tgz 0ms (cache hit)
1366 http cache @algolia/client-query-suggestions@https://registry.npmjs.org/@algolia/client-query-suggestions/-/client-query-suggestions-5.53.0.tgz 0ms (cache hit)
1367 http cache @algolia/client-insights@https://registry.npmjs.org/@algolia/client-insights/-/client-insights-5.53.0.tgz 0ms (cache hit)
1368 http cache @algolia/client-common@https://registry.npmjs.org/@algolia/client-common/-/client-common-5.53.0.tgz 0ms (cache hit)
1369 http cache @algolia/client-analytics@https://registry.npmjs.org/@algolia/client-analytics/-/client-analytics-5.53.0.tgz 0ms (cache hit)
1370 http cache @algolia/client-abtesting@https://registry.npmjs.org/@algolia/client-abtesting/-/client-abtesting-5.53.0.tgz 0ms (cache hit)
1371 http cache @algolia/autocomplete-shared@https://registry.npmjs.org/@algolia/autocomplete-shared/-/autocomplete-shared-1.19.8.tgz 0ms (cache hit)
1372 http cache @algolia/autocomplete-plugin-algolia-insights@https://registry.npmjs.org/@algolia/autocomplete-plugin-algolia-insights/-/autocomplete-plugin-algolia-insights-1.19.8.tgz 0ms (cache hit)
1373 http cache @algolia/autocomplete-core@https://registry.npmjs.org/@algolia/autocomplete-core/-/autocomplete-core-1.19.8.tgz 0ms (cache hit)
1374 http cache @algolia/abtesting@https://registry.npmjs.org/@algolia/abtesting/-/abtesting-1.19.0.tgz 0ms (cache hit)
1375 http cache @algolia/requester-node-http@https://registry.npmjs.org/@algolia/requester-node-http/-/requester-node-http-5.53.0.tgz 0ms (cache hit)
1376 http cache ansi-regex@https://registry.npmjs.org/ansi-regex/-/ansi-regex-6.2.2.tgz 0ms (cache hit)
1377 http cache ansi-styles@https://registry.npmjs.org/ansi-styles/-/ansi-styles-6.2.3.tgz 0ms (cache hit)
1378 http cache strip-ansi@https://registry.npmjs.org/strip-ansi/-/strip-ansi-7.2.0.tgz 0ms (cache hit)
1379 http cache open@https://registry.npmjs.org/open/-/open-10.2.0.tgz 0ms (cache hit)
1380 http cache define-lazy-prop@https://registry.npmjs.org/define-lazy-prop/-/define-lazy-prop-3.0.0.tgz 0ms (cache hit)
1381 http cache is-wsl@https://registry.npmjs.org/is-wsl/-/is-wsl-3.1.1.tgz 0ms (cache hit)
1382 http cache @babel/compat-data@https://registry.npmjs.org/@babel/compat-data/-/compat-data-7.29.7.tgz 0ms (cache hit)
1383 http cache iconv-lite@https://registry.npmjs.org/iconv-lite/-/iconv-lite-0.6.3.tgz 0ms (cache hit)
1384 http cache mime-types@https://registry.npmjs.org/mime-types/-/mime-types-3.0.2.tgz 0ms (cache hit)
1385 http cache ws@https://registry.npmjs.org/ws/-/ws-8.21.0.tgz 0ms (cache hit)
1386 http cache commander@https://registry.npmjs.org/commander/-/commander-7.2.0.tgz 0ms (cache hit)
1387 http cache mime-db@https://registry.npmjs.org/mime-db/-/mime-db-1.52.0.tgz 0ms (cache hit)
1388 http cache mime-db@https://registry.npmjs.org/mime-db/-/mime-db-1.54.0.tgz 0ms (cache hit)
1389 http cache mime-types@https://registry.npmjs.org/mime-types/-/mime-types-2.1.35.tgz 0ms (cache hit)
1390 http cache schema-utils@https://registry.npmjs.org/schema-utils/-/schema-utils-3.3.0.tgz 0ms (cache hit)
1391 http cache range-parser@https://registry.npmjs.org/range-parser/-/range-parser-1.2.1.tgz 0ms (cache hit)
1392 http cache mime-db@https://registry.npmjs.org/mime-db/-/mime-db-1.54.0.tgz 0ms (cache hit)
1393 http cache ajv@https://registry.npmjs.org/ajv/-/ajv-6.15.0.tgz 0ms (cache hit)
1394 http cache camelcase@https://registry.npmjs.org/camelcase/-/camelcase-7.0.1.tgz 0ms (cache hit)
1395 http cache json-schema-traverse@https://registry.npmjs.org/json-schema-traverse/-/json-schema-traverse-0.4.1.tgz 0ms (cache hit)
1396 http cache ajv-keywords@https://registry.npmjs.org/ajv-keywords/-/ajv-keywords-3.5.2.tgz 0ms (cache hit)
1397 http cache boxen@https://registry.npmjs.org/boxen/-/boxen-7.1.1.tgz 0ms (cache hit)
1398 http cache mime-types@https://registry.npmjs.org/mime-types/-/mime-types-2.1.35.tgz 0ms (cache hit)
1399 http cache tslib@https://registry.npmjs.org/tslib/-/tslib-1.14.1.tgz 0ms (cache hit)
1400 http cache chalk@https://registry.npmjs.org/chalk/-/chalk-5.6.2.tgz 0ms (cache hit)
1401 http cache supports-color@https://registry.npmjs.org/supports-color/-/supports-color-8.1.1.tgz 0ms (cache hit)
1402 http cache jest-worker@https://registry.npmjs.org/jest-worker/-/jest-worker-27.5.1.tgz 0ms (cache hit)
1403 http cache mime-db@https://registry.npmjs.org/mime-db/-/mime-db-1.52.0.tgz 0ms (cache hit)
1404 http cache commander@https://registry.npmjs.org/commander/-/commander-2.20.3.tgz 0ms (cache hit)
1405 http cache picomatch@https://registry.npmjs.org/picomatch/-/picomatch-4.0.4.tgz 0ms (cache hit)
1406 http cache commander@https://registry.npmjs.org/commander/-/commander-7.2.0.tgz 0ms (cache hit)
1407 http cache strip-ansi@https://registry.npmjs.org/strip-ansi/-/strip-ansi-7.2.0.tgz 0ms (cache hit)
1408 http cache commander@https://registry.npmjs.org/commander/-/commander-4.1.1.tgz 0ms (cache hit)
1409 http cache fdir@https://registry.npmjs.org/fdir/-/fdir-6.5.0.tgz 0ms (cache hit)
1410 http cache source-map@https://registry.npmjs.org/source-map/-/source-map-0.6.1.tgz 0ms (cache hit)
1411 http cache @types/node@https://registry.npmjs.org/@types/node/-/node-17.0.45.tgz 0ms (cache hit)
1412 http cache ansi-regex@https://registry.npmjs.org/ansi-regex/-/ansi-regex-6.2.2.tgz 0ms (cache hit)
1413 http cache depd@https://registry.npmjs.org/depd/-/depd-1.1.2.tgz 0ms (cache hit)
1414 http cache ms@https://registry.npmjs.org/ms/-/ms-2.0.0.tgz 0ms (cache hit)
1415 http cache debug@https://registry.npmjs.org/debug/-/debug-2.6.9.tgz 0ms (cache hit)
1416 http cache statuses@https://registry.npmjs.org/statuses/-/statuses-1.5.0.tgz 0ms (cache hit)
1417 http cache mime-types@https://registry.npmjs.org/mime-types/-/mime-types-2.1.35.tgz 0ms (cache hit)
1418 http cache path-to-regexp@https://registry.npmjs.org/path-to-regexp/-/path-to-regexp-3.3.0.tgz 0ms (cache hit)
1419 http cache http-errors@https://registry.npmjs.org/http-errors/-/http-errors-1.8.1.tgz 0ms (cache hit)
1420 http cache htmlparser2@https://registry.npmjs.org/htmlparser2/-/htmlparser2-6.1.0.tgz 0ms (cache hit)
1421 http cache domutils@https://registry.npmjs.org/domutils/-/domutils-2.8.0.tgz 0ms (cache hit)
1422 http cache ms@https://registry.npmjs.org/ms/-/ms-2.0.0.tgz 0ms (cache hit)
1423 http cache range-parser@https://registry.npmjs.org/range-parser/-/range-parser-1.2.1.tgz 0ms (cache hit)
1424 http cache debug@https://registry.npmjs.org/debug/-/debug-2.6.9.tgz 0ms (cache hit)
1425 http cache css-select@https://registry.npmjs.org/css-select/-/css-select-4.3.0.tgz 0ms (cache hit)
1426 http cache domhandler@https://registry.npmjs.org/domhandler/-/domhandler-4.3.1.tgz 0ms (cache hit)
1427 http cache mime-db@https://registry.npmjs.org/mime-db/-/mime-db-1.52.0.tgz 0ms (cache hit)
1428 http cache dom-serializer@https://registry.npmjs.org/dom-serializer/-/dom-serializer-1.4.1.tgz 0ms (cache hit)
1429 http cache strip-json-comments@https://registry.npmjs.org/strip-json-comments/-/strip-json-comments-2.0.1.tgz 0ms (cache hit)
1430 http cache entities@https://registry.npmjs.org/entities/-/entities-2.2.0.tgz 0ms (cache hit)
1431 http cache bytes@https://registry.npmjs.org/bytes/-/bytes-3.1.2.tgz 0ms (cache hit)
1432 http cache ini@https://registry.npmjs.org/ini/-/ini-1.3.8.tgz 0ms (cache hit)
1433 http cache postcss-selector-parser@https://registry.npmjs.org/postcss-selector-parser/-/postcss-selector-parser-7.1.1.tgz 0ms (cache hit)
1434 http cache postcss-selector-parser@https://registry.npmjs.org/postcss-selector-parser/-/postcss-selector-parser-7.1.1.tgz 0ms (cache hit)
1435 http cache ipaddr.js@https://registry.npmjs.org/ipaddr.js/-/ipaddr.js-1.9.1.tgz 0ms (cache hit)
1436 http cache @csstools/selector-resolve-nested@https://registry.npmjs.org/@csstools/selector-resolve-nested/-/selector-resolve-nested-3.1.0.tgz 0ms (cache hit)
1437 http cache postcss-selector-parser@https://registry.npmjs.org/postcss-selector-parser/-/postcss-selector-parser-7.1.1.tgz 0ms (cache hit)
1438 http cache postcss-selector-parser@https://registry.npmjs.org/postcss-selector-parser/-/postcss-selector-parser-7.1.1.tgz 0ms (cache hit)
1439 http cache postcss-selector-parser@https://registry.npmjs.org/postcss-selector-parser/-/postcss-selector-parser-7.1.1.tgz 0ms (cache hit)
1440 http cache postcss-selector-parser@https://registry.npmjs.org/postcss-selector-parser/-/postcss-selector-parser-7.1.1.tgz 0ms (cache hit)
1441 http cache @csstools/selector-specificity@https://registry.npmjs.org/@csstools/selector-specificity/-/selector-specificity-5.0.0.tgz 0ms (cache hit)
1442 http cache postcss-selector-parser@https://registry.npmjs.org/postcss-selector-parser/-/postcss-selector-parser-7.1.1.tgz 0ms (cache hit)
1443 http cache postcss-selector-parser@https://registry.npmjs.org/postcss-selector-parser/-/postcss-selector-parser-7.1.1.tgz 0ms (cache hit)
1444 http cache postcss-selector-parser@https://registry.npmjs.org/postcss-selector-parser/-/postcss-selector-parser-7.1.1.tgz 0ms (cache hit)
1445 http cache postcss-selector-parser@https://registry.npmjs.org/postcss-selector-parser/-/postcss-selector-parser-7.1.1.tgz 0ms (cache hit)
1446 http cache entities@https://registry.npmjs.org/entities/-/entities-6.0.1.tgz 0ms (cache hit)
1447 http cache schema-utils@https://registry.npmjs.org/schema-utils/-/schema-utils-3.3.0.tgz 0ms (cache hit)
1448 http cache @types/unist@https://registry.npmjs.org/@types/unist/-/unist-2.0.11.tgz 0ms (cache hit)
1449 http cache ajv-keywords@https://registry.npmjs.org/ajv-keywords/-/ajv-keywords-3.5.2.tgz 0ms (cache hit)
1450 http cache json-schema-traverse@https://registry.npmjs.org/json-schema-traverse/-/json-schema-traverse-0.4.1.tgz 0ms (cache hit)
1451 http cache ajv@https://registry.npmjs.org/ajv/-/ajv-6.15.0.tgz 0ms (cache hit)
1452 http cache micromark-util-symbol@https://registry.npmjs.org/micromark-util-symbol/-/micromark-util-symbol-2.0.1.tgz 0ms (cache hit)
1453 http cache micromark-util-character@https://registry.npmjs.org/micromark-util-character/-/micromark-util-character-2.1.1.tgz 0ms (cache hit)
1454 http cache micromark-util-symbol@https://registry.npmjs.org/micromark-util-symbol/-/micromark-util-symbol-2.0.1.tgz 0ms (cache hit)
1455 http cache micromark-util-symbol@https://registry.npmjs.org/micromark-util-symbol/-/micromark-util-symbol-2.0.1.tgz 0ms (cache hit)
1456 http cache micromark-util-symbol@https://registry.npmjs.org/micromark-util-symbol/-/micromark-util-symbol-2.0.1.tgz 0ms (cache hit)
1457 http cache micromark-util-character@https://registry.npmjs.org/micromark-util-character/-/micromark-util-character-2.1.1.tgz 0ms (cache hit)
1458 http cache micromark-util-symbol@https://registry.npmjs.org/micromark-util-symbol/-/micromark-util-symbol-2.0.1.tgz 0ms (cache hit)
1459 http cache micromark-util-character@https://registry.npmjs.org/micromark-util-character/-/micromark-util-character-2.1.1.tgz 0ms (cache hit)
1460 http cache micromark-util-types@https://registry.npmjs.org/micromark-util-types/-/micromark-util-types-1.1.0.tgz 0ms (cache hit)
1461 http cache micromark-util-symbol@https://registry.npmjs.org/micromark-util-symbol/-/micromark-util-symbol-2.0.1.tgz 0ms (cache hit)
1462 http cache micromark-util-symbol@https://registry.npmjs.org/micromark-util-symbol/-/micromark-util-symbol-2.0.1.tgz 0ms (cache hit)
1463 http cache micromark-util-character@https://registry.npmjs.org/micromark-util-character/-/micromark-util-character-2.1.1.tgz 0ms (cache hit)
1464 http cache micromark-util-symbol@https://registry.npmjs.org/micromark-util-symbol/-/micromark-util-symbol-2.0.1.tgz 0ms (cache hit)
1465 http cache micromark-util-character@https://registry.npmjs.org/micromark-util-character/-/micromark-util-character-2.1.1.tgz 0ms (cache hit)
1466 http cache micromark-util-types@https://registry.npmjs.org/micromark-util-types/-/micromark-util-types-1.1.0.tgz 0ms (cache hit)
1467 http cache micromark-util-symbol@https://registry.npmjs.org/micromark-util-symbol/-/micromark-util-symbol-2.0.1.tgz 0ms (cache hit)
1468 http cache micromark-util-symbol@https://registry.npmjs.org/micromark-util-symbol/-/micromark-util-symbol-2.0.1.tgz 0ms (cache hit)
1469 http cache micromark-factory-space@https://registry.npmjs.org/micromark-factory-space/-/micromark-factory-space-2.0.1.tgz 0ms (cache hit)
1470 http cache micromark-factory-space@https://registry.npmjs.org/micromark-factory-space/-/micromark-factory-space-2.0.1.tgz 0ms (cache hit)
1471 http cache micromark-util-symbol@https://registry.npmjs.org/micromark-util-symbol/-/micromark-util-symbol-2.0.1.tgz 0ms (cache hit)
1472 http cache micromark-util-character@https://registry.npmjs.org/micromark-util-character/-/micromark-util-character-2.1.1.tgz 0ms (cache hit)
1473 http cache micromark-util-symbol@https://registry.npmjs.org/micromark-util-symbol/-/micromark-util-symbol-2.0.1.tgz 0ms (cache hit)
1474 http cache micromark-util-symbol@https://registry.npmjs.org/micromark-util-symbol/-/micromark-util-symbol-2.0.1.tgz 0ms (cache hit)
1475 http cache micromark-util-symbol@https://registry.npmjs.org/micromark-util-symbol/-/micromark-util-symbol-2.0.1.tgz 0ms (cache hit)
1476 http cache micromark-factory-space@https://registry.npmjs.org/micromark-factory-space/-/micromark-factory-space-2.0.1.tgz 0ms (cache hit)
1477 http cache micromark-util-character@https://registry.npmjs.org/micromark-util-character/-/micromark-util-character-2.1.1.tgz 0ms (cache hit)
1478 http cache micromark-util-character@https://registry.npmjs.org/micromark-util-character/-/micromark-util-character-2.1.1.tgz 0ms (cache hit)
1479 http cache micromark-util-character@https://registry.npmjs.org/micromark-util-character/-/micromark-util-character-2.1.1.tgz 0ms (cache hit)
1480 http cache micromark-util-symbol@https://registry.npmjs.org/micromark-util-symbol/-/micromark-util-symbol-2.0.1.tgz 0ms (cache hit)
1481 http cache micromark-util-character@https://registry.npmjs.org/micromark-util-character/-/micromark-util-character-2.1.1.tgz 0ms (cache hit)
1482 http cache micromark-util-symbol@https://registry.npmjs.org/micromark-util-symbol/-/micromark-util-symbol-2.0.1.tgz 0ms (cache hit)
1483 http cache micromark-util-symbol@https://registry.npmjs.org/micromark-util-symbol/-/micromark-util-symbol-2.0.1.tgz 0ms (cache hit)
1484 http cache micromark-util-character@https://registry.npmjs.org/micromark-util-character/-/micromark-util-character-2.1.1.tgz 0ms (cache hit)
1485 http cache micromark-factory-space@https://registry.npmjs.org/micromark-factory-space/-/micromark-factory-space-2.0.1.tgz 0ms (cache hit)
1486 http cache micromark-factory-space@https://registry.npmjs.org/micromark-factory-space/-/micromark-factory-space-2.0.1.tgz 0ms (cache hit)
1487 http cache micromark-factory-space@https://registry.npmjs.org/micromark-factory-space/-/micromark-factory-space-2.0.1.tgz 0ms (cache hit)
1488 http cache micromark-factory-space@https://registry.npmjs.org/micromark-factory-space/-/micromark-factory-space-2.0.1.tgz 0ms (cache hit)
1489 http cache micromark-util-character@https://registry.npmjs.org/micromark-util-character/-/micromark-util-character-2.1.1.tgz 0ms (cache hit)
1490 http cache micromark-util-character@https://registry.npmjs.org/micromark-util-character/-/micromark-util-character-2.1.1.tgz 0ms (cache hit)
1491 http cache micromark-util-symbol@https://registry.npmjs.org/micromark-util-symbol/-/micromark-util-symbol-2.0.1.tgz 0ms (cache hit)
1492 http cache micromark-util-symbol@https://registry.npmjs.org/micromark-util-symbol/-/micromark-util-symbol-2.0.1.tgz 0ms (cache hit)
1493 http cache micromark-util-symbol@https://registry.npmjs.org/micromark-util-symbol/-/micromark-util-symbol-2.0.1.tgz 0ms (cache hit)
1494 http cache micromark-util-character@https://registry.npmjs.org/micromark-util-character/-/micromark-util-character-2.1.1.tgz 0ms (cache hit)
1495 http cache micromark-util-character@https://registry.npmjs.org/micromark-util-character/-/micromark-util-character-2.1.1.tgz 0ms (cache hit)
1496 http cache micromark-util-symbol@https://registry.npmjs.org/micromark-util-symbol/-/micromark-util-symbol-2.0.1.tgz 0ms (cache hit)
1497 http cache micromark-util-symbol@https://registry.npmjs.org/micromark-util-symbol/-/micromark-util-symbol-2.0.1.tgz 0ms (cache hit)
1498 http cache micromark-util-character@https://registry.npmjs.org/micromark-util-character/-/micromark-util-character-2.1.1.tgz 0ms (cache hit)
1499 http cache micromark-factory-space@https://registry.npmjs.org/micromark-factory-space/-/micromark-factory-space-2.0.1.tgz 0ms (cache hit)
1500 http cache micromark-util-character@https://registry.npmjs.org/micromark-util-character/-/micromark-util-character-2.1.1.tgz 0ms (cache hit)
1501 http cache micromark-util-symbol@https://registry.npmjs.org/micromark-util-symbol/-/micromark-util-symbol-2.0.1.tgz 0ms (cache hit)
1502 http cache micromark-util-character@https://registry.npmjs.org/micromark-util-character/-/micromark-util-character-2.1.1.tgz 0ms (cache hit)
1503 http cache micromark-util-character@https://registry.npmjs.org/micromark-util-character/-/micromark-util-character-2.1.1.tgz 0ms (cache hit)
1504 http cache micromark-factory-space@https://registry.npmjs.org/micromark-factory-space/-/micromark-factory-space-2.0.1.tgz 0ms (cache hit)
1505 http cache micromark-factory-space@https://registry.npmjs.org/micromark-factory-space/-/micromark-factory-space-2.0.1.tgz 0ms (cache hit)
1506 http cache micromark-util-character@https://registry.npmjs.org/micromark-util-character/-/micromark-util-character-2.1.1.tgz 0ms (cache hit)
1507 http cache micromark-factory-space@https://registry.npmjs.org/micromark-factory-space/-/micromark-factory-space-2.0.1.tgz 0ms (cache hit)
1508 http cache micromark-util-symbol@https://registry.npmjs.org/micromark-util-symbol/-/micromark-util-symbol-2.0.1.tgz 0ms (cache hit)
1509 http cache uuid@https://registry.npmjs.org/uuid/-/uuid-14.0.0.tgz 0ms (cache hit)
1510 http cache micromark-util-character@https://registry.npmjs.org/micromark-util-character/-/micromark-util-character-2.1.1.tgz 0ms (cache hit)
1511 http cache micromark-util-symbol@https://registry.npmjs.org/micromark-util-symbol/-/micromark-util-symbol-2.0.1.tgz 0ms (cache hit)
1512 http cache micromark-util-symbol@https://registry.npmjs.org/micromark-util-symbol/-/micromark-util-symbol-2.0.1.tgz 0ms (cache hit)
1513 http cache micromark-factory-space@https://registry.npmjs.org/micromark-factory-space/-/micromark-factory-space-2.0.1.tgz 0ms (cache hit)
1514 http cache micromark-util-symbol@https://registry.npmjs.org/micromark-util-symbol/-/micromark-util-symbol-2.0.1.tgz 0ms (cache hit)
1515 http cache escape-string-regexp@https://registry.npmjs.org/escape-string-regexp/-/escape-string-regexp-5.0.0.tgz 0ms (cache hit)
1516 http cache supports-color@https://registry.npmjs.org/supports-color/-/supports-color-8.1.1.tgz 0ms (cache hit)
1517 http cache escape-string-regexp@https://registry.npmjs.org/escape-string-regexp/-/escape-string-regexp-5.0.0.tgz 0ms (cache hit)
1518 http cache is-docker@https://registry.npmjs.org/is-docker/-/is-docker-3.0.0.tgz 0ms (cache hit)
1519 http cache micromark-util-symbol@https://registry.npmjs.org/micromark-util-symbol/-/micromark-util-symbol-2.0.1.tgz 0ms (cache hit)
1520 http cache html-minifier-terser@https://registry.npmjs.org/html-minifier-terser/-/html-minifier-terser-6.1.0.tgz 0ms (cache hit)
1521 http cache is-plain-obj@https://registry.npmjs.org/is-plain-obj/-/is-plain-obj-3.0.0.tgz 0ms (cache hit)
1522 http cache commander@https://registry.npmjs.org/commander/-/commander-8.3.0.tgz 0ms (cache hit)
1523 http cache commander@https://registry.npmjs.org/commander/-/commander-10.0.1.tgz 0ms (cache hit)
1524 http cache commander@https://registry.npmjs.org/commander/-/commander-8.3.0.tgz 0ms (cache hit)
1525 http cache safe-buffer@https://registry.npmjs.org/safe-buffer/-/safe-buffer-5.1.2.tgz 0ms (cache hit)
1526 http cache readable-stream@https://registry.npmjs.org/readable-stream/-/readable-stream-2.3.8.tgz 0ms (cache hit)
1527 http cache isarray@https://registry.npmjs.org/isarray/-/isarray-1.0.0.tgz 0ms (cache hit)
1528 http cache @sindresorhus/is@https://registry.npmjs.org/@sindresorhus/is/-/is-5.6.0.tgz 0ms (cache hit)
1529 http cache argparse@https://registry.npmjs.org/argparse/-/argparse-1.0.10.tgz 0ms (cache hit)
1530 http cache string_decoder@https://registry.npmjs.org/string_decoder/-/string_decoder-1.1.1.tgz 0ms (cache hit)
1531 http cache js-yaml@https://registry.npmjs.org/js-yaml/-/js-yaml-3.14.2.tgz 0ms (cache hit)
1532 http cache ms@https://registry.npmjs.org/ms/-/ms-2.0.0.tgz 0ms (cache hit)
1533 http cache ajv-keywords@https://registry.npmjs.org/ajv-keywords/-/ajv-keywords-3.5.2.tgz 0ms (cache hit)
1534 http cache debug@https://registry.npmjs.org/debug/-/debug-2.6.9.tgz 0ms (cache hit)
1535 http cache schema-utils@https://registry.npmjs.org/schema-utils/-/schema-utils-3.3.0.tgz 0ms (cache hit)
1536 http cache ms@https://registry.npmjs.org/ms/-/ms-2.0.0.tgz 0ms (cache hit)
1537 http cache path-to-regexp@https://registry.npmjs.org/path-to-regexp/-/path-to-regexp-0.1.13.tgz 0ms (cache hit)
1538 http cache content-disposition@https://registry.npmjs.org/content-disposition/-/content-disposition-0.5.4.tgz 0ms (cache hit)
1539 http cache iconv-lite@https://registry.npmjs.org/iconv-lite/-/iconv-lite-0.6.3.tgz 0ms (cache hit)
1540 http cache json-schema-traverse@https://registry.npmjs.org/json-schema-traverse/-/json-schema-traverse-0.4.1.tgz 0ms (cache hit)
1541 http cache debug@https://registry.npmjs.org/debug/-/debug-2.6.9.tgz 0ms (cache hit)
1542 http cache range-parser@https://registry.npmjs.org/range-parser/-/range-parser-1.2.1.tgz 0ms (cache hit)
1543 http cache estraverse@https://registry.npmjs.org/estraverse/-/estraverse-5.3.0.tgz 0ms (cache hit)
1544 http cache ajv@https://registry.npmjs.org/ajv/-/ajv-6.15.0.tgz 0ms (cache hit)
1545 http cache is-obj@https://registry.npmjs.org/is-obj/-/is-obj-2.0.0.tgz 0ms (cache hit)
1546 http cache mimic-response@https://registry.npmjs.org/mimic-response/-/mimic-response-3.1.0.tgz 0ms (cache hit)
1547 http cache minimatch@https://registry.npmjs.org/minimatch/-/minimatch-9.0.9.tgz 0ms (cache hit)
1548 http cache commander@https://registry.npmjs.org/commander/-/commander-7.2.0.tgz 0ms (cache hit)
1549 http cache iconv-lite@https://registry.npmjs.org/iconv-lite/-/iconv-lite-0.6.3.tgz 0ms (cache hit)
1550 http cache brace-expansion@https://registry.npmjs.org/brace-expansion/-/brace-expansion-2.1.1.tgz 0ms (cache hit)
1551 http cache internmap@https://registry.npmjs.org/internmap/-/internmap-1.0.1.tgz 0ms (cache hit)
1552 http cache d3-array@https://registry.npmjs.org/d3-array/-/d3-array-2.12.1.tgz 0ms (cache hit)
1553 http cache cose-base@https://registry.npmjs.org/cose-base/-/cose-base-2.2.0.tgz 0ms (cache hit)
1554 http cache mdn-data@https://registry.npmjs.org/mdn-data/-/mdn-data-2.0.28.tgz 0ms (cache hit)
1555 http cache d3-shape@https://registry.npmjs.org/d3-shape/-/d3-shape-1.3.7.tgz 0ms (cache hit)
1556 http cache @csstools/selector-specificity@https://registry.npmjs.org/@csstools/selector-specificity/-/selector-specificity-5.0.0.tgz 0ms (cache hit)
1557 http cache layout-base@https://registry.npmjs.org/layout-base/-/layout-base-2.0.1.tgz 0ms (cache hit)
1558 http cache type-fest@https://registry.npmjs.org/type-fest/-/type-fest-1.4.0.tgz 0ms (cache hit)
1559 http cache postcss-selector-parser@https://registry.npmjs.org/postcss-selector-parser/-/postcss-selector-parser-7.1.1.tgz 0ms (cache hit)
1560 http cache css-tree@https://registry.npmjs.org/css-tree/-/css-tree-2.2.1.tgz 0ms (cache hit)
1561 http cache slash@https://registry.npmjs.org/slash/-/slash-4.0.0.tgz 0ms (cache hit)
1562 http cache d3-path@https://registry.npmjs.org/d3-path/-/d3-path-1.0.9.tgz 0ms (cache hit)
1563 http cache globby@https://registry.npmjs.org/globby/-/globby-13.2.2.tgz 0ms (cache hit)
1564 http cache glob-parent@https://registry.npmjs.org/glob-parent/-/glob-parent-6.0.2.tgz 0ms (cache hit)
1565 http cache debug@https://registry.npmjs.org/debug/-/debug-2.6.9.tgz 0ms (cache hit)
1566 http cache ms@https://registry.npmjs.org/ms/-/ms-2.0.0.tgz 0ms (cache hit)
1567 http cache mime-db@https://registry.npmjs.org/mime-db/-/mime-db-1.54.0.tgz 0ms (cache hit)
1568 http cache ini@https://registry.npmjs.org/ini/-/ini-1.3.8.tgz 0ms (cache hit)
1569 http cache string-width@https://registry.npmjs.org/string-width/-/string-width-4.2.3.tgz 0ms (cache hit)
1570 http cache source-map@https://registry.npmjs.org/source-map/-/source-map-0.6.1.tgz 0ms (cache hit)
1571 http cache ms@https://registry.npmjs.org/ms/-/ms-2.0.0.tgz 0ms (cache hit)
1572 http cache emoji-regex@https://registry.npmjs.org/emoji-regex/-/emoji-regex-8.0.0.tgz 0ms (cache hit)
1573 http cache debug@https://registry.npmjs.org/debug/-/debug-2.6.9.tgz 0ms (cache hit)
1574 http cache bytes@https://registry.npmjs.org/bytes/-/bytes-3.1.2.tgz 0ms (cache hit)
1575 http cache semver@https://registry.npmjs.org/semver/-/semver-6.3.1.tgz 0ms (cache hit)
1576 http cache emoji-regex@https://registry.npmjs.org/emoji-regex/-/emoji-regex-8.0.0.tgz 0ms (cache hit)
1577 http cache bytes@https://registry.npmjs.org/bytes/-/bytes-3.1.2.tgz 0ms (cache hit)
1578 http cache mime-db@https://registry.npmjs.org/mime-db/-/mime-db-1.52.0.tgz 0ms (cache hit)
1579 http cache negotiator@https://registry.npmjs.org/negotiator/-/negotiator-0.6.3.tgz 0ms (cache hit)
1580 http cache mime-types@https://registry.npmjs.org/mime-types/-/mime-types-2.1.35.tgz 0ms (cache hit)
1581 http cache string-width@https://registry.npmjs.org/string-width/-/string-width-4.2.3.tgz 0ms (cache hit)
1582 http cache regjsparser@https://registry.npmjs.org/regjsparser/-/regjsparser-0.7.0.tgz 0ms (cache hit)
1583 http cache graceful-fs@https://registry.npmjs.org/graceful-fs/-/graceful-fs-4.2.10.tgz 0ms (cache hit)
1584 http cache postcss-selector-parser@https://registry.npmjs.org/postcss-selector-parser/-/postcss-selector-parser-7.1.1.tgz 0ms (cache hit)
1585 http cache @types/send@https://registry.npmjs.org/@types/send/-/send-0.17.6.tgz 0ms (cache hit)
1586 http cache supports-color@https://registry.npmjs.org/supports-color/-/supports-color-5.5.0.tgz 0ms (cache hit)
1587 http cache regjsgen@https://registry.npmjs.org/regjsgen/-/regjsgen-0.5.2.tgz 0ms (cache hit)
1588 http cache escape-string-regexp@https://registry.npmjs.org/escape-string-regexp/-/escape-string-regexp-1.0.5.tgz 0ms (cache hit)
1589 http cache regenerate-unicode-properties@https://registry.npmjs.org/regenerate-unicode-properties/-/regenerate-unicode-properties-9.0.0.tgz 0ms (cache hit)
1590 http cache has-flag@https://registry.npmjs.org/has-flag/-/has-flag-3.0.0.tgz 0ms (cache hit)
1591 http cache regexpu-core@https://registry.npmjs.org/regexpu-core/-/regexpu-core-4.8.0.tgz 0ms (cache hit)
1592 http cache color-name@https://registry.npmjs.org/color-name/-/color-name-1.1.3.tgz 0ms (cache hit)
1593 http cache jsesc@https://registry.npmjs.org/jsesc/-/jsesc-0.5.0.tgz 0ms (cache hit)
1594 http cache ansi-styles@https://registry.npmjs.org/ansi-styles/-/ansi-styles-3.2.1.tgz 0ms (cache hit)
1595 http cache color-convert@https://registry.npmjs.org/color-convert/-/color-convert-1.9.3.tgz 0ms (cache hit)
1596 http cache chalk@https://registry.npmjs.org/chalk/-/chalk-2.4.2.tgz 0ms (cache hit)
1597 http cache acorn-dynamic-import@https://registry.npmjs.org/acorn-dynamic-import/-/acorn-dynamic-import-4.0.0.tgz 0ms (cache hit)
1598 http cache @jsonjoy.com/util@https://registry.npmjs.org/@jsonjoy.com/util/-/util-17.67.0.tgz 0ms (cache hit)
1599 http cache acorn@https://registry.npmjs.org/acorn/-/acorn-6.4.2.tgz 0ms (cache hit)
1600 http cache @jsonjoy.com/buffers@https://registry.npmjs.org/@jsonjoy.com/buffers/-/buffers-1.2.1.tgz 0ms (cache hit)
1601 http cache @napi-rs/wasm-runtime@https://registry.npmjs.org/@napi-rs/wasm-runtime/-/wasm-runtime-0.2.12.tgz 0ms (cache hit)
1602 http cache @jsonjoy.com/buffers@https://registry.npmjs.org/@jsonjoy.com/buffers/-/buffers-1.2.1.tgz 0ms (cache hit)
1603 http cache @jsonjoy.com/json-pointer@https://registry.npmjs.org/@jsonjoy.com/json-pointer/-/json-pointer-17.67.0.tgz 0ms (cache hit)
1604 http cache @jsonjoy.com/codegen@https://registry.npmjs.org/@jsonjoy.com/codegen/-/codegen-17.67.0.tgz 0ms (cache hit)
1605 http cache fs-extra@https://registry.npmjs.org/fs-extra/-/fs-extra-10.1.0.tgz 0ms (cache hit)
1606 http cache @jsonjoy.com/base64@https://registry.npmjs.org/@jsonjoy.com/base64/-/base64-17.67.0.tgz 0ms (cache hit)
1607 http cache htmlparser2@https://registry.npmjs.org/htmlparser2/-/htmlparser2-10.1.0.tgz 0ms (cache hit)
1608 http cache @jsonjoy.com/json-pack@https://registry.npmjs.org/@jsonjoy.com/json-pack/-/json-pack-17.67.0.tgz 0ms (cache hit)
1609 http cache webpack-merge@https://registry.npmjs.org/webpack-merge/-/webpack-merge-5.10.0.tgz 0ms (cache hit)
1610 http cache @algolia/autocomplete-plugin-algolia-insights@https://registry.npmjs.org/@algolia/autocomplete-plugin-algolia-insights/-/autocomplete-plugin-algolia-insights-1.19.2.tgz 0ms (cache hit)
1611 http cache acorn-class-fields@https://registry.npmjs.org/acorn-class-fields/-/acorn-class-fields-0.2.1.tgz 0ms (cache hit)
1612 http cache cheerio@https://registry.npmjs.org/cheerio/-/cheerio-1.2.0.tgz 0ms (cache hit)
1613 http cache @algolia/autocomplete-shared@https://registry.npmjs.org/@algolia/autocomplete-shared/-/autocomplete-shared-1.19.2.tgz 0ms (cache hit)
1614 http cache entities@https://registry.npmjs.org/entities/-/entities-7.0.1.tgz 0ms (cache hit)
1615 http cache postcss-selector-parser@https://registry.npmjs.org/postcss-selector-parser/-/postcss-selector-parser-7.1.1.tgz 0ms (cache hit)
1616 http cache @algolia/autocomplete-core@https://registry.npmjs.org/@algolia/autocomplete-core/-/autocomplete-core-1.19.2.tgz 0ms (cache hit)
1617 http cache postcss-selector-parser@https://registry.npmjs.org/postcss-selector-parser/-/postcss-selector-parser-7.1.1.tgz 0ms (cache hit)
1618 http cache @csstools/selector-specificity@https://registry.npmjs.org/@csstools/selector-specificity/-/selector-specificity-5.0.0.tgz 0ms (cache hit)
1619 http cache @csstools/selector-specificity@https://registry.npmjs.org/@csstools/selector-specificity/-/selector-specificity-5.0.0.tgz 0ms (cache hit)
1620 http cache postcss-selector-parser@https://registry.npmjs.org/postcss-selector-parser/-/postcss-selector-parser-7.1.1.tgz 0ms (cache hit)
1621 http cache semver@https://registry.npmjs.org/semver/-/semver-6.3.1.tgz 0ms (cache hit)
1622 http cache babel-plugin-polyfill-corejs3@https://registry.npmjs.org/babel-plugin-polyfill-corejs3/-/babel-plugin-polyfill-corejs3-0.14.2.tgz 0ms (cache hit)
1623 http cache semver@https://registry.npmjs.org/semver/-/semver-6.3.1.tgz 0ms (cache hit)
1624 http cache semver@https://registry.npmjs.org/semver/-/semver-6.3.1.tgz 0ms (cache hit)
1625 http cache semver@https://registry.npmjs.org/semver/-/semver-6.3.1.tgz 0ms (cache hit)
1626 silly tarball no local data for yocto-queue@https://registry.npmjs.org/yocto-queue/-/yocto-queue-1.2.2.tgz. Extracting by manifest.
1627 silly tarball no local data for zwitch@https://registry.npmjs.org/zwitch/-/zwitch-2.0.4.tgz. Extracting by manifest.
1628 silly tarball no local data for yallist@https://registry.npmjs.org/yallist/-/yallist-3.1.1.tgz. Extracting by manifest.
1629 silly tarball no local data for yaml@https://registry.npmjs.org/yaml/-/yaml-2.9.0.tgz. Extracting by manifest.
1630 silly tarball no local data for xml-js@https://registry.npmjs.org/xml-js/-/xml-js-1.6.11.tgz. Extracting by manifest.
1631 http cache semver@https://registry.npmjs.org/semver/-/semver-6.3.1.tgz 0ms (cache hit)
1632 silly tarball no local data for wsl-utils@https://registry.npmjs.org/wsl-utils/-/wsl-utils-0.1.0.tgz. Extracting by manifest.
1633 http cache semver@https://registry.npmjs.org/semver/-/semver-6.3.1.tgz 0ms (cache hit)
1634 silly tarball no local data for ws@https://registry.npmjs.org/ws/-/ws-7.5.11.tgz. Extracting by manifest.
1635 silly tarball no local data for write-file-atomic@https://registry.npmjs.org/write-file-atomic/-/write-file-atomic-3.0.3.tgz. Extracting by manifest.
1636 silly tarball no local data for xdg-basedir@https://registry.npmjs.org/xdg-basedir/-/xdg-basedir-5.1.0.tgz. Extracting by manifest.
1637 silly tarball no local data for wrap-ansi@https://registry.npmjs.org/wrap-ansi/-/wrap-ansi-8.1.0.tgz. Extracting by manifest.
1638 silly tarball no local data for wildcard@https://registry.npmjs.org/wildcard/-/wildcard-2.0.1.tgz. Extracting by manifest.
1639 silly tarball no local data for whatwg-mimetype@https://registry.npmjs.org/whatwg-mimetype/-/whatwg-mimetype-4.0.0.tgz. Extracting by manifest.
1640 silly tarball no local data for whatwg-encoding@https://registry.npmjs.org/whatwg-encoding/-/whatwg-encoding-3.1.1.tgz. Extracting by manifest.
1641 silly tarball no local data for websocket-extensions@https://registry.npmjs.org/websocket-extensions/-/websocket-extensions-0.1.4.tgz. Extracting by manifest.
1642 silly tarball no local data for webpackbar@https://registry.npmjs.org/webpackbar/-/webpackbar-7.0.0.tgz. Extracting by manifest.
1643 silly tarball no local data for widest-line@https://registry.npmjs.org/widest-line/-/widest-line-4.0.1.tgz. Extracting by manifest.
1644 silly tarball no local data for websocket-driver@https://registry.npmjs.org/websocket-driver/-/websocket-driver-0.7.4.tgz. Extracting by manifest.
1645 silly tarball no local data for webpack-sources@https://registry.npmjs.org/webpack-sources/-/webpack-sources-3.5.0.tgz. Extracting by manifest.
1646 silly tarball no local data for webpack-merge@https://registry.npmjs.org/webpack-merge/-/webpack-merge-6.0.1.tgz. Extracting by manifest.
1647 silly tarball no local data for webpack-dev-server@https://registry.npmjs.org/webpack-dev-server/-/webpack-dev-server-5.2.4.tgz. Extracting by manifest.
1648 silly tarball no local data for webpack-dev-middleware@https://registry.npmjs.org/webpack-dev-middleware/-/webpack-dev-middleware-7.4.5.tgz. Extracting by manifest.
1649 silly tarball no local data for webpack@https://registry.npmjs.org/webpack/-/webpack-5.107.2.tgz. Extracting by manifest.
1650 silly tarball no local data for web-namespaces@https://registry.npmjs.org/web-namespaces/-/web-namespaces-2.0.1.tgz. Extracting by manifest.
1651 silly tarball no local data for watchpack@https://registry.npmjs.org/watchpack/-/watchpack-2.5.1.tgz. Extracting by manifest.
1652 silly tarball no local data for which@https://registry.npmjs.org/which/-/which-2.0.2.tgz. Extracting by manifest.
1653 silly tarball no local data for wbuf@https://registry.npmjs.org/wbuf/-/wbuf-1.7.3.tgz. Extracting by manifest.
1654 silly tarball no local data for vfile-message@https://registry.npmjs.org/vfile-message/-/vfile-message-4.0.3.tgz. Extracting by manifest.
1655 silly tarball no local data for vfile-location@https://registry.npmjs.org/vfile-location/-/vfile-location-5.0.3.tgz. Extracting by manifest.
1656 silly tarball no local data for webpack-bundle-analyzer@https://registry.npmjs.org/webpack-bundle-analyzer/-/webpack-bundle-analyzer-4.10.2.tgz. Extracting by manifest.
1657 silly tarball no local data for vary@https://registry.npmjs.org/vary/-/vary-1.1.2.tgz. Extracting by manifest.
1658 silly tarball no local data for value-equal@https://registry.npmjs.org/value-equal/-/value-equal-1.0.1.tgz. Extracting by manifest.
1659 silly tarball no local data for utils-merge@https://registry.npmjs.org/utils-merge/-/utils-merge-1.0.1.tgz. Extracting by manifest.
1660 silly tarball no local data for utility-types@https://registry.npmjs.org/utility-types/-/utility-types-3.11.0.tgz. Extracting by manifest.
1661 silly tarball no local data for util-deprecate@https://registry.npmjs.org/util-deprecate/-/util-deprecate-1.0.2.tgz. Extracting by manifest.
1662 silly tarball no local data for uuid@https://registry.npmjs.org/uuid/-/uuid-8.3.2.tgz. Extracting by manifest.
1663 silly tarball no local data for utila@https://registry.npmjs.org/utila/-/utila-0.4.0.tgz. Extracting by manifest.
1664 silly tarball no local data for use-editable@https://registry.npmjs.org/use-editable/-/use-editable-2.3.3.tgz. Extracting by manifest.
1665 silly tarball no local data for url-loader@https://registry.npmjs.org/url-loader/-/url-loader-4.1.1.tgz. Extracting by manifest.
1666 silly tarball no local data for uri-js@https://registry.npmjs.org/uri-js/-/uri-js-4.4.1.tgz. Extracting by manifest.
1667 silly tarball no local data for update-browserslist-db@https://registry.npmjs.org/update-browserslist-db/-/update-browserslist-db-1.2.3.tgz. Extracting by manifest.
1668 silly tarball no local data for update-notifier@https://registry.npmjs.org/update-notifier/-/update-notifier-6.0.2.tgz. Extracting by manifest.
1669 silly tarball no local data for unpipe@https://registry.npmjs.org/unpipe/-/unpipe-1.0.0.tgz. Extracting by manifest.
1670 silly tarball no local data for unist-util-visit@https://registry.npmjs.org/unist-util-visit/-/unist-util-visit-5.1.0.tgz. Extracting by manifest.
1671 silly tarball no local data for vfile@https://registry.npmjs.org/vfile/-/vfile-6.0.3.tgz. Extracting by manifest.
1672 silly tarball no local data for universalify@https://registry.npmjs.org/universalify/-/universalify-2.0.1.tgz. Extracting by manifest.
1673 silly tarball no local data for unist-util-visit-parents@https://registry.npmjs.org/unist-util-visit-parents/-/unist-util-visit-parents-6.0.2.tgz. Extracting by manifest.
1674 silly tarball no local data for unist-util-stringify-position@https://registry.npmjs.org/unist-util-stringify-position/-/unist-util-stringify-position-4.0.0.tgz. Extracting by manifest.
1675 silly tarball no local data for unist-util-is@https://registry.npmjs.org/unist-util-is/-/unist-util-is-6.0.1.tgz. Extracting by manifest.
1676 silly tarball no local data for unist-builder@https://registry.npmjs.org/unist-builder/-/unist-builder-4.0.0.tgz. Extracting by manifest.
1677 silly tarball no local data for unist-util-position-from-estree@https://registry.npmjs.org/unist-util-position-from-estree/-/unist-util-position-from-estree-2.0.0.tgz. Extracting by manifest.
1678 silly tarball no local data for unist-util-find-after@https://registry.npmjs.org/unist-util-find-after/-/unist-util-find-after-5.0.0.tgz. Extracting by manifest.
1679 silly tarball no local data for unique-string@https://registry.npmjs.org/unique-string/-/unique-string-3.0.0.tgz. Extracting by manifest.
1680 silly tarball no local data for unified@https://registry.npmjs.org/unified/-/unified-11.0.5.tgz. Extracting by manifest.
1681 silly tarball no local data for unist-util-position@https://registry.npmjs.org/unist-util-position/-/unist-util-position-5.0.0.tgz. Extracting by manifest.
1682 silly tarball no local data for unicode-property-aliases-ecmascript@https://registry.npmjs.org/unicode-property-aliases-ecmascript/-/unicode-property-aliases-ecmascript-2.2.0.tgz. Extracting by manifest.
1683 silly tarball no local data for unicode-match-property-value-ecmascript@https://registry.npmjs.org/unicode-match-property-value-ecmascript/-/unicode-match-property-value-ecmascript-2.2.1.tgz. Extracting by manifest.
1684 silly tarball no local data for unicode-match-property-ecmascript@https://registry.npmjs.org/unicode-match-property-ecmascript/-/unicode-match-property-ecmascript-2.0.0.tgz. Extracting by manifest.
1685 silly tarball no local data for unicode-canonical-property-names-ecmascript@https://registry.npmjs.org/unicode-canonical-property-names-ecmascript/-/unicode-canonical-property-names-ecmascript-2.0.1.tgz. Extracting by manifest.
1686 silly tarball no local data for unicode-emoji-modifier-base@https://registry.npmjs.org/unicode-emoji-modifier-base/-/unicode-emoji-modifier-base-1.0.0.tgz. Extracting by manifest.
1687 silly tarball no local data for undici@https://registry.npmjs.org/undici/-/undici-7.27.0.tgz. Extracting by manifest.
1688 silly tarball no local data for typescript@https://registry.npmjs.org/typescript/-/typescript-6.0.3.tgz. Extracting by manifest.
1689 silly tarball no local data for typedarray-to-buffer@https://registry.npmjs.org/typedarray-to-buffer/-/typedarray-to-buffer-3.1.5.tgz. Extracting by manifest.
1690 silly tarball no local data for type-is@https://registry.npmjs.org/type-is/-/type-is-1.6.18.tgz. Extracting by manifest.
1691 silly tarball no local data for tslib@https://registry.npmjs.org/tslib/-/tslib-2.8.1.tgz. Extracting by manifest.
1692 silly tarball no local data for type-fest@https://registry.npmjs.org/type-fest/-/type-fest-2.19.0.tgz. Extracting by manifest.
1693 silly tarball no local data for undici-types@https://registry.npmjs.org/undici-types/-/undici-types-7.24.6.tgz. Extracting by manifest.
1694 silly tarball no local data for ts-interface-checker@https://registry.npmjs.org/ts-interface-checker/-/ts-interface-checker-0.1.13.tgz. Extracting by manifest.
1695 silly tarball no local data for ts-dedent@https://registry.npmjs.org/ts-dedent/-/ts-dedent-2.2.0.tgz. Extracting by manifest.
1696 silly tarball no local data for tsyringe@https://registry.npmjs.org/tsyringe/-/tsyringe-4.10.0.tgz. Extracting by manifest.
1697 silly tarball no local data for trough@https://registry.npmjs.org/trough/-/trough-2.2.0.tgz. Extracting by manifest.
1698 silly tarball no local data for tree-dump@https://registry.npmjs.org/tree-dump/-/tree-dump-1.1.0.tgz. Extracting by manifest.
1699 silly tarball no local data for trim-lines@https://registry.npmjs.org/trim-lines/-/trim-lines-3.0.1.tgz. Extracting by manifest.
1700 silly tarball no local data for to-regex-range@https://registry.npmjs.org/to-regex-range/-/to-regex-range-5.0.1.tgz. Extracting by manifest.
1701 silly tarball no local data for toidentifier@https://registry.npmjs.org/toidentifier/-/toidentifier-1.0.1.tgz. Extracting by manifest.
1702 silly tarball no local data for trim-trailing-lines@https://registry.npmjs.org/trim-trailing-lines/-/trim-trailing-lines-2.1.0.tgz. Extracting by manifest.
1703 silly tarball no local data for tinyglobby@https://registry.npmjs.org/tinyglobby/-/tinyglobby-0.2.17.tgz. Extracting by manifest.
1704 silly tarball no local data for tinyexec@https://registry.npmjs.org/tinyexec/-/tinyexec-1.2.4.tgz. Extracting by manifest.
1705 silly tarball no local data for tinypool@https://registry.npmjs.org/tinypool/-/tinypool-1.1.1.tgz. Extracting by manifest.
1706 silly tarball no local data for tiny-invariant@https://registry.npmjs.org/tiny-invariant/-/tiny-invariant-1.3.3.tgz. Extracting by manifest.
1707 silly tarball no local data for tiny-warning@https://registry.npmjs.org/tiny-warning/-/tiny-warning-1.0.3.tgz. Extracting by manifest.
1708 silly tarball no local data for thingies@https://registry.npmjs.org/thingies/-/thingies-2.6.0.tgz. Extracting by manifest.
1709 silly tarball no local data for thunky@https://registry.npmjs.org/thunky/-/thunky-1.1.0.tgz. Extracting by manifest.
1710 silly tarball no local data for thenify-all@https://registry.npmjs.org/thenify-all/-/thenify-all-1.6.0.tgz. Extracting by manifest.
1711 silly tarball no local data for terser@https://registry.npmjs.org/terser/-/terser-5.48.0.tgz. Extracting by manifest.
1712 silly tarball no local data for totalist@https://registry.npmjs.org/totalist/-/totalist-3.0.1.tgz. Extracting by manifest.
1713 silly tarball no local data for thenify@https://registry.npmjs.org/thenify/-/thenify-3.3.1.tgz. Extracting by manifest.
1714 silly tarball no local data for terser-webpack-plugin@https://registry.npmjs.org/terser-webpack-plugin/-/terser-webpack-plugin-5.6.1.tgz. Extracting by manifest.
1715 silly tarball no local data for swc-loader@https://registry.npmjs.org/swc-loader/-/swc-loader-0.2.7.tgz. Extracting by manifest.
1716 silly tarball no local data for tapable@https://registry.npmjs.org/tapable/-/tapable-2.3.3.tgz. Extracting by manifest.
1717 silly tarball no local data for svg-parser@https://registry.npmjs.org/svg-parser/-/svg-parser-2.0.4.tgz. Extracting by manifest.
1718 silly tarball no local data for supports-color@https://registry.npmjs.org/supports-color/-/supports-color-7.2.0.tgz. Extracting by manifest.
1719 silly tarball no local data for supports-preserve-symlinks-flag@https://registry.npmjs.org/supports-preserve-symlinks-flag/-/supports-preserve-symlinks-flag-1.0.0.tgz. Extracting by manifest.
1720 silly tarball no local data for stylis@https://registry.npmjs.org/stylis/-/stylis-4.4.0.tgz. Extracting by manifest.
1721 silly tarball no local data for svgo@https://registry.npmjs.org/svgo/-/svgo-3.3.3.tgz. Extracting by manifest.
1722 silly tarball no local data for sucrase@https://registry.npmjs.org/sucrase/-/sucrase-3.35.1.tgz. Extracting by manifest.
1723 silly tarball no local data for style-to-object@https://registry.npmjs.org/style-to-object/-/style-to-object-1.0.14.tgz. Extracting by manifest.
1724 silly tarball no local data for stylehacks@https://registry.npmjs.org/stylehacks/-/stylehacks-6.1.1.tgz. Extracting by manifest.
1725 silly tarball no local data for style-to-js@https://registry.npmjs.org/style-to-js/-/style-to-js-1.1.21.tgz. Extracting by manifest.
1726 silly tarball no local data for strip-json-comments@https://registry.npmjs.org/strip-json-comments/-/strip-json-comments-3.1.1.tgz. Extracting by manifest.
1727 silly tarball no local data for strip-bom-string@https://registry.npmjs.org/strip-bom-string/-/strip-bom-string-1.0.0.tgz. Extracting by manifest.
1728 silly tarball no local data for strip-ansi@https://registry.npmjs.org/strip-ansi/-/strip-ansi-6.0.1.tgz. Extracting by manifest.
1729 silly tarball no local data for stringify-object@https://registry.npmjs.org/stringify-object/-/stringify-object-3.3.0.tgz. Extracting by manifest.
1730 silly tarball no local data for string-width@https://registry.npmjs.org/string-width/-/string-width-5.1.2.tgz. Extracting by manifest.
1731 silly tarball no local data for strip-final-newline@https://registry.npmjs.org/strip-final-newline/-/strip-final-newline-2.0.0.tgz. Extracting by manifest.
1732 silly tarball no local data for string_decoder@https://registry.npmjs.org/string_decoder/-/string_decoder-1.3.0.tgz. Extracting by manifest.
1733 silly tarball no local data for stringify-entities@https://registry.npmjs.org/stringify-entities/-/stringify-entities-4.0.4.tgz. Extracting by manifest.
1734 silly tarball no local data for std-env@https://registry.npmjs.org/std-env/-/std-env-3.10.0.tgz. Extracting by manifest.
1735 silly tarball no local data for spdy@https://registry.npmjs.org/spdy/-/spdy-4.0.2.tgz. Extracting by manifest.
1736 silly tarball no local data for sprintf-js@https://registry.npmjs.org/sprintf-js/-/sprintf-js-1.0.3.tgz. Extracting by manifest.
1737 silly tarball no local data for statuses@https://registry.npmjs.org/statuses/-/statuses-2.0.2.tgz. Extracting by manifest.
1738 silly tarball no local data for spdy-transport@https://registry.npmjs.org/spdy-transport/-/spdy-transport-3.0.0.tgz. Extracting by manifest.
1739 silly tarball no local data for srcset@https://registry.npmjs.org/srcset/-/srcset-4.0.0.tgz. Extracting by manifest.
1740 silly tarball no local data for sourcemap-codec@https://registry.npmjs.org/sourcemap-codec/-/sourcemap-codec-1.4.8.tgz. Extracting by manifest.
1741 silly tarball no local data for space-separated-tokens@https://registry.npmjs.org/space-separated-tokens/-/space-separated-tokens-2.0.2.tgz. Extracting by manifest.
1742 silly tarball no local data for source-map-js@https://registry.npmjs.org/source-map-js/-/source-map-js-1.2.1.tgz. Extracting by manifest.
1743 silly tarball no local data for source-map-support@https://registry.npmjs.org/source-map-support/-/source-map-support-0.5.21.tgz. Extracting by manifest.
1744 silly tarball no local data for source-map@https://registry.npmjs.org/source-map/-/source-map-0.7.6.tgz. Extracting by manifest.
1745 silly tarball no local data for snake-case@https://registry.npmjs.org/snake-case/-/snake-case-3.0.4.tgz. Extracting by manifest.
1746 silly tarball no local data for sockjs@https://registry.npmjs.org/sockjs/-/sockjs-0.3.24.tgz. Extracting by manifest.
1747 silly tarball no local data for skin-tone@https://registry.npmjs.org/skin-tone/-/skin-tone-2.0.0.tgz. Extracting by manifest.
1748 silly tarball no local data for sitemap@https://registry.npmjs.org/sitemap/-/sitemap-7.1.3.tgz. Extracting by manifest.
1749 silly tarball no local data for slash@https://registry.npmjs.org/slash/-/slash-3.0.0.tgz. Extracting by manifest.
1750 silly tarball no local data for sort-css-media-queries@https://registry.npmjs.org/sort-css-media-queries/-/sort-css-media-queries-2.2.0.tgz. Extracting by manifest.
1751 silly tarball no local data for signal-exit@https://registry.npmjs.org/signal-exit/-/signal-exit-3.0.7.tgz. Extracting by manifest.
1752 silly tarball no local data for sisteransi@https://registry.npmjs.org/sisteransi/-/sisteransi-1.0.5.tgz. Extracting by manifest.
1753 silly tarball no local data for sirv@https://registry.npmjs.org/sirv/-/sirv-2.0.4.tgz. Extracting by manifest.
1754 silly tarball no local data for side-channel-weakmap@https://registry.npmjs.org/side-channel-weakmap/-/side-channel-weakmap-1.0.2.tgz. Extracting by manifest.
1755 silly tarball no local data for side-channel-list@https://registry.npmjs.org/side-channel-list/-/side-channel-list-1.0.1.tgz. Extracting by manifest.
1756 silly tarball no local data for side-channel@https://registry.npmjs.org/side-channel/-/side-channel-1.1.0.tgz. Extracting by manifest.
1757 silly tarball no local data for shebang-command@https://registry.npmjs.org/shebang-command/-/shebang-command-2.0.0.tgz. Extracting by manifest.
1758 silly tarball no local data for shebang-regex@https://registry.npmjs.org/shebang-regex/-/shebang-regex-3.0.0.tgz. Extracting by manifest.
1759 silly tarball no local data for side-channel-map@https://registry.npmjs.org/side-channel-map/-/side-channel-map-1.0.1.tgz. Extracting by manifest.
1760 silly tarball no local data for shell-quote@https://registry.npmjs.org/shell-quote/-/shell-quote-1.8.4.tgz. Extracting by manifest.
1761 silly tarball no local data for shallowequal@https://registry.npmjs.org/shallowequal/-/shallowequal-1.1.0.tgz. Extracting by manifest.
1762 silly tarball no local data for shallow-clone@https://registry.npmjs.org/shallow-clone/-/shallow-clone-3.0.1.tgz. Extracting by manifest.
1763 silly tarball no local data for serve-static@https://registry.npmjs.org/serve-static/-/serve-static-1.16.3.tgz. Extracting by manifest.
1764 silly tarball no local data for setprototypeof@https://registry.npmjs.org/setprototypeof/-/setprototypeof-1.2.0.tgz. Extracting by manifest.
1765 silly tarball no local data for set-function-length@https://registry.npmjs.org/set-function-length/-/set-function-length-1.2.2.tgz. Extracting by manifest.
1766 silly tarball no local data for serve-handler@https://registry.npmjs.org/serve-handler/-/serve-handler-6.1.7.tgz. Extracting by manifest.
1767 silly tarball no local data for serve-index@https://registry.npmjs.org/serve-index/-/serve-index-1.9.2.tgz. Extracting by manifest.
1768 silly tarball no local data for semver-diff@https://registry.npmjs.org/semver-diff/-/semver-diff-4.0.0.tgz. Extracting by manifest.
1769 silly tarball no local data for semver@https://registry.npmjs.org/semver/-/semver-7.8.1.tgz. Extracting by manifest.
1770 silly tarball no local data for send@https://registry.npmjs.org/send/-/send-0.19.2.tgz. Extracting by manifest.
1771 silly tarball no local data for select-hose@https://registry.npmjs.org/select-hose/-/select-hose-2.0.0.tgz. Extracting by manifest.
1772 silly tarball no local data for selfsigned@https://registry.npmjs.org/selfsigned/-/selfsigned-5.5.0.tgz. Extracting by manifest.
1773 silly tarball no local data for section-matter@https://registry.npmjs.org/section-matter/-/section-matter-1.0.0.tgz. Extracting by manifest.
1774 silly tarball no local data for search-insights@https://registry.npmjs.org/search-insights/-/search-insights-2.17.3.tgz. Extracting by manifest.
1775 silly tarball no local data for serialize-javascript@https://registry.npmjs.org/serialize-javascript/-/serialize-javascript-6.0.2.tgz. Extracting by manifest.
1776 silly tarball no local data for sax@https://registry.npmjs.org/sax/-/sax-1.6.0.tgz. Extracting by manifest.
1777 silly tarball no local data for run-parallel@https://registry.npmjs.org/run-parallel/-/run-parallel-1.2.0.tgz. Extracting by manifest.
1778 silly tarball no local data for safer-buffer@https://registry.npmjs.org/safer-buffer/-/safer-buffer-2.1.2.tgz. Extracting by manifest.
1779 silly tarball no local data for schema-utils@https://registry.npmjs.org/schema-utils/-/schema-utils-4.3.3.tgz. Extracting by manifest.
1780 silly tarball no local data for rw@https://registry.npmjs.org/rw/-/rw-1.3.3.tgz. Extracting by manifest.
1781 silly tarball no local data for schema-dts@https://registry.npmjs.org/schema-dts/-/schema-dts-1.1.5.tgz. Extracting by manifest.
1782 silly tarball no local data for run-applescript@https://registry.npmjs.org/run-applescript/-/run-applescript-7.1.0.tgz. Extracting by manifest.
1783 silly tarball no local data for safe-buffer@https://registry.npmjs.org/safe-buffer/-/safe-buffer-5.2.1.tgz. Extracting by manifest.
1784 silly tarball no local data for roughjs@https://registry.npmjs.org/roughjs/-/roughjs-4.6.6.tgz. Extracting by manifest.
1785 silly tarball no local data for rtlcss@https://registry.npmjs.org/rtlcss/-/rtlcss-4.3.0.tgz. Extracting by manifest.
1786 silly tarball no local data for scheduler@https://registry.npmjs.org/scheduler/-/scheduler-0.27.0.tgz. Extracting by manifest.
1787 silly tarball no local data for reusify@https://registry.npmjs.org/reusify/-/reusify-1.1.0.tgz. Extracting by manifest.
1788 silly tarball no local data for robust-predicates@https://registry.npmjs.org/robust-predicates/-/robust-predicates-3.0.3.tgz. Extracting by manifest.
1789 silly tarball no local data for responselike@https://registry.npmjs.org/responselike/-/responselike-3.0.0.tgz. Extracting by manifest.
1790 silly tarball no local data for retry@https://registry.npmjs.org/retry/-/retry-0.13.1.tgz. Extracting by manifest.
1791 silly tarball no local data for resolve-pathname@https://registry.npmjs.org/resolve-pathname/-/resolve-pathname-3.0.0.tgz. Extracting by manifest.
1792 silly tarball no local data for resolve-from@https://registry.npmjs.org/resolve-from/-/resolve-from-4.0.0.tgz. Extracting by manifest.
1793 silly tarball no local data for resolve-alpn@https://registry.npmjs.org/resolve-alpn/-/resolve-alpn-1.2.1.tgz. Extracting by manifest.
1794 silly tarball no local data for resolve@https://registry.npmjs.org/resolve/-/resolve-1.22.12.tgz. Extracting by manifest.
1795 silly tarball no local data for require-from-string@https://registry.npmjs.org/require-from-string/-/require-from-string-2.0.2.tgz. Extracting by manifest.
1796 silly tarball no local data for requires-port@https://registry.npmjs.org/requires-port/-/requires-port-1.0.0.tgz. Extracting by manifest.
1797 silly tarball no local data for require-like@https://registry.npmjs.org/require-like/-/require-like-0.1.2.tgz. Extracting by manifest.
1798 silly tarball no local data for renderkid@https://registry.npmjs.org/renderkid/-/renderkid-3.0.0.tgz. Extracting by manifest.
1799 silly tarball no local data for remark-stringify@https://registry.npmjs.org/remark-stringify/-/remark-stringify-11.0.0.tgz. Extracting by manifest.
1800 silly tarball no local data for remark-mdx@https://registry.npmjs.org/remark-mdx/-/remark-mdx-3.1.1.tgz. Extracting by manifest.
1801 silly tarball no local data for remark-parse@https://registry.npmjs.org/remark-parse/-/remark-parse-11.0.0.tgz. Extracting by manifest.
1802 silly tarball no local data for remark-directive@https://registry.npmjs.org/remark-directive/-/remark-directive-3.0.1.tgz. Extracting by manifest.
1803 silly tarball no local data for remark-gfm@https://registry.npmjs.org/remark-gfm/-/remark-gfm-4.0.1.tgz. Extracting by manifest.
1804 silly tarball no local data for remark-rehype@https://registry.npmjs.org/remark-rehype/-/remark-rehype-11.1.2.tgz. Extracting by manifest.
1805 silly tarball no local data for remark-frontmatter@https://registry.npmjs.org/remark-frontmatter/-/remark-frontmatter-5.0.0.tgz. Extracting by manifest.
1806 silly tarball no local data for relateurl@https://registry.npmjs.org/relateurl/-/relateurl-0.2.7.tgz. Extracting by manifest.
1807 silly tarball no local data for remark-emoji@https://registry.npmjs.org/remark-emoji/-/remark-emoji-4.0.1.tgz. Extracting by manifest.
1808 silly tarball no local data for rehype-raw@https://registry.npmjs.org/rehype-raw/-/rehype-raw-7.0.0.tgz. Extracting by manifest.
1809 silly tarball no local data for remark-definition-list@https://registry.npmjs.org/remark-definition-list/-/remark-definition-list-2.0.0.tgz. Extracting by manifest.
1810 silly tarball no local data for rehype-recma@https://registry.npmjs.org/rehype-recma/-/rehype-recma-1.0.0.tgz. Extracting by manifest.
1811 silly tarball no local data for regjsparser@https://registry.npmjs.org/regjsparser/-/regjsparser-0.13.1.tgz. Extracting by manifest.
1812 silly tarball no local data for registry-url@https://registry.npmjs.org/registry-url/-/registry-url-6.0.1.tgz. Extracting by manifest.
1813 silly tarball no local data for rehype-minify-whitespace@https://registry.npmjs.org/rehype-minify-whitespace/-/rehype-minify-whitespace-6.0.2.tgz. Extracting by manifest.
1814 silly tarball no local data for regjsgen@https://registry.npmjs.org/regjsgen/-/regjsgen-0.8.0.tgz. Extracting by manifest.
1815 silly tarball no local data for regexpu-core@https://registry.npmjs.org/regexpu-core/-/regexpu-core-6.4.0.tgz. Extracting by manifest.
1816 silly tarball no local data for registry-auth-token@https://registry.npmjs.org/registry-auth-token/-/registry-auth-token-5.1.1.tgz. Extracting by manifest.
1817 silly tarball no local data for regenerate@https://registry.npmjs.org/regenerate/-/regenerate-1.4.2.tgz. Extracting by manifest.
1818 silly tarball no local data for recma-stringify@https://registry.npmjs.org/recma-stringify/-/recma-stringify-1.0.0.tgz. Extracting by manifest.
1819 silly tarball no local data for recma-build-jsx@https://registry.npmjs.org/recma-build-jsx/-/recma-build-jsx-1.0.0.tgz. Extracting by manifest.
1820 silly tarball no local data for regenerate-unicode-properties@https://registry.npmjs.org/regenerate-unicode-properties/-/regenerate-unicode-properties-10.2.2.tgz. Extracting by manifest.
1821 silly tarball no local data for recma-jsx@https://registry.npmjs.org/recma-jsx/-/recma-jsx-1.0.1.tgz. Extracting by manifest.
1822 silly tarball no local data for reflect-metadata@https://registry.npmjs.org/reflect-metadata/-/reflect-metadata-0.2.2.tgz. Extracting by manifest.
1823 silly tarball no local data for react-router-config@https://registry.npmjs.org/react-router-config/-/react-router-config-5.1.1.tgz. Extracting by manifest.
1824 silly tarball no local data for readable-stream@https://registry.npmjs.org/readable-stream/-/readable-stream-3.6.2.tgz. Extracting by manifest.
1825 silly tarball no local data for recma-parse@https://registry.npmjs.org/recma-parse/-/recma-parse-1.0.0.tgz. Extracting by manifest.
1826 silly tarball no local data for react-router@https://registry.npmjs.org/react-router/-/react-router-5.3.4.tgz. Extracting by manifest.
1827 silly tarball no local data for react-router-dom@https://registry.npmjs.org/react-router-dom/-/react-router-dom-5.3.4.tgz. Extracting by manifest.
1828 silly tarball no local data for readdirp@https://registry.npmjs.org/readdirp/-/readdirp-3.6.0.tgz. Extracting by manifest.
1829 silly tarball no local data for react-loadable-ssr-addon-v5-slorber@https://registry.npmjs.org/react-loadable-ssr-addon-v5-slorber/-/react-loadable-ssr-addon-v5-slorber-1.0.3.tgz. Extracting by manifest.
1830 silly tarball no local data for react-loadable@https://registry.npmjs.org/@docusaurus/react-loadable/-/react-loadable-6.0.0.tgz. Extracting by manifest.
1831 silly tarball no local data for react-live@https://registry.npmjs.org/react-live/-/react-live-4.1.8.tgz. Extracting by manifest.
1832 silly tarball no local data for react-json-view-lite@https://registry.npmjs.org/react-json-view-lite/-/react-json-view-lite-2.5.0.tgz. Extracting by manifest.
1833 silly tarball no local data for react-helmet-async@https://registry.npmjs.org/@slorber/react-helmet-async/-/react-helmet-async-1.3.0.tgz. Extracting by manifest.
1834 silly tarball no local data for react-is@https://registry.npmjs.org/react-is/-/react-is-16.13.1.tgz. Extracting by manifest.
1835 silly tarball no local data for react-dom@https://registry.npmjs.org/react-dom/-/react-dom-19.2.6.tgz. Extracting by manifest.
1836 silly tarball no local data for react@https://registry.npmjs.org/react/-/react-19.2.6.tgz. Extracting by manifest.
1837 silly tarball no local data for rc@https://registry.npmjs.org/rc/-/rc-1.2.8.tgz. Extracting by manifest.
1838 silly tarball no local data for react-fast-compare@https://registry.npmjs.org/react-fast-compare/-/react-fast-compare-3.2.2.tgz. Extracting by manifest.
1839 silly tarball no local data for raw-body@https://registry.npmjs.org/raw-body/-/raw-body-2.5.3.tgz. Extracting by manifest.
1840 silly tarball no local data for randombytes@https://registry.npmjs.org/randombytes/-/randombytes-2.1.0.tgz. Extracting by manifest.
1841 silly tarball no local data for quick-lru@https://registry.npmjs.org/quick-lru/-/quick-lru-5.1.1.tgz. Extracting by manifest.
1842 silly tarball no local data for queue-microtask@https://registry.npmjs.org/queue-microtask/-/queue-microtask-1.2.3.tgz. Extracting by manifest.
1843 silly tarball no local data for range-parser@https://registry.npmjs.org/range-parser/-/range-parser-1.2.0.tgz. Extracting by manifest.
1844 silly tarball no local data for qs@https://registry.npmjs.org/qs/-/qs-6.15.2.tgz. Extracting by manifest.
1845 silly tarball no local data for pvtsutils@https://registry.npmjs.org/pvtsutils/-/pvtsutils-1.3.6.tgz. Extracting by manifest.
1846 silly tarball no local data for pvutils@https://registry.npmjs.org/pvutils/-/pvutils-1.1.5.tgz. Extracting by manifest.
1847 silly tarball no local data for pupa@https://registry.npmjs.org/pupa/-/pupa-3.3.0.tgz. Extracting by manifest.
1848 silly tarball no local data for proto-list@https://registry.npmjs.org/proto-list/-/proto-list-1.2.4.tgz. Extracting by manifest.
1849 silly tarball no local data for proxy-addr@https://registry.npmjs.org/proxy-addr/-/proxy-addr-2.0.7.tgz. Extracting by manifest.
1850 silly tarball no local data for property-information@https://registry.npmjs.org/property-information/-/property-information-7.1.0.tgz. Extracting by manifest.
1851 silly tarball no local data for punycode@https://registry.npmjs.org/punycode/-/punycode-2.3.1.tgz. Extracting by manifest.
1852 silly tarball no local data for prop-types@https://registry.npmjs.org/prop-types/-/prop-types-15.8.1.tgz. Extracting by manifest.
1853 silly tarball no local data for prompts@https://registry.npmjs.org/prompts/-/prompts-2.4.2.tgz. Extracting by manifest.
1854 silly tarball no local data for prismjs@https://registry.npmjs.org/prismjs/-/prismjs-1.30.0.tgz. Extracting by manifest.
1855 silly tarball no local data for prism-react-renderer@https://registry.npmjs.org/prism-react-renderer/-/prism-react-renderer-2.4.1.tgz. Extracting by manifest.
1856 silly tarball no local data for process-nextick-args@https://registry.npmjs.org/process-nextick-args/-/process-nextick-args-2.0.1.tgz. Extracting by manifest.
1857 silly tarball no local data for pretty-time@https://registry.npmjs.org/pretty-time/-/pretty-time-1.1.0.tgz. Extracting by manifest.
1858 silly tarball no local data for pretty-error@https://registry.npmjs.org/pretty-error/-/pretty-error-4.0.0.tgz. Extracting by manifest.
1859 silly tarball no local data for postcss-zindex@https://registry.npmjs.org/postcss-zindex/-/postcss-zindex-6.0.2.tgz. Extracting by manifest.
1860 silly tarball no local data for postcss-value-parser@https://registry.npmjs.org/postcss-value-parser/-/postcss-value-parser-4.2.0.tgz. Extracting by manifest.
1861 silly tarball no local data for postcss-unique-selectors@https://registry.npmjs.org/postcss-unique-selectors/-/postcss-unique-selectors-6.0.4.tgz. Extracting by manifest.
1862 silly tarball no local data for postcss-svgo@https://registry.npmjs.org/postcss-svgo/-/postcss-svgo-6.0.3.tgz. Extracting by manifest.
1863 silly tarball no local data for postcss-sort-media-queries@https://registry.npmjs.org/postcss-sort-media-queries/-/postcss-sort-media-queries-5.2.0.tgz. Extracting by manifest.
1864 silly tarball no local data for postcss-selector-not@https://registry.npmjs.org/postcss-selector-not/-/postcss-selector-not-8.0.1.tgz. Extracting by manifest.
1865 silly tarball no local data for postcss-selector-parser@https://registry.npmjs.org/postcss-selector-parser/-/postcss-selector-parser-6.1.2.tgz. Extracting by manifest.
1866 silly tarball no local data for postcss-replace-overflow-wrap@https://registry.npmjs.org/postcss-replace-overflow-wrap/-/postcss-replace-overflow-wrap-4.0.0.tgz. Extracting by manifest.
1867 silly tarball no local data for postcss-pseudo-class-any-link@https://registry.npmjs.org/postcss-pseudo-class-any-link/-/postcss-pseudo-class-any-link-10.0.1.tgz. Extracting by manifest.
1868 silly tarball no local data for postcss-reduce-idents@https://registry.npmjs.org/postcss-reduce-idents/-/postcss-reduce-idents-6.0.3.tgz. Extracting by manifest.
1869 silly tarball no local data for postcss-reduce-transforms@https://registry.npmjs.org/postcss-reduce-transforms/-/postcss-reduce-transforms-6.0.2.tgz. Extracting by manifest.
1870 silly tarball no local data for postcss-preset-env@https://registry.npmjs.org/postcss-preset-env/-/postcss-preset-env-10.6.1.tgz. Extracting by manifest.
1871 silly tarball no local data for postcss-reduce-initial@https://registry.npmjs.org/postcss-reduce-initial/-/postcss-reduce-initial-6.1.0.tgz. Extracting by manifest.
1872 silly tarball no local data for postcss-place@https://registry.npmjs.org/postcss-place/-/postcss-place-10.0.0.tgz. Extracting by manifest.
1873 silly tarball no local data for postcss-page-break@https://registry.npmjs.org/postcss-page-break/-/postcss-page-break-3.0.4.tgz. Extracting by manifest.
1874 silly tarball no local data for postcss-overflow-shorthand@https://registry.npmjs.org/postcss-overflow-shorthand/-/postcss-overflow-shorthand-6.0.0.tgz. Extracting by manifest.
1875 silly tarball no local data for postcss-opacity-percentage@https://registry.npmjs.org/postcss-opacity-percentage/-/postcss-opacity-percentage-3.0.0.tgz. Extracting by manifest.
1876 silly tarball no local data for postcss-normalize-whitespace@https://registry.npmjs.org/postcss-normalize-whitespace/-/postcss-normalize-whitespace-6.0.2.tgz. Extracting by manifest.
1877 silly tarball no local data for postcss-ordered-values@https://registry.npmjs.org/postcss-ordered-values/-/postcss-ordered-values-6.0.2.tgz. Extracting by manifest.
1878 silly tarball no local data for postcss-normalize-url@https://registry.npmjs.org/postcss-normalize-url/-/postcss-normalize-url-6.0.2.tgz. Extracting by manifest.
1879 silly tarball no local data for postcss-normalize-unicode@https://registry.npmjs.org/postcss-normalize-unicode/-/postcss-normalize-unicode-6.1.0.tgz. Extracting by manifest.
1880 silly tarball no local data for postcss-normalize-string@https://registry.npmjs.org/postcss-normalize-string/-/postcss-normalize-string-6.0.2.tgz. Extracting by manifest.
1881 silly tarball no local data for postcss-normalize-timing-functions@https://registry.npmjs.org/postcss-normalize-timing-functions/-/postcss-normalize-timing-functions-6.0.2.tgz. Extracting by manifest.
1882 silly tarball no local data for postcss-normalize-repeat-style@https://registry.npmjs.org/postcss-normalize-repeat-style/-/postcss-normalize-repeat-style-6.0.2.tgz. Extracting by manifest.
1883 silly tarball no local data for postcss-normalize-positions@https://registry.npmjs.org/postcss-normalize-positions/-/postcss-normalize-positions-6.0.2.tgz. Extracting by manifest.
1884 silly tarball no local data for postcss-normalize-display-values@https://registry.npmjs.org/postcss-normalize-display-values/-/postcss-normalize-display-values-6.0.2.tgz. Extracting by manifest.
1885 silly tarball no local data for postcss-modules-scope@https://registry.npmjs.org/postcss-modules-scope/-/postcss-modules-scope-3.2.1.tgz. Extracting by manifest.
1886 silly tarball no local data for postcss-normalize-charset@https://registry.npmjs.org/postcss-normalize-charset/-/postcss-normalize-charset-6.0.2.tgz. Extracting by manifest.
1887 silly tarball no local data for postcss-nesting@https://registry.npmjs.org/postcss-nesting/-/postcss-nesting-13.0.2.tgz. Extracting by manifest.
1888 silly tarball no local data for postcss-modules-values@https://registry.npmjs.org/postcss-modules-values/-/postcss-modules-values-4.0.0.tgz. Extracting by manifest.
1889 silly tarball no local data for postcss-modules-extract-imports@https://registry.npmjs.org/postcss-modules-extract-imports/-/postcss-modules-extract-imports-3.1.0.tgz. Extracting by manifest.
1890 silly tarball no local data for postcss-modules-local-by-default@https://registry.npmjs.org/postcss-modules-local-by-default/-/postcss-modules-local-by-default-4.2.0.tgz. Extracting by manifest.
1891 silly tarball no local data for postcss-minify-selectors@https://registry.npmjs.org/postcss-minify-selectors/-/postcss-minify-selectors-6.0.4.tgz. Extracting by manifest.
1892 silly tarball no local data for postcss-minify-params@https://registry.npmjs.org/postcss-minify-params/-/postcss-minify-params-6.1.0.tgz. Extracting by manifest.
1893 silly tarball no local data for postcss-minify-gradients@https://registry.npmjs.org/postcss-minify-gradients/-/postcss-minify-gradients-6.0.3.tgz. Extracting by manifest.
1894 silly tarball no local data for postcss-minify-font-values@https://registry.npmjs.org/postcss-minify-font-values/-/postcss-minify-font-values-6.1.0.tgz. Extracting by manifest.
1895 silly tarball no local data for postcss-merge-rules@https://registry.npmjs.org/postcss-merge-rules/-/postcss-merge-rules-6.1.1.tgz. Extracting by manifest.
1896 silly tarball no local data for postcss-merge-longhand@https://registry.npmjs.org/postcss-merge-longhand/-/postcss-merge-longhand-6.0.5.tgz. Extracting by manifest.
1897 silly tarball no local data for postcss-merge-idents@https://registry.npmjs.org/postcss-merge-idents/-/postcss-merge-idents-6.0.3.tgz. Extracting by manifest.
1898 silly tarball no local data for postcss-logical@https://registry.npmjs.org/postcss-logical/-/postcss-logical-8.1.0.tgz. Extracting by manifest.
1899 silly tarball no local data for postcss-loader@https://registry.npmjs.org/postcss-loader/-/postcss-loader-7.3.4.tgz. Extracting by manifest.
1900 silly tarball no local data for postcss-lab-function@https://registry.npmjs.org/postcss-lab-function/-/postcss-lab-function-7.0.12.tgz. Extracting by manifest.
1901 silly tarball no local data for postcss-image-set-function@https://registry.npmjs.org/postcss-image-set-function/-/postcss-image-set-function-7.0.0.tgz. Extracting by manifest.
1902 silly tarball no local data for postcss-gap-properties@https://registry.npmjs.org/postcss-gap-properties/-/postcss-gap-properties-6.0.0.tgz. Extracting by manifest.
1903 silly tarball no local data for postcss-font-variant@https://registry.npmjs.org/postcss-font-variant/-/postcss-font-variant-5.0.0.tgz. Extracting by manifest.
1904 silly tarball no local data for postcss-focus-within@https://registry.npmjs.org/postcss-focus-within/-/postcss-focus-within-9.0.1.tgz. Extracting by manifest.
1905 silly tarball no local data for postcss-focus-visible@https://registry.npmjs.org/postcss-focus-visible/-/postcss-focus-visible-10.0.1.tgz. Extracting by manifest.
1906 silly tarball no local data for postcss-double-position-gradients@https://registry.npmjs.org/postcss-double-position-gradients/-/postcss-double-position-gradients-6.0.4.tgz. Extracting by manifest.
1907 silly tarball no local data for postcss-discard-empty@https://registry.npmjs.org/postcss-discard-empty/-/postcss-discard-empty-6.0.3.tgz. Extracting by manifest.
1908 silly tarball no local data for postcss-discard-unused@https://registry.npmjs.org/postcss-discard-unused/-/postcss-discard-unused-6.0.5.tgz. Extracting by manifest.
1909 silly tarball no local data for postcss-discard-overridden@https://registry.npmjs.org/postcss-discard-overridden/-/postcss-discard-overridden-6.0.2.tgz. Extracting by manifest.
1910 silly tarball no local data for postcss-discard-duplicates@https://registry.npmjs.org/postcss-discard-duplicates/-/postcss-discard-duplicates-6.0.3.tgz. Extracting by manifest.
1911 silly tarball no local data for postcss-discard-comments@https://registry.npmjs.org/postcss-discard-comments/-/postcss-discard-comments-6.0.2.tgz. Extracting by manifest.
1912 silly tarball no local data for postcss-dir-pseudo-class@https://registry.npmjs.org/postcss-dir-pseudo-class/-/postcss-dir-pseudo-class-9.0.1.tgz. Extracting by manifest.
1913 silly tarball no local data for postcss-custom-selectors@https://registry.npmjs.org/postcss-custom-selectors/-/postcss-custom-selectors-8.0.5.tgz. Extracting by manifest.
1914 silly tarball no local data for postcss-custom-media@https://registry.npmjs.org/postcss-custom-media/-/postcss-custom-media-11.0.6.tgz. Extracting by manifest.
1915 silly tarball no local data for postcss-colormin@https://registry.npmjs.org/postcss-colormin/-/postcss-colormin-6.1.0.tgz. Extracting by manifest.
1916 silly tarball no local data for postcss-convert-values@https://registry.npmjs.org/postcss-convert-values/-/postcss-convert-values-6.1.0.tgz. Extracting by manifest.
1917 silly tarball no local data for postcss-color-hex-alpha@https://registry.npmjs.org/postcss-color-hex-alpha/-/postcss-color-hex-alpha-10.0.0.tgz. Extracting by manifest.
1918 silly tarball no local data for postcss-color-functional-notation@https://registry.npmjs.org/postcss-color-functional-notation/-/postcss-color-functional-notation-7.0.12.tgz. Extracting by manifest.
1919 silly tarball no local data for postcss-color-rebeccapurple@https://registry.npmjs.org/postcss-color-rebeccapurple/-/postcss-color-rebeccapurple-10.0.0.tgz. Extracting by manifest.
1920 silly tarball no local data for postcss-custom-properties@https://registry.npmjs.org/postcss-custom-properties/-/postcss-custom-properties-14.0.6.tgz. Extracting by manifest.
1921 silly tarball no local data for postcss-clamp@https://registry.npmjs.org/postcss-clamp/-/postcss-clamp-4.1.0.tgz. Extracting by manifest.
1922 silly tarball no local data for postcss-calc@https://registry.npmjs.org/postcss-calc/-/postcss-calc-9.0.1.tgz. Extracting by manifest.
1923 silly tarball no local data for postcss@https://registry.npmjs.org/postcss/-/postcss-8.5.15.tgz. Extracting by manifest.
1924 silly tarball no local data for postcss-attribute-case-insensitive@https://registry.npmjs.org/postcss-attribute-case-insensitive/-/postcss-attribute-case-insensitive-7.0.1.tgz. Extracting by manifest.
1925 silly tarball no local data for points-on-path@https://registry.npmjs.org/points-on-path/-/points-on-path-0.2.1.tgz. Extracting by manifest.
1926 silly tarball no local data for pkijs@https://registry.npmjs.org/pkijs/-/pkijs-3.4.0.tgz. Extracting by manifest.
1927 silly tarball no local data for pkg-dir@https://registry.npmjs.org/pkg-dir/-/pkg-dir-7.0.0.tgz. Extracting by manifest.
1928 silly tarball no local data for pirates@https://registry.npmjs.org/pirates/-/pirates-4.0.7.tgz. Extracting by manifest.
1929 silly tarball no local data for picomatch@https://registry.npmjs.org/picomatch/-/picomatch-2.3.2.tgz. Extracting by manifest.
1930 silly tarball no local data for picocolors@https://registry.npmjs.org/picocolors/-/picocolors-1.1.1.tgz. Extracting by manifest.
1931 silly tarball no local data for path-type@https://registry.npmjs.org/path-type/-/path-type-4.0.0.tgz. Extracting by manifest.
1932 silly tarball no local data for path-to-regexp@https://registry.npmjs.org/path-to-regexp/-/path-to-regexp-1.9.0.tgz. Extracting by manifest.
1933 silly tarball no local data for points-on-curve@https://registry.npmjs.org/points-on-curve/-/points-on-curve-0.2.0.tgz. Extracting by manifest.
1934 silly tarball no local data for path-key@https://registry.npmjs.org/path-key/-/path-key-3.1.1.tgz. Extracting by manifest.
1935 silly tarball no local data for path-exists@https://registry.npmjs.org/path-exists/-/path-exists-5.0.0.tgz. Extracting by manifest.
1936 silly tarball no local data for path-data-parser@https://registry.npmjs.org/path-data-parser/-/path-data-parser-0.1.0.tgz. Extracting by manifest.
1937 silly tarball no local data for path-parse@https://registry.npmjs.org/path-parse/-/path-parse-1.0.7.tgz. Extracting by manifest.
1938 silly tarball no local data for pascal-case@https://registry.npmjs.org/pascal-case/-/pascal-case-3.1.2.tgz. Extracting by manifest.
1939 silly tarball no local data for parseurl@https://registry.npmjs.org/parseurl/-/parseurl-1.3.3.tgz. Extracting by manifest.
1940 silly tarball no local data for parse5-htmlparser2-tree-adapter@https://registry.npmjs.org/parse5-htmlparser2-tree-adapter/-/parse5-htmlparser2-tree-adapter-7.1.0.tgz. Extracting by manifest.
1941 silly tarball no local data for parse5@https://registry.npmjs.org/parse5/-/parse5-7.3.0.tgz. Extracting by manifest.
1942 silly tarball no local data for path-is-inside@https://registry.npmjs.org/path-is-inside/-/path-is-inside-1.0.2.tgz. Extracting by manifest.
1943 silly tarball no local data for parse-numeric-range@https://registry.npmjs.org/parse-numeric-range/-/parse-numeric-range-1.3.0.tgz. Extracting by manifest.
1944 silly tarball no local data for parse-json@https://registry.npmjs.org/parse-json/-/parse-json-5.2.0.tgz. Extracting by manifest.
1945 silly tarball no local data for parse5-parser-stream@https://registry.npmjs.org/parse5-parser-stream/-/parse5-parser-stream-7.1.2.tgz. Extracting by manifest.
1946 silly tarball no local data for parent-module@https://registry.npmjs.org/parent-module/-/parent-module-1.0.1.tgz. Extracting by manifest.
1947 silly tarball no local data for param-case@https://registry.npmjs.org/param-case/-/param-case-3.0.4.tgz. Extracting by manifest.
1948 silly tarball no local data for package-manager-detector@https://registry.npmjs.org/package-manager-detector/-/package-manager-detector-1.6.0.tgz. Extracting by manifest.
1949 silly tarball no local data for p-timeout@https://registry.npmjs.org/p-timeout/-/p-timeout-3.2.0.tgz. Extracting by manifest.
1950 silly tarball no local data for package-json@https://registry.npmjs.org/package-json/-/package-json-8.1.1.tgz. Extracting by manifest.
1951 silly tarball no local data for p-retry@https://registry.npmjs.org/p-retry/-/p-retry-6.2.1.tgz. Extracting by manifest.
1952 silly tarball no local data for p-queue@https://registry.npmjs.org/p-queue/-/p-queue-6.6.2.tgz. Extracting by manifest.
1953 silly tarball no local data for parse-entities@https://registry.npmjs.org/parse-entities/-/parse-entities-4.0.2.tgz. Extracting by manifest.
1954 silly tarball no local data for p-limit@https://registry.npmjs.org/p-limit/-/p-limit-4.0.0.tgz. Extracting by manifest.
1955 silly tarball no local data for os-homedir@https://registry.npmjs.org/os-homedir/-/os-homedir-1.0.2.tgz. Extracting by manifest.
1956 silly tarball no local data for p-locate@https://registry.npmjs.org/p-locate/-/p-locate-6.0.0.tgz. Extracting by manifest.
1957 silly tarball no local data for p-finally@https://registry.npmjs.org/p-finally/-/p-finally-1.0.0.tgz. Extracting by manifest.
1958 silly tarball no local data for opener@https://registry.npmjs.org/opener/-/opener-1.5.2.tgz. Extracting by manifest.
1959 silly tarball no local data for p-map@https://registry.npmjs.org/p-map/-/p-map-4.0.0.tgz. Extracting by manifest.
1960 silly tarball no local data for onetime@https://registry.npmjs.org/onetime/-/onetime-5.1.2.tgz. Extracting by manifest.
1961 silly tarball no local data for open@https://registry.npmjs.org/open/-/open-8.4.2.tgz. Extracting by manifest.
1962 silly tarball no local data for on-finished@https://registry.npmjs.org/on-finished/-/on-finished-2.4.1.tgz. Extracting by manifest.
1963 silly tarball no local data for p-cancelable@https://registry.npmjs.org/p-cancelable/-/p-cancelable-3.0.0.tgz. Extracting by manifest.
1964 silly tarball no local data for on-headers@https://registry.npmjs.org/on-headers/-/on-headers-1.1.0.tgz. Extracting by manifest.
1965 silly tarball no local data for object.assign@https://registry.npmjs.org/object.assign/-/object.assign-4.1.7.tgz. Extracting by manifest.
1966 silly tarball no local data for obuf@https://registry.npmjs.org/obuf/-/obuf-1.1.2.tgz. Extracting by manifest.
1967 silly tarball no local data for object-keys@https://registry.npmjs.org/object-keys/-/object-keys-1.1.1.tgz. Extracting by manifest.
1968 silly tarball no local data for object-inspect@https://registry.npmjs.org/object-inspect/-/object-inspect-1.13.4.tgz. Extracting by manifest.
1969 silly tarball no local data for object-assign@https://registry.npmjs.org/object-assign/-/object-assign-4.1.1.tgz. Extracting by manifest.
1970 silly tarball no local data for null-loader@https://registry.npmjs.org/null-loader/-/null-loader-4.0.1.tgz. Extracting by manifest.
1971 silly tarball no local data for normalize-path@https://registry.npmjs.org/normalize-path/-/normalize-path-3.0.0.tgz. Extracting by manifest.
1972 silly tarball no local data for nth-check@https://registry.npmjs.org/nth-check/-/nth-check-2.1.1.tgz. Extracting by manifest.
1973 silly tarball no local data for normalize-url@https://registry.npmjs.org/normalize-url/-/normalize-url-8.1.1.tgz. Extracting by manifest.
1974 silly tarball no local data for nprogress@https://registry.npmjs.org/nprogress/-/nprogress-0.2.0.tgz. Extracting by manifest.
1975 silly tarball no local data for node-emoji@https://registry.npmjs.org/node-emoji/-/node-emoji-2.2.0.tgz. Extracting by manifest.
1976 silly tarball no local data for npm-run-path@https://registry.npmjs.org/npm-run-path/-/npm-run-path-4.0.1.tgz. Extracting by manifest.
1977 silly tarball no local data for no-case@https://registry.npmjs.org/no-case/-/no-case-3.0.4.tgz. Extracting by manifest.
1978 silly tarball no local data for node-releases@https://registry.npmjs.org/node-releases/-/node-releases-2.0.46.tgz. Extracting by manifest.
1979 silly tarball no local data for mz@https://registry.npmjs.org/mz/-/mz-2.7.0.tgz. Extracting by manifest.
1980 silly tarball no local data for multicast-dns@https://registry.npmjs.org/multicast-dns/-/multicast-dns-7.2.5.tgz. Extracting by manifest.
1981 silly tarball no local data for negotiator@https://registry.npmjs.org/negotiator/-/negotiator-0.6.4.tgz. Extracting by manifest.
1982 silly tarball no local data for mrmime@https://registry.npmjs.org/mrmime/-/mrmime-2.0.1.tgz. Extracting by manifest.
1983 silly tarball no local data for minimist@https://registry.npmjs.org/minimist/-/minimist-1.2.8.tgz. Extracting by manifest.
1984 silly tarball no local data for nanoid@https://registry.npmjs.org/nanoid/-/nanoid-3.3.12.tgz. Extracting by manifest.
1985 silly tarball no local data for ms@https://registry.npmjs.org/ms/-/ms-2.1.3.tgz. Extracting by manifest.
1986 silly tarball no local data for minimatch@https://registry.npmjs.org/minimatch/-/minimatch-3.1.5.tgz. Extracting by manifest.
1987 silly tarball no local data for neo-async@https://registry.npmjs.org/neo-async/-/neo-async-2.6.2.tgz. Extracting by manifest.
1988 silly tarball no local data for mini-css-extract-plugin@https://registry.npmjs.org/mini-css-extract-plugin/-/mini-css-extract-plugin-2.10.2.tgz. Extracting by manifest.
1989 silly tarball no local data for mimic-fn@https://registry.npmjs.org/mimic-fn/-/mimic-fn-2.1.0.tgz. Extracting by manifest.
1990 silly tarball no local data for mimic-response@https://registry.npmjs.org/mimic-response/-/mimic-response-4.0.0.tgz. Extracting by manifest.
1991 silly tarball no local data for minimalistic-assert@https://registry.npmjs.org/minimalistic-assert/-/minimalistic-assert-1.0.1.tgz. Extracting by manifest.
1992 silly tarball no local data for mime-db@https://registry.npmjs.org/mime-db/-/mime-db-1.33.0.tgz. Extracting by manifest.
1993 silly tarball no local data for mime-types@https://registry.npmjs.org/mime-types/-/mime-types-2.1.18.tgz. Extracting by manifest.
1994 silly tarball no local data for micromatch@https://registry.npmjs.org/micromatch/-/micromatch-4.0.8.tgz. Extracting by manifest.
1995 silly tarball no local data for mime@https://registry.npmjs.org/mime/-/mime-1.6.0.tgz. Extracting by manifest.
1996 silly tarball no local data for micromark-util-types@https://registry.npmjs.org/micromark-util-types/-/micromark-util-types-2.0.2.tgz. Extracting by manifest.
1997 silly tarball no local data for micromark-util-symbol@https://registry.npmjs.org/micromark-util-symbol/-/micromark-util-symbol-1.1.0.tgz. Extracting by manifest.
1998 silly tarball no local data for micromark-util-sanitize-uri@https://registry.npmjs.org/micromark-util-sanitize-uri/-/micromark-util-sanitize-uri-2.0.1.tgz. Extracting by manifest.
1999 silly tarball no local data for micromark-util-resolve-all@https://registry.npmjs.org/micromark-util-resolve-all/-/micromark-util-resolve-all-2.0.1.tgz. Extracting by manifest.
2000 silly tarball no local data for micromark-util-normalize-identifier@https://registry.npmjs.org/micromark-util-normalize-identifier/-/micromark-util-normalize-identifier-2.0.1.tgz. Extracting by manifest.
2001 silly tarball no local data for micromark-util-subtokenize@https://registry.npmjs.org/micromark-util-subtokenize/-/micromark-util-subtokenize-2.1.0.tgz. Extracting by manifest.
2002 silly tarball no local data for micromark-util-events-to-acorn@https://registry.npmjs.org/micromark-util-events-to-acorn/-/micromark-util-events-to-acorn-2.0.3.tgz. Extracting by manifest.
2003 silly tarball no local data for micromark-util-html-tag-name@https://registry.npmjs.org/micromark-util-html-tag-name/-/micromark-util-html-tag-name-2.0.1.tgz. Extracting by manifest.
2004 silly tarball no local data for micromark-util-encode@https://registry.npmjs.org/micromark-util-encode/-/micromark-util-encode-2.0.1.tgz. Extracting by manifest.
2005 silly tarball no local data for micromark-util-combine-extensions@https://registry.npmjs.org/micromark-util-combine-extensions/-/micromark-util-combine-extensions-2.0.1.tgz. Extracting by manifest.
2006 silly tarball no local data for micromark-util-chunked@https://registry.npmjs.org/micromark-util-chunked/-/micromark-util-chunked-2.0.1.tgz. Extracting by manifest.
2007 silly tarball no local data for micromark-util-classify-character@https://registry.npmjs.org/micromark-util-classify-character/-/micromark-util-classify-character-2.0.1.tgz. Extracting by manifest.
2008 silly tarball no local data for micromark-factory-whitespace@https://registry.npmjs.org/micromark-factory-whitespace/-/micromark-factory-whitespace-2.0.1.tgz. Extracting by manifest.
2009 silly tarball no local data for micromark-util-character@https://registry.npmjs.org/micromark-util-character/-/micromark-util-character-1.2.0.tgz. Extracting by manifest.
2010 silly tarball no local data for micromark-util-decode-numeric-character-reference@https://registry.npmjs.org/micromark-util-decode-numeric-character-reference/-/micromark-util-decode-numeric-character-reference-2.0.2.tgz. Extracting by manifest.
2011 silly tarball no local data for micromark-factory-mdx-expression@https://registry.npmjs.org/micromark-factory-mdx-expression/-/micromark-factory-mdx-expression-2.0.3.tgz. Extracting by manifest.
2012 silly tarball no local data for micromark-util-decode-string@https://registry.npmjs.org/micromark-util-decode-string/-/micromark-util-decode-string-2.0.1.tgz. Extracting by manifest.
2013 silly tarball no local data for micromark-factory-title@https://registry.npmjs.org/micromark-factory-title/-/micromark-factory-title-2.0.1.tgz. Extracting by manifest.
2014 silly tarball no local data for micromark-factory-label@https://registry.npmjs.org/micromark-factory-label/-/micromark-factory-label-2.0.1.tgz. Extracting by manifest.
2015 silly tarball no local data for micromark-extension-mdxjs@https://registry.npmjs.org/micromark-extension-mdxjs/-/micromark-extension-mdxjs-3.0.0.tgz. Extracting by manifest.
2016 silly tarball no local data for micromark-factory-destination@https://registry.npmjs.org/micromark-factory-destination/-/micromark-factory-destination-2.0.1.tgz. Extracting by manifest.
2017 silly tarball no local data for micromark-extension-mdxjs-esm@https://registry.npmjs.org/micromark-extension-mdxjs-esm/-/micromark-extension-mdxjs-esm-3.0.0.tgz. Extracting by manifest.
2018 silly tarball no local data for micromark-factory-space@https://registry.npmjs.org/micromark-factory-space/-/micromark-factory-space-1.1.0.tgz. Extracting by manifest.
2019 silly tarball no local data for micromark-extension-mdx-md@https://registry.npmjs.org/micromark-extension-mdx-md/-/micromark-extension-mdx-md-2.0.0.tgz. Extracting by manifest.
2020 silly tarball no local data for micromark-extension-gfm-task-list-item@https://registry.npmjs.org/micromark-extension-gfm-task-list-item/-/micromark-extension-gfm-task-list-item-2.1.0.tgz. Extracting by manifest.
2021 silly tarball no local data for micromark-extension-gfm-tagfilter@https://registry.npmjs.org/micromark-extension-gfm-tagfilter/-/micromark-extension-gfm-tagfilter-2.0.0.tgz. Extracting by manifest.
2022 silly tarball no local data for micromark-extension-gfm-strikethrough@https://registry.npmjs.org/micromark-extension-gfm-strikethrough/-/micromark-extension-gfm-strikethrough-2.1.0.tgz. Extracting by manifest.
2023 silly tarball no local data for micromark-extension-mdx-expression@https://registry.npmjs.org/micromark-extension-mdx-expression/-/micromark-extension-mdx-expression-3.0.1.tgz. Extracting by manifest.
2024 silly tarball no local data for micromark-extension-gfm-footnote@https://registry.npmjs.org/micromark-extension-gfm-footnote/-/micromark-extension-gfm-footnote-2.1.0.tgz. Extracting by manifest.
2025 silly tarball no local data for micromark-extension-gfm-autolink-literal@https://registry.npmjs.org/micromark-extension-gfm-autolink-literal/-/micromark-extension-gfm-autolink-literal-2.1.0.tgz. Extracting by manifest.
2026 silly tarball no local data for micromark-extension-directive@https://registry.npmjs.org/micromark-extension-directive/-/micromark-extension-directive-3.0.2.tgz. Extracting by manifest.
2027 silly tarball no local data for micromark-extension-gfm-table@https://registry.npmjs.org/micromark-extension-gfm-table/-/micromark-extension-gfm-table-2.1.1.tgz. Extracting by manifest.
2028 silly tarball no local data for micromark-extension-frontmatter@https://registry.npmjs.org/micromark-extension-frontmatter/-/micromark-extension-frontmatter-2.0.0.tgz. Extracting by manifest.
2029 silly tarball no local data for micromark-extension-gfm@https://registry.npmjs.org/micromark-extension-gfm/-/micromark-extension-gfm-3.0.0.tgz. Extracting by manifest.
2030 silly tarball no local data for micromark@https://registry.npmjs.org/micromark/-/micromark-4.0.2.tgz. Extracting by manifest.
2031 silly tarball no local data for methods@https://registry.npmjs.org/methods/-/methods-1.1.2.tgz. Extracting by manifest.
2032 silly tarball no local data for micromark-core-commonmark@https://registry.npmjs.org/micromark-core-commonmark/-/micromark-core-commonmark-2.0.3.tgz. Extracting by manifest.
2033 silly tarball no local data for micromark-extension-mdx-jsx@https://registry.npmjs.org/micromark-extension-mdx-jsx/-/micromark-extension-mdx-jsx-3.0.2.tgz. Extracting by manifest.
2034 silly tarball no local data for micromark-extension-definition-list@https://registry.npmjs.org/micromark-extension-definition-list/-/micromark-extension-definition-list-2.0.1.tgz. Extracting by manifest.
2035 silly tarball no local data for merge2@https://registry.npmjs.org/merge2/-/merge2-1.4.1.tgz. Extracting by manifest.
2036 silly tarball no local data for memfs@https://registry.npmjs.org/memfs/-/memfs-4.57.3.tgz. Extracting by manifest.
2037 silly tarball no local data for merge-descriptors@https://registry.npmjs.org/merge-descriptors/-/merge-descriptors-1.0.3.tgz. Extracting by manifest.
2038 silly tarball no local data for media-typer@https://registry.npmjs.org/media-typer/-/media-typer-0.3.0.tgz. Extracting by manifest.
2039 silly tarball no local data for mermaid@https://registry.npmjs.org/mermaid/-/mermaid-11.15.0.tgz. Extracting by manifest.
2040 silly tarball no local data for merge-stream@https://registry.npmjs.org/merge-stream/-/merge-stream-2.0.0.tgz. Extracting by manifest.
2041 silly tarball no local data for mdast-util-to-string@https://registry.npmjs.org/mdast-util-to-string/-/mdast-util-to-string-4.0.0.tgz. Extracting by manifest.
2042 silly tarball no local data for mdn-data@https://registry.npmjs.org/mdn-data/-/mdn-data-2.0.30.tgz. Extracting by manifest.
2043 silly tarball no local data for mdast-util-to-markdown@https://registry.npmjs.org/mdast-util-to-markdown/-/mdast-util-to-markdown-2.1.2.tgz. Extracting by manifest.
2044 silly tarball no local data for mdast-util-to-hast@https://registry.npmjs.org/mdast-util-to-hast/-/mdast-util-to-hast-13.2.1.tgz. Extracting by manifest.
2045 silly tarball no local data for mdast-util-mdxjs-esm@https://registry.npmjs.org/mdast-util-mdxjs-esm/-/mdast-util-mdxjs-esm-2.0.1.tgz. Extracting by manifest.
2046 silly tarball no local data for mdast-util-mdx-jsx@https://registry.npmjs.org/mdast-util-mdx-jsx/-/mdast-util-mdx-jsx-3.2.0.tgz. Extracting by manifest.
2047 silly tarball no local data for mdast-util-mdx-expression@https://registry.npmjs.org/mdast-util-mdx-expression/-/mdast-util-mdx-expression-2.0.1.tgz. Extracting by manifest.
2048 silly tarball no local data for mdast-util-phrasing@https://registry.npmjs.org/mdast-util-phrasing/-/mdast-util-phrasing-4.1.0.tgz. Extracting by manifest.
2049 silly tarball no local data for mdast-util-mdx@https://registry.npmjs.org/mdast-util-mdx/-/mdast-util-mdx-3.0.0.tgz. Extracting by manifest.
2050 silly tarball no local data for mdast-util-gfm-table@https://registry.npmjs.org/mdast-util-gfm-table/-/mdast-util-gfm-table-2.0.0.tgz. Extracting by manifest.
2051 silly tarball no local data for mdast-util-gfm-task-list-item@https://registry.npmjs.org/mdast-util-gfm-task-list-item/-/mdast-util-gfm-task-list-item-2.0.0.tgz. Extracting by manifest.
2052 silly tarball no local data for mdast-util-gfm-strikethrough@https://registry.npmjs.org/mdast-util-gfm-strikethrough/-/mdast-util-gfm-strikethrough-2.0.0.tgz. Extracting by manifest.
2053 silly tarball no local data for mdast-util-gfm@https://registry.npmjs.org/mdast-util-gfm/-/mdast-util-gfm-3.1.0.tgz. Extracting by manifest.
2054 silly tarball no local data for mdast-util-find-and-replace@https://registry.npmjs.org/mdast-util-find-and-replace/-/mdast-util-find-and-replace-3.0.2.tgz. Extracting by manifest.
2055 silly tarball no local data for mdast-util-frontmatter@https://registry.npmjs.org/mdast-util-frontmatter/-/mdast-util-frontmatter-2.0.1.tgz. Extracting by manifest.
2056 silly tarball no local data for mdast-util-gfm-footnote@https://registry.npmjs.org/mdast-util-gfm-footnote/-/mdast-util-gfm-footnote-2.1.0.tgz. Extracting by manifest.
2057 silly tarball no local data for mdast-util-gfm-autolink-literal@https://registry.npmjs.org/mdast-util-gfm-autolink-literal/-/mdast-util-gfm-autolink-literal-2.0.1.tgz. Extracting by manifest.
2058 silly tarball no local data for mdast-util-directive@https://registry.npmjs.org/mdast-util-directive/-/mdast-util-directive-3.1.0.tgz. Extracting by manifest.
2059 silly tarball no local data for mdast-util-definition-list@https://registry.npmjs.org/mdast-util-definition-list/-/mdast-util-definition-list-2.0.0.tgz. Extracting by manifest.
2060 silly tarball no local data for marked@https://registry.npmjs.org/marked/-/marked-16.4.2.tgz. Extracting by manifest.
2061 silly tarball no local data for math-intrinsics@https://registry.npmjs.org/math-intrinsics/-/math-intrinsics-1.1.0.tgz. Extracting by manifest.
2062 silly tarball no local data for markdown-table@https://registry.npmjs.org/markdown-table/-/markdown-table-3.0.4.tgz. Extracting by manifest.
2063 silly tarball no local data for markdown-extensions@https://registry.npmjs.org/markdown-extensions/-/markdown-extensions-2.0.0.tgz. Extracting by manifest.
2064 silly tarball no local data for mark.js@https://registry.npmjs.org/mark.js/-/mark.js-8.11.1.tgz. Extracting by manifest.
2065 silly tarball no local data for mdast-util-from-markdown@https://registry.npmjs.org/mdast-util-from-markdown/-/mdast-util-from-markdown-2.0.3.tgz. Extracting by manifest.
2066 silly tarball no local data for magic-string@https://registry.npmjs.org/magic-string/-/magic-string-0.25.9.tgz. Extracting by manifest.
2067 silly tarball no local data for lunr@https://registry.npmjs.org/lunr/-/lunr-2.3.9.tgz. Extracting by manifest.
2068 silly tarball no local data for lru-cache@https://registry.npmjs.org/lru-cache/-/lru-cache-5.1.1.tgz. Extracting by manifest.
2069 silly tarball no local data for lower-case@https://registry.npmjs.org/lower-case/-/lower-case-2.0.2.tgz. Extracting by manifest.
2070 silly tarball no local data for lunr-languages@https://registry.npmjs.org/lunr-languages/-/lunr-languages-1.20.0.tgz. Extracting by manifest.
2071 silly tarball no local data for lowercase-keys@https://registry.npmjs.org/lowercase-keys/-/lowercase-keys-3.0.0.tgz. Extracting by manifest.
2072 silly tarball no local data for loose-envify@https://registry.npmjs.org/loose-envify/-/loose-envify-1.4.0.tgz. Extracting by manifest.
2073 silly tarball no local data for longest-streak@https://registry.npmjs.org/longest-streak/-/longest-streak-3.1.0.tgz. Extracting by manifest.
2074 silly tarball no local data for lodash.uniq@https://registry.npmjs.org/lodash.uniq/-/lodash.uniq-4.5.0.tgz. Extracting by manifest.
2075 silly tarball no local data for lodash.debounce@https://registry.npmjs.org/lodash.debounce/-/lodash.debounce-4.0.8.tgz. Extracting by manifest.
2076 silly tarball no local data for lodash@https://registry.npmjs.org/lodash/-/lodash-4.18.1.tgz. Extracting by manifest.
2077 silly tarball no local data for locate-path@https://registry.npmjs.org/locate-path/-/locate-path-7.2.0.tgz. Extracting by manifest.
2078 silly tarball no local data for loader-utils@https://registry.npmjs.org/loader-utils/-/loader-utils-2.0.4.tgz. Extracting by manifest.
2079 silly tarball no local data for loader-runner@https://registry.npmjs.org/loader-runner/-/loader-runner-4.3.2.tgz. Extracting by manifest.
2080 silly tarball no local data for lines-and-columns@https://registry.npmjs.org/lines-and-columns/-/lines-and-columns-1.2.4.tgz. Extracting by manifest.
2081 silly tarball no local data for lightningcss-darwin-arm64@https://registry.npmjs.org/lightningcss-darwin-arm64/-/lightningcss-darwin-arm64-1.32.0.tgz. Extracting by manifest.
2082 silly tarball no local data for lilconfig@https://registry.npmjs.org/lilconfig/-/lilconfig-3.1.3.tgz. Extracting by manifest.
2083 silly tarball no local data for lightningcss@https://registry.npmjs.org/lightningcss/-/lightningcss-1.32.0.tgz. Extracting by manifest.
2084 silly tarball no local data for leven@https://registry.npmjs.org/leven/-/leven-3.1.0.tgz. Extracting by manifest.
2085 silly tarball no local data for lodash.memoize@https://registry.npmjs.org/lodash.memoize/-/lodash.memoize-4.1.2.tgz. Extracting by manifest.
2086 silly tarball no local data for layout-base@https://registry.npmjs.org/layout-base/-/layout-base-1.0.2.tgz. Extracting by manifest.
2087 silly tarball no local data for launch-editor@https://registry.npmjs.org/launch-editor/-/launch-editor-2.14.0.tgz. Extracting by manifest.
2088 silly tarball no local data for kleur@https://registry.npmjs.org/kleur/-/kleur-3.0.3.tgz. Extracting by manifest.
2089 silly tarball no local data for latest-version@https://registry.npmjs.org/latest-version/-/latest-version-7.0.0.tgz. Extracting by manifest.
2090 silly tarball no local data for klaw-sync@https://registry.npmjs.org/klaw-sync/-/klaw-sync-6.0.0.tgz. Extracting by manifest.
2091 silly tarball no local data for kind-of@https://registry.npmjs.org/kind-of/-/kind-of-6.0.3.tgz. Extracting by manifest.
2092 silly tarball no local data for khroma@https://registry.npmjs.org/khroma/-/khroma-2.1.0.tgz. Extracting by manifest.
2093 silly tarball no local data for keyv@https://registry.npmjs.org/keyv/-/keyv-4.5.4.tgz. Extracting by manifest.
2094 silly tarball no local data for lodash-es@https://registry.npmjs.org/lodash-es/-/lodash-es-4.18.1.tgz. Extracting by manifest.
2095 silly tarball no local data for katex@https://registry.npmjs.org/katex/-/katex-0.16.47.tgz. Extracting by manifest.
2096 silly tarball no local data for jsonfile@https://registry.npmjs.org/jsonfile/-/jsonfile-6.2.1.tgz. Extracting by manifest.
2097 silly tarball no local data for json5@https://registry.npmjs.org/json5/-/json5-2.2.3.tgz. Extracting by manifest.
2098 silly tarball no local data for json-schema-traverse@https://registry.npmjs.org/json-schema-traverse/-/json-schema-traverse-1.0.0.tgz. Extracting by manifest.
2099 silly tarball no local data for json-parse-even-better-errors@https://registry.npmjs.org/json-parse-even-better-errors/-/json-parse-even-better-errors-2.3.1.tgz. Extracting by manifest.
2100 silly tarball no local data for js-tokens@https://registry.npmjs.org/js-tokens/-/js-tokens-4.0.0.tgz. Extracting by manifest.
2101 silly tarball no local data for json-buffer@https://registry.npmjs.org/json-buffer/-/json-buffer-3.0.1.tgz. Extracting by manifest.
2102 silly tarball no local data for joi@https://registry.npmjs.org/joi/-/joi-17.13.3.tgz. Extracting by manifest.
2103 silly tarball no local data for jiti@https://registry.npmjs.org/jiti/-/jiti-1.21.7.tgz. Extracting by manifest.
2104 silly tarball no local data for jsesc@https://registry.npmjs.org/jsesc/-/jsesc-3.1.0.tgz. Extracting by manifest.
2105 silly tarball no local data for jest-worker@https://registry.npmjs.org/jest-worker/-/jest-worker-29.7.0.tgz. Extracting by manifest.
2106 silly tarball no local data for isobject@https://registry.npmjs.org/isobject/-/isobject-3.0.1.tgz. Extracting by manifest.
2107 silly tarball no local data for js-yaml@https://registry.npmjs.org/js-yaml/-/js-yaml-4.2.0.tgz. Extracting by manifest.
2108 silly tarball no local data for jest-util@https://registry.npmjs.org/jest-util/-/jest-util-29.7.0.tgz. Extracting by manifest.
2109 silly tarball no local data for is-yarn-global@https://registry.npmjs.org/is-yarn-global/-/is-yarn-global-0.4.1.tgz. Extracting by manifest.
2110 silly tarball no local data for isexe@https://registry.npmjs.org/isexe/-/isexe-2.0.0.tgz. Extracting by manifest.
2111 silly tarball no local data for isarray@https://registry.npmjs.org/isarray/-/isarray-0.0.1.tgz. Extracting by manifest.
2112 silly tarball no local data for is-typedarray@https://registry.npmjs.org/is-typedarray/-/is-typedarray-1.0.0.tgz. Extracting by manifest.
2113 silly tarball no local data for is-stream@https://registry.npmjs.org/is-stream/-/is-stream-2.0.1.tgz. Extracting by manifest.
2114 silly tarball no local data for is-path-inside@https://registry.npmjs.org/is-path-inside/-/is-path-inside-3.0.3.tgz. Extracting by manifest.
2115 silly tarball no local data for is-regexp@https://registry.npmjs.org/is-regexp/-/is-regexp-1.0.0.tgz. Extracting by manifest.
2116 silly tarball no local data for is-wsl@https://registry.npmjs.org/is-wsl/-/is-wsl-2.2.0.tgz. Extracting by manifest.
2117 silly tarball no local data for is-plain-object@https://registry.npmjs.org/is-plain-object/-/is-plain-object-2.0.4.tgz. Extracting by manifest.
2118 silly tarball no local data for is-plain-obj@https://registry.npmjs.org/is-plain-obj/-/is-plain-obj-4.1.0.tgz. Extracting by manifest.
2119 silly tarball no local data for is-npm@https://registry.npmjs.org/is-npm/-/is-npm-6.1.0.tgz. Extracting by manifest.
2120 silly tarball no local data for is-network-error@https://registry.npmjs.org/is-network-error/-/is-network-error-1.3.2.tgz. Extracting by manifest.
2121 silly tarball no local data for is-inside-container@https://registry.npmjs.org/is-inside-container/-/is-inside-container-1.0.0.tgz. Extracting by manifest.
2122 silly tarball no local data for is-installed-globally@https://registry.npmjs.org/is-installed-globally/-/is-installed-globally-0.4.0.tgz. Extracting by manifest.
2123 silly tarball no local data for is-glob@https://registry.npmjs.org/is-glob/-/is-glob-4.0.3.tgz. Extracting by manifest.
2124 silly tarball no local data for is-hexadecimal@https://registry.npmjs.org/is-hexadecimal/-/is-hexadecimal-2.0.1.tgz. Extracting by manifest.
2125 silly tarball no local data for is-number@https://registry.npmjs.org/is-number/-/is-number-7.0.0.tgz. Extracting by manifest.
2126 silly tarball no local data for is-fullwidth-code-point@https://registry.npmjs.org/is-fullwidth-code-point/-/is-fullwidth-code-point-3.0.0.tgz. Extracting by manifest.
2127 silly tarball no local data for is-extglob@https://registry.npmjs.org/is-extglob/-/is-extglob-2.1.1.tgz. Extracting by manifest.
2128 silly tarball no local data for is-obj@https://registry.npmjs.org/is-obj/-/is-obj-1.0.1.tgz. Extracting by manifest.
2129 silly tarball no local data for is-extendable@https://registry.npmjs.org/is-extendable/-/is-extendable-0.1.1.tgz. Extracting by manifest.
2130 silly tarball no local data for is-docker@https://registry.npmjs.org/is-docker/-/is-docker-2.2.1.tgz. Extracting by manifest.
2131 silly tarball no local data for is-decimal@https://registry.npmjs.org/is-decimal/-/is-decimal-2.0.1.tgz. Extracting by manifest.
2132 silly tarball no local data for is-alphanumerical@https://registry.npmjs.org/is-alphanumerical/-/is-alphanumerical-2.0.1.tgz. Extracting by manifest.
2133 silly tarball no local data for is-arrayish@https://registry.npmjs.org/is-arrayish/-/is-arrayish-0.2.1.tgz. Extracting by manifest.
2134 silly tarball no local data for is-ci@https://registry.npmjs.org/is-ci/-/is-ci-3.0.1.tgz. Extracting by manifest.
2135 silly tarball no local data for ipaddr.js@https://registry.npmjs.org/ipaddr.js/-/ipaddr.js-2.4.0.tgz. Extracting by manifest.
2136 silly tarball no local data for is-alphabetical@https://registry.npmjs.org/is-alphabetical/-/is-alphabetical-2.0.1.tgz. Extracting by manifest.
2137 silly tarball no local data for internmap@https://registry.npmjs.org/internmap/-/internmap-2.0.3.tgz. Extracting by manifest.
2138 silly tarball no local data for invariant@https://registry.npmjs.org/invariant/-/invariant-2.2.4.tgz. Extracting by manifest.
2139 silly tarball no local data for ini@https://registry.npmjs.org/ini/-/ini-2.0.0.tgz. Extracting by manifest.
2140 silly tarball no local data for inline-style-parser@https://registry.npmjs.org/inline-style-parser/-/inline-style-parser-0.2.7.tgz. Extracting by manifest.
2141 silly tarball no local data for is-core-module@https://registry.npmjs.org/is-core-module/-/is-core-module-2.16.2.tgz. Extracting by manifest.
2142 silly tarball no local data for inherits@https://registry.npmjs.org/inherits/-/inherits-2.0.4.tgz. Extracting by manifest.
2143 silly tarball no local data for infima@https://registry.npmjs.org/infima/-/infima-0.2.0-alpha.45.tgz. Extracting by manifest.
2144 silly tarball no local data for is-binary-path@https://registry.npmjs.org/is-binary-path/-/is-binary-path-2.1.0.tgz. Extracting by manifest.
2145 silly tarball no local data for imurmurhash@https://registry.npmjs.org/imurmurhash/-/imurmurhash-0.1.4.tgz. Extracting by manifest.
2146 silly tarball no local data for indent-string@https://registry.npmjs.org/indent-string/-/indent-string-4.0.0.tgz. Extracting by manifest.
2147 silly tarball no local data for import-fresh@https://registry.npmjs.org/import-fresh/-/import-fresh-3.3.1.tgz. Extracting by manifest.
2148 silly tarball no local data for immediate@https://registry.npmjs.org/immediate/-/immediate-3.3.0.tgz. Extracting by manifest.
2149 silly tarball no local data for import-lazy@https://registry.npmjs.org/import-lazy/-/import-lazy-4.0.0.tgz. Extracting by manifest.
2150 silly tarball no local data for image-size@https://registry.npmjs.org/image-size/-/image-size-2.0.2.tgz. Extracting by manifest.
2151 silly tarball no local data for import-meta-resolve@https://registry.npmjs.org/import-meta-resolve/-/import-meta-resolve-4.2.0.tgz. Extracting by manifest.
2152 silly tarball no local data for icss-utils@https://registry.npmjs.org/icss-utils/-/icss-utils-5.1.0.tgz. Extracting by manifest.
2153 silly tarball no local data for iconv-lite@https://registry.npmjs.org/iconv-lite/-/iconv-lite-0.4.24.tgz. Extracting by manifest.
2154 silly tarball no local data for hyperdyperid@https://registry.npmjs.org/hyperdyperid/-/hyperdyperid-1.2.0.tgz. Extracting by manifest.
2155 silly tarball no local data for human-signals@https://registry.npmjs.org/human-signals/-/human-signals-2.1.0.tgz. Extracting by manifest.
2156 silly tarball no local data for ignore@https://registry.npmjs.org/ignore/-/ignore-5.3.2.tgz. Extracting by manifest.
2157 silly tarball no local data for http-proxy-middleware@https://registry.npmjs.org/http-proxy-middleware/-/http-proxy-middleware-2.0.9.tgz. Extracting by manifest.
2158 silly tarball no local data for http-proxy@https://registry.npmjs.org/http-proxy/-/http-proxy-1.18.1.tgz. Extracting by manifest.
2159 silly tarball no local data for http-parser-js@https://registry.npmjs.org/http-parser-js/-/http-parser-js-0.5.10.tgz. Extracting by manifest.
2160 silly tarball no local data for http-errors@https://registry.npmjs.org/http-errors/-/http-errors-2.0.1.tgz. Extracting by manifest.
2161 silly tarball no local data for http-deceiver@https://registry.npmjs.org/http-deceiver/-/http-deceiver-1.2.7.tgz. Extracting by manifest.
2162 silly tarball no local data for http-cache-semantics@https://registry.npmjs.org/http-cache-semantics/-/http-cache-semantics-4.2.0.tgz. Extracting by manifest.
2163 silly tarball no local data for htmlparser2@https://registry.npmjs.org/htmlparser2/-/htmlparser2-8.0.2.tgz. Extracting by manifest.
2164 silly tarball no local data for html-webpack-plugin@https://registry.npmjs.org/html-webpack-plugin/-/html-webpack-plugin-5.6.7.tgz. Extracting by manifest.
2165 silly tarball no local data for html-void-elements@https://registry.npmjs.org/html-void-elements/-/html-void-elements-3.0.0.tgz. Extracting by manifest.
2166 silly tarball no local data for html-tags@https://registry.npmjs.org/html-tags/-/html-tags-3.3.1.tgz. Extracting by manifest.
2167 silly tarball no local data for html-minifier-terser@https://registry.npmjs.org/html-minifier-terser/-/html-minifier-terser-7.2.0.tgz. Extracting by manifest.
2168 silly tarball no local data for html-escaper@https://registry.npmjs.org/html-escaper/-/html-escaper-2.0.2.tgz. Extracting by manifest.
2169 silly tarball no local data for hpack.js@https://registry.npmjs.org/hpack.js/-/hpack.js-2.1.6.tgz. Extracting by manifest.
2170 silly tarball no local data for hoist-non-react-statics@https://registry.npmjs.org/hoist-non-react-statics/-/hoist-non-react-statics-3.3.2.tgz. Extracting by manifest.
2171 silly tarball no local data for history@https://registry.npmjs.org/history/-/history-4.10.1.tgz. Extracting by manifest.
2172 silly tarball no local data for he@https://registry.npmjs.org/he/-/he-1.2.0.tgz. Extracting by manifest.
2173 silly tarball no local data for hastscript@https://registry.npmjs.org/hastscript/-/hastscript-9.0.1.tgz. Extracting by manifest.
2174 silly tarball no local data for hast-util-to-text@https://registry.npmjs.org/hast-util-to-text/-/hast-util-to-text-4.0.2.tgz. Extracting by manifest.
2175 silly tarball no local data for http2-wrapper@https://registry.npmjs.org/http2-wrapper/-/http2-wrapper-2.2.1.tgz. Extracting by manifest.
2176 silly tarball no local data for hast-util-whitespace@https://registry.npmjs.org/hast-util-whitespace/-/hast-util-whitespace-3.0.0.tgz. Extracting by manifest.
2177 silly tarball no local data for hast-util-to-mdast@https://registry.npmjs.org/hast-util-to-mdast/-/hast-util-to-mdast-10.1.2.tgz. Extracting by manifest.
2178 silly tarball no local data for hast-util-parse-selector@https://registry.npmjs.org/hast-util-parse-selector/-/hast-util-parse-selector-4.0.0.tgz. Extracting by manifest.
2179 silly tarball no local data for hast-util-to-parse5@https://registry.npmjs.org/hast-util-to-parse5/-/hast-util-to-parse5-8.0.1.tgz. Extracting by manifest.
2180 silly tarball no local data for hast-util-raw@https://registry.npmjs.org/hast-util-raw/-/hast-util-raw-9.1.0.tgz. Extracting by manifest.
2181 silly tarball no local data for hast-util-to-html@https://registry.npmjs.org/hast-util-to-html/-/hast-util-to-html-9.0.5.tgz. Extracting by manifest.
2182 silly tarball no local data for hast-util-to-estree@https://registry.npmjs.org/hast-util-to-estree/-/hast-util-to-estree-3.1.3.tgz. Extracting by manifest.
2183 silly tarball no local data for hast-util-to-jsx-runtime@https://registry.npmjs.org/hast-util-to-jsx-runtime/-/hast-util-to-jsx-runtime-2.3.6.tgz. Extracting by manifest.
2184 silly tarball no local data for hast-util-is-element@https://registry.npmjs.org/hast-util-is-element/-/hast-util-is-element-3.0.0.tgz. Extracting by manifest.
2185 silly tarball no local data for hast-util-phrasing@https://registry.npmjs.org/hast-util-phrasing/-/hast-util-phrasing-3.0.1.tgz. Extracting by manifest.
2186 silly tarball no local data for hast-util-is-body-ok-link@https://registry.npmjs.org/hast-util-is-body-ok-link/-/hast-util-is-body-ok-link-3.0.1.tgz. Extracting by manifest.
2187 silly tarball no local data for hast-util-minify-whitespace@https://registry.npmjs.org/hast-util-minify-whitespace/-/hast-util-minify-whitespace-1.0.1.tgz. Extracting by manifest.
2188 silly tarball no local data for hast-util-from-parse5@https://registry.npmjs.org/hast-util-from-parse5/-/hast-util-from-parse5-8.0.3.tgz. Extracting by manifest.
2189 silly tarball no local data for hast-util-embedded@https://registry.npmjs.org/hast-util-embedded/-/hast-util-embedded-3.0.0.tgz. Extracting by manifest.
2190 silly tarball no local data for hast-util-has-property@https://registry.npmjs.org/hast-util-has-property/-/hast-util-has-property-3.0.0.tgz. Extracting by manifest.
2191 silly tarball no local data for hast-util-definition-list@https://registry.npmjs.org/hast-util-definition-list/-/hast-util-definition-list-2.1.0.tgz. Extracting by manifest.
2192 silly tarball no local data for hasown@https://registry.npmjs.org/hasown/-/hasown-2.0.4.tgz. Extracting by manifest.
2193 silly tarball no local data for has-symbols@https://registry.npmjs.org/has-symbols/-/has-symbols-1.1.0.tgz. Extracting by manifest.
2194 silly tarball no local data for has-flag@https://registry.npmjs.org/has-flag/-/has-flag-4.0.0.tgz. Extracting by manifest.
2195 silly tarball no local data for has-property-descriptors@https://registry.npmjs.org/has-property-descriptors/-/has-property-descriptors-1.0.2.tgz. Extracting by manifest.
2196 silly tarball no local data for hachure-fill@https://registry.npmjs.org/hachure-fill/-/hachure-fill-0.5.2.tgz. Extracting by manifest.
2197 silly tarball no local data for gzip-size@https://registry.npmjs.org/gzip-size/-/gzip-size-6.0.0.tgz. Extracting by manifest.
2198 silly tarball no local data for has-yarn@https://registry.npmjs.org/has-yarn/-/has-yarn-3.0.0.tgz. Extracting by manifest.
2199 silly tarball no local data for handle-thing@https://registry.npmjs.org/handle-thing/-/handle-thing-2.0.1.tgz. Extracting by manifest.
2200 silly tarball no local data for gray-matter@https://registry.npmjs.org/gray-matter/-/gray-matter-4.0.3.tgz. Extracting by manifest.
2201 silly tarball no local data for got@https://registry.npmjs.org/got/-/got-12.6.1.tgz. Extracting by manifest.
2202 silly tarball no local data for graceful-fs@https://registry.npmjs.org/graceful-fs/-/graceful-fs-4.2.11.tgz. Extracting by manifest.
2203 silly tarball no local data for global-dirs@https://registry.npmjs.org/global-dirs/-/global-dirs-3.0.1.tgz. Extracting by manifest.
2204 silly tarball no local data for glob-to-regex.js@https://registry.npmjs.org/glob-to-regex.js/-/glob-to-regex.js-1.2.0.tgz. Extracting by manifest.
2205 silly tarball no local data for glob-parent@https://registry.npmjs.org/glob-parent/-/glob-parent-5.1.2.tgz. Extracting by manifest.
2206 silly tarball no local data for gopd@https://registry.npmjs.org/gopd/-/gopd-1.2.0.tgz. Extracting by manifest.
2207 silly tarball no local data for github-slugger@https://registry.npmjs.org/github-slugger/-/github-slugger-1.5.0.tgz. Extracting by manifest.
2208 silly tarball no local data for globby@https://registry.npmjs.org/globby/-/globby-11.1.0.tgz. Extracting by manifest.
2209 silly tarball no local data for glob-to-regexp@https://registry.npmjs.org/glob-to-regexp/-/glob-to-regexp-0.4.1.tgz. Extracting by manifest.
2210 silly tarball no local data for get-stream@https://registry.npmjs.org/get-stream/-/get-stream-6.0.1.tgz. Extracting by manifest.
2211 silly tarball no local data for get-own-enumerable-property-symbols@https://registry.npmjs.org/get-own-enumerable-property-symbols/-/get-own-enumerable-property-symbols-3.0.2.tgz. Extracting by manifest.
2212 silly tarball no local data for get-intrinsic@https://registry.npmjs.org/get-intrinsic/-/get-intrinsic-1.3.0.tgz. Extracting by manifest.
2213 silly tarball no local data for function-bind@https://registry.npmjs.org/function-bind/-/function-bind-1.1.2.tgz. Extracting by manifest.
2214 silly tarball no local data for fsevents@https://registry.npmjs.org/fsevents/-/fsevents-2.3.3.tgz. Extracting by manifest.
2215 silly tarball no local data for fs-extra@https://registry.npmjs.org/fs-extra/-/fs-extra-11.3.5.tgz. Extracting by manifest.
2216 silly tarball no local data for fresh@https://registry.npmjs.org/fresh/-/fresh-0.5.2.tgz. Extracting by manifest.
2217 silly tarball no local data for fraction.js@https://registry.npmjs.org/fraction.js/-/fraction.js-5.3.4.tgz. Extracting by manifest.
2218 silly tarball no local data for forwarded@https://registry.npmjs.org/forwarded/-/forwarded-0.2.0.tgz. Extracting by manifest.
2219 silly tarball no local data for format@https://registry.npmjs.org/format/-/format-0.2.2.tgz. Extracting by manifest.
2220 silly tarball no local data for form-data-encoder@https://registry.npmjs.org/form-data-encoder/-/form-data-encoder-2.1.4.tgz. Extracting by manifest.
2221 silly tarball no local data for flat@https://registry.npmjs.org/flat/-/flat-5.0.2.tgz. Extracting by manifest.
2222 silly tarball no local data for finalhandler@https://registry.npmjs.org/finalhandler/-/finalhandler-1.3.2.tgz. Extracting by manifest.
2223 silly tarball no local data for find-cache-dir@https://registry.npmjs.org/find-cache-dir/-/find-cache-dir-4.0.0.tgz. Extracting by manifest.
2224 silly tarball no local data for get-proto@https://registry.npmjs.org/get-proto/-/get-proto-1.0.1.tgz. Extracting by manifest.
2225 silly tarball no local data for follow-redirects@https://registry.npmjs.org/follow-redirects/-/follow-redirects-1.16.0.tgz. Extracting by manifest.
2226 silly tarball no local data for find-up@https://registry.npmjs.org/find-up/-/find-up-6.3.0.tgz. Extracting by manifest.
2227 silly tarball no local data for gensync@https://registry.npmjs.org/gensync/-/gensync-1.0.0-beta.2.tgz. Extracting by manifest.
2228 silly tarball no local data for fill-range@https://registry.npmjs.org/fill-range/-/fill-range-7.1.1.tgz. Extracting by manifest.
2229 silly tarball no local data for faye-websocket@https://registry.npmjs.org/faye-websocket/-/faye-websocket-0.11.4.tgz. Extracting by manifest.
2230 silly tarball no local data for file-loader@https://registry.npmjs.org/file-loader/-/file-loader-6.2.0.tgz. Extracting by manifest.
2231 silly tarball no local data for feed@https://registry.npmjs.org/feed/-/feed-4.2.2.tgz. Extracting by manifest.
2232 silly tarball no local data for fault@https://registry.npmjs.org/fault/-/fault-2.0.1.tgz. Extracting by manifest.
2233 silly tarball no local data for fast-uri@https://registry.npmjs.org/fast-uri/-/fast-uri-3.1.2.tgz. Extracting by manifest.
2234 silly tarball no local data for fastq@https://registry.npmjs.org/fastq/-/fastq-1.20.1.tgz. Extracting by manifest.
2235 silly tarball no local data for extend-shallow@https://registry.npmjs.org/extend-shallow/-/extend-shallow-2.0.1.tgz. Extracting by manifest.
2236 silly tarball no local data for fast-glob@https://registry.npmjs.org/fast-glob/-/fast-glob-3.3.3.tgz. Extracting by manifest.
2237 silly tarball no local data for extend@https://registry.npmjs.org/extend/-/extend-3.0.2.tgz. Extracting by manifest.
2238 silly tarball no local data for express@https://registry.npmjs.org/express/-/express-4.22.2.tgz. Extracting by manifest.
2239 silly tarball no local data for fast-deep-equal@https://registry.npmjs.org/fast-deep-equal/-/fast-deep-equal-3.1.3.tgz. Extracting by manifest.
2240 silly tarball no local data for events@https://registry.npmjs.org/events/-/events-3.3.0.tgz. Extracting by manifest.
2241 silly tarball no local data for eventemitter3@https://registry.npmjs.org/eventemitter3/-/eventemitter3-4.0.7.tgz. Extracting by manifest.
2242 silly tarball no local data for execa@https://registry.npmjs.org/execa/-/execa-5.1.1.tgz. Extracting by manifest.
2243 silly tarball no local data for etag@https://registry.npmjs.org/etag/-/etag-1.8.1.tgz. Extracting by manifest.
2244 silly tarball no local data for eval@https://registry.npmjs.org/eval/-/eval-0.1.8.tgz. Extracting by manifest.
2245 silly tarball no local data for eta@https://registry.npmjs.org/eta/-/eta-2.2.0.tgz. Extracting by manifest.
2246 silly tarball no local data for esutils@https://registry.npmjs.org/esutils/-/esutils-2.0.3.tgz. Extracting by manifest.
2247 silly tarball no local data for estree-walker@https://registry.npmjs.org/estree-walker/-/estree-walker-3.0.3.tgz. Extracting by manifest.
2248 silly tarball no local data for estree-util-visit@https://registry.npmjs.org/estree-util-visit/-/estree-util-visit-2.0.0.tgz. Extracting by manifest.
2249 silly tarball no local data for estree-util-to-js@https://registry.npmjs.org/estree-util-to-js/-/estree-util-to-js-2.0.0.tgz. Extracting by manifest.
2250 silly tarball no local data for estree-util-scope@https://registry.npmjs.org/estree-util-scope/-/estree-util-scope-1.0.0.tgz. Extracting by manifest.
2251 silly tarball no local data for estree-util-is-identifier-name@https://registry.npmjs.org/estree-util-is-identifier-name/-/estree-util-is-identifier-name-3.0.0.tgz. Extracting by manifest.
2252 silly tarball no local data for fast-json-stable-stringify@https://registry.npmjs.org/fast-json-stable-stringify/-/fast-json-stable-stringify-2.1.0.tgz. Extracting by manifest.
2253 silly tarball no local data for estree-util-attach-comments@https://registry.npmjs.org/estree-util-attach-comments/-/estree-util-attach-comments-3.0.0.tgz. Extracting by manifest.
2254 silly tarball no local data for esrecurse@https://registry.npmjs.org/esrecurse/-/esrecurse-4.3.0.tgz. Extracting by manifest.
2255 silly tarball no local data for estraverse@https://registry.npmjs.org/estraverse/-/estraverse-4.3.0.tgz. Extracting by manifest.
2256 silly tarball no local data for esprima@https://registry.npmjs.org/esprima/-/esprima-4.0.1.tgz. Extracting by manifest.
2257 silly tarball no local data for eslint-scope@https://registry.npmjs.org/eslint-scope/-/eslint-scope-5.1.1.tgz. Extracting by manifest.
2258 silly tarball no local data for estree-util-build-jsx@https://registry.npmjs.org/estree-util-build-jsx/-/estree-util-build-jsx-3.0.1.tgz. Extracting by manifest.
2259 silly tarball no local data for escape-html@https://registry.npmjs.org/escape-html/-/escape-html-1.0.3.tgz. Extracting by manifest.
2260 silly tarball no local data for estree-util-value-to-estree@https://registry.npmjs.org/estree-util-value-to-estree/-/estree-util-value-to-estree-3.5.0.tgz. Extracting by manifest.
2261 silly tarball no local data for escalade@https://registry.npmjs.org/escalade/-/escalade-3.2.0.tgz. Extracting by manifest.
2262 silly tarball no local data for escape-string-regexp@https://registry.npmjs.org/escape-string-regexp/-/escape-string-regexp-4.0.0.tgz. Extracting by manifest.
2263 silly tarball no local data for es-toolkit@https://registry.npmjs.org/es-toolkit/-/es-toolkit-1.47.0.tgz. Extracting by manifest.
2264 silly tarball no local data for esast-util-from-js@https://registry.npmjs.org/esast-util-from-js/-/esast-util-from-js-2.0.1.tgz. Extracting by manifest.
2265 silly tarball no local data for esast-util-from-estree@https://registry.npmjs.org/esast-util-from-estree/-/esast-util-from-estree-2.0.0.tgz. Extracting by manifest.
2266 silly tarball no local data for es-module-lexer@https://registry.npmjs.org/es-module-lexer/-/es-module-lexer-2.1.0.tgz. Extracting by manifest.
2267 silly tarball no local data for es-errors@https://registry.npmjs.org/es-errors/-/es-errors-1.3.0.tgz. Extracting by manifest.
2268 silly tarball no local data for escape-goat@https://registry.npmjs.org/escape-goat/-/escape-goat-4.0.0.tgz. Extracting by manifest.
2269 silly tarball no local data for es-object-atoms@https://registry.npmjs.org/es-object-atoms/-/es-object-atoms-1.1.2.tgz. Extracting by manifest.
2270 silly tarball no local data for es-define-property@https://registry.npmjs.org/es-define-property/-/es-define-property-1.0.1.tgz. Extracting by manifest.
2271 silly tarball no local data for error-ex@https://registry.npmjs.org/error-ex/-/error-ex-1.3.4.tgz. Extracting by manifest.
2272 silly tarball no local data for enhanced-resolve@https://registry.npmjs.org/enhanced-resolve/-/enhanced-resolve-5.22.1.tgz. Extracting by manifest.
2273 silly tarball no local data for encodeurl@https://registry.npmjs.org/encodeurl/-/encodeurl-2.0.0.tgz. Extracting by manifest.
2274 silly tarball no local data for entities@https://registry.npmjs.org/entities/-/entities-4.5.0.tgz. Extracting by manifest.
2275 silly tarball no local data for emoticon@https://registry.npmjs.org/emoticon/-/emoticon-4.1.0.tgz. Extracting by manifest.
2276 silly tarball no local data for encoding-sniffer@https://registry.npmjs.org/encoding-sniffer/-/encoding-sniffer-0.2.1.tgz. Extracting by manifest.
2277 silly tarball no local data for emojis-list@https://registry.npmjs.org/emojis-list/-/emojis-list-3.0.0.tgz. Extracting by manifest.
2278 silly tarball no local data for emojilib@https://registry.npmjs.org/emojilib/-/emojilib-2.4.0.tgz. Extracting by manifest.
2279 silly tarball no local data for ee-first@https://registry.npmjs.org/ee-first/-/ee-first-1.1.1.tgz. Extracting by manifest.
2280 silly tarball no local data for electron-to-chromium@https://registry.npmjs.org/electron-to-chromium/-/electron-to-chromium-1.5.364.tgz. Extracting by manifest.
2281 silly tarball no local data for eastasianwidth@https://registry.npmjs.org/eastasianwidth/-/eastasianwidth-0.2.0.tgz. Extracting by manifest.
2282 silly tarball no local data for emoji-regex@https://registry.npmjs.org/emoji-regex/-/emoji-regex-9.2.2.tgz. Extracting by manifest.
2283 silly tarball no local data for domutils@https://registry.npmjs.org/domutils/-/domutils-3.2.2.tgz. Extracting by manifest.
2284 silly tarball no local data for dunder-proto@https://registry.npmjs.org/dunder-proto/-/dunder-proto-1.0.1.tgz. Extracting by manifest.
2285 silly tarball no local data for dot-case@https://registry.npmjs.org/dot-case/-/dot-case-3.0.4.tgz. Extracting by manifest.
2286 silly tarball no local data for dot-prop@https://registry.npmjs.org/dot-prop/-/dot-prop-6.0.1.tgz. Extracting by manifest.
2287 silly tarball no local data for dompurify@https://registry.npmjs.org/dompurify/-/dompurify-3.4.7.tgz. Extracting by manifest.
2288 silly tarball no local data for duplexer@https://registry.npmjs.org/duplexer/-/duplexer-0.1.2.tgz. Extracting by manifest.
2289 silly tarball no local data for domhandler@https://registry.npmjs.org/domhandler/-/domhandler-5.0.3.tgz. Extracting by manifest.
2290 silly tarball no local data for dom-serializer@https://registry.npmjs.org/dom-serializer/-/dom-serializer-2.0.0.tgz. Extracting by manifest.
2291 silly tarball no local data for docusaurus-remark-plugin-tab-blocks@https://registry.npmjs.org/docusaurus-remark-plugin-tab-blocks/-/docusaurus-remark-plugin-tab-blocks-4.0.0.tgz. Extracting by manifest.
2292 silly tarball no local data for dom-converter@https://registry.npmjs.org/dom-converter/-/dom-converter-0.2.0.tgz. Extracting by manifest.
2293 silly tarball no local data for docusaurus-plugin-llms@https://registry.npmjs.org/docusaurus-plugin-llms/-/docusaurus-plugin-llms-0.4.0.tgz. Extracting by manifest.
2294 silly tarball no local data for dir-glob@https://registry.npmjs.org/dir-glob/-/dir-glob-3.0.1.tgz. Extracting by manifest.
2295 silly tarball no local data for devlop@https://registry.npmjs.org/devlop/-/devlop-1.1.0.tgz. Extracting by manifest.
2296 silly tarball no local data for domelementtype@https://registry.npmjs.org/domelementtype/-/domelementtype-2.3.0.tgz. Extracting by manifest.
2297 silly tarball no local data for detect-port@https://registry.npmjs.org/detect-port/-/detect-port-1.6.1.tgz. Extracting by manifest.
2298 silly tarball no local data for detect-node@https://registry.npmjs.org/detect-node/-/detect-node-2.1.0.tgz. Extracting by manifest.
2299 silly tarball no local data for destroy@https://registry.npmjs.org/destroy/-/destroy-1.2.0.tgz. Extracting by manifest.
2300 silly tarball no local data for dequal@https://registry.npmjs.org/dequal/-/dequal-2.0.3.tgz. Extracting by manifest.
2301 silly tarball no local data for detect-libc@https://registry.npmjs.org/detect-libc/-/detect-libc-2.1.2.tgz. Extracting by manifest.
2302 silly tarball no local data for delaunator@https://registry.npmjs.org/delaunator/-/delaunator-5.1.0.tgz. Extracting by manifest.
2303 silly tarball no local data for define-properties@https://registry.npmjs.org/define-properties/-/define-properties-1.2.1.tgz. Extracting by manifest.
2304 silly tarball no local data for depd@https://registry.npmjs.org/depd/-/depd-2.0.0.tgz. Extracting by manifest.
2305 silly tarball no local data for define-lazy-prop@https://registry.npmjs.org/define-lazy-prop/-/define-lazy-prop-2.0.0.tgz. Extracting by manifest.
2306 silly tarball no local data for define-data-property@https://registry.npmjs.org/define-data-property/-/define-data-property-1.1.4.tgz. Extracting by manifest.
2307 silly tarball no local data for defer-to-connect@https://registry.npmjs.org/defer-to-connect/-/defer-to-connect-2.0.1.tgz. Extracting by manifest.
2308 silly tarball no local data for default-browser-id@https://registry.npmjs.org/default-browser-id/-/default-browser-id-5.0.1.tgz. Extracting by manifest.
2309 silly tarball no local data for dns-packet@https://registry.npmjs.org/dns-packet/-/dns-packet-5.6.1.tgz. Extracting by manifest.
2310 silly tarball no local data for deepmerge@https://registry.npmjs.org/deepmerge/-/deepmerge-4.3.1.tgz. Extracting by manifest.
2311 silly tarball no local data for decompress-response@https://registry.npmjs.org/decompress-response/-/decompress-response-6.0.0.tgz. Extracting by manifest.
2312 silly tarball no local data for deep-extend@https://registry.npmjs.org/deep-extend/-/deep-extend-0.6.0.tgz. Extracting by manifest.
2313 silly tarball no local data for default-browser@https://registry.npmjs.org/default-browser/-/default-browser-5.5.0.tgz. Extracting by manifest.
2314 silly tarball no local data for debounce@https://registry.npmjs.org/debounce/-/debounce-1.2.1.tgz. Extracting by manifest.
2315 silly tarball no local data for dayjs@https://registry.npmjs.org/dayjs/-/dayjs-1.11.21.tgz. Extracting by manifest.
2316 silly tarball no local data for dagre-d3-es@https://registry.npmjs.org/dagre-d3-es/-/dagre-d3-es-7.0.14.tgz. Extracting by manifest.
2317 silly tarball no local data for decode-named-character-reference@https://registry.npmjs.org/decode-named-character-reference/-/decode-named-character-reference-1.3.0.tgz. Extracting by manifest.
2318 silly tarball no local data for d3-zoom@https://registry.npmjs.org/d3-zoom/-/d3-zoom-3.0.0.tgz. Extracting by manifest.
2319 silly tarball no local data for debug@https://registry.npmjs.org/debug/-/debug-4.4.3.tgz. Extracting by manifest.
2320 silly tarball no local data for d3-time-format@https://registry.npmjs.org/d3-time-format/-/d3-time-format-4.1.0.tgz. Extracting by manifest.
2321 silly tarball no local data for d3-transition@https://registry.npmjs.org/d3-transition/-/d3-transition-3.0.1.tgz. Extracting by manifest.
2322 silly tarball no local data for d3-time@https://registry.npmjs.org/d3-time/-/d3-time-3.1.0.tgz. Extracting by manifest.
2323 silly tarball no local data for d3-timer@https://registry.npmjs.org/d3-timer/-/d3-timer-3.0.1.tgz. Extracting by manifest.
2324 silly tarball no local data for d3-selection@https://registry.npmjs.org/d3-selection/-/d3-selection-3.0.0.tgz. Extracting by manifest.
2325 silly tarball no local data for d3-scale-chromatic@https://registry.npmjs.org/d3-scale-chromatic/-/d3-scale-chromatic-3.1.0.tgz. Extracting by manifest.
2326 silly tarball no local data for d3-scale@https://registry.npmjs.org/d3-scale/-/d3-scale-4.0.2.tgz. Extracting by manifest.
2327 silly tarball no local data for d3-shape@https://registry.npmjs.org/d3-shape/-/d3-shape-3.2.0.tgz. Extracting by manifest.
2328 silly tarball no local data for d3-random@https://registry.npmjs.org/d3-random/-/d3-random-3.0.1.tgz. Extracting by manifest.
2329 silly tarball no local data for d3-polygon@https://registry.npmjs.org/d3-polygon/-/d3-polygon-3.0.1.tgz. Extracting by manifest.
2330 silly tarball no local data for d3-quadtree@https://registry.npmjs.org/d3-quadtree/-/d3-quadtree-3.0.1.tgz. Extracting by manifest.
2331 silly tarball no local data for d3-path@https://registry.npmjs.org/d3-path/-/d3-path-3.1.0.tgz. Extracting by manifest.
2332 silly tarball no local data for d3-geo@https://registry.npmjs.org/d3-geo/-/d3-geo-3.1.1.tgz. Extracting by manifest.
2333 silly tarball no local data for d3-hierarchy@https://registry.npmjs.org/d3-hierarchy/-/d3-hierarchy-3.1.2.tgz. Extracting by manifest.
2334 silly tarball no local data for d3-format@https://registry.npmjs.org/d3-format/-/d3-format-3.1.2.tgz. Extracting by manifest.
2335 silly tarball no local data for d3-interpolate@https://registry.npmjs.org/d3-interpolate/-/d3-interpolate-3.0.1.tgz. Extracting by manifest.
2336 silly tarball no local data for d3-force@https://registry.npmjs.org/d3-force/-/d3-force-3.0.0.tgz. Extracting by manifest.
2337 silly tarball no local data for d3-sankey@https://registry.npmjs.org/d3-sankey/-/d3-sankey-0.12.3.tgz. Extracting by manifest.
2338 silly tarball no local data for d3-drag@https://registry.npmjs.org/d3-drag/-/d3-drag-3.0.0.tgz. Extracting by manifest.
2339 silly tarball no local data for d3-fetch@https://registry.npmjs.org/d3-fetch/-/d3-fetch-3.0.1.tgz. Extracting by manifest.
2340 silly tarball no local data for d3-dispatch@https://registry.npmjs.org/d3-dispatch/-/d3-dispatch-3.0.1.tgz. Extracting by manifest.
2341 silly tarball no local data for d3-ease@https://registry.npmjs.org/d3-ease/-/d3-ease-3.0.1.tgz. Extracting by manifest.
2342 silly tarball no local data for d3-delaunay@https://registry.npmjs.org/d3-delaunay/-/d3-delaunay-6.0.4.tgz. Extracting by manifest.
2343 silly tarball no local data for d3-dsv@https://registry.npmjs.org/d3-dsv/-/d3-dsv-3.0.1.tgz. Extracting by manifest.
2344 silly tarball no local data for d3-contour@https://registry.npmjs.org/d3-contour/-/d3-contour-4.0.2.tgz. Extracting by manifest.
2345 silly tarball no local data for d3-chord@https://registry.npmjs.org/d3-chord/-/d3-chord-3.0.1.tgz. Extracting by manifest.
2346 silly tarball no local data for d3-color@https://registry.npmjs.org/d3-color/-/d3-color-3.1.0.tgz. Extracting by manifest.
2347 silly tarball no local data for d3-axis@https://registry.npmjs.org/d3-axis/-/d3-axis-3.0.0.tgz. Extracting by manifest.
2348 silly tarball no local data for d3@https://registry.npmjs.org/d3/-/d3-7.9.0.tgz. Extracting by manifest.
2349 silly tarball no local data for cytoscape-fcose@https://registry.npmjs.org/cytoscape-fcose/-/cytoscape-fcose-2.2.0.tgz. Extracting by manifest.
2350 silly tarball no local data for d3-array@https://registry.npmjs.org/d3-array/-/d3-array-3.2.4.tgz. Extracting by manifest.
2351 silly tarball no local data for cytoscape@https://registry.npmjs.org/cytoscape/-/cytoscape-3.33.4.tgz. Extracting by manifest.
2352 silly tarball no local data for csstype@https://registry.npmjs.org/csstype/-/csstype-3.2.3.tgz. Extracting by manifest.
2353 silly tarball no local data for csso@https://registry.npmjs.org/csso/-/csso-5.0.5.tgz. Extracting by manifest.
2354 silly tarball no local data for cytoscape-cose-bilkent@https://registry.npmjs.org/cytoscape-cose-bilkent/-/cytoscape-cose-bilkent-4.1.0.tgz. Extracting by manifest.
2355 silly tarball no local data for cssnano@https://registry.npmjs.org/cssnano/-/cssnano-6.1.2.tgz. Extracting by manifest.
2356 silly tarball no local data for cssnano-utils@https://registry.npmjs.org/cssnano-utils/-/cssnano-utils-4.0.2.tgz. Extracting by manifest.
2357 silly tarball no local data for cssnano-preset-advanced@https://registry.npmjs.org/cssnano-preset-advanced/-/cssnano-preset-advanced-6.1.2.tgz. Extracting by manifest.
2358 silly tarball no local data for cssesc@https://registry.npmjs.org/cssesc/-/cssesc-3.0.0.tgz. Extracting by manifest.
2359 silly tarball no local data for cssnano-preset-default@https://registry.npmjs.org/cssnano-preset-default/-/cssnano-preset-default-6.1.2.tgz. Extracting by manifest.
2360 silly tarball no local data for css-what@https://registry.npmjs.org/css-what/-/css-what-6.2.2.tgz. Extracting by manifest.
2361 silly tarball no local data for cssdb@https://registry.npmjs.org/cssdb/-/cssdb-8.9.0.tgz. Extracting by manifest.
2362 silly tarball no local data for d3-brush@https://registry.npmjs.org/d3-brush/-/d3-brush-3.0.0.tgz. Extracting by manifest.
2363 silly tarball no local data for css-prefers-color-scheme@https://registry.npmjs.org/css-prefers-color-scheme/-/css-prefers-color-scheme-10.0.0.tgz. Extracting by manifest.
2364 silly tarball no local data for css-select@https://registry.npmjs.org/css-select/-/css-select-5.2.2.tgz. Extracting by manifest.
2365 silly tarball no local data for css-tree@https://registry.npmjs.org/css-tree/-/css-tree-2.3.1.tgz. Extracting by manifest.
2366 silly tarball no local data for css-loader@https://registry.npmjs.org/css-loader/-/css-loader-6.11.0.tgz. Extracting by manifest.
2367 silly tarball no local data for css-minimizer-webpack-plugin@https://registry.npmjs.org/css-minimizer-webpack-plugin/-/css-minimizer-webpack-plugin-5.0.1.tgz. Extracting by manifest.
2368 silly tarball no local data for css-blank-pseudo@https://registry.npmjs.org/css-blank-pseudo/-/css-blank-pseudo-7.0.1.tgz. Extracting by manifest.
2369 silly tarball no local data for css-has-pseudo@https://registry.npmjs.org/css-has-pseudo/-/css-has-pseudo-7.0.3.tgz. Extracting by manifest.
2370 silly tarball no local data for cose-base@https://registry.npmjs.org/cose-base/-/cose-base-1.0.3.tgz. Extracting by manifest.
2371 silly tarball no local data for crypto-random-string@https://registry.npmjs.org/crypto-random-string/-/crypto-random-string-4.0.0.tgz. Extracting by manifest.
2372 silly tarball no local data for cross-spawn@https://registry.npmjs.org/cross-spawn/-/cross-spawn-7.0.6.tgz. Extracting by manifest.
2373 silly tarball no local data for copy-webpack-plugin@https://registry.npmjs.org/copy-webpack-plugin/-/copy-webpack-plugin-11.0.0.tgz. Extracting by manifest.
2374 silly tarball no local data for core-js-compat@https://registry.npmjs.org/core-js-compat/-/core-js-compat-3.49.0.tgz. Extracting by manifest.
2375 silly tarball no local data for cookie-signature@https://registry.npmjs.org/cookie-signature/-/cookie-signature-1.0.7.tgz. Extracting by manifest.
2376 silly tarball no local data for core-util-is@https://registry.npmjs.org/core-util-is/-/core-util-is-1.0.3.tgz. Extracting by manifest.
2377 silly tarball no local data for css-declaration-sorter@https://registry.npmjs.org/css-declaration-sorter/-/css-declaration-sorter-7.4.0.tgz. Extracting by manifest.
2378 silly tarball no local data for cosmiconfig@https://registry.npmjs.org/cosmiconfig/-/cosmiconfig-8.3.6.tgz. Extracting by manifest.
2379 silly tarball no local data for copy-text-to-clipboard@https://registry.npmjs.org/copy-text-to-clipboard/-/copy-text-to-clipboard-3.2.2.tgz. Extracting by manifest.
2380 silly tarball no local data for convert-source-map@https://registry.npmjs.org/convert-source-map/-/convert-source-map-2.0.0.tgz. Extracting by manifest.
2381 silly tarball no local data for content-type@https://registry.npmjs.org/content-type/-/content-type-1.0.5.tgz. Extracting by manifest.
2382 silly tarball no local data for content-disposition@https://registry.npmjs.org/content-disposition/-/content-disposition-0.5.2.tgz. Extracting by manifest.
2383 silly tarball no local data for core-js@https://registry.npmjs.org/core-js/-/core-js-3.49.0.tgz. Extracting by manifest.
2384 silly tarball no local data for consola@https://registry.npmjs.org/consola/-/consola-3.4.2.tgz. Extracting by manifest.
2385 silly tarball no local data for cookie@https://registry.npmjs.org/cookie/-/cookie-0.7.2.tgz. Extracting by manifest.
2386 silly tarball no local data for config-chain@https://registry.npmjs.org/config-chain/-/config-chain-1.1.13.tgz. Extracting by manifest.
2387 silly tarball no local data for connect-history-api-fallback@https://registry.npmjs.org/connect-history-api-fallback/-/connect-history-api-fallback-2.0.0.tgz. Extracting by manifest.
2388 silly tarball no local data for compression@https://registry.npmjs.org/compression/-/compression-1.8.1.tgz. Extracting by manifest.
2389 silly tarball no local data for compressible@https://registry.npmjs.org/compressible/-/compressible-2.0.18.tgz. Extracting by manifest.
2390 silly tarball no local data for commander@https://registry.npmjs.org/commander/-/commander-5.1.0.tgz. Extracting by manifest.
2391 silly tarball no local data for configstore@https://registry.npmjs.org/configstore/-/configstore-6.0.0.tgz. Extracting by manifest.
2392 silly tarball no local data for concat-map@https://registry.npmjs.org/concat-map/-/concat-map-0.0.1.tgz. Extracting by manifest.
2393 silly tarball no local data for comlink@https://registry.npmjs.org/comlink/-/comlink-4.4.2.tgz. Extracting by manifest.
2394 silly tarball no local data for comma-separated-tokens@https://registry.npmjs.org/comma-separated-tokens/-/comma-separated-tokens-2.0.3.tgz. Extracting by manifest.
2395 silly tarball no local data for common-path-prefix@https://registry.npmjs.org/common-path-prefix/-/common-path-prefix-3.0.0.tgz. Extracting by manifest.
2396 silly tarball no local data for colorette@https://registry.npmjs.org/colorette/-/colorette-2.0.20.tgz. Extracting by manifest.
2397 silly tarball no local data for colord@https://registry.npmjs.org/colord/-/colord-2.9.3.tgz. Extracting by manifest.
2398 silly tarball no local data for color-name@https://registry.npmjs.org/color-name/-/color-name-1.1.4.tgz. Extracting by manifest.
2399 silly tarball no local data for combine-promises@https://registry.npmjs.org/combine-promises/-/combine-promises-1.2.0.tgz. Extracting by manifest.
2400 silly tarball no local data for collapse-white-space@https://registry.npmjs.org/collapse-white-space/-/collapse-white-space-2.1.0.tgz. Extracting by manifest.
2401 silly tarball no local data for clean-stack@https://registry.npmjs.org/clean-stack/-/clean-stack-2.2.0.tgz. Extracting by manifest.
2402 silly tarball no local data for clsx@https://registry.npmjs.org/clsx/-/clsx-2.1.1.tgz. Extracting by manifest.
2403 silly tarball no local data for clone-deep@https://registry.npmjs.org/clone-deep/-/clone-deep-4.0.1.tgz. Extracting by manifest.
2404 silly tarball no local data for color-convert@https://registry.npmjs.org/color-convert/-/color-convert-2.0.1.tgz. Extracting by manifest.
2405 silly tarball no local data for cli-table3@https://registry.npmjs.org/cli-table3/-/cli-table3-0.6.5.tgz. Extracting by manifest.
2406 silly tarball no local data for ci-info@https://registry.npmjs.org/ci-info/-/ci-info-3.9.0.tgz. Extracting by manifest.
2407 silly tarball no local data for clean-css@https://registry.npmjs.org/clean-css/-/clean-css-5.3.3.tgz. Extracting by manifest.
2408 silly tarball no local data for chrome-trace-event@https://registry.npmjs.org/chrome-trace-event/-/chrome-trace-event-1.0.4.tgz. Extracting by manifest.
2409 silly tarball no local data for cli-boxes@https://registry.npmjs.org/cli-boxes/-/cli-boxes-3.0.0.tgz. Extracting by manifest.
2410 silly tarball no local data for character-reference-invalid@https://registry.npmjs.org/character-reference-invalid/-/character-reference-invalid-2.0.1.tgz. Extracting by manifest.
2411 silly tarball no local data for character-entities-legacy@https://registry.npmjs.org/character-entities-legacy/-/character-entities-legacy-3.0.0.tgz. Extracting by manifest.
2412 silly tarball no local data for cheerio@https://registry.npmjs.org/cheerio/-/cheerio-1.0.0-rc.12.tgz. Extracting by manifest.
2413 silly tarball no local data for character-entities-html4@https://registry.npmjs.org/character-entities-html4/-/character-entities-html4-2.1.0.tgz. Extracting by manifest.
2414 silly tarball no local data for chokidar@https://registry.npmjs.org/chokidar/-/chokidar-3.6.0.tgz. Extracting by manifest.
2415 silly tarball no local data for character-entities@https://registry.npmjs.org/character-entities/-/character-entities-2.0.2.tgz. Extracting by manifest.
2416 silly tarball no local data for chalk@https://registry.npmjs.org/chalk/-/chalk-4.1.2.tgz. Extracting by manifest.
2417 silly tarball no local data for char-regex@https://registry.npmjs.org/char-regex/-/char-regex-1.0.2.tgz. Extracting by manifest.
2418 silly tarball no local data for cheerio-select@https://registry.npmjs.org/cheerio-select/-/cheerio-select-2.1.0.tgz. Extracting by manifest.
2419 silly tarball no local data for caniuse-lite@https://registry.npmjs.org/caniuse-lite/-/caniuse-lite-1.0.30001793.tgz. Extracting by manifest.
2420 silly tarball no local data for ccount@https://registry.npmjs.org/ccount/-/ccount-2.0.1.tgz. Extracting by manifest.
2421 silly tarball no local data for camel-case@https://registry.npmjs.org/camel-case/-/camel-case-4.1.2.tgz. Extracting by manifest.
2422 silly tarball no local data for callsites@https://registry.npmjs.org/callsites/-/callsites-3.1.0.tgz. Extracting by manifest.
2423 silly tarball no local data for camelcase@https://registry.npmjs.org/camelcase/-/camelcase-6.3.0.tgz. Extracting by manifest.
2424 silly tarball no local data for caniuse-api@https://registry.npmjs.org/caniuse-api/-/caniuse-api-3.0.0.tgz. Extracting by manifest.
2425 silly tarball no local data for call-bound@https://registry.npmjs.org/call-bound/-/call-bound-1.0.4.tgz. Extracting by manifest.
2426 silly tarball no local data for call-bind@https://registry.npmjs.org/call-bind/-/call-bind-1.0.9.tgz. Extracting by manifest.
2427 silly tarball no local data for call-bind-apply-helpers@https://registry.npmjs.org/call-bind-apply-helpers/-/call-bind-apply-helpers-1.0.2.tgz. Extracting by manifest.
2428 silly tarball no local data for cacheable-request@https://registry.npmjs.org/cacheable-request/-/cacheable-request-10.2.14.tgz. Extracting by manifest.
2429 silly tarball no local data for bytestreamjs@https://registry.npmjs.org/bytestreamjs/-/bytestreamjs-2.0.1.tgz. Extracting by manifest.
2430 silly tarball no local data for cacheable-lookup@https://registry.npmjs.org/cacheable-lookup/-/cacheable-lookup-7.0.0.tgz. Extracting by manifest.
2431 silly tarball no local data for bundle-name@https://registry.npmjs.org/bundle-name/-/bundle-name-4.1.0.tgz. Extracting by manifest.
2432 silly tarball no local data for buffer-from@https://registry.npmjs.org/buffer-from/-/buffer-from-1.1.2.tgz. Extracting by manifest.
2433 silly tarball no local data for browserslist@https://registry.npmjs.org/browserslist/-/browserslist-4.28.2.tgz. Extracting by manifest.
2434 silly tarball no local data for bytes@https://registry.npmjs.org/bytes/-/bytes-3.0.0.tgz. Extracting by manifest.
2435 silly tarball no local data for brace-expansion@https://registry.npmjs.org/brace-expansion/-/brace-expansion-1.1.15.tgz. Extracting by manifest.
2436 silly tarball no local data for boxen@https://registry.npmjs.org/boxen/-/boxen-6.2.1.tgz. Extracting by manifest.
2437 silly tarball no local data for bonjour-service@https://registry.npmjs.org/bonjour-service/-/bonjour-service-1.4.0.tgz. Extracting by manifest.
2438 silly tarball no local data for body-parser@https://registry.npmjs.org/body-parser/-/body-parser-1.20.5.tgz. Extracting by manifest.
2439 silly tarball no local data for binary-extensions@https://registry.npmjs.org/binary-extensions/-/binary-extensions-2.3.0.tgz. Extracting by manifest.
2440 silly tarball no local data for big.js@https://registry.npmjs.org/big.js/-/big.js-5.2.2.tgz. Extracting by manifest.
2441 silly tarball no local data for batch@https://registry.npmjs.org/batch/-/batch-0.6.1.tgz. Extracting by manifest.
2442 silly tarball no local data for braces@https://registry.npmjs.org/braces/-/braces-3.0.3.tgz. Extracting by manifest.
2443 silly tarball no local data for baseline-browser-mapping@https://registry.npmjs.org/baseline-browser-mapping/-/baseline-browser-mapping-2.10.33.tgz. Extracting by manifest.
2444 silly tarball no local data for bail@https://registry.npmjs.org/bail/-/bail-2.0.2.tgz. Extracting by manifest.
2445 silly tarball no local data for boolbase@https://registry.npmjs.org/boolbase/-/boolbase-1.0.0.tgz. Extracting by manifest.
2446 silly tarball no local data for babel-plugin-polyfill-regenerator@https://registry.npmjs.org/babel-plugin-polyfill-regenerator/-/babel-plugin-polyfill-regenerator-0.6.8.tgz. Extracting by manifest.
2447 silly tarball no local data for balanced-match@https://registry.npmjs.org/balanced-match/-/balanced-match-1.0.2.tgz. Extracting by manifest.
2448 silly tarball no local data for babel-plugin-polyfill-corejs2@https://registry.npmjs.org/babel-plugin-polyfill-corejs2/-/babel-plugin-polyfill-corejs2-0.4.17.tgz. Extracting by manifest.
2449 silly tarball no local data for babel-loader@https://registry.npmjs.org/babel-loader/-/babel-loader-9.2.1.tgz. Extracting by manifest.
2450 silly tarball no local data for babel-plugin-polyfill-corejs3@https://registry.npmjs.org/babel-plugin-polyfill-corejs3/-/babel-plugin-polyfill-corejs3-0.13.0.tgz. Extracting by manifest.
2451 silly tarball no local data for babel-plugin-dynamic-import-node@https://registry.npmjs.org/babel-plugin-dynamic-import-node/-/babel-plugin-dynamic-import-node-2.3.3.tgz. Extracting by manifest.
2452 silly tarball no local data for asn1js@https://registry.npmjs.org/asn1js/-/asn1js-3.0.10.tgz. Extracting by manifest.
2453 silly tarball no local data for astring@https://registry.npmjs.org/astring/-/astring-1.9.0.tgz. Extracting by manifest.
2454 silly tarball no local data for autoprefixer@https://registry.npmjs.org/autoprefixer/-/autoprefixer-10.5.0.tgz. Extracting by manifest.
2455 silly tarball no local data for array-union@https://registry.npmjs.org/array-union/-/array-union-2.1.0.tgz. Extracting by manifest.
2456 silly tarball no local data for array-flatten@https://registry.npmjs.org/array-flatten/-/array-flatten-1.1.1.tgz. Extracting by manifest.
2457 silly tarball no local data for argparse@https://registry.npmjs.org/argparse/-/argparse-2.0.1.tgz. Extracting by manifest.
2458 silly tarball no local data for any-promise@https://registry.npmjs.org/any-promise/-/any-promise-1.3.0.tgz. Extracting by manifest.
2459 silly tarball no local data for anymatch@https://registry.npmjs.org/anymatch/-/anymatch-3.1.3.tgz. Extracting by manifest.
2460 silly tarball no local data for ansis@https://registry.npmjs.org/ansis/-/ansis-3.17.0.tgz. Extracting by manifest.
2461 silly tarball no local data for arg@https://registry.npmjs.org/arg/-/arg-5.0.2.tgz. Extracting by manifest.
2462 silly tarball no local data for ansi-html-community@https://registry.npmjs.org/ansi-html-community/-/ansi-html-community-0.0.8.tgz. Extracting by manifest.
2463 silly tarball no local data for ansi-regex@https://registry.npmjs.org/ansi-regex/-/ansi-regex-5.0.1.tgz. Extracting by manifest.
2464 silly tarball no local data for ansi-align@https://registry.npmjs.org/ansi-align/-/ansi-align-3.0.1.tgz. Extracting by manifest.
2465 silly tarball no local data for algoliasearch-helper@https://registry.npmjs.org/algoliasearch-helper/-/algoliasearch-helper-3.29.1.tgz. Extracting by manifest.
2466 silly tarball no local data for ajv-keywords@https://registry.npmjs.org/ajv-keywords/-/ajv-keywords-5.1.0.tgz. Extracting by manifest.
2467 silly tarball no local data for ajv-formats@https://registry.npmjs.org/ajv-formats/-/ajv-formats-2.1.1.tgz. Extracting by manifest.
2468 silly tarball no local data for algoliasearch@https://registry.npmjs.org/algoliasearch/-/algoliasearch-5.53.0.tgz. Extracting by manifest.
2469 silly tarball no local data for ansi-styles@https://registry.npmjs.org/ansi-styles/-/ansi-styles-4.3.0.tgz. Extracting by manifest.
2470 silly tarball no local data for address@https://registry.npmjs.org/address/-/address-1.2.2.tgz. Extracting by manifest.
2471 silly tarball no local data for aggregate-error@https://registry.npmjs.org/aggregate-error/-/aggregate-error-3.1.0.tgz. Extracting by manifest.
2472 silly tarball no local data for ajv@https://registry.npmjs.org/ajv/-/ajv-8.20.0.tgz. Extracting by manifest.
2473 silly tarball no local data for acorn-walk@https://registry.npmjs.org/acorn-walk/-/acorn-walk-8.3.5.tgz. Extracting by manifest.
2474 silly tarball no local data for acorn@https://registry.npmjs.org/acorn/-/acorn-8.16.0.tgz. Extracting by manifest.
2475 silly tarball no local data for acorn-import-phases@https://registry.npmjs.org/acorn-import-phases/-/acorn-import-phases-1.0.4.tgz. Extracting by manifest.
2476 silly tarball no local data for acorn-jsx@https://registry.npmjs.org/acorn-jsx/-/acorn-jsx-5.3.2.tgz. Extracting by manifest.
2477 silly tarball no local data for accepts@https://registry.npmjs.org/accepts/-/accepts-1.3.8.tgz. Extracting by manifest.
2478 silly tarball no local data for @xtuc/ieee754@https://registry.npmjs.org/@xtuc/ieee754/-/ieee754-1.2.0.tgz. Extracting by manifest.
2479 silly tarball no local data for @xtuc/long@https://registry.npmjs.org/@xtuc/long/-/long-4.2.2.tgz. Extracting by manifest.
2480 silly tarball no local data for @webassemblyjs/wasm-opt@https://registry.npmjs.org/@webassemblyjs/wasm-opt/-/wasm-opt-1.14.1.tgz. Extracting by manifest.
2481 silly tarball no local data for @webassemblyjs/wast-printer@https://registry.npmjs.org/@webassemblyjs/wast-printer/-/wast-printer-1.14.1.tgz. Extracting by manifest.
2482 silly tarball no local data for @webassemblyjs/wasm-parser@https://registry.npmjs.org/@webassemblyjs/wasm-parser/-/wasm-parser-1.14.1.tgz. Extracting by manifest.
2483 silly tarball no local data for @webassemblyjs/leb128@https://registry.npmjs.org/@webassemblyjs/leb128/-/leb128-1.13.2.tgz. Extracting by manifest.
2484 silly tarball no local data for @webassemblyjs/wasm-gen@https://registry.npmjs.org/@webassemblyjs/wasm-gen/-/wasm-gen-1.14.1.tgz. Extracting by manifest.
2485 silly tarball no local data for @webassemblyjs/utf8@https://registry.npmjs.org/@webassemblyjs/utf8/-/utf8-1.13.2.tgz. Extracting by manifest.
2486 silly tarball no local data for @webassemblyjs/ieee754@https://registry.npmjs.org/@webassemblyjs/ieee754/-/ieee754-1.13.2.tgz. Extracting by manifest.
2487 silly tarball no local data for @webassemblyjs/wasm-edit@https://registry.npmjs.org/@webassemblyjs/wasm-edit/-/wasm-edit-1.14.1.tgz. Extracting by manifest.
2488 silly tarball no local data for @webassemblyjs/helper-wasm-bytecode@https://registry.npmjs.org/@webassemblyjs/helper-wasm-bytecode/-/helper-wasm-bytecode-1.13.2.tgz. Extracting by manifest.
2489 silly tarball no local data for @webassemblyjs/helper-numbers@https://registry.npmjs.org/@webassemblyjs/helper-numbers/-/helper-numbers-1.13.2.tgz. Extracting by manifest.
2490 silly tarball no local data for @webassemblyjs/floating-point-hex-parser@https://registry.npmjs.org/@webassemblyjs/floating-point-hex-parser/-/floating-point-hex-parser-1.13.2.tgz. Extracting by manifest.
2491 silly tarball no local data for @webassemblyjs/ast@https://registry.npmjs.org/@webassemblyjs/ast/-/ast-1.14.1.tgz. Extracting by manifest.
2492 silly tarball no local data for @webassemblyjs/helper-api-error@https://registry.npmjs.org/@webassemblyjs/helper-api-error/-/helper-api-error-1.13.2.tgz. Extracting by manifest.
2493 silly tarball no local data for @ungap/structured-clone@https://registry.npmjs.org/@ungap/structured-clone/-/structured-clone-1.3.1.tgz. Extracting by manifest.
2494 silly tarball no local data for @webassemblyjs/helper-buffer@https://registry.npmjs.org/@webassemblyjs/helper-buffer/-/helper-buffer-1.14.1.tgz. Extracting by manifest.
2495 silly tarball no local data for @upsetjs/venn.js@https://registry.npmjs.org/@upsetjs/venn.js/-/venn.js-2.0.0.tgz. Extracting by manifest.
2496 silly tarball no local data for @webassemblyjs/helper-wasm-section@https://registry.npmjs.org/@webassemblyjs/helper-wasm-section/-/helper-wasm-section-1.14.1.tgz. Extracting by manifest.
2497 silly tarball no local data for @types/unist@https://registry.npmjs.org/@types/unist/-/unist-3.0.3.tgz. Extracting by manifest.
2498 silly tarball no local data for @types/yargs-parser@https://registry.npmjs.org/@types/yargs-parser/-/yargs-parser-21.0.3.tgz. Extracting by manifest.
2499 silly tarball no local data for @types/trusted-types@https://registry.npmjs.org/@types/trusted-types/-/trusted-types-2.0.7.tgz. Extracting by manifest.
2500 silly tarball no local data for @types/ws@https://registry.npmjs.org/@types/ws/-/ws-8.18.1.tgz. Extracting by manifest.
2501 silly tarball no local data for @types/sockjs@https://registry.npmjs.org/@types/sockjs/-/sockjs-0.3.36.tgz. Extracting by manifest.
2502 silly tarball no local data for @types/serve-static@https://registry.npmjs.org/@types/serve-static/-/serve-static-1.15.10.tgz. Extracting by manifest.
2503 silly tarball no local data for @types/send@https://registry.npmjs.org/@types/send/-/send-1.2.1.tgz. Extracting by manifest.
2504 silly tarball no local data for @types/serve-index@https://registry.npmjs.org/@types/serve-index/-/serve-index-1.9.4.tgz. Extracting by manifest.
2505 silly tarball no local data for @types/retry@https://registry.npmjs.org/@types/retry/-/retry-0.12.2.tgz. Extracting by manifest.
2506 silly tarball no local data for @types/react-router-dom@https://registry.npmjs.org/@types/react-router-dom/-/react-router-dom-5.3.3.tgz. Extracting by manifest.
2507 silly tarball no local data for @types/react-router-config@https://registry.npmjs.org/@types/react-router-config/-/react-router-config-5.0.11.tgz. Extracting by manifest.
2508 silly tarball no local data for @types/react-router@https://registry.npmjs.org/@types/react-router/-/react-router-5.1.20.tgz. Extracting by manifest.
2509 silly tarball no local data for @types/yargs@https://registry.npmjs.org/@types/yargs/-/yargs-17.0.35.tgz. Extracting by manifest.
2510 silly tarball no local data for @types/sax@https://registry.npmjs.org/@types/sax/-/sax-1.2.7.tgz. Extracting by manifest.
2511 silly tarball no local data for @types/range-parser@https://registry.npmjs.org/@types/range-parser/-/range-parser-1.2.7.tgz. Extracting by manifest.
2512 silly tarball no local data for @types/node@https://registry.npmjs.org/@types/node/-/node-25.9.1.tgz. Extracting by manifest.
2513 silly tarball no local data for @types/react@https://registry.npmjs.org/@types/react/-/react-19.2.15.tgz. Extracting by manifest.
2514 silly tarball no local data for @types/ms@https://registry.npmjs.org/@types/ms/-/ms-2.1.0.tgz. Extracting by manifest.
2515 silly tarball no local data for @types/prismjs@https://registry.npmjs.org/@types/prismjs/-/prismjs-1.26.6.tgz. Extracting by manifest.
2516 silly tarball no local data for @types/qs@https://registry.npmjs.org/@types/qs/-/qs-6.15.1.tgz. Extracting by manifest.
2517 silly tarball no local data for @types/mdx@https://registry.npmjs.org/@types/mdx/-/mdx-2.0.13.tgz. Extracting by manifest.
2518 silly tarball no local data for @types/mdast@https://registry.npmjs.org/@types/mdast/-/mdast-4.0.4.tgz. Extracting by manifest.
2519 silly tarball no local data for @types/istanbul-lib-report@https://registry.npmjs.org/@types/istanbul-lib-report/-/istanbul-lib-report-3.0.3.tgz. Extracting by manifest.
2520 silly tarball no local data for @types/mime@https://registry.npmjs.org/@types/mime/-/mime-1.3.5.tgz. Extracting by manifest.
2521 silly tarball no local data for @types/istanbul-reports@https://registry.npmjs.org/@types/istanbul-reports/-/istanbul-reports-3.0.4.tgz. Extracting by manifest.
2522 silly tarball no local data for @types/json-schema@https://registry.npmjs.org/@types/json-schema/-/json-schema-7.0.15.tgz. Extracting by manifest.
2523 silly tarball no local data for @types/istanbul-lib-coverage@https://registry.npmjs.org/@types/istanbul-lib-coverage/-/istanbul-lib-coverage-2.0.6.tgz. Extracting by manifest.
2524 silly tarball no local data for @types/http-proxy@https://registry.npmjs.org/@types/http-proxy/-/http-proxy-1.17.17.tgz. Extracting by manifest.
2525 silly tarball no local data for @types/html-minifier-terser@https://registry.npmjs.org/@types/html-minifier-terser/-/html-minifier-terser-6.1.0.tgz. Extracting by manifest.
2526 silly tarball no local data for @types/http-errors@https://registry.npmjs.org/@types/http-errors/-/http-errors-2.0.5.tgz. Extracting by manifest.
2527 silly tarball no local data for @types/hast@https://registry.npmjs.org/@types/hast/-/hast-3.0.4.tgz. Extracting by manifest.
2528 silly tarball no local data for @types/history@https://registry.npmjs.org/@types/history/-/history-4.7.11.tgz. Extracting by manifest.
2529 silly tarball no local data for @types/gtag.js@https://registry.npmjs.org/@types/gtag.js/-/gtag.js-0.0.20.tgz. Extracting by manifest.
2530 silly tarball no local data for @types/express-serve-static-core@https://registry.npmjs.org/@types/express-serve-static-core/-/express-serve-static-core-4.19.8.tgz. Extracting by manifest.
2531 silly tarball no local data for @types/geojson@https://registry.npmjs.org/@types/geojson/-/geojson-7946.0.16.tgz. Extracting by manifest.
2532 silly tarball no local data for @types/express@https://registry.npmjs.org/@types/express/-/express-4.17.25.tgz. Extracting by manifest.
2533 silly tarball no local data for @types/http-cache-semantics@https://registry.npmjs.org/@types/http-cache-semantics/-/http-cache-semantics-4.2.0.tgz. Extracting by manifest.
2534 silly tarball no local data for @types/estree-jsx@https://registry.npmjs.org/@types/estree-jsx/-/estree-jsx-1.0.5.tgz. Extracting by manifest.
2535 silly tarball no local data for @types/estree@https://registry.npmjs.org/@types/estree/-/estree-1.0.9.tgz. Extracting by manifest.
2536 silly tarball no local data for @types/debug@https://registry.npmjs.org/@types/debug/-/debug-4.1.13.tgz. Extracting by manifest.
2537 silly tarball no local data for @types/d3-transition@https://registry.npmjs.org/@types/d3-transition/-/d3-transition-3.0.9.tgz. Extracting by manifest.
2538 silly tarball no local data for @types/d3-zoom@https://registry.npmjs.org/@types/d3-zoom/-/d3-zoom-3.0.8.tgz. Extracting by manifest.
2539 silly tarball no local data for @types/d3-timer@https://registry.npmjs.org/@types/d3-timer/-/d3-timer-3.0.2.tgz. Extracting by manifest.
2540 silly tarball no local data for @types/d3-time-format@https://registry.npmjs.org/@types/d3-time-format/-/d3-time-format-4.0.3.tgz. Extracting by manifest.
2541 silly tarball no local data for @types/d3-time@https://registry.npmjs.org/@types/d3-time/-/d3-time-3.0.4.tgz. Extracting by manifest.
2542 silly tarball no local data for @types/d3-selection@https://registry.npmjs.org/@types/d3-selection/-/d3-selection-3.0.11.tgz. Extracting by manifest.
2543 silly tarball no local data for @types/d3-scale-chromatic@https://registry.npmjs.org/@types/d3-scale-chromatic/-/d3-scale-chromatic-3.1.0.tgz. Extracting by manifest.
2544 silly tarball no local data for @types/d3-quadtree@https://registry.npmjs.org/@types/d3-quadtree/-/d3-quadtree-3.0.6.tgz. Extracting by manifest.
2545 silly tarball no local data for @types/d3-shape@https://registry.npmjs.org/@types/d3-shape/-/d3-shape-3.1.8.tgz. Extracting by manifest.
2546 silly tarball no local data for @types/d3-path@https://registry.npmjs.org/@types/d3-path/-/d3-path-3.1.1.tgz. Extracting by manifest.
2547 silly tarball no local data for @types/d3-random@https://registry.npmjs.org/@types/d3-random/-/d3-random-3.0.3.tgz. Extracting by manifest.
2548 silly tarball no local data for @types/d3-polygon@https://registry.npmjs.org/@types/d3-polygon/-/d3-polygon-3.0.2.tgz. Extracting by manifest.
2549 silly tarball no local data for @types/d3-scale@https://registry.npmjs.org/@types/d3-scale/-/d3-scale-4.0.9.tgz. Extracting by manifest.
2550 silly tarball no local data for @types/d3-interpolate@https://registry.npmjs.org/@types/d3-interpolate/-/d3-interpolate-3.0.4.tgz. Extracting by manifest.
2551 silly tarball no local data for @types/d3-hierarchy@https://registry.npmjs.org/@types/d3-hierarchy/-/d3-hierarchy-3.1.7.tgz. Extracting by manifest.
2552 silly tarball no local data for @types/d3-format@https://registry.npmjs.org/@types/d3-format/-/d3-format-3.0.4.tgz. Extracting by manifest.
2553 silly tarball no local data for @types/d3-force@https://registry.npmjs.org/@types/d3-force/-/d3-force-3.0.10.tgz. Extracting by manifest.
2554 silly tarball no local data for @types/d3-ease@https://registry.npmjs.org/@types/d3-ease/-/d3-ease-3.0.2.tgz. Extracting by manifest.
2555 silly tarball no local data for @types/d3-dispatch@https://registry.npmjs.org/@types/d3-dispatch/-/d3-dispatch-3.0.7.tgz. Extracting by manifest.
2556 silly tarball no local data for @types/d3-delaunay@https://registry.npmjs.org/@types/d3-delaunay/-/d3-delaunay-6.0.4.tgz. Extracting by manifest.
2557 silly tarball no local data for @types/d3-fetch@https://registry.npmjs.org/@types/d3-fetch/-/d3-fetch-3.0.7.tgz. Extracting by manifest.
2558 silly tarball no local data for @types/d3-dsv@https://registry.npmjs.org/@types/d3-dsv/-/d3-dsv-3.0.7.tgz. Extracting by manifest.
2559 silly tarball no local data for @types/d3-contour@https://registry.npmjs.org/@types/d3-contour/-/d3-contour-3.0.6.tgz. Extracting by manifest.
2560 silly tarball no local data for @types/d3-chord@https://registry.npmjs.org/@types/d3-chord/-/d3-chord-3.0.6.tgz. Extracting by manifest.
2561 silly tarball no local data for @types/d3-color@https://registry.npmjs.org/@types/d3-color/-/d3-color-3.1.3.tgz. Extracting by manifest.
2562 silly tarball no local data for @types/d3-geo@https://registry.npmjs.org/@types/d3-geo/-/d3-geo-3.1.0.tgz. Extracting by manifest.
2563 silly tarball no local data for @types/d3-brush@https://registry.npmjs.org/@types/d3-brush/-/d3-brush-3.0.6.tgz. Extracting by manifest.
2564 silly tarball no local data for @types/d3-axis@https://registry.npmjs.org/@types/d3-axis/-/d3-axis-3.0.6.tgz. Extracting by manifest.
2565 silly tarball no local data for @types/d3-drag@https://registry.npmjs.org/@types/d3-drag/-/d3-drag-3.0.7.tgz. Extracting by manifest.
2566 silly tarball no local data for @types/d3@https://registry.npmjs.org/@types/d3/-/d3-7.4.3.tgz. Extracting by manifest.
2567 silly tarball no local data for @types/connect-history-api-fallback@https://registry.npmjs.org/@types/connect-history-api-fallback/-/connect-history-api-fallback-1.5.4.tgz. Extracting by manifest.
2568 silly tarball no local data for @types/bonjour@https://registry.npmjs.org/@types/bonjour/-/bonjour-3.5.13.tgz. Extracting by manifest.
2569 silly tarball no local data for @tybys/wasm-util@https://registry.npmjs.org/@tybys/wasm-util/-/wasm-util-0.10.2.tgz. Extracting by manifest.
2570 silly tarball no local data for @types/body-parser@https://registry.npmjs.org/@types/body-parser/-/body-parser-1.19.6.tgz. Extracting by manifest.
2571 silly tarball no local data for @types/d3-array@https://registry.npmjs.org/@types/d3-array/-/d3-array-3.2.2.tgz. Extracting by manifest.
2572 silly tarball no local data for @types/connect@https://registry.npmjs.org/@types/connect/-/connect-3.4.38.tgz. Extracting by manifest.
2573 silly tarball no local data for @szmarczak/http-timer@https://registry.npmjs.org/@szmarczak/http-timer/-/http-timer-5.0.1.tgz. Extracting by manifest.
2574 silly tarball no local data for @swc/types@https://registry.npmjs.org/@swc/types/-/types-0.1.26.tgz. Extracting by manifest.
2575 silly tarball no local data for @swc/html-darwin-arm64@https://registry.npmjs.org/@swc/html-darwin-arm64/-/html-darwin-arm64-1.15.40.tgz. Extracting by manifest.
2576 silly tarball no local data for @swc/counter@https://registry.npmjs.org/@swc/counter/-/counter-0.1.3.tgz. Extracting by manifest.
2577 silly tarball no local data for @swc/html@https://registry.npmjs.org/@swc/html/-/html-1.15.40.tgz. Extracting by manifest.
2578 silly tarball no local data for @swc/core@https://registry.npmjs.org/@swc/core/-/core-1.15.40.tgz. Extracting by manifest.
2579 silly tarball no local data for @svgr/webpack@https://registry.npmjs.org/@svgr/webpack/-/webpack-8.1.0.tgz. Extracting by manifest.
2580 silly tarball no local data for @swc/core-darwin-arm64@https://registry.npmjs.org/@swc/core-darwin-arm64/-/core-darwin-arm64-1.15.40.tgz. Extracting by manifest.
2581 silly tarball no local data for @svgr/plugin-svgo@https://registry.npmjs.org/@svgr/plugin-svgo/-/plugin-svgo-8.1.0.tgz. Extracting by manifest.
2582 silly tarball no local data for @svgr/plugin-jsx@https://registry.npmjs.org/@svgr/plugin-jsx/-/plugin-jsx-8.1.0.tgz. Extracting by manifest.
2583 silly tarball no local data for @svgr/babel-preset@https://registry.npmjs.org/@svgr/babel-preset/-/babel-preset-8.1.0.tgz. Extracting by manifest.
2584 silly tarball no local data for @svgr/babel-plugin-svg-dynamic-title@https://registry.npmjs.org/@svgr/babel-plugin-svg-dynamic-title/-/babel-plugin-svg-dynamic-title-8.0.0.tgz. Extracting by manifest.
2585 silly tarball no local data for @svgr/core@https://registry.npmjs.org/@svgr/core/-/core-8.1.0.tgz. Extracting by manifest.
2586 silly tarball no local data for @svgr/babel-plugin-transform-svg-component@https://registry.npmjs.org/@svgr/babel-plugin-transform-svg-component/-/babel-plugin-transform-svg-component-8.0.0.tgz. Extracting by manifest.
2587 silly tarball no local data for @svgr/babel-plugin-transform-react-native-svg@https://registry.npmjs.org/@svgr/babel-plugin-transform-react-native-svg/-/babel-plugin-transform-react-native-svg-8.1.0.tgz. Extracting by manifest.
2588 silly tarball no local data for @svgr/babel-plugin-replace-jsx-attribute-value@https://registry.npmjs.org/@svgr/babel-plugin-replace-jsx-attribute-value/-/babel-plugin-replace-jsx-attribute-value-8.0.0.tgz. Extracting by manifest.
2589 silly tarball no local data for @svgr/hast-util-to-babel-ast@https://registry.npmjs.org/@svgr/hast-util-to-babel-ast/-/hast-util-to-babel-ast-8.0.0.tgz. Extracting by manifest.
2590 silly tarball no local data for @svgr/babel-plugin-remove-jsx-attribute@https://registry.npmjs.org/@svgr/babel-plugin-remove-jsx-attribute/-/babel-plugin-remove-jsx-attribute-8.0.0.tgz. Extracting by manifest.
2591 silly tarball no local data for @svgr/babel-plugin-remove-jsx-empty-expression@https://registry.npmjs.org/@svgr/babel-plugin-remove-jsx-empty-expression/-/babel-plugin-remove-jsx-empty-expression-8.0.0.tgz. Extracting by manifest.
2592 silly tarball no local data for @svgr/babel-plugin-svg-em-dimensions@https://registry.npmjs.org/@svgr/babel-plugin-svg-em-dimensions/-/babel-plugin-svg-em-dimensions-8.0.0.tgz. Extracting by manifest.
2593 silly tarball no local data for @svgr/babel-plugin-add-jsx-attribute@https://registry.npmjs.org/@svgr/babel-plugin-add-jsx-attribute/-/babel-plugin-add-jsx-attribute-8.0.0.tgz. Extracting by manifest.
2594 silly tarball no local data for @slorber/remark-comment@https://registry.npmjs.org/@slorber/remark-comment/-/remark-comment-1.0.0.tgz. Extracting by manifest.
2595 silly tarball no local data for @sideway/pinpoint@https://registry.npmjs.org/@sideway/pinpoint/-/pinpoint-2.0.0.tgz. Extracting by manifest.
2596 silly tarball no local data for @sinclair/typebox@https://registry.npmjs.org/@sinclair/typebox/-/typebox-0.27.10.tgz. Extracting by manifest.
2597 silly tarball no local data for @sindresorhus/is@https://registry.npmjs.org/@sindresorhus/is/-/is-4.6.0.tgz. Extracting by manifest.
2598 silly tarball no local data for @sideway/formula@https://registry.npmjs.org/@sideway/formula/-/formula-3.0.1.tgz. Extracting by manifest.
2599 silly tarball no local data for @sideway/address@https://registry.npmjs.org/@sideway/address/-/address-4.1.5.tgz. Extracting by manifest.
2600 silly tarball no local data for @rspack/lite-tapable@https://registry.npmjs.org/@rspack/lite-tapable/-/lite-tapable-1.1.0.tgz. Extracting by manifest.
2601 silly tarball no local data for @rspack/binding-darwin-arm64@https://registry.npmjs.org/@rspack/binding-darwin-arm64/-/binding-darwin-arm64-1.7.11.tgz. Extracting by manifest.
2602 silly tarball no local data for @polka/url@https://registry.npmjs.org/@polka/url/-/url-1.0.0-next.29.tgz. Extracting by manifest.
2603 silly tarball no local data for @rspack/binding@https://registry.npmjs.org/@rspack/binding/-/binding-1.7.11.tgz. Extracting by manifest.
2604 silly tarball no local data for @pnpm/config.env-replace@https://registry.npmjs.org/@pnpm/config.env-replace/-/config.env-replace-1.1.0.tgz. Extracting by manifest.
2605 silly tarball no local data for @pnpm/npm-conf@https://registry.npmjs.org/@pnpm/npm-conf/-/npm-conf-3.0.2.tgz. Extracting by manifest.
2606 silly tarball no local data for @pnpm/network.ca-file@https://registry.npmjs.org/@pnpm/network.ca-file/-/network.ca-file-1.0.2.tgz. Extracting by manifest.
2607 silly tarball no local data for @philpl/buble@https://registry.npmjs.org/@philpl/buble/-/buble-0.19.7.tgz. Extracting by manifest.
2608 silly tarball no local data for @rspack/core@https://registry.npmjs.org/@rspack/core/-/core-1.7.11.tgz. Extracting by manifest.
2609 silly tarball no local data for @peculiar/asn1-x509-attr@https://registry.npmjs.org/@peculiar/asn1-x509-attr/-/asn1-x509-attr-2.7.0.tgz. Extracting by manifest.
2610 silly tarball no local data for @peculiar/x509@https://registry.npmjs.org/@peculiar/x509/-/x509-1.14.3.tgz. Extracting by manifest.
2611 silly tarball no local data for @peculiar/utils@https://registry.npmjs.org/@peculiar/utils/-/utils-2.0.3.tgz. Extracting by manifest.
2612 silly tarball no local data for @peculiar/asn1-x509@https://registry.npmjs.org/@peculiar/asn1-x509/-/asn1-x509-2.7.0.tgz. Extracting by manifest.
2613 silly tarball no local data for @peculiar/asn1-rsa@https://registry.npmjs.org/@peculiar/asn1-rsa/-/asn1-rsa-2.7.0.tgz. Extracting by manifest.
2614 silly tarball no local data for @peculiar/asn1-schema@https://registry.npmjs.org/@peculiar/asn1-schema/-/asn1-schema-2.7.0.tgz. Extracting by manifest.
2615 silly tarball no local data for @peculiar/asn1-ecc@https://registry.npmjs.org/@peculiar/asn1-ecc/-/asn1-ecc-2.7.0.tgz. Extracting by manifest.
2616 silly tarball no local data for @peculiar/asn1-pkcs9@https://registry.npmjs.org/@peculiar/asn1-pkcs9/-/asn1-pkcs9-2.7.0.tgz. Extracting by manifest.
2617 silly tarball no local data for @peculiar/asn1-pkcs8@https://registry.npmjs.org/@peculiar/asn1-pkcs8/-/asn1-pkcs8-2.7.0.tgz. Extracting by manifest.
2618 silly tarball no local data for @peculiar/asn1-pfx@https://registry.npmjs.org/@peculiar/asn1-pfx/-/asn1-pfx-2.7.0.tgz. Extracting by manifest.
2619 silly tarball no local data for @nodelib/fs.walk@https://registry.npmjs.org/@nodelib/fs.walk/-/fs.walk-1.2.8.tgz. Extracting by manifest.
2620 silly tarball no local data for @peculiar/asn1-cms@https://registry.npmjs.org/@peculiar/asn1-cms/-/asn1-cms-2.7.0.tgz. Extracting by manifest.
2621 silly tarball no local data for @nodelib/fs.stat@https://registry.npmjs.org/@nodelib/fs.stat/-/fs.stat-2.0.5.tgz. Extracting by manifest.
2622 silly tarball no local data for @nodelib/fs.scandir@https://registry.npmjs.org/@nodelib/fs.scandir/-/fs.scandir-2.1.5.tgz. Extracting by manifest.
2623 silly tarball no local data for @node-rs/jieba-darwin-arm64@https://registry.npmjs.org/@node-rs/jieba-darwin-arm64/-/jieba-darwin-arm64-1.10.4.tgz. Extracting by manifest.
2624 silly tarball no local data for @peculiar/asn1-csr@https://registry.npmjs.org/@peculiar/asn1-csr/-/asn1-csr-2.7.0.tgz. Extracting by manifest.
2625 silly tarball no local data for @noble/hashes@https://registry.npmjs.org/@noble/hashes/-/hashes-1.4.0.tgz. Extracting by manifest.
2626 silly tarball no local data for @node-rs/jieba@https://registry.npmjs.org/@node-rs/jieba/-/jieba-1.10.4.tgz. Extracting by manifest.
2627 silly tarball no local data for @napi-rs/wasm-runtime@https://registry.npmjs.org/@napi-rs/wasm-runtime/-/wasm-runtime-1.0.7.tgz. Extracting by manifest.
2628 silly tarball no local data for @module-federation/runtime-tools@https://registry.npmjs.org/@module-federation/runtime-tools/-/runtime-tools-0.22.0.tgz. Extracting by manifest.
2629 silly tarball no local data for @module-federation/runtime-core@https://registry.npmjs.org/@module-federation/runtime-core/-/runtime-core-0.22.0.tgz. Extracting by manifest.
2630 silly tarball no local data for @module-federation/sdk@https://registry.npmjs.org/@module-federation/sdk/-/sdk-0.22.0.tgz. Extracting by manifest.
2631 silly tarball no local data for @module-federation/error-codes@https://registry.npmjs.org/@module-federation/error-codes/-/error-codes-0.22.0.tgz. Extracting by manifest.
2632 silly tarball no local data for @module-federation/runtime@https://registry.npmjs.org/@module-federation/runtime/-/runtime-0.22.0.tgz. Extracting by manifest.
2633 silly tarball no local data for @module-federation/webpack-bundler-runtime@https://registry.npmjs.org/@module-federation/webpack-bundler-runtime/-/webpack-bundler-runtime-0.22.0.tgz. Extracting by manifest.
2634 silly tarball no local data for @mdx-js/react@https://registry.npmjs.org/@mdx-js/react/-/react-3.1.1.tgz. Extracting by manifest.
2635 silly tarball no local data for @mermaid-js/parser@https://registry.npmjs.org/@mermaid-js/parser/-/parser-1.1.1.tgz. Extracting by manifest.
2636 silly tarball no local data for @leichtgewicht/ip-codec@https://registry.npmjs.org/@leichtgewicht/ip-codec/-/ip-codec-2.0.5.tgz. Extracting by manifest.
2637 silly tarball no local data for @mdx-js/mdx@https://registry.npmjs.org/@mdx-js/mdx/-/mdx-3.1.1.tgz. Extracting by manifest.
2638 silly tarball no local data for @jsonjoy.com/json-pointer@https://registry.npmjs.org/@jsonjoy.com/json-pointer/-/json-pointer-1.0.2.tgz. Extracting by manifest.
2639 silly tarball no local data for @jsonjoy.com/util@https://registry.npmjs.org/@jsonjoy.com/util/-/util-1.9.0.tgz. Extracting by manifest.
2640 silly tarball no local data for @jsonjoy.com/fs-snapshot@https://registry.npmjs.org/@jsonjoy.com/fs-snapshot/-/fs-snapshot-4.57.3.tgz. Extracting by manifest.
2641 silly tarball no local data for @jsonjoy.com/fs-node-utils@https://registry.npmjs.org/@jsonjoy.com/fs-node-utils/-/fs-node-utils-4.57.3.tgz. Extracting by manifest.
2642 silly tarball no local data for @jsonjoy.com/fs-node-to-fsa@https://registry.npmjs.org/@jsonjoy.com/fs-node-to-fsa/-/fs-node-to-fsa-4.57.3.tgz. Extracting by manifest.
2643 silly tarball no local data for @jsonjoy.com/fs-print@https://registry.npmjs.org/@jsonjoy.com/fs-print/-/fs-print-4.57.3.tgz. Extracting by manifest.
2644 silly tarball no local data for @jsonjoy.com/json-pack@https://registry.npmjs.org/@jsonjoy.com/json-pack/-/json-pack-1.21.0.tgz. Extracting by manifest.
2645 silly tarball no local data for @jsonjoy.com/fs-node@https://registry.npmjs.org/@jsonjoy.com/fs-node/-/fs-node-4.57.3.tgz. Extracting by manifest.
2646 silly tarball no local data for @jsonjoy.com/fs-fsa@https://registry.npmjs.org/@jsonjoy.com/fs-fsa/-/fs-fsa-4.57.3.tgz. Extracting by manifest.
2647 silly tarball no local data for @jsonjoy.com/fs-node-builtins@https://registry.npmjs.org/@jsonjoy.com/fs-node-builtins/-/fs-node-builtins-4.57.3.tgz. Extracting by manifest.
2648 silly tarball no local data for @jsonjoy.com/base64@https://registry.npmjs.org/@jsonjoy.com/base64/-/base64-1.1.2.tgz. Extracting by manifest.
2649 silly tarball no local data for @jsonjoy.com/buffers@https://registry.npmjs.org/@jsonjoy.com/buffers/-/buffers-17.67.0.tgz. Extracting by manifest.
2650 silly tarball no local data for @jridgewell/sourcemap-codec@https://registry.npmjs.org/@jridgewell/sourcemap-codec/-/sourcemap-codec-1.5.5.tgz. Extracting by manifest.
2651 silly tarball no local data for @jridgewell/trace-mapping@https://registry.npmjs.org/@jridgewell/trace-mapping/-/trace-mapping-0.3.31.tgz. Extracting by manifest.
2652 silly tarball no local data for @jridgewell/source-map@https://registry.npmjs.org/@jridgewell/source-map/-/source-map-0.3.11.tgz. Extracting by manifest.
2653 silly tarball no local data for @jridgewell/resolve-uri@https://registry.npmjs.org/@jridgewell/resolve-uri/-/resolve-uri-3.1.2.tgz. Extracting by manifest.
2654 silly tarball no local data for @jsonjoy.com/fs-core@https://registry.npmjs.org/@jsonjoy.com/fs-core/-/fs-core-4.57.3.tgz. Extracting by manifest.
2655 silly tarball no local data for @jsonjoy.com/codegen@https://registry.npmjs.org/@jsonjoy.com/codegen/-/codegen-1.0.0.tgz. Extracting by manifest.
2656 silly tarball no local data for @jridgewell/remapping@https://registry.npmjs.org/@jridgewell/remapping/-/remapping-2.3.5.tgz. Extracting by manifest.
2657 silly tarball no local data for @jridgewell/gen-mapping@https://registry.npmjs.org/@jridgewell/gen-mapping/-/gen-mapping-0.3.13.tgz. Extracting by manifest.
2658 silly tarball no local data for @iconify/utils@https://registry.npmjs.org/@iconify/utils/-/utils-3.1.3.tgz. Extracting by manifest.
2659 silly tarball no local data for @iconify/types@https://registry.npmjs.org/@iconify/types/-/types-2.0.0.tgz. Extracting by manifest.
2660 silly tarball no local data for @jest/types@https://registry.npmjs.org/@jest/types/-/types-29.6.3.tgz. Extracting by manifest.
2661 silly tarball no local data for @jest/schemas@https://registry.npmjs.org/@jest/schemas/-/schemas-29.6.3.tgz. Extracting by manifest.
2662 silly tarball no local data for @emnapi/wasi-threads@https://registry.npmjs.org/@emnapi/wasi-threads/-/wasi-threads-1.2.1.tgz. Extracting by manifest.
2663 silly tarball no local data for @hapi/hoek@https://registry.npmjs.org/@hapi/hoek/-/hoek-9.3.0.tgz. Extracting by manifest.
2664 silly tarball no local data for @hapi/topo@https://registry.npmjs.org/@hapi/topo/-/topo-5.1.0.tgz. Extracting by manifest.
2665 silly tarball no local data for @emnapi/core@https://registry.npmjs.org/@emnapi/core/-/core-1.10.0.tgz. Extracting by manifest.
2666 silly tarball no local data for @emnapi/runtime@https://registry.npmjs.org/@emnapi/runtime/-/runtime-1.10.0.tgz. Extracting by manifest.
2667 silly tarball no local data for @easyops-cn/docusaurus-search-local@https://registry.npmjs.org/@easyops-cn/docusaurus-search-local/-/docusaurus-search-local-0.55.2.tgz. Extracting by manifest.
2668 silly tarball no local data for @docusaurus/utils-validation@https://registry.npmjs.org/@docusaurus/utils-validation/-/utils-validation-3.10.1.tgz. Extracting by manifest.
2669 silly tarball no local data for @easyops-cn/autocomplete.js@https://registry.npmjs.org/@easyops-cn/autocomplete.js/-/autocomplete.js-0.38.1.tgz. Extracting by manifest.
2670 silly tarball no local data for @docusaurus/utils-common@https://registry.npmjs.org/@docusaurus/utils-common/-/utils-common-3.10.1.tgz. Extracting by manifest.
2671 silly tarball no local data for @docusaurus/types@https://registry.npmjs.org/@docusaurus/types/-/types-3.10.1.tgz. Extracting by manifest.
2672 silly tarball no local data for @docusaurus/tsconfig@https://registry.npmjs.org/@docusaurus/tsconfig/-/tsconfig-3.10.1.tgz. Extracting by manifest.
2673 silly tarball no local data for @docusaurus/theme-translations@https://registry.npmjs.org/@docusaurus/theme-translations/-/theme-translations-3.10.1.tgz. Extracting by manifest.
2674 silly tarball no local data for @docusaurus/theme-search-algolia@https://registry.npmjs.org/@docusaurus/theme-search-algolia/-/theme-search-algolia-3.10.1.tgz. Extracting by manifest.
2675 silly tarball no local data for @docusaurus/theme-mermaid@https://registry.npmjs.org/@docusaurus/theme-mermaid/-/theme-mermaid-3.10.1.tgz. Extracting by manifest.
2676 silly tarball no local data for @docusaurus/utils@https://registry.npmjs.org/@docusaurus/utils/-/utils-3.10.1.tgz. Extracting by manifest.
2677 silly tarball no local data for @docusaurus/theme-common@https://registry.npmjs.org/@docusaurus/theme-common/-/theme-common-3.10.1.tgz. Extracting by manifest.
2678 silly tarball no local data for @docusaurus/theme-classic@https://registry.npmjs.org/@docusaurus/theme-classic/-/theme-classic-3.10.1.tgz. Extracting by manifest.
2679 silly tarball no local data for @docusaurus/plugin-svgr@https://registry.npmjs.org/@docusaurus/plugin-svgr/-/plugin-svgr-3.10.1.tgz. Extracting by manifest.
2680 silly tarball no local data for @docusaurus/theme-live-codeblock@https://registry.npmjs.org/@docusaurus/theme-live-codeblock/-/theme-live-codeblock-3.10.1.tgz. Extracting by manifest.
2681 silly tarball no local data for @docusaurus/preset-classic@https://registry.npmjs.org/@docusaurus/preset-classic/-/preset-classic-3.10.1.tgz. Extracting by manifest.
2682 silly tarball no local data for @docusaurus/plugin-sitemap@https://registry.npmjs.org/@docusaurus/plugin-sitemap/-/plugin-sitemap-3.10.1.tgz. Extracting by manifest.
2683 silly tarball no local data for @docusaurus/plugin-google-gtag@https://registry.npmjs.org/@docusaurus/plugin-google-gtag/-/plugin-google-gtag-3.10.1.tgz. Extracting by manifest.
2684 silly tarball no local data for @docusaurus/plugin-google-analytics@https://registry.npmjs.org/@docusaurus/plugin-google-analytics/-/plugin-google-analytics-3.10.1.tgz. Extracting by manifest.
2685 silly tarball no local data for @docusaurus/plugin-css-cascade-layers@https://registry.npmjs.org/@docusaurus/plugin-css-cascade-layers/-/plugin-css-cascade-layers-3.10.1.tgz. Extracting by manifest.
2686 silly tarball no local data for @docusaurus/plugin-content-blog@https://registry.npmjs.org/@docusaurus/plugin-content-blog/-/plugin-content-blog-3.10.1.tgz. Extracting by manifest.
2687 silly tarball no local data for @docusaurus/plugin-content-docs@https://registry.npmjs.org/@docusaurus/plugin-content-docs/-/plugin-content-docs-3.10.1.tgz. Extracting by manifest.
2688 silly tarball no local data for @docusaurus/plugin-debug@https://registry.npmjs.org/@docusaurus/plugin-debug/-/plugin-debug-3.10.1.tgz. Extracting by manifest.
2689 silly tarball no local data for @docusaurus/plugin-google-tag-manager@https://registry.npmjs.org/@docusaurus/plugin-google-tag-manager/-/plugin-google-tag-manager-3.10.1.tgz. Extracting by manifest.
2690 silly tarball no local data for @docusaurus/plugin-client-redirects@https://registry.npmjs.org/@docusaurus/plugin-client-redirects/-/plugin-client-redirects-3.10.1.tgz. Extracting by manifest.
2691 silly tarball no local data for @docusaurus/mdx-loader@https://registry.npmjs.org/@docusaurus/mdx-loader/-/mdx-loader-3.10.1.tgz. Extracting by manifest.
2692 silly tarball no local data for @docusaurus/faster@https://registry.npmjs.org/@docusaurus/faster/-/faster-3.10.1.tgz. Extracting by manifest.
2693 silly tarball no local data for @docusaurus/logger@https://registry.npmjs.org/@docusaurus/logger/-/logger-3.10.1.tgz. Extracting by manifest.
2694 silly tarball no local data for @docusaurus/core@https://registry.npmjs.org/@docusaurus/core/-/core-3.10.1.tgz. Extracting by manifest.
2695 silly tarball no local data for @docusaurus/cssnano-preset@https://registry.npmjs.org/@docusaurus/cssnano-preset/-/cssnano-preset-3.10.1.tgz. Extracting by manifest.
2696 silly tarball no local data for @docusaurus/bundler@https://registry.npmjs.org/@docusaurus/bundler/-/bundler-3.10.1.tgz. Extracting by manifest.
2697 silly tarball no local data for @docusaurus/babel@https://registry.npmjs.org/@docusaurus/babel/-/babel-3.10.1.tgz. Extracting by manifest.
2698 silly tarball no local data for @docsearch/css@https://registry.npmjs.org/@docsearch/css/-/css-4.6.3.tgz. Extracting by manifest.
2699 silly tarball no local data for @docusaurus/plugin-content-pages@https://registry.npmjs.org/@docusaurus/plugin-content-pages/-/plugin-content-pages-3.10.1.tgz. Extracting by manifest.
2700 silly tarball no local data for @docsearch/react@https://registry.npmjs.org/@docsearch/react/-/react-4.6.3.tgz. Extracting by manifest.
2701 silly tarball no local data for @docsearch/core@https://registry.npmjs.org/@docsearch/core/-/core-4.6.3.tgz. Extracting by manifest.
2702 silly tarball no local data for @csstools/postcss-trigonometric-functions@https://registry.npmjs.org/@csstools/postcss-trigonometric-functions/-/postcss-trigonometric-functions-4.0.9.tgz. Extracting by manifest.
2703 silly tarball no local data for @docusaurus/module-type-aliases@https://registry.npmjs.org/@docusaurus/module-type-aliases/-/module-type-aliases-3.10.1.tgz. Extracting by manifest.
2704 silly tarball no local data for @discoveryjs/json-ext@https://registry.npmjs.org/@discoveryjs/json-ext/-/json-ext-0.5.7.tgz. Extracting by manifest.
2705 silly tarball no local data for @csstools/postcss-syntax-descriptor-syntax-production@https://registry.npmjs.org/@csstools/postcss-syntax-descriptor-syntax-production/-/postcss-syntax-descriptor-syntax-production-1.0.1.tgz. Extracting by manifest.
2706 silly tarball no local data for @csstools/postcss-system-ui-font-family@https://registry.npmjs.org/@csstools/postcss-system-ui-font-family/-/postcss-system-ui-font-family-1.0.0.tgz. Extracting by manifest.
2707 silly tarball no local data for @csstools/postcss-unset-value@https://registry.npmjs.org/@csstools/postcss-unset-value/-/postcss-unset-value-4.0.0.tgz. Extracting by manifest.
2708 silly tarball no local data for @csstools/postcss-text-decoration-shorthand@https://registry.npmjs.org/@csstools/postcss-text-decoration-shorthand/-/postcss-text-decoration-shorthand-4.0.3.tgz. Extracting by manifest.
2709 silly tarball no local data for @csstools/postcss-stepped-value-functions@https://registry.npmjs.org/@csstools/postcss-stepped-value-functions/-/postcss-stepped-value-functions-4.0.9.tgz. Extracting by manifest.
2710 silly tarball no local data for @csstools/postcss-sign-functions@https://registry.npmjs.org/@csstools/postcss-sign-functions/-/postcss-sign-functions-1.1.4.tgz. Extracting by manifest.
2711 silly tarball no local data for @csstools/postcss-scope-pseudo-class@https://registry.npmjs.org/@csstools/postcss-scope-pseudo-class/-/postcss-scope-pseudo-class-4.0.1.tgz. Extracting by manifest.
2712 silly tarball no local data for @csstools/postcss-progressive-custom-properties@https://registry.npmjs.org/@csstools/postcss-progressive-custom-properties/-/postcss-progressive-custom-properties-4.2.1.tgz. Extracting by manifest.
2713 silly tarball no local data for @csstools/postcss-property-rule-prelude-list@https://registry.npmjs.org/@csstools/postcss-property-rule-prelude-list/-/postcss-property-rule-prelude-list-1.0.0.tgz. Extracting by manifest.
2714 silly tarball no local data for @csstools/postcss-random-function@https://registry.npmjs.org/@csstools/postcss-random-function/-/postcss-random-function-2.0.1.tgz. Extracting by manifest.
2715 silly tarball no local data for @csstools/postcss-position-area-property@https://registry.npmjs.org/@csstools/postcss-position-area-property/-/postcss-position-area-property-1.0.0.tgz. Extracting by manifest.
2716 silly tarball no local data for @csstools/postcss-oklab-function@https://registry.npmjs.org/@csstools/postcss-oklab-function/-/postcss-oklab-function-4.0.12.tgz. Extracting by manifest.
2717 silly tarball no local data for @csstools/postcss-normalize-display-values@https://registry.npmjs.org/@csstools/postcss-normalize-display-values/-/postcss-normalize-display-values-4.0.1.tgz. Extracting by manifest.
2718 silly tarball no local data for @csstools/postcss-nested-calc@https://registry.npmjs.org/@csstools/postcss-nested-calc/-/postcss-nested-calc-4.0.0.tgz. Extracting by manifest.
2719 silly tarball no local data for @csstools/postcss-media-queries-aspect-ratio-number-values@https://registry.npmjs.org/@csstools/postcss-media-queries-aspect-ratio-number-values/-/postcss-media-queries-aspect-ratio-number-values-3.0.5.tgz. Extracting by manifest.
2720 silly tarball no local data for @csstools/postcss-media-minmax@https://registry.npmjs.org/@csstools/postcss-media-minmax/-/postcss-media-minmax-2.0.9.tgz. Extracting by manifest.
2721 silly tarball no local data for @csstools/postcss-logical-viewport-units@https://registry.npmjs.org/@csstools/postcss-logical-viewport-units/-/postcss-logical-viewport-units-3.0.4.tgz. Extracting by manifest.
2722 silly tarball no local data for @csstools/postcss-logical-overflow@https://registry.npmjs.org/@csstools/postcss-logical-overflow/-/postcss-logical-overflow-2.0.0.tgz. Extracting by manifest.
2723 silly tarball no local data for @csstools/postcss-logical-overscroll-behavior@https://registry.npmjs.org/@csstools/postcss-logical-overscroll-behavior/-/postcss-logical-overscroll-behavior-2.0.0.tgz. Extracting by manifest.
2724 silly tarball no local data for @csstools/postcss-logical-resize@https://registry.npmjs.org/@csstools/postcss-logical-resize/-/postcss-logical-resize-3.0.0.tgz. Extracting by manifest.
2725 silly tarball no local data for @csstools/utilities@https://registry.npmjs.org/@csstools/utilities/-/utilities-2.0.0.tgz. Extracting by manifest.
2726 silly tarball no local data for @csstools/postcss-light-dark-function@https://registry.npmjs.org/@csstools/postcss-light-dark-function/-/postcss-light-dark-function-2.0.11.tgz. Extracting by manifest.
2727 silly tarball no local data for @csstools/postcss-is-pseudo-class@https://registry.npmjs.org/@csstools/postcss-is-pseudo-class/-/postcss-is-pseudo-class-5.0.3.tgz. Extracting by manifest.
2728 silly tarball no local data for @csstools/postcss-logical-float-and-clear@https://registry.npmjs.org/@csstools/postcss-logical-float-and-clear/-/postcss-logical-float-and-clear-3.0.0.tgz. Extracting by manifest.
2729 silly tarball no local data for @csstools/postcss-relative-color-syntax@https://registry.npmjs.org/@csstools/postcss-relative-color-syntax/-/postcss-relative-color-syntax-3.0.12.tgz. Extracting by manifest.
2730 silly tarball no local data for @csstools/postcss-hwb-function@https://registry.npmjs.org/@csstools/postcss-hwb-function/-/postcss-hwb-function-4.0.12.tgz. Extracting by manifest.
2731 silly tarball no local data for @csstools/postcss-ic-unit@https://registry.npmjs.org/@csstools/postcss-ic-unit/-/postcss-ic-unit-4.0.4.tgz. Extracting by manifest.
2732 silly tarball no local data for @csstools/postcss-initial@https://registry.npmjs.org/@csstools/postcss-initial/-/postcss-initial-2.0.1.tgz. Extracting by manifest.
2733 silly tarball no local data for @csstools/postcss-gamut-mapping@https://registry.npmjs.org/@csstools/postcss-gamut-mapping/-/postcss-gamut-mapping-2.0.11.tgz. Extracting by manifest.
2734 silly tarball no local data for @csstools/postcss-font-format-keywords@https://registry.npmjs.org/@csstools/postcss-font-format-keywords/-/postcss-font-format-keywords-4.0.0.tgz. Extracting by manifest.
2735 silly tarball no local data for @csstools/postcss-exponential-functions@https://registry.npmjs.org/@csstools/postcss-exponential-functions/-/postcss-exponential-functions-2.0.9.tgz. Extracting by manifest.
2736 silly tarball no local data for @csstools/postcss-content-alt-text@https://registry.npmjs.org/@csstools/postcss-content-alt-text/-/postcss-content-alt-text-2.0.8.tgz. Extracting by manifest.
2737 silly tarball no local data for @csstools/postcss-gradients-interpolation-method@https://registry.npmjs.org/@csstools/postcss-gradients-interpolation-method/-/postcss-gradients-interpolation-method-5.0.12.tgz. Extracting by manifest.
2738 silly tarball no local data for @csstools/postcss-contrast-color-function@https://registry.npmjs.org/@csstools/postcss-contrast-color-function/-/postcss-contrast-color-function-2.0.12.tgz. Extracting by manifest.
2739 silly tarball no local data for @csstools/postcss-color-function-display-p3-linear@https://registry.npmjs.org/@csstools/postcss-color-function-display-p3-linear/-/postcss-color-function-display-p3-linear-1.0.1.tgz. Extracting by manifest.
2740 silly tarball no local data for @csstools/postcss-color-mix-variadic-function-arguments@https://registry.npmjs.org/@csstools/postcss-color-mix-variadic-function-arguments/-/postcss-color-mix-variadic-function-arguments-1.0.2.tgz. Extracting by manifest.
2741 silly tarball no local data for @csstools/postcss-color-mix-function@https://registry.npmjs.org/@csstools/postcss-color-mix-function/-/postcss-color-mix-function-3.0.12.tgz. Extracting by manifest.
2742 silly tarball no local data for @csstools/postcss-cascade-layers@https://registry.npmjs.org/@csstools/postcss-cascade-layers/-/postcss-cascade-layers-5.0.2.tgz. Extracting by manifest.
2743 silly tarball no local data for @csstools/postcss-alpha-function@https://registry.npmjs.org/@csstools/postcss-alpha-function/-/postcss-alpha-function-1.0.1.tgz. Extracting by manifest.
2744 silly tarball no local data for @csstools/postcss-color-function@https://registry.npmjs.org/@csstools/postcss-color-function/-/postcss-color-function-4.0.12.tgz. Extracting by manifest.
2745 silly tarball no local data for @csstools/media-query-list-parser@https://registry.npmjs.org/@csstools/media-query-list-parser/-/media-query-list-parser-4.0.3.tgz. Extracting by manifest.
2746 silly tarball no local data for @csstools/css-tokenizer@https://registry.npmjs.org/@csstools/css-tokenizer/-/css-tokenizer-3.0.4.tgz. Extracting by manifest.
2747 silly tarball no local data for @csstools/css-parser-algorithms@https://registry.npmjs.org/@csstools/css-parser-algorithms/-/css-parser-algorithms-3.0.5.tgz. Extracting by manifest.
2748 silly tarball no local data for @chevrotain/types@https://registry.npmjs.org/@chevrotain/types/-/types-11.1.2.tgz. Extracting by manifest.
2749 silly tarball no local data for @csstools/cascade-layer-name-parser@https://registry.npmjs.org/@csstools/cascade-layer-name-parser/-/cascade-layer-name-parser-2.0.5.tgz. Extracting by manifest.
2750 silly tarball no local data for @csstools/color-helpers@https://registry.npmjs.org/@csstools/color-helpers/-/color-helpers-5.1.0.tgz. Extracting by manifest.
2751 silly tarball no local data for @csstools/css-color-parser@https://registry.npmjs.org/@csstools/css-color-parser/-/css-color-parser-3.1.0.tgz. Extracting by manifest.
2752 silly tarball no local data for @colors/colors@https://registry.npmjs.org/@colors/colors/-/colors-1.5.0.tgz. Extracting by manifest.
2753 silly tarball no local data for @csstools/css-calc@https://registry.npmjs.org/@csstools/css-calc/-/css-calc-2.1.4.tgz. Extracting by manifest.
2754 silly tarball no local data for @babel/types@https://registry.npmjs.org/@babel/types/-/types-7.29.7.tgz. Extracting by manifest.
2755 silly tarball no local data for @babel/runtime@https://registry.npmjs.org/@babel/runtime/-/runtime-7.29.7.tgz. Extracting by manifest.
2756 silly tarball no local data for @babel/traverse@https://registry.npmjs.org/@babel/traverse/-/traverse-7.29.7.tgz. Extracting by manifest.
2757 silly tarball no local data for @braintree/sanitize-url@https://registry.npmjs.org/@braintree/sanitize-url/-/sanitize-url-7.1.2.tgz. Extracting by manifest.
2758 silly tarball no local data for @babel/preset-typescript@https://registry.npmjs.org/@babel/preset-typescript/-/preset-typescript-7.29.7.tgz. Extracting by manifest.
2759 silly tarball no local data for @babel/preset-modules@https://registry.npmjs.org/@babel/preset-modules/-/preset-modules-0.1.6-no-external-plugins.tgz. Extracting by manifest.
2760 silly tarball no local data for @babel/preset-react@https://registry.npmjs.org/@babel/preset-react/-/preset-react-7.29.7.tgz. Extracting by manifest.
2761 silly tarball no local data for @babel/template@https://registry.npmjs.org/@babel/template/-/template-7.29.7.tgz. Extracting by manifest.
2762 silly tarball no local data for @babel/preset-env@https://registry.npmjs.org/@babel/preset-env/-/preset-env-7.29.7.tgz. Extracting by manifest.
2763 silly tarball no local data for @babel/plugin-transform-unicode-regex@https://registry.npmjs.org/@babel/plugin-transform-unicode-regex/-/plugin-transform-unicode-regex-7.29.7.tgz. Extracting by manifest.
2764 silly tarball no local data for @babel/plugin-transform-unicode-sets-regex@https://registry.npmjs.org/@babel/plugin-transform-unicode-sets-regex/-/plugin-transform-unicode-sets-regex-7.29.7.tgz. Extracting by manifest.
2765 silly tarball no local data for @babel/plugin-transform-typescript@https://registry.npmjs.org/@babel/plugin-transform-typescript/-/plugin-transform-typescript-7.29.7.tgz. Extracting by manifest.
2766 silly tarball no local data for @babel/plugin-transform-unicode-property-regex@https://registry.npmjs.org/@babel/plugin-transform-unicode-property-regex/-/plugin-transform-unicode-property-regex-7.29.7.tgz. Extracting by manifest.
2767 silly tarball no local data for @babel/plugin-transform-typeof-symbol@https://registry.npmjs.org/@babel/plugin-transform-typeof-symbol/-/plugin-transform-typeof-symbol-7.29.7.tgz. Extracting by manifest.
2768 silly tarball no local data for @babel/plugin-transform-unicode-escapes@https://registry.npmjs.org/@babel/plugin-transform-unicode-escapes/-/plugin-transform-unicode-escapes-7.29.7.tgz. Extracting by manifest.
2769 silly tarball no local data for @babel/plugin-transform-template-literals@https://registry.npmjs.org/@babel/plugin-transform-template-literals/-/plugin-transform-template-literals-7.29.7.tgz. Extracting by manifest.
2770 silly tarball no local data for @babel/plugin-transform-spread@https://registry.npmjs.org/@babel/plugin-transform-spread/-/plugin-transform-spread-7.29.7.tgz. Extracting by manifest.
2771 silly tarball no local data for @babel/plugin-transform-sticky-regex@https://registry.npmjs.org/@babel/plugin-transform-sticky-regex/-/plugin-transform-sticky-regex-7.29.7.tgz. Extracting by manifest.
2772 silly tarball no local data for @babel/plugin-transform-shorthand-properties@https://registry.npmjs.org/@babel/plugin-transform-shorthand-properties/-/plugin-transform-shorthand-properties-7.29.7.tgz. Extracting by manifest.
2773 silly tarball no local data for @babel/plugin-transform-reserved-words@https://registry.npmjs.org/@babel/plugin-transform-reserved-words/-/plugin-transform-reserved-words-7.29.7.tgz. Extracting by manifest.
2774 silly tarball no local data for @babel/plugin-transform-runtime@https://registry.npmjs.org/@babel/plugin-transform-runtime/-/plugin-transform-runtime-7.29.7.tgz. Extracting by manifest.
2775 silly tarball no local data for @babel/plugin-transform-regexp-modifiers@https://registry.npmjs.org/@babel/plugin-transform-regexp-modifiers/-/plugin-transform-regexp-modifiers-7.29.7.tgz. Extracting by manifest.
2776 silly tarball no local data for @babel/plugin-transform-react-pure-annotations@https://registry.npmjs.org/@babel/plugin-transform-react-pure-annotations/-/plugin-transform-react-pure-annotations-7.29.7.tgz. Extracting by manifest.
2777 silly tarball no local data for @babel/plugin-transform-regenerator@https://registry.npmjs.org/@babel/plugin-transform-regenerator/-/plugin-transform-regenerator-7.29.7.tgz. Extracting by manifest.
2778 silly tarball no local data for @babel/plugin-transform-react-jsx-development@https://registry.npmjs.org/@babel/plugin-transform-react-jsx-development/-/plugin-transform-react-jsx-development-7.29.7.tgz. Extracting by manifest.
2779 silly tarball no local data for @babel/plugin-transform-react-jsx@https://registry.npmjs.org/@babel/plugin-transform-react-jsx/-/plugin-transform-react-jsx-7.29.7.tgz. Extracting by manifest.
2780 silly tarball no local data for @babel/plugin-transform-property-literals@https://registry.npmjs.org/@babel/plugin-transform-property-literals/-/plugin-transform-property-literals-7.29.7.tgz. Extracting by manifest.
2781 silly tarball no local data for @babel/plugin-transform-react-constant-elements@https://registry.npmjs.org/@babel/plugin-transform-react-constant-elements/-/plugin-transform-react-constant-elements-7.29.7.tgz. Extracting by manifest.
2782 silly tarball no local data for @babel/plugin-transform-private-property-in-object@https://registry.npmjs.org/@babel/plugin-transform-private-property-in-object/-/plugin-transform-private-property-in-object-7.29.7.tgz. Extracting by manifest.
2783 silly tarball no local data for @babel/plugin-transform-react-display-name@https://registry.npmjs.org/@babel/plugin-transform-react-display-name/-/plugin-transform-react-display-name-7.29.7.tgz. Extracting by manifest.
2784 silly tarball no local data for @babel/plugin-transform-private-methods@https://registry.npmjs.org/@babel/plugin-transform-private-methods/-/plugin-transform-private-methods-7.29.7.tgz. Extracting by manifest.
2785 silly tarball no local data for @babel/plugin-transform-parameters@https://registry.npmjs.org/@babel/plugin-transform-parameters/-/plugin-transform-parameters-7.29.7.tgz. Extracting by manifest.
2786 silly tarball no local data for @babel/plugin-transform-optional-chaining@https://registry.npmjs.org/@babel/plugin-transform-optional-chaining/-/plugin-transform-optional-chaining-7.29.7.tgz. Extracting by manifest.
2787 silly tarball no local data for @babel/plugin-transform-object-rest-spread@https://registry.npmjs.org/@babel/plugin-transform-object-rest-spread/-/plugin-transform-object-rest-spread-7.29.7.tgz. Extracting by manifest.
2788 silly tarball no local data for @babel/plugin-transform-optional-catch-binding@https://registry.npmjs.org/@babel/plugin-transform-optional-catch-binding/-/plugin-transform-optional-catch-binding-7.29.7.tgz. Extracting by manifest.
2789 silly tarball no local data for @babel/plugin-transform-numeric-separator@https://registry.npmjs.org/@babel/plugin-transform-numeric-separator/-/plugin-transform-numeric-separator-7.29.7.tgz. Extracting by manifest.
2790 silly tarball no local data for @babel/plugin-transform-new-target@https://registry.npmjs.org/@babel/plugin-transform-new-target/-/plugin-transform-new-target-7.29.7.tgz. Extracting by manifest.
2791 silly tarball no local data for @babel/plugin-transform-nullish-coalescing-operator@https://registry.npmjs.org/@babel/plugin-transform-nullish-coalescing-operator/-/plugin-transform-nullish-coalescing-operator-7.29.7.tgz. Extracting by manifest.
2792 silly tarball no local data for @babel/plugin-transform-named-capturing-groups-regex@https://registry.npmjs.org/@babel/plugin-transform-named-capturing-groups-regex/-/plugin-transform-named-capturing-groups-regex-7.29.7.tgz. Extracting by manifest.
2793 silly tarball no local data for @babel/plugin-transform-object-super@https://registry.npmjs.org/@babel/plugin-transform-object-super/-/plugin-transform-object-super-7.29.7.tgz. Extracting by manifest.
2794 silly tarball no local data for @babel/plugin-transform-modules-systemjs@https://registry.npmjs.org/@babel/plugin-transform-modules-systemjs/-/plugin-transform-modules-systemjs-7.29.7.tgz. Extracting by manifest.
2795 silly tarball no local data for @babel/plugin-transform-modules-umd@https://registry.npmjs.org/@babel/plugin-transform-modules-umd/-/plugin-transform-modules-umd-7.29.7.tgz. Extracting by manifest.
2796 silly tarball no local data for @babel/plugin-transform-member-expression-literals@https://registry.npmjs.org/@babel/plugin-transform-member-expression-literals/-/plugin-transform-member-expression-literals-7.29.7.tgz. Extracting by manifest.
2797 silly tarball no local data for @babel/plugin-transform-logical-assignment-operators@https://registry.npmjs.org/@babel/plugin-transform-logical-assignment-operators/-/plugin-transform-logical-assignment-operators-7.29.7.tgz. Extracting by manifest.
2798 silly tarball no local data for @babel/plugin-transform-literals@https://registry.npmjs.org/@babel/plugin-transform-literals/-/plugin-transform-literals-7.29.7.tgz. Extracting by manifest.
2799 silly tarball no local data for @babel/plugin-transform-json-strings@https://registry.npmjs.org/@babel/plugin-transform-json-strings/-/plugin-transform-json-strings-7.29.7.tgz. Extracting by manifest.
2800 silly tarball no local data for @babel/plugin-transform-for-of@https://registry.npmjs.org/@babel/plugin-transform-for-of/-/plugin-transform-for-of-7.29.7.tgz. Extracting by manifest.
2801 silly tarball no local data for @babel/plugin-transform-function-name@https://registry.npmjs.org/@babel/plugin-transform-function-name/-/plugin-transform-function-name-7.29.7.tgz. Extracting by manifest.
2802 silly tarball no local data for @babel/plugin-transform-export-namespace-from@https://registry.npmjs.org/@babel/plugin-transform-export-namespace-from/-/plugin-transform-export-namespace-from-7.29.7.tgz. Extracting by manifest.
2803 silly tarball no local data for @babel/plugin-transform-exponentiation-operator@https://registry.npmjs.org/@babel/plugin-transform-exponentiation-operator/-/plugin-transform-exponentiation-operator-7.29.7.tgz. Extracting by manifest.
2804 silly tarball no local data for @babel/plugin-transform-modules-amd@https://registry.npmjs.org/@babel/plugin-transform-modules-amd/-/plugin-transform-modules-amd-7.29.7.tgz. Extracting by manifest.
2805 silly tarball no local data for @babel/plugin-transform-dynamic-import@https://registry.npmjs.org/@babel/plugin-transform-dynamic-import/-/plugin-transform-dynamic-import-7.29.7.tgz. Extracting by manifest.
2806 silly tarball no local data for @babel/plugin-transform-explicit-resource-management@https://registry.npmjs.org/@babel/plugin-transform-explicit-resource-management/-/plugin-transform-explicit-resource-management-7.29.7.tgz. Extracting by manifest.
2807 silly tarball no local data for @babel/plugin-transform-dotall-regex@https://registry.npmjs.org/@babel/plugin-transform-dotall-regex/-/plugin-transform-dotall-regex-7.29.7.tgz. Extracting by manifest.
2808 silly tarball no local data for @babel/plugin-transform-duplicate-keys@https://registry.npmjs.org/@babel/plugin-transform-duplicate-keys/-/plugin-transform-duplicate-keys-7.29.7.tgz. Extracting by manifest.
2809 silly tarball no local data for @babel/plugin-transform-destructuring@https://registry.npmjs.org/@babel/plugin-transform-destructuring/-/plugin-transform-destructuring-7.29.7.tgz. Extracting by manifest.
2810 silly tarball no local data for @babel/plugin-transform-modules-commonjs@https://registry.npmjs.org/@babel/plugin-transform-modules-commonjs/-/plugin-transform-modules-commonjs-7.29.7.tgz. Extracting by manifest.
2811 silly tarball no local data for @babel/plugin-transform-duplicate-named-capturing-groups-regex@https://registry.npmjs.org/@babel/plugin-transform-duplicate-named-capturing-groups-regex/-/plugin-transform-duplicate-named-capturing-groups-regex-7.29.7.tgz. Extracting by manifest.
2812 silly tarball no local data for @babel/plugin-transform-classes@https://registry.npmjs.org/@babel/plugin-transform-classes/-/plugin-transform-classes-7.29.7.tgz. Extracting by manifest.
2813 silly tarball no local data for @babel/plugin-transform-class-static-block@https://registry.npmjs.org/@babel/plugin-transform-class-static-block/-/plugin-transform-class-static-block-7.29.7.tgz. Extracting by manifest.
2814 silly tarball no local data for @babel/plugin-transform-class-properties@https://registry.npmjs.org/@babel/plugin-transform-class-properties/-/plugin-transform-class-properties-7.29.7.tgz. Extracting by manifest.
2815 silly tarball no local data for @babel/plugin-transform-block-scoping@https://registry.npmjs.org/@babel/plugin-transform-block-scoping/-/plugin-transform-block-scoping-7.29.7.tgz. Extracting by manifest.
2816 silly tarball no local data for @babel/plugin-transform-block-scoped-functions@https://registry.npmjs.org/@babel/plugin-transform-block-scoped-functions/-/plugin-transform-block-scoped-functions-7.29.7.tgz. Extracting by manifest.
2817 silly tarball no local data for @babel/plugin-transform-computed-properties@https://registry.npmjs.org/@babel/plugin-transform-computed-properties/-/plugin-transform-computed-properties-7.29.7.tgz. Extracting by manifest.
2818 silly tarball no local data for @babel/plugin-transform-async-to-generator@https://registry.npmjs.org/@babel/plugin-transform-async-to-generator/-/plugin-transform-async-to-generator-7.29.7.tgz. Extracting by manifest.
2819 silly tarball no local data for @babel/plugin-transform-async-generator-functions@https://registry.npmjs.org/@babel/plugin-transform-async-generator-functions/-/plugin-transform-async-generator-functions-7.29.7.tgz. Extracting by manifest.
2820 silly tarball no local data for @babel/plugin-transform-arrow-functions@https://registry.npmjs.org/@babel/plugin-transform-arrow-functions/-/plugin-transform-arrow-functions-7.29.7.tgz. Extracting by manifest.
2821 silly tarball no local data for @babel/plugin-syntax-typescript@https://registry.npmjs.org/@babel/plugin-syntax-typescript/-/plugin-syntax-typescript-7.29.7.tgz. Extracting by manifest.
2822 silly tarball no local data for @babel/plugin-syntax-jsx@https://registry.npmjs.org/@babel/plugin-syntax-jsx/-/plugin-syntax-jsx-7.29.7.tgz. Extracting by manifest.
2823 silly tarball no local data for @babel/plugin-syntax-import-assertions@https://registry.npmjs.org/@babel/plugin-syntax-import-assertions/-/plugin-syntax-import-assertions-7.29.7.tgz. Extracting by manifest.
2824 silly tarball no local data for @babel/plugin-syntax-unicode-sets-regex@https://registry.npmjs.org/@babel/plugin-syntax-unicode-sets-regex/-/plugin-syntax-unicode-sets-regex-7.18.6.tgz. Extracting by manifest.
2825 silly tarball no local data for @babel/plugin-syntax-dynamic-import@https://registry.npmjs.org/@babel/plugin-syntax-dynamic-import/-/plugin-syntax-dynamic-import-7.8.3.tgz. Extracting by manifest.
2826 silly tarball no local data for @babel/plugin-syntax-import-attributes@https://registry.npmjs.org/@babel/plugin-syntax-import-attributes/-/plugin-syntax-import-attributes-7.29.7.tgz. Extracting by manifest.
2827 silly tarball no local data for @babel/plugin-proposal-private-property-in-object@https://registry.npmjs.org/@babel/plugin-proposal-private-property-in-object/-/plugin-proposal-private-property-in-object-7.21.0-placeholder-for-preset-env.2.tgz. Extracting by manifest.
2828 silly tarball no local data for @babel/plugin-bugfix-safari-rest-destructuring-rhs-array@https://registry.npmjs.org/@babel/plugin-bugfix-safari-rest-destructuring-rhs-array/-/plugin-bugfix-safari-rest-destructuring-rhs-array-7.29.7.tgz. Extracting by manifest.
2829 silly tarball no local data for @babel/plugin-bugfix-v8-static-class-fields-redefine-readonly@https://registry.npmjs.org/@babel/plugin-bugfix-v8-static-class-fields-redefine-readonly/-/plugin-bugfix-v8-static-class-fields-redefine-readonly-7.29.7.tgz. Extracting by manifest.
2830 silly tarball no local data for @babel/plugin-bugfix-v8-spread-parameters-in-optional-chaining@https://registry.npmjs.org/@babel/plugin-bugfix-v8-spread-parameters-in-optional-chaining/-/plugin-bugfix-v8-spread-parameters-in-optional-chaining-7.29.7.tgz. Extracting by manifest.
2831 silly tarball no local data for @babel/plugin-bugfix-safari-class-field-initializer-scope@https://registry.npmjs.org/@babel/plugin-bugfix-safari-class-field-initializer-scope/-/plugin-bugfix-safari-class-field-initializer-scope-7.29.7.tgz. Extracting by manifest.
2832 silly tarball no local data for @babel/plugin-bugfix-safari-id-destructuring-collision-in-function-expression@https://registry.npmjs.org/@babel/plugin-bugfix-safari-id-destructuring-collision-in-function-expression/-/plugin-bugfix-safari-id-destructuring-collision-in-function-expression-7.29.7.tgz. Extracting by manifest.
2833 silly tarball no local data for @babel/plugin-bugfix-firefox-class-in-computed-class-key@https://registry.npmjs.org/@babel/plugin-bugfix-firefox-class-in-computed-class-key/-/plugin-bugfix-firefox-class-in-computed-class-key-7.29.7.tgz. Extracting by manifest.
2834 silly tarball no local data for @babel/parser@https://registry.npmjs.org/@babel/parser/-/parser-7.29.7.tgz. Extracting by manifest.
2835 silly tarball no local data for @babel/helper-wrap-function@https://registry.npmjs.org/@babel/helper-wrap-function/-/helper-wrap-function-7.29.7.tgz. Extracting by manifest.
2836 silly tarball no local data for @babel/helper-validator-option@https://registry.npmjs.org/@babel/helper-validator-option/-/helper-validator-option-7.29.7.tgz. Extracting by manifest.
2837 silly tarball no local data for @babel/helper-string-parser@https://registry.npmjs.org/@babel/helper-string-parser/-/helper-string-parser-7.29.7.tgz. Extracting by manifest.
2838 silly tarball no local data for @babel/helper-replace-supers@https://registry.npmjs.org/@babel/helper-replace-supers/-/helper-replace-supers-7.29.7.tgz. Extracting by manifest.
2839 silly tarball no local data for @babel/helpers@https://registry.npmjs.org/@babel/helpers/-/helpers-7.29.7.tgz. Extracting by manifest.
2840 silly tarball no local data for @babel/helper-plugin-utils@https://registry.npmjs.org/@babel/helper-plugin-utils/-/helper-plugin-utils-7.29.7.tgz. Extracting by manifest.
2841 silly tarball no local data for @babel/helper-optimise-call-expression@https://registry.npmjs.org/@babel/helper-optimise-call-expression/-/helper-optimise-call-expression-7.29.7.tgz. Extracting by manifest.
2842 silly tarball no local data for @babel/helper-skip-transparent-expression-wrappers@https://registry.npmjs.org/@babel/helper-skip-transparent-expression-wrappers/-/helper-skip-transparent-expression-wrappers-7.29.7.tgz. Extracting by manifest.
2843 silly tarball no local data for @babel/helper-module-transforms@https://registry.npmjs.org/@babel/helper-module-transforms/-/helper-module-transforms-7.29.7.tgz. Extracting by manifest.
2844 silly tarball no local data for @babel/helper-validator-identifier@https://registry.npmjs.org/@babel/helper-validator-identifier/-/helper-validator-identifier-7.29.7.tgz. Extracting by manifest.
2845 silly tarball no local data for @babel/helper-remap-async-to-generator@https://registry.npmjs.org/@babel/helper-remap-async-to-generator/-/helper-remap-async-to-generator-7.29.7.tgz. Extracting by manifest.
2846 silly tarball no local data for @babel/helper-define-polyfill-provider@https://registry.npmjs.org/@babel/helper-define-polyfill-provider/-/helper-define-polyfill-provider-0.6.8.tgz. Extracting by manifest.
2847 silly tarball no local data for @babel/helper-member-expression-to-functions@https://registry.npmjs.org/@babel/helper-member-expression-to-functions/-/helper-member-expression-to-functions-7.29.7.tgz. Extracting by manifest.
2848 silly tarball no local data for @babel/helper-globals@https://registry.npmjs.org/@babel/helper-globals/-/helper-globals-7.29.7.tgz. Extracting by manifest.
2849 silly tarball no local data for @babel/helper-create-regexp-features-plugin@https://registry.npmjs.org/@babel/helper-create-regexp-features-plugin/-/helper-create-regexp-features-plugin-7.29.7.tgz. Extracting by manifest.
2850 silly tarball no local data for @babel/helper-annotate-as-pure@https://registry.npmjs.org/@babel/helper-annotate-as-pure/-/helper-annotate-as-pure-7.29.7.tgz. Extracting by manifest.
2851 silly tarball no local data for @babel/helper-module-imports@https://registry.npmjs.org/@babel/helper-module-imports/-/helper-module-imports-7.29.7.tgz. Extracting by manifest.
2852 silly tarball no local data for @babel/helper-compilation-targets@https://registry.npmjs.org/@babel/helper-compilation-targets/-/helper-compilation-targets-7.29.7.tgz. Extracting by manifest.
2853 silly tarball no local data for @babel/helper-create-class-features-plugin@https://registry.npmjs.org/@babel/helper-create-class-features-plugin/-/helper-create-class-features-plugin-7.29.7.tgz. Extracting by manifest.
2854 silly tarball no local data for @babel/generator@https://registry.npmjs.org/@babel/generator/-/generator-7.29.7.tgz. Extracting by manifest.
2855 silly tarball no local data for @babel/core@https://registry.npmjs.org/@babel/core/-/core-7.29.7.tgz. Extracting by manifest.
2856 silly tarball no local data for @antfu/install-pkg@https://registry.npmjs.org/@antfu/install-pkg/-/install-pkg-1.1.0.tgz. Extracting by manifest.
2857 silly tarball no local data for @babel/code-frame@https://registry.npmjs.org/@babel/code-frame/-/code-frame-7.29.7.tgz. Extracting by manifest.
2858 silly tarball no local data for @algolia/requester-browser-xhr@https://registry.npmjs.org/@algolia/requester-browser-xhr/-/requester-browser-xhr-5.53.0.tgz. Extracting by manifest.
2859 silly tarball no local data for @algolia/requester-fetch@https://registry.npmjs.org/@algolia/requester-fetch/-/requester-fetch-5.53.0.tgz. Extracting by manifest.
2860 silly tarball no local data for @algolia/monitoring@https://registry.npmjs.org/@algolia/monitoring/-/monitoring-1.53.0.tgz. Extracting by manifest.
2861 silly tarball no local data for @algolia/recommend@https://registry.npmjs.org/@algolia/recommend/-/recommend-5.53.0.tgz. Extracting by manifest.
2862 silly tarball no local data for @algolia/ingestion@https://registry.npmjs.org/@algolia/ingestion/-/ingestion-1.53.0.tgz. Extracting by manifest.
2863 silly tarball no local data for @algolia/events@https://registry.npmjs.org/@algolia/events/-/events-4.0.1.tgz. Extracting by manifest.
2864 silly tarball no local data for @algolia/client-search@https://registry.npmjs.org/@algolia/client-search/-/client-search-5.53.0.tgz. Extracting by manifest.
2865 silly tarball no local data for @algolia/client-personalization@https://registry.npmjs.org/@algolia/client-personalization/-/client-personalization-5.53.0.tgz. Extracting by manifest.
2866 silly tarball no local data for @algolia/client-query-suggestions@https://registry.npmjs.org/@algolia/client-query-suggestions/-/client-query-suggestions-5.53.0.tgz. Extracting by manifest.
2867 silly tarball no local data for @algolia/client-insights@https://registry.npmjs.org/@algolia/client-insights/-/client-insights-5.53.0.tgz. Extracting by manifest.
2868 silly tarball no local data for @algolia/client-common@https://registry.npmjs.org/@algolia/client-common/-/client-common-5.53.0.tgz. Extracting by manifest.
2869 silly tarball no local data for @algolia/client-analytics@https://registry.npmjs.org/@algolia/client-analytics/-/client-analytics-5.53.0.tgz. Extracting by manifest.
2870 silly tarball no local data for @algolia/client-abtesting@https://registry.npmjs.org/@algolia/client-abtesting/-/client-abtesting-5.53.0.tgz. Extracting by manifest.
2871 silly tarball no local data for @algolia/autocomplete-shared@https://registry.npmjs.org/@algolia/autocomplete-shared/-/autocomplete-shared-1.19.8.tgz. Extracting by manifest.
2872 silly tarball no local data for @algolia/autocomplete-plugin-algolia-insights@https://registry.npmjs.org/@algolia/autocomplete-plugin-algolia-insights/-/autocomplete-plugin-algolia-insights-1.19.8.tgz. Extracting by manifest.
2873 silly tarball no local data for @algolia/autocomplete-core@https://registry.npmjs.org/@algolia/autocomplete-core/-/autocomplete-core-1.19.8.tgz. Extracting by manifest.
2874 silly tarball no local data for @algolia/abtesting@https://registry.npmjs.org/@algolia/abtesting/-/abtesting-1.19.0.tgz. Extracting by manifest.
2875 silly tarball no local data for @algolia/requester-node-http@https://registry.npmjs.org/@algolia/requester-node-http/-/requester-node-http-5.53.0.tgz. Extracting by manifest.
2876 silly tarball no local data for ansi-regex@https://registry.npmjs.org/ansi-regex/-/ansi-regex-6.2.2.tgz. Extracting by manifest.
2877 silly tarball no local data for ansi-styles@https://registry.npmjs.org/ansi-styles/-/ansi-styles-6.2.3.tgz. Extracting by manifest.
2878 silly tarball no local data for strip-ansi@https://registry.npmjs.org/strip-ansi/-/strip-ansi-7.2.0.tgz. Extracting by manifest.
2879 silly tarball no local data for open@https://registry.npmjs.org/open/-/open-10.2.0.tgz. Extracting by manifest.
2880 silly tarball no local data for define-lazy-prop@https://registry.npmjs.org/define-lazy-prop/-/define-lazy-prop-3.0.0.tgz. Extracting by manifest.
2881 silly tarball no local data for is-wsl@https://registry.npmjs.org/is-wsl/-/is-wsl-3.1.1.tgz. Extracting by manifest.
2882 silly tarball no local data for @babel/compat-data@https://registry.npmjs.org/@babel/compat-data/-/compat-data-7.29.7.tgz. Extracting by manifest.
2883 silly tarball no local data for iconv-lite@https://registry.npmjs.org/iconv-lite/-/iconv-lite-0.6.3.tgz. Extracting by manifest.
2884 silly tarball no local data for mime-types@https://registry.npmjs.org/mime-types/-/mime-types-3.0.2.tgz. Extracting by manifest.
2885 silly tarball no local data for ws@https://registry.npmjs.org/ws/-/ws-8.21.0.tgz. Extracting by manifest.
2886 silly tarball no local data for commander@https://registry.npmjs.org/commander/-/commander-7.2.0.tgz. Extracting by manifest.
2887 silly tarball no local data for mime-db@https://registry.npmjs.org/mime-db/-/mime-db-1.52.0.tgz. Extracting by manifest.
2888 silly tarball no local data for mime-db@https://registry.npmjs.org/mime-db/-/mime-db-1.54.0.tgz. Extracting by manifest.
2889 silly tarball no local data for mime-types@https://registry.npmjs.org/mime-types/-/mime-types-2.1.35.tgz. Extracting by manifest.
2890 silly tarball no local data for schema-utils@https://registry.npmjs.org/schema-utils/-/schema-utils-3.3.0.tgz. Extracting by manifest.
2891 silly tarball no local data for range-parser@https://registry.npmjs.org/range-parser/-/range-parser-1.2.1.tgz. Extracting by manifest.
2892 silly tarball no local data for mime-db@https://registry.npmjs.org/mime-db/-/mime-db-1.54.0.tgz. Extracting by manifest.
2893 silly tarball no local data for ajv@https://registry.npmjs.org/ajv/-/ajv-6.15.0.tgz. Extracting by manifest.
2894 silly tarball no local data for camelcase@https://registry.npmjs.org/camelcase/-/camelcase-7.0.1.tgz. Extracting by manifest.
2895 silly tarball no local data for json-schema-traverse@https://registry.npmjs.org/json-schema-traverse/-/json-schema-traverse-0.4.1.tgz. Extracting by manifest.
2896 silly tarball no local data for ajv-keywords@https://registry.npmjs.org/ajv-keywords/-/ajv-keywords-3.5.2.tgz. Extracting by manifest.
2897 silly tarball no local data for boxen@https://registry.npmjs.org/boxen/-/boxen-7.1.1.tgz. Extracting by manifest.
2898 silly tarball no local data for mime-types@https://registry.npmjs.org/mime-types/-/mime-types-2.1.35.tgz. Extracting by manifest.
2899 silly tarball no local data for tslib@https://registry.npmjs.org/tslib/-/tslib-1.14.1.tgz. Extracting by manifest.
2900 silly tarball no local data for chalk@https://registry.npmjs.org/chalk/-/chalk-5.6.2.tgz. Extracting by manifest.
2901 silly tarball no local data for supports-color@https://registry.npmjs.org/supports-color/-/supports-color-8.1.1.tgz. Extracting by manifest.
2902 silly tarball no local data for jest-worker@https://registry.npmjs.org/jest-worker/-/jest-worker-27.5.1.tgz. Extracting by manifest.
2903 silly tarball no local data for mime-db@https://registry.npmjs.org/mime-db/-/mime-db-1.52.0.tgz. Extracting by manifest.
2904 silly tarball no local data for commander@https://registry.npmjs.org/commander/-/commander-2.20.3.tgz. Extracting by manifest.
2905 silly tarball no local data for picomatch@https://registry.npmjs.org/picomatch/-/picomatch-4.0.4.tgz. Extracting by manifest.
2906 silly tarball no local data for commander@https://registry.npmjs.org/commander/-/commander-7.2.0.tgz. Extracting by manifest.
2907 silly tarball no local data for strip-ansi@https://registry.npmjs.org/strip-ansi/-/strip-ansi-7.2.0.tgz. Extracting by manifest.
2908 silly tarball no local data for commander@https://registry.npmjs.org/commander/-/commander-4.1.1.tgz. Extracting by manifest.
2909 silly tarball no local data for fdir@https://registry.npmjs.org/fdir/-/fdir-6.5.0.tgz. Extracting by manifest.
2910 silly tarball no local data for source-map@https://registry.npmjs.org/source-map/-/source-map-0.6.1.tgz. Extracting by manifest.
2911 silly tarball no local data for @types/node@https://registry.npmjs.org/@types/node/-/node-17.0.45.tgz. Extracting by manifest.
2912 silly tarball no local data for ansi-regex@https://registry.npmjs.org/ansi-regex/-/ansi-regex-6.2.2.tgz. Extracting by manifest.
2913 silly tarball no local data for depd@https://registry.npmjs.org/depd/-/depd-1.1.2.tgz. Extracting by manifest.
2914 silly tarball no local data for ms@https://registry.npmjs.org/ms/-/ms-2.0.0.tgz. Extracting by manifest.
2915 silly tarball no local data for debug@https://registry.npmjs.org/debug/-/debug-2.6.9.tgz. Extracting by manifest.
2916 silly tarball no local data for statuses@https://registry.npmjs.org/statuses/-/statuses-1.5.0.tgz. Extracting by manifest.
2917 silly tarball no local data for mime-types@https://registry.npmjs.org/mime-types/-/mime-types-2.1.35.tgz. Extracting by manifest.
2918 silly tarball no local data for path-to-regexp@https://registry.npmjs.org/path-to-regexp/-/path-to-regexp-3.3.0.tgz. Extracting by manifest.
2919 silly tarball no local data for http-errors@https://registry.npmjs.org/http-errors/-/http-errors-1.8.1.tgz. Extracting by manifest.
2920 silly tarball no local data for htmlparser2@https://registry.npmjs.org/htmlparser2/-/htmlparser2-6.1.0.tgz. Extracting by manifest.
2921 silly tarball no local data for domutils@https://registry.npmjs.org/domutils/-/domutils-2.8.0.tgz. Extracting by manifest.
2922 silly tarball no local data for ms@https://registry.npmjs.org/ms/-/ms-2.0.0.tgz. Extracting by manifest.
2923 silly tarball no local data for range-parser@https://registry.npmjs.org/range-parser/-/range-parser-1.2.1.tgz. Extracting by manifest.
2924 silly tarball no local data for debug@https://registry.npmjs.org/debug/-/debug-2.6.9.tgz. Extracting by manifest.
2925 silly tarball no local data for css-select@https://registry.npmjs.org/css-select/-/css-select-4.3.0.tgz. Extracting by manifest.
2926 silly tarball no local data for domhandler@https://registry.npmjs.org/domhandler/-/domhandler-4.3.1.tgz. Extracting by manifest.
2927 silly tarball no local data for mime-db@https://registry.npmjs.org/mime-db/-/mime-db-1.52.0.tgz. Extracting by manifest.
2928 silly tarball no local data for dom-serializer@https://registry.npmjs.org/dom-serializer/-/dom-serializer-1.4.1.tgz. Extracting by manifest.
2929 silly tarball no local data for strip-json-comments@https://registry.npmjs.org/strip-json-comments/-/strip-json-comments-2.0.1.tgz. Extracting by manifest.
2930 silly tarball no local data for entities@https://registry.npmjs.org/entities/-/entities-2.2.0.tgz. Extracting by manifest.
2931 silly tarball no local data for bytes@https://registry.npmjs.org/bytes/-/bytes-3.1.2.tgz. Extracting by manifest.
2932 silly tarball no local data for ini@https://registry.npmjs.org/ini/-/ini-1.3.8.tgz. Extracting by manifest.
2933 silly tarball no local data for postcss-selector-parser@https://registry.npmjs.org/postcss-selector-parser/-/postcss-selector-parser-7.1.1.tgz. Extracting by manifest.
2934 silly tarball no local data for postcss-selector-parser@https://registry.npmjs.org/postcss-selector-parser/-/postcss-selector-parser-7.1.1.tgz. Extracting by manifest.
2935 silly tarball no local data for ipaddr.js@https://registry.npmjs.org/ipaddr.js/-/ipaddr.js-1.9.1.tgz. Extracting by manifest.
2936 silly tarball no local data for @csstools/selector-resolve-nested@https://registry.npmjs.org/@csstools/selector-resolve-nested/-/selector-resolve-nested-3.1.0.tgz. Extracting by manifest.
2937 silly tarball no local data for postcss-selector-parser@https://registry.npmjs.org/postcss-selector-parser/-/postcss-selector-parser-7.1.1.tgz. Extracting by manifest.
2938 silly tarball no local data for postcss-selector-parser@https://registry.npmjs.org/postcss-selector-parser/-/postcss-selector-parser-7.1.1.tgz. Extracting by manifest.
2939 silly tarball no local data for postcss-selector-parser@https://registry.npmjs.org/postcss-selector-parser/-/postcss-selector-parser-7.1.1.tgz. Extracting by manifest.
2940 silly tarball no local data for postcss-selector-parser@https://registry.npmjs.org/postcss-selector-parser/-/postcss-selector-parser-7.1.1.tgz. Extracting by manifest.
2941 silly tarball no local data for @csstools/selector-specificity@https://registry.npmjs.org/@csstools/selector-specificity/-/selector-specificity-5.0.0.tgz. Extracting by manifest.
2942 silly tarball no local data for postcss-selector-parser@https://registry.npmjs.org/postcss-selector-parser/-/postcss-selector-parser-7.1.1.tgz. Extracting by manifest.
2943 silly tarball no local data for postcss-selector-parser@https://registry.npmjs.org/postcss-selector-parser/-/postcss-selector-parser-7.1.1.tgz. Extracting by manifest.
2944 silly tarball no local data for postcss-selector-parser@https://registry.npmjs.org/postcss-selector-parser/-/postcss-selector-parser-7.1.1.tgz. Extracting by manifest.
2945 silly tarball no local data for postcss-selector-parser@https://registry.npmjs.org/postcss-selector-parser/-/postcss-selector-parser-7.1.1.tgz. Extracting by manifest.
2946 silly tarball no local data for entities@https://registry.npmjs.org/entities/-/entities-6.0.1.tgz. Extracting by manifest.
2947 silly tarball no local data for schema-utils@https://registry.npmjs.org/schema-utils/-/schema-utils-3.3.0.tgz. Extracting by manifest.
2948 silly tarball no local data for @types/unist@https://registry.npmjs.org/@types/unist/-/unist-2.0.11.tgz. Extracting by manifest.
2949 silly tarball no local data for ajv-keywords@https://registry.npmjs.org/ajv-keywords/-/ajv-keywords-3.5.2.tgz. Extracting by manifest.
2950 silly tarball no local data for json-schema-traverse@https://registry.npmjs.org/json-schema-traverse/-/json-schema-traverse-0.4.1.tgz. Extracting by manifest.
2951 silly tarball no local data for ajv@https://registry.npmjs.org/ajv/-/ajv-6.15.0.tgz. Extracting by manifest.
2952 silly tarball no local data for micromark-util-symbol@https://registry.npmjs.org/micromark-util-symbol/-/micromark-util-symbol-2.0.1.tgz. Extracting by manifest.
2953 silly tarball no local data for micromark-util-character@https://registry.npmjs.org/micromark-util-character/-/micromark-util-character-2.1.1.tgz. Extracting by manifest.
2954 silly tarball no local data for micromark-util-symbol@https://registry.npmjs.org/micromark-util-symbol/-/micromark-util-symbol-2.0.1.tgz. Extracting by manifest.
2955 silly tarball no local data for micromark-util-symbol@https://registry.npmjs.org/micromark-util-symbol/-/micromark-util-symbol-2.0.1.tgz. Extracting by manifest.
2956 silly tarball no local data for micromark-util-symbol@https://registry.npmjs.org/micromark-util-symbol/-/micromark-util-symbol-2.0.1.tgz. Extracting by manifest.
2957 silly tarball no local data for micromark-util-character@https://registry.npmjs.org/micromark-util-character/-/micromark-util-character-2.1.1.tgz. Extracting by manifest.
2958 silly tarball no local data for micromark-util-symbol@https://registry.npmjs.org/micromark-util-symbol/-/micromark-util-symbol-2.0.1.tgz. Extracting by manifest.
2959 silly tarball no local data for micromark-util-character@https://registry.npmjs.org/micromark-util-character/-/micromark-util-character-2.1.1.tgz. Extracting by manifest.
2960 silly tarball no local data for micromark-util-types@https://registry.npmjs.org/micromark-util-types/-/micromark-util-types-1.1.0.tgz. Extracting by manifest.
2961 silly tarball no local data for micromark-util-symbol@https://registry.npmjs.org/micromark-util-symbol/-/micromark-util-symbol-2.0.1.tgz. Extracting by manifest.
2962 silly tarball no local data for micromark-util-symbol@https://registry.npmjs.org/micromark-util-symbol/-/micromark-util-symbol-2.0.1.tgz. Extracting by manifest.
2963 silly tarball no local data for micromark-util-character@https://registry.npmjs.org/micromark-util-character/-/micromark-util-character-2.1.1.tgz. Extracting by manifest.
2964 silly tarball no local data for micromark-util-symbol@https://registry.npmjs.org/micromark-util-symbol/-/micromark-util-symbol-2.0.1.tgz. Extracting by manifest.
2965 silly tarball no local data for micromark-util-character@https://registry.npmjs.org/micromark-util-character/-/micromark-util-character-2.1.1.tgz. Extracting by manifest.
2966 silly tarball no local data for micromark-util-types@https://registry.npmjs.org/micromark-util-types/-/micromark-util-types-1.1.0.tgz. Extracting by manifest.
2967 silly tarball no local data for micromark-util-symbol@https://registry.npmjs.org/micromark-util-symbol/-/micromark-util-symbol-2.0.1.tgz. Extracting by manifest.
2968 silly tarball no local data for micromark-util-symbol@https://registry.npmjs.org/micromark-util-symbol/-/micromark-util-symbol-2.0.1.tgz. Extracting by manifest.
2969 silly tarball no local data for micromark-factory-space@https://registry.npmjs.org/micromark-factory-space/-/micromark-factory-space-2.0.1.tgz. Extracting by manifest.
2970 silly tarball no local data for micromark-factory-space@https://registry.npmjs.org/micromark-factory-space/-/micromark-factory-space-2.0.1.tgz. Extracting by manifest.
2971 silly tarball no local data for micromark-util-symbol@https://registry.npmjs.org/micromark-util-symbol/-/micromark-util-symbol-2.0.1.tgz. Extracting by manifest.
2972 silly tarball no local data for micromark-util-character@https://registry.npmjs.org/micromark-util-character/-/micromark-util-character-2.1.1.tgz. Extracting by manifest.
2973 silly tarball no local data for micromark-util-symbol@https://registry.npmjs.org/micromark-util-symbol/-/micromark-util-symbol-2.0.1.tgz. Extracting by manifest.
2974 silly tarball no local data for micromark-util-symbol@https://registry.npmjs.org/micromark-util-symbol/-/micromark-util-symbol-2.0.1.tgz. Extracting by manifest.
2975 silly tarball no local data for micromark-util-symbol@https://registry.npmjs.org/micromark-util-symbol/-/micromark-util-symbol-2.0.1.tgz. Extracting by manifest.
2976 silly tarball no local data for micromark-factory-space@https://registry.npmjs.org/micromark-factory-space/-/micromark-factory-space-2.0.1.tgz. Extracting by manifest.
2977 silly tarball no local data for micromark-util-character@https://registry.npmjs.org/micromark-util-character/-/micromark-util-character-2.1.1.tgz. Extracting by manifest.
2978 silly tarball no local data for micromark-util-character@https://registry.npmjs.org/micromark-util-character/-/micromark-util-character-2.1.1.tgz. Extracting by manifest.
2979 silly tarball no local data for micromark-util-character@https://registry.npmjs.org/micromark-util-character/-/micromark-util-character-2.1.1.tgz. Extracting by manifest.
2980 silly tarball no local data for micromark-util-symbol@https://registry.npmjs.org/micromark-util-symbol/-/micromark-util-symbol-2.0.1.tgz. Extracting by manifest.
2981 silly tarball no local data for micromark-util-character@https://registry.npmjs.org/micromark-util-character/-/micromark-util-character-2.1.1.tgz. Extracting by manifest.
2982 silly tarball no local data for micromark-util-symbol@https://registry.npmjs.org/micromark-util-symbol/-/micromark-util-symbol-2.0.1.tgz. Extracting by manifest.
2983 silly tarball no local data for micromark-util-symbol@https://registry.npmjs.org/micromark-util-symbol/-/micromark-util-symbol-2.0.1.tgz. Extracting by manifest.
2984 silly tarball no local data for micromark-util-character@https://registry.npmjs.org/micromark-util-character/-/micromark-util-character-2.1.1.tgz. Extracting by manifest.
2985 silly tarball no local data for micromark-factory-space@https://registry.npmjs.org/micromark-factory-space/-/micromark-factory-space-2.0.1.tgz. Extracting by manifest.
2986 silly tarball no local data for micromark-factory-space@https://registry.npmjs.org/micromark-factory-space/-/micromark-factory-space-2.0.1.tgz. Extracting by manifest.
2987 silly tarball no local data for micromark-factory-space@https://registry.npmjs.org/micromark-factory-space/-/micromark-factory-space-2.0.1.tgz. Extracting by manifest.
2988 silly tarball no local data for micromark-factory-space@https://registry.npmjs.org/micromark-factory-space/-/micromark-factory-space-2.0.1.tgz. Extracting by manifest.
2989 silly tarball no local data for micromark-util-character@https://registry.npmjs.org/micromark-util-character/-/micromark-util-character-2.1.1.tgz. Extracting by manifest.
2990 silly tarball no local data for micromark-util-character@https://registry.npmjs.org/micromark-util-character/-/micromark-util-character-2.1.1.tgz. Extracting by manifest.
2991 silly tarball no local data for micromark-util-symbol@https://registry.npmjs.org/micromark-util-symbol/-/micromark-util-symbol-2.0.1.tgz. Extracting by manifest.
2992 silly tarball no local data for micromark-util-symbol@https://registry.npmjs.org/micromark-util-symbol/-/micromark-util-symbol-2.0.1.tgz. Extracting by manifest.
2993 silly tarball no local data for micromark-util-symbol@https://registry.npmjs.org/micromark-util-symbol/-/micromark-util-symbol-2.0.1.tgz. Extracting by manifest.
2994 silly tarball no local data for micromark-util-character@https://registry.npmjs.org/micromark-util-character/-/micromark-util-character-2.1.1.tgz. Extracting by manifest.
2995 silly tarball no local data for micromark-util-character@https://registry.npmjs.org/micromark-util-character/-/micromark-util-character-2.1.1.tgz. Extracting by manifest.
2996 silly tarball no local data for micromark-util-symbol@https://registry.npmjs.org/micromark-util-symbol/-/micromark-util-symbol-2.0.1.tgz. Extracting by manifest.
2997 silly tarball no local data for micromark-util-symbol@https://registry.npmjs.org/micromark-util-symbol/-/micromark-util-symbol-2.0.1.tgz. Extracting by manifest.
2998 silly tarball no local data for micromark-util-character@https://registry.npmjs.org/micromark-util-character/-/micromark-util-character-2.1.1.tgz. Extracting by manifest.
2999 silly tarball no local data for micromark-factory-space@https://registry.npmjs.org/micromark-factory-space/-/micromark-factory-space-2.0.1.tgz. Extracting by manifest.
3000 silly tarball no local data for micromark-util-character@https://registry.npmjs.org/micromark-util-character/-/micromark-util-character-2.1.1.tgz. Extracting by manifest.
3001 silly tarball no local data for micromark-util-symbol@https://registry.npmjs.org/micromark-util-symbol/-/micromark-util-symbol-2.0.1.tgz. Extracting by manifest.
3002 silly tarball no local data for micromark-util-character@https://registry.npmjs.org/micromark-util-character/-/micromark-util-character-2.1.1.tgz. Extracting by manifest.
3003 silly tarball no local data for micromark-util-character@https://registry.npmjs.org/micromark-util-character/-/micromark-util-character-2.1.1.tgz. Extracting by manifest.
3004 silly tarball no local data for micromark-factory-space@https://registry.npmjs.org/micromark-factory-space/-/micromark-factory-space-2.0.1.tgz. Extracting by manifest.
3005 silly tarball no local data for micromark-factory-space@https://registry.npmjs.org/micromark-factory-space/-/micromark-factory-space-2.0.1.tgz. Extracting by manifest.
3006 silly tarball no local data for micromark-util-character@https://registry.npmjs.org/micromark-util-character/-/micromark-util-character-2.1.1.tgz. Extracting by manifest.
3007 silly tarball no local data for micromark-factory-space@https://registry.npmjs.org/micromark-factory-space/-/micromark-factory-space-2.0.1.tgz. Extracting by manifest.
3008 silly tarball no local data for micromark-util-symbol@https://registry.npmjs.org/micromark-util-symbol/-/micromark-util-symbol-2.0.1.tgz. Extracting by manifest.
3009 silly tarball no local data for uuid@https://registry.npmjs.org/uuid/-/uuid-14.0.0.tgz. Extracting by manifest.
3010 silly tarball no local data for micromark-util-character@https://registry.npmjs.org/micromark-util-character/-/micromark-util-character-2.1.1.tgz. Extracting by manifest.
3011 silly tarball no local data for micromark-util-symbol@https://registry.npmjs.org/micromark-util-symbol/-/micromark-util-symbol-2.0.1.tgz. Extracting by manifest.
3012 silly tarball no local data for micromark-util-symbol@https://registry.npmjs.org/micromark-util-symbol/-/micromark-util-symbol-2.0.1.tgz. Extracting by manifest.
3013 silly tarball no local data for micromark-factory-space@https://registry.npmjs.org/micromark-factory-space/-/micromark-factory-space-2.0.1.tgz. Extracting by manifest.
3014 silly tarball no local data for micromark-util-symbol@https://registry.npmjs.org/micromark-util-symbol/-/micromark-util-symbol-2.0.1.tgz. Extracting by manifest.
3015 silly tarball no local data for escape-string-regexp@https://registry.npmjs.org/escape-string-regexp/-/escape-string-regexp-5.0.0.tgz. Extracting by manifest.
3016 silly tarball no local data for supports-color@https://registry.npmjs.org/supports-color/-/supports-color-8.1.1.tgz. Extracting by manifest.
3017 silly tarball no local data for escape-string-regexp@https://registry.npmjs.org/escape-string-regexp/-/escape-string-regexp-5.0.0.tgz. Extracting by manifest.
3018 silly tarball no local data for is-docker@https://registry.npmjs.org/is-docker/-/is-docker-3.0.0.tgz. Extracting by manifest.
3019 silly tarball no local data for micromark-util-symbol@https://registry.npmjs.org/micromark-util-symbol/-/micromark-util-symbol-2.0.1.tgz. Extracting by manifest.
3020 silly tarball no local data for html-minifier-terser@https://registry.npmjs.org/html-minifier-terser/-/html-minifier-terser-6.1.0.tgz. Extracting by manifest.
3021 silly tarball no local data for is-plain-obj@https://registry.npmjs.org/is-plain-obj/-/is-plain-obj-3.0.0.tgz. Extracting by manifest.
3022 silly tarball no local data for commander@https://registry.npmjs.org/commander/-/commander-8.3.0.tgz. Extracting by manifest.
3023 silly tarball no local data for commander@https://registry.npmjs.org/commander/-/commander-10.0.1.tgz. Extracting by manifest.
3024 silly tarball no local data for commander@https://registry.npmjs.org/commander/-/commander-8.3.0.tgz. Extracting by manifest.
3025 silly tarball no local data for safe-buffer@https://registry.npmjs.org/safe-buffer/-/safe-buffer-5.1.2.tgz. Extracting by manifest.
3026 silly tarball no local data for readable-stream@https://registry.npmjs.org/readable-stream/-/readable-stream-2.3.8.tgz. Extracting by manifest.
3027 silly tarball no local data for isarray@https://registry.npmjs.org/isarray/-/isarray-1.0.0.tgz. Extracting by manifest.
3028 silly tarball no local data for @sindresorhus/is@https://registry.npmjs.org/@sindresorhus/is/-/is-5.6.0.tgz. Extracting by manifest.
3029 silly tarball no local data for argparse@https://registry.npmjs.org/argparse/-/argparse-1.0.10.tgz. Extracting by manifest.
3030 silly tarball no local data for string_decoder@https://registry.npmjs.org/string_decoder/-/string_decoder-1.1.1.tgz. Extracting by manifest.
3031 silly tarball no local data for js-yaml@https://registry.npmjs.org/js-yaml/-/js-yaml-3.14.2.tgz. Extracting by manifest.
3032 silly tarball no local data for ms@https://registry.npmjs.org/ms/-/ms-2.0.0.tgz. Extracting by manifest.
3033 silly tarball no local data for ajv-keywords@https://registry.npmjs.org/ajv-keywords/-/ajv-keywords-3.5.2.tgz. Extracting by manifest.
3034 silly tarball no local data for debug@https://registry.npmjs.org/debug/-/debug-2.6.9.tgz. Extracting by manifest.
3035 silly tarball no local data for schema-utils@https://registry.npmjs.org/schema-utils/-/schema-utils-3.3.0.tgz. Extracting by manifest.
3036 silly tarball no local data for ms@https://registry.npmjs.org/ms/-/ms-2.0.0.tgz. Extracting by manifest.
3037 silly tarball no local data for path-to-regexp@https://registry.npmjs.org/path-to-regexp/-/path-to-regexp-0.1.13.tgz. Extracting by manifest.
3038 silly tarball no local data for content-disposition@https://registry.npmjs.org/content-disposition/-/content-disposition-0.5.4.tgz. Extracting by manifest.
3039 silly tarball no local data for iconv-lite@https://registry.npmjs.org/iconv-lite/-/iconv-lite-0.6.3.tgz. Extracting by manifest.
3040 silly tarball no local data for json-schema-traverse@https://registry.npmjs.org/json-schema-traverse/-/json-schema-traverse-0.4.1.tgz. Extracting by manifest.
3041 silly tarball no local data for debug@https://registry.npmjs.org/debug/-/debug-2.6.9.tgz. Extracting by manifest.
3042 silly tarball no local data for range-parser@https://registry.npmjs.org/range-parser/-/range-parser-1.2.1.tgz. Extracting by manifest.
3043 silly tarball no local data for estraverse@https://registry.npmjs.org/estraverse/-/estraverse-5.3.0.tgz. Extracting by manifest.
3044 silly tarball no local data for ajv@https://registry.npmjs.org/ajv/-/ajv-6.15.0.tgz. Extracting by manifest.
3045 silly tarball no local data for is-obj@https://registry.npmjs.org/is-obj/-/is-obj-2.0.0.tgz. Extracting by manifest.
3046 silly tarball no local data for mimic-response@https://registry.npmjs.org/mimic-response/-/mimic-response-3.1.0.tgz. Extracting by manifest.
3047 silly tarball no local data for minimatch@https://registry.npmjs.org/minimatch/-/minimatch-9.0.9.tgz. Extracting by manifest.
3048 silly tarball no local data for commander@https://registry.npmjs.org/commander/-/commander-7.2.0.tgz. Extracting by manifest.
3049 silly tarball no local data for iconv-lite@https://registry.npmjs.org/iconv-lite/-/iconv-lite-0.6.3.tgz. Extracting by manifest.
3050 silly tarball no local data for brace-expansion@https://registry.npmjs.org/brace-expansion/-/brace-expansion-2.1.1.tgz. Extracting by manifest.
3051 silly tarball no local data for internmap@https://registry.npmjs.org/internmap/-/internmap-1.0.1.tgz. Extracting by manifest.
3052 silly tarball no local data for d3-array@https://registry.npmjs.org/d3-array/-/d3-array-2.12.1.tgz. Extracting by manifest.
3053 silly tarball no local data for cose-base@https://registry.npmjs.org/cose-base/-/cose-base-2.2.0.tgz. Extracting by manifest.
3054 silly tarball no local data for mdn-data@https://registry.npmjs.org/mdn-data/-/mdn-data-2.0.28.tgz. Extracting by manifest.
3055 silly tarball no local data for d3-shape@https://registry.npmjs.org/d3-shape/-/d3-shape-1.3.7.tgz. Extracting by manifest.
3056 silly tarball no local data for @csstools/selector-specificity@https://registry.npmjs.org/@csstools/selector-specificity/-/selector-specificity-5.0.0.tgz. Extracting by manifest.
3057 silly tarball no local data for layout-base@https://registry.npmjs.org/layout-base/-/layout-base-2.0.1.tgz. Extracting by manifest.
3058 silly tarball no local data for type-fest@https://registry.npmjs.org/type-fest/-/type-fest-1.4.0.tgz. Extracting by manifest.
3059 silly tarball no local data for postcss-selector-parser@https://registry.npmjs.org/postcss-selector-parser/-/postcss-selector-parser-7.1.1.tgz. Extracting by manifest.
3060 silly tarball no local data for css-tree@https://registry.npmjs.org/css-tree/-/css-tree-2.2.1.tgz. Extracting by manifest.
3061 silly tarball no local data for slash@https://registry.npmjs.org/slash/-/slash-4.0.0.tgz. Extracting by manifest.
3062 silly tarball no local data for d3-path@https://registry.npmjs.org/d3-path/-/d3-path-1.0.9.tgz. Extracting by manifest.
3063 silly tarball no local data for globby@https://registry.npmjs.org/globby/-/globby-13.2.2.tgz. Extracting by manifest.
3064 silly tarball no local data for glob-parent@https://registry.npmjs.org/glob-parent/-/glob-parent-6.0.2.tgz. Extracting by manifest.
3065 silly tarball no local data for debug@https://registry.npmjs.org/debug/-/debug-2.6.9.tgz. Extracting by manifest.
3066 silly tarball no local data for ms@https://registry.npmjs.org/ms/-/ms-2.0.0.tgz. Extracting by manifest.
3067 silly tarball no local data for mime-db@https://registry.npmjs.org/mime-db/-/mime-db-1.54.0.tgz. Extracting by manifest.
3068 silly tarball no local data for ini@https://registry.npmjs.org/ini/-/ini-1.3.8.tgz. Extracting by manifest.
3069 silly tarball no local data for string-width@https://registry.npmjs.org/string-width/-/string-width-4.2.3.tgz. Extracting by manifest.
3070 silly tarball no local data for source-map@https://registry.npmjs.org/source-map/-/source-map-0.6.1.tgz. Extracting by manifest.
3071 silly tarball no local data for ms@https://registry.npmjs.org/ms/-/ms-2.0.0.tgz. Extracting by manifest.
3072 silly tarball no local data for emoji-regex@https://registry.npmjs.org/emoji-regex/-/emoji-regex-8.0.0.tgz. Extracting by manifest.
3073 silly tarball no local data for debug@https://registry.npmjs.org/debug/-/debug-2.6.9.tgz. Extracting by manifest.
3074 silly tarball no local data for bytes@https://registry.npmjs.org/bytes/-/bytes-3.1.2.tgz. Extracting by manifest.
3075 silly tarball no local data for semver@https://registry.npmjs.org/semver/-/semver-6.3.1.tgz. Extracting by manifest.
3076 silly tarball no local data for emoji-regex@https://registry.npmjs.org/emoji-regex/-/emoji-regex-8.0.0.tgz. Extracting by manifest.
3077 silly tarball no local data for bytes@https://registry.npmjs.org/bytes/-/bytes-3.1.2.tgz. Extracting by manifest.
3078 silly tarball no local data for mime-db@https://registry.npmjs.org/mime-db/-/mime-db-1.52.0.tgz. Extracting by manifest.
3079 silly tarball no local data for negotiator@https://registry.npmjs.org/negotiator/-/negotiator-0.6.3.tgz. Extracting by manifest.
3080 silly tarball no local data for mime-types@https://registry.npmjs.org/mime-types/-/mime-types-2.1.35.tgz. Extracting by manifest.
3081 silly tarball no local data for string-width@https://registry.npmjs.org/string-width/-/string-width-4.2.3.tgz. Extracting by manifest.
3082 silly tarball no local data for regjsparser@https://registry.npmjs.org/regjsparser/-/regjsparser-0.7.0.tgz. Extracting by manifest.
3083 silly tarball no local data for graceful-fs@https://registry.npmjs.org/graceful-fs/-/graceful-fs-4.2.10.tgz. Extracting by manifest.
3084 silly tarball no local data for postcss-selector-parser@https://registry.npmjs.org/postcss-selector-parser/-/postcss-selector-parser-7.1.1.tgz. Extracting by manifest.
3085 silly tarball no local data for @types/send@https://registry.npmjs.org/@types/send/-/send-0.17.6.tgz. Extracting by manifest.
3086 silly tarball no local data for supports-color@https://registry.npmjs.org/supports-color/-/supports-color-5.5.0.tgz. Extracting by manifest.
3087 silly tarball no local data for regjsgen@https://registry.npmjs.org/regjsgen/-/regjsgen-0.5.2.tgz. Extracting by manifest.
3088 silly tarball no local data for escape-string-regexp@https://registry.npmjs.org/escape-string-regexp/-/escape-string-regexp-1.0.5.tgz. Extracting by manifest.
3089 silly tarball no local data for regenerate-unicode-properties@https://registry.npmjs.org/regenerate-unicode-properties/-/regenerate-unicode-properties-9.0.0.tgz. Extracting by manifest.
3090 silly tarball no local data for has-flag@https://registry.npmjs.org/has-flag/-/has-flag-3.0.0.tgz. Extracting by manifest.
3091 silly tarball no local data for regexpu-core@https://registry.npmjs.org/regexpu-core/-/regexpu-core-4.8.0.tgz. Extracting by manifest.
3092 silly tarball no local data for color-name@https://registry.npmjs.org/color-name/-/color-name-1.1.3.tgz. Extracting by manifest.
3093 silly tarball no local data for jsesc@https://registry.npmjs.org/jsesc/-/jsesc-0.5.0.tgz. Extracting by manifest.
3094 silly tarball no local data for ansi-styles@https://registry.npmjs.org/ansi-styles/-/ansi-styles-3.2.1.tgz. Extracting by manifest.
3095 silly tarball no local data for color-convert@https://registry.npmjs.org/color-convert/-/color-convert-1.9.3.tgz. Extracting by manifest.
3096 silly tarball no local data for chalk@https://registry.npmjs.org/chalk/-/chalk-2.4.2.tgz. Extracting by manifest.
3097 silly tarball no local data for acorn-dynamic-import@https://registry.npmjs.org/acorn-dynamic-import/-/acorn-dynamic-import-4.0.0.tgz. Extracting by manifest.
3098 silly tarball no local data for @jsonjoy.com/util@https://registry.npmjs.org/@jsonjoy.com/util/-/util-17.67.0.tgz. Extracting by manifest.
3099 silly tarball no local data for acorn@https://registry.npmjs.org/acorn/-/acorn-6.4.2.tgz. Extracting by manifest.
3100 silly tarball no local data for @jsonjoy.com/buffers@https://registry.npmjs.org/@jsonjoy.com/buffers/-/buffers-1.2.1.tgz. Extracting by manifest.
3101 silly tarball no local data for @napi-rs/wasm-runtime@https://registry.npmjs.org/@napi-rs/wasm-runtime/-/wasm-runtime-0.2.12.tgz. Extracting by manifest.
3102 silly tarball no local data for @jsonjoy.com/buffers@https://registry.npmjs.org/@jsonjoy.com/buffers/-/buffers-1.2.1.tgz. Extracting by manifest.
3103 silly tarball no local data for @jsonjoy.com/json-pointer@https://registry.npmjs.org/@jsonjoy.com/json-pointer/-/json-pointer-17.67.0.tgz. Extracting by manifest.
3104 silly tarball no local data for @jsonjoy.com/codegen@https://registry.npmjs.org/@jsonjoy.com/codegen/-/codegen-17.67.0.tgz. Extracting by manifest.
3105 silly tarball no local data for fs-extra@https://registry.npmjs.org/fs-extra/-/fs-extra-10.1.0.tgz. Extracting by manifest.
3106 silly tarball no local data for @jsonjoy.com/base64@https://registry.npmjs.org/@jsonjoy.com/base64/-/base64-17.67.0.tgz. Extracting by manifest.
3107 silly tarball no local data for htmlparser2@https://registry.npmjs.org/htmlparser2/-/htmlparser2-10.1.0.tgz. Extracting by manifest.
3108 silly tarball no local data for @jsonjoy.com/json-pack@https://registry.npmjs.org/@jsonjoy.com/json-pack/-/json-pack-17.67.0.tgz. Extracting by manifest.
3109 silly tarball no local data for webpack-merge@https://registry.npmjs.org/webpack-merge/-/webpack-merge-5.10.0.tgz. Extracting by manifest.
3110 silly tarball no local data for @algolia/autocomplete-plugin-algolia-insights@https://registry.npmjs.org/@algolia/autocomplete-plugin-algolia-insights/-/autocomplete-plugin-algolia-insights-1.19.2.tgz. Extracting by manifest.
3111 silly tarball no local data for acorn-class-fields@https://registry.npmjs.org/acorn-class-fields/-/acorn-class-fields-0.2.1.tgz. Extracting by manifest.
3112 silly tarball no local data for cheerio@https://registry.npmjs.org/cheerio/-/cheerio-1.2.0.tgz. Extracting by manifest.
3113 silly tarball no local data for @algolia/autocomplete-shared@https://registry.npmjs.org/@algolia/autocomplete-shared/-/autocomplete-shared-1.19.2.tgz. Extracting by manifest.
3114 silly tarball no local data for entities@https://registry.npmjs.org/entities/-/entities-7.0.1.tgz. Extracting by manifest.
3115 silly tarball no local data for postcss-selector-parser@https://registry.npmjs.org/postcss-selector-parser/-/postcss-selector-parser-7.1.1.tgz. Extracting by manifest.
3116 silly tarball no local data for @algolia/autocomplete-core@https://registry.npmjs.org/@algolia/autocomplete-core/-/autocomplete-core-1.19.2.tgz. Extracting by manifest.
3117 silly tarball no local data for postcss-selector-parser@https://registry.npmjs.org/postcss-selector-parser/-/postcss-selector-parser-7.1.1.tgz. Extracting by manifest.
3118 silly tarball no local data for @csstools/selector-specificity@https://registry.npmjs.org/@csstools/selector-specificity/-/selector-specificity-5.0.0.tgz. Extracting by manifest.
3119 silly tarball no local data for @csstools/selector-specificity@https://registry.npmjs.org/@csstools/selector-specificity/-/selector-specificity-5.0.0.tgz. Extracting by manifest.
3120 silly tarball no local data for postcss-selector-parser@https://registry.npmjs.org/postcss-selector-parser/-/postcss-selector-parser-7.1.1.tgz. Extracting by manifest.
3121 silly tarball no local data for semver@https://registry.npmjs.org/semver/-/semver-6.3.1.tgz. Extracting by manifest.
3122 silly tarball no local data for babel-plugin-polyfill-corejs3@https://registry.npmjs.org/babel-plugin-polyfill-corejs3/-/babel-plugin-polyfill-corejs3-0.14.2.tgz. Extracting by manifest.
3123 silly tarball no local data for semver@https://registry.npmjs.org/semver/-/semver-6.3.1.tgz. Extracting by manifest.
3124 silly tarball no local data for semver@https://registry.npmjs.org/semver/-/semver-6.3.1.tgz. Extracting by manifest.
3125 silly tarball no local data for semver@https://registry.npmjs.org/semver/-/semver-6.3.1.tgz. Extracting by manifest.
3126 silly tarball no local data for semver@https://registry.npmjs.org/semver/-/semver-6.3.1.tgz. Extracting by manifest.
3127 silly tarball no local data for semver@https://registry.npmjs.org/semver/-/semver-6.3.1.tgz. Extracting by manifest.
3128 http fetch GET 200 https://registry.npmjs.org/whatwg-mimetype/-/whatwg-mimetype-4.0.0.tgz 839ms (cache miss)
3129 http fetch GET 200 https://registry.npmjs.org/write-file-atomic/-/write-file-atomic-3.0.3.tgz 840ms (cache miss)
3130 http fetch GET 200 https://registry.npmjs.org/wsl-utils/-/wsl-utils-0.1.0.tgz 842ms (cache miss)
3131 http fetch GET 200 https://registry.npmjs.org/yocto-queue/-/yocto-queue-1.2.2.tgz 843ms (cache miss)
3132 http fetch GET 200 https://registry.npmjs.org/xdg-basedir/-/xdg-basedir-5.1.0.tgz 841ms (cache miss)
3133 http fetch GET 200 https://registry.npmjs.org/whatwg-encoding/-/whatwg-encoding-3.1.1.tgz 840ms (cache miss)
3134 warn deprecated whatwg-encoding@3.1.1: Use @exodus/bytes instead for a more spec-conformant and faster implementation
3135 http fetch GET 200 https://registry.npmjs.org/yallist/-/yallist-3.1.1.tgz 843ms (cache miss)
3136 http fetch GET 200 https://registry.npmjs.org/zwitch/-/zwitch-2.0.4.tgz 843ms (cache miss)
3137 http fetch GET 200 https://registry.npmjs.org/wrap-ansi/-/wrap-ansi-8.1.0.tgz 841ms (cache miss)
3138 http fetch GET 200 https://registry.npmjs.org/wildcard/-/wildcard-2.0.1.tgz 842ms (cache miss)
3139 http fetch GET 200 https://registry.npmjs.org/websocket-extensions/-/websocket-extensions-0.1.4.tgz 845ms (cache miss)
3140 http fetch GET 200 https://registry.npmjs.org/ws/-/ws-7.5.11.tgz 901ms (cache miss)
3141 http fetch GET 200 https://registry.npmjs.org/widest-line/-/widest-line-4.0.1.tgz 984ms (cache miss)
3142 http fetch GET 200 https://registry.npmjs.org/which/-/which-2.0.2.tgz 1004ms (cache miss)
3143 http fetch GET 200 https://registry.npmjs.org/web-namespaces/-/web-namespaces-2.0.1.tgz 1006ms (cache miss)
3144 http fetch GET 200 https://registry.npmjs.org/yaml/-/yaml-2.9.0.tgz 1042ms (cache miss)
3145 http fetch GET 200 https://registry.npmjs.org/xml-js/-/xml-js-1.6.11.tgz 1054ms (cache miss)
3146 http fetch GET 200 https://registry.npmjs.org/webpack-merge/-/webpack-merge-6.0.1.tgz 1055ms (cache miss)
3147 http fetch GET 200 https://registry.npmjs.org/websocket-driver/-/websocket-driver-0.7.4.tgz 1060ms (cache miss)
3148 http fetch GET 200 https://registry.npmjs.org/wbuf/-/wbuf-1.7.3.tgz 1069ms (cache miss)
3149 http fetch GET 200 https://registry.npmjs.org/watchpack/-/watchpack-2.5.1.tgz 1085ms (cache miss)
3150 http fetch GET 200 https://registry.npmjs.org/webpack-sources/-/webpack-sources-3.5.0.tgz 1087ms (cache miss)
3151 http fetch GET 200 https://registry.npmjs.org/webpack-dev-middleware/-/webpack-dev-middleware-7.4.5.tgz 1097ms (cache miss)
3152 http fetch GET 200 https://registry.npmjs.org/webpackbar/-/webpackbar-7.0.0.tgz 1114ms (cache miss)
3153 http fetch GET 200 https://registry.npmjs.org/vfile-message/-/vfile-message-4.0.3.tgz 1150ms (cache miss)
3154 http fetch GET 200 https://registry.npmjs.org/vfile-location/-/vfile-location-5.0.3.tgz 1180ms (cache miss)
3155 http fetch GET 200 https://registry.npmjs.org/vary/-/vary-1.1.2.tgz 1195ms (cache miss)
3156 http fetch GET 200 https://registry.npmjs.org/value-equal/-/value-equal-1.0.1.tgz 1209ms (cache miss)
3157 http fetch POST 200 https://registry.npmjs.org/-/npm/v1/security/advisories/bulk 1313ms
3158 silly audit report {
3158 silly audit report   dompurify: [
3158 silly audit report     {
3158 silly audit report       id: 1120805,
3158 silly audit report       url: 'https://github.com/advisories/GHSA-vxr8-fq34-vvx9',
3158 silly audit report       title: 'DOMPurify: Trusted Types policy survives `clearConfig()` and can poison later `RETURN_TRUSTED_TYPE` output',
3158 silly audit report       severity: 'low',
3158 silly audit report       vulnerable_versions: '<3.4.9',
3158 silly audit report       cwe: [Array],
3158 silly audit report       cvss: [Object]
3158 silly audit report     },
3158 silly audit report     {
3158 silly audit report       id: 1120812,
3158 silly audit report       url: 'https://github.com/advisories/GHSA-gvmj-g25r-r7wr',
3158 silly audit report       title: 'DOMPurify: SAFE_FOR_TEMPLATES bypass - template expressions survive sanitization inside <template> content when using DOM output modes',
3158 silly audit report       severity: 'low',
3158 silly audit report       vulnerable_versions: '>=3.0.0 <=3.4.7',
3158 silly audit report       cwe: [Array],
3158 silly audit report       cvss: [Object]
3158 silly audit report     },
3158 silly audit report     {
3158 silly audit report       id: 1121192,
3158 silly audit report       url: 'https://github.com/advisories/GHSA-cmwh-pvxp-8882',
3158 silly audit report       title: 'DOMPurify: Permanent `ALLOWED_ATTR` pollution via `setConfig()` bypassing the hook clone-guard (incomplete fix of the 3.4.7 hook-pollution patch)',
3158 silly audit report       severity: 'moderate',
3158 silly audit report       vulnerable_versions: '<=3.4.10',
3158 silly audit report       cwe: [Array],
3158 silly audit report       cvss: [Object]
3158 silly audit report     }
3158 silly audit report   ],
3158 silly audit report   'js-yaml': [
3158 silly audit report     {
3158 silly audit report       id: 1121859,
3158 silly audit report       url: 'https://github.com/advisories/GHSA-h67p-54hq-rp68',
3158 silly audit report       title: 'JS-YAML: Quadratic-complexity DoS in merge key handling via repeated aliases',
3158 silly audit report       severity: 'moderate',
3158 silly audit report       vulnerable_versions: '<3.15.0',
3158 silly audit report       cwe: [Array],
3158 silly audit report       cvss: [Object]
3158 silly audit report     }
3158 silly audit report   ],
3158 silly audit report   'http-proxy-middleware': [
3158 silly audit report     {
3158 silly audit report       id: 1121360,
3158 silly audit report       url: 'https://github.com/advisories/GHSA-64mm-vxmg-q3vj',
3158 silly audit report       title: 'http-proxy-middleware `router` host+path substring matching allows Host-header-driven backend routing bypass',
3158 silly audit report       severity: 'moderate',
3158 silly audit report       vulnerable_versions: '>=0.16.0 <2.0.10',
3158 silly audit report       cwe: [Array],
3158 silly audit report       cvss: [Object]
3158 silly audit report     }
3158 silly audit report   ],
3158 silly audit report   joi: [
3158 silly audit report     {
3158 silly audit report       id: 1120656,
3158 silly audit report       url: 'https://github.com/advisories/GHSA-q7cg-457f-vx79',
3158 silly audit report       title: 'joi has an uncaught RangeError on deeply nested input through recursive `link()` schemas',
3158 silly audit report       severity: 'moderate',
3158 silly audit report       vulnerable_versions: '<17.13.4',
3158 silly audit report       cwe: [Array],
3158 silly audit report       cvss: [Object]
3158 silly audit report     }
3158 silly audit report   ],
3158 silly audit report   'launch-editor': [
3158 silly audit report     {
3158 silly audit report       id: 1120787,
3158 silly audit report       url: 'https://github.com/advisories/GHSA-v6wh-96g9-6wx3',
3158 silly audit report       title: 'launch-editor: NTLMv2 hash disclosure via UNC path handling on Windows',
3158 silly audit report       severity: 'moderate',
3158 silly audit report       vulnerable_versions: '<=2.14.0',
3158 silly audit report       cwe: [Array],
3158 silly audit report       cvss: [Object]
3158 silly audit report     }
3158 silly audit report   ],
3158 silly audit report   uuid: [
3158 silly audit report     {
3158 silly audit report       id: 1119441,
3158 silly audit report       url: 'https://github.com/advisories/GHSA-w5hq-g745-h8pq',
3158 silly audit report       title: 'uuid: Missing buffer bounds check in v3/v5/v6 when buf is provided',
3158 silly audit report       severity: 'moderate',
3158 silly audit report       vulnerable_versions: '<11.1.1',
3158 silly audit report       cwe: [Array],
3158 silly audit report       cvss: [Object]
3158 silly audit report     }
3158 silly audit report   ],
3158 silly audit report   'serialize-javascript': [
3158 silly audit report     {
3158 silly audit report       id: 1119440,
3158 silly audit report       url: 'https://github.com/advisories/GHSA-qj8w-gfj5-8c6v',
3158 silly audit report       title: 'Serialize JavaScript has CPU Exhaustion Denial of Service via crafted array-like objects',
3158 silly audit report       severity: 'moderate',
3158 silly audit report       vulnerable_versions: '>=5.0.0 <7.0.5',
3158 silly audit report       cwe: [Array],
3158 silly audit report       cvss: [Object]
3158 silly audit report     },
3158 silly audit report     {
3158 silly audit report       id: 1113686,
3158 silly audit report       url: 'https://github.com/advisories/GHSA-5c6j-r48x-rmvq',
3158 silly audit report       title: 'Serialize JavaScript is Vulnerable to RCE via RegExp.flags and Date.prototype.toISOString()',
3158 silly audit report       severity: 'high',
3158 silly audit report       vulnerable_versions: '<=7.0.2',
3158 silly audit report       cwe: [Array],
3158 silly audit report       cvss: [Object]
3158 silly audit report     }
3158 silly audit report   ],
3158 silly audit report   undici: [
3158 silly audit report     {
3158 silly audit report       id: 1121187,
3158 silly audit report       url: 'https://github.com/advisories/GHSA-vmh5-mc38-953g',
3158 silly audit report       title: 'undici vulnerable to TLS certificate validation bypass via dropped requestTls in SOCKS5 ProxyAgent',
3158 silly audit report       severity: 'high',
3158 silly audit report       vulnerable_versions: '>=7.23.0 <7.28.0',
3158 silly audit report       cwe: [Array],
3158 silly audit report       cvss: [Object]
3158 silly audit report     },
3158 silly audit report     {
3158 silly audit report       id: 1121241,
3158 silly audit report       url: 'https://github.com/advisories/GHSA-p88m-4jfj-68fv',
3158 silly audit report       title: 'undici vulnerable to HTTP header injection via Set-Cookie percent-decoding',
3158 silly audit report       severity: 'moderate',
3158 silly audit report       vulnerable_versions: '>=7.0.0 <7.28.0',
3158 silly audit report       cwe: [Array],
3158 silly audit report       cvss: [Object]
3158 silly audit report     },
3158 silly audit report     {
3158 silly audit report       id: 1121244,
3158 silly audit report       url: 'https://github.com/advisories/GHSA-vxpw-j846-p89q',
3158 silly audit report       title: 'undici WebSocket client vulnerable to denial of service via fragment count bypass',
3158 silly audit report       severity: 'high',
3158 silly audit report       vulnerable_versions: '>=7.0.0 <7.28.0',
3158 silly audit report       cwe: [Array],
3158 silly audit report       cvss: [Object]
3158 silly audit report     },
3158 silly audit report     {
3158 silly audit report       id: 1121247,
3158 silly audit report       url: 'https://github.com/advisories/GHSA-hm92-r4w5-c3mj',
3158 silly audit report       title: 'undici vulnerable to cross-origin request routing via SOCKS5 proxy pool reuse',
3158 silly audit report       severity: 'high',
3158 silly audit report       vulnerable_versions: '>=7.23.0 <7.28.0',
3158 silly audit report       cwe: [Array],
3158 silly audit report       cvss: [Object]
3158 silly audit report     },
3158 silly audit report     {
3158 silly audit report       id: 1121249,
3158 silly audit report       url: 'https://github.com/advisories/GHSA-35p6-xmwp-9g52',
3158 silly audit report       title: 'undici vulnerable to HTTP response queue poisoning via keep-alive socket reuse',
3158 silly audit report       severity: 'low',
3158 silly audit report       vulnerable_versions: '>=7.0.0 <7.28.0',
3158 silly audit report       cwe: [Array],
3158 silly audit report       cvss: [Object]
3158 silly audit report     },
3158 silly audit report     {
3158 silly audit report       id: 1121254,
3158 silly audit report       url: 'https://github.com/advisories/GHSA-g8m3-5g58-fq7m',
3158 silly audit report       title: 'undici vulnerable to Set-Cookie SameSite attribute downgrade via permissive substring matching',
3158 silly audit report       severity: 'low',
3158 silly audit report       vulnerable_versions: '>=7.0.0 <7.28.0',
3158 silly audit report       cwe: [Array],
3158 silly audit report       cvss: [Object]
3158 silly audit report     },
3158 silly audit report     {
3158 silly audit report       id: 1121428,
3158 silly audit report       url: 'https://github.com/advisories/GHSA-pr7r-676h-xcf6',
3158 silly audit report       title: 'undici vulnerable to cross-user information disclosure via shared cache whitespace bypass',
3158 silly audit report       severity: 'moderate',
3158 silly audit report       vulnerable_versions: '>=7.0.0 <7.28.0',
3158 silly audit report       cwe: [Array],
3158 silly audit report       cvss: [Object]
3158 silly audit report     }
3158 silly audit report   ],
3158 silly audit report   'webpack-dev-server': [
3158 silly audit report     {
3158 silly audit report       id: 1121087,
3158 silly audit report       url: 'https://github.com/advisories/GHSA-mx8g-39q3-5c79',
3158 silly audit report       title: 'webpack-dev-server vulnerable to HMR WebSocket interception via permissive user proxies',
3158 silly audit report       severity: 'moderate',
3158 silly audit report       vulnerable_versions: '<5.2.5',
3158 silly audit report       cwe: [Array],
3158 silly audit report       cvss: [Object]
3158 silly audit report     }
3158 silly audit report   ]
3158 silly audit report }
3159 silly packumentCache corgi:https://registry.npmjs.org/dompurify cache-miss
3160 silly packumentCache corgi:https://registry.npmjs.org/js-yaml cache-miss
3161 silly packumentCache corgi:https://registry.npmjs.org/http-proxy-middleware cache-miss
3162 silly packumentCache corgi:https://registry.npmjs.org/joi cache-miss
3163 silly packumentCache corgi:https://registry.npmjs.org/launch-editor cache-miss
3164 silly packumentCache corgi:https://registry.npmjs.org/uuid cache-miss
3165 silly packumentCache corgi:https://registry.npmjs.org/serialize-javascript cache-miss
3166 silly packumentCache corgi:https://registry.npmjs.org/undici cache-miss
3167 silly packumentCache corgi:https://registry.npmjs.org/webpack-dev-server cache-miss
3168 http fetch GET 200 https://registry.npmjs.org/utils-merge/-/utils-merge-1.0.1.tgz 1225ms (cache miss)
3169 http fetch GET 200 https://registry.npmjs.org/webpack-dev-server/-/webpack-dev-server-5.2.4.tgz 1226ms (cache miss)
3170 http fetch GET 200 https://registry.npmjs.org/util-deprecate/-/util-deprecate-1.0.2.tgz 1235ms (cache miss)
3171 http fetch GET 200 https://registry.npmjs.org/utila/-/utila-0.4.0.tgz 1320ms (cache miss)
3172 http fetch GET 200 https://registry.npmjs.org/utility-types/-/utility-types-3.11.0.tgz 1320ms (cache miss)
3173 http fetch GET 200 https://registry.npmjs.org/url-loader/-/url-loader-4.1.1.tgz 1320ms (cache miss)
3174 http fetch GET 200 https://registry.npmjs.org/use-editable/-/use-editable-2.3.3.tgz 1321ms (cache miss)
3175 http fetch GET 200 https://registry.npmjs.org/uuid/-/uuid-8.3.2.tgz 1332ms (cache miss)
3176 warn deprecated uuid@8.3.2: uuid@10 and below is no longer supported.  For ESM codebases, update to uuid@latest.  For CommonJS codebases, use uuid@11 (but be aware this version will likely be deprecated in 2028).
3177 http fetch GET 200 https://registry.npmjs.org/update-notifier/-/update-notifier-6.0.2.tgz 1358ms (cache miss)
3178 http fetch GET 200 https://registry.npmjs.org/update-browserslist-db/-/update-browserslist-db-1.2.3.tgz 1358ms (cache miss)
3179 http fetch GET 200 https://registry.npmjs.org/unpipe/-/unpipe-1.0.0.tgz 1367ms (cache miss)
3180 http fetch GET 200 https://registry.npmjs.org/universalify/-/universalify-2.0.1.tgz 1393ms (cache miss)
3181 http fetch GET 200 https://registry.npmjs.org/vfile/-/vfile-6.0.3.tgz 1394ms (cache miss)
3182 http fetch GET 200 https://registry.npmjs.org/unist-util-visit/-/unist-util-visit-5.1.0.tgz 1401ms (cache miss)
3183 http fetch GET 200 https://registry.npmjs.org/unist-util-visit-parents/-/unist-util-visit-parents-6.0.2.tgz 1418ms (cache miss)
3184 http fetch GET 200 https://registry.npmjs.org/unist-util-stringify-position/-/unist-util-stringify-position-4.0.0.tgz 1479ms (cache miss)
3185 http fetch GET 200 https://registry.npmjs.org/unist-util-is/-/unist-util-is-6.0.1.tgz 1481ms (cache miss)
3186 http fetch GET 200 https://registry.npmjs.org/unist-builder/-/unist-builder-4.0.0.tgz 1484ms (cache miss)
3187 http fetch GET 200 https://registry.npmjs.org/unist-util-position-from-estree/-/unist-util-position-from-estree-2.0.0.tgz 1484ms (cache miss)
3188 http fetch GET 200 https://registry.npmjs.org/unist-util-find-after/-/unist-util-find-after-5.0.0.tgz 1496ms (cache miss)
3189 http fetch GET 200 https://registry.npmjs.org/unist-util-position/-/unist-util-position-5.0.0.tgz 1524ms (cache miss)
3190 http fetch GET 200 https://registry.npmjs.org/unified/-/unified-11.0.5.tgz 1535ms (cache miss)
3191 http fetch GET 200 https://registry.npmjs.org/unique-string/-/unique-string-3.0.0.tgz 1535ms (cache miss)
3192 http fetch GET 200 https://registry.npmjs.org/webpack-bundle-analyzer/-/webpack-bundle-analyzer-4.10.2.tgz 1557ms (cache miss)
3193 http fetch GET 200 https://registry.npmjs.org/unicode-match-property-value-ecmascript/-/unicode-match-property-value-ecmascript-2.2.1.tgz 1567ms (cache miss)
3194 http fetch GET 200 https://registry.npmjs.org/unicode-property-aliases-ecmascript/-/unicode-property-aliases-ecmascript-2.2.0.tgz 1567ms (cache miss)
3195 http fetch GET 200 https://registry.npmjs.org/unicode-match-property-ecmascript/-/unicode-match-property-ecmascript-2.0.0.tgz 1574ms (cache miss)
3196 http fetch GET 200 https://registry.npmjs.org/unicode-canonical-property-names-ecmascript/-/unicode-canonical-property-names-ecmascript-2.0.1.tgz 1582ms (cache miss)
3197 http fetch GET 200 https://registry.npmjs.org/webpack/-/webpack-5.107.2.tgz 1623ms (cache miss)
3198 http fetch GET 200 https://registry.npmjs.org/unicode-emoji-modifier-base/-/unicode-emoji-modifier-base-1.0.0.tgz 1636ms (cache miss)
3199 http fetch GET 200 https://registry.npmjs.org/typedarray-to-buffer/-/typedarray-to-buffer-3.1.5.tgz 1644ms (cache miss)
3200 http fetch GET 200 https://registry.npmjs.org/type-is/-/type-is-1.6.18.tgz 1673ms (cache miss)
3201 http fetch GET 200 https://registry.npmjs.org/uri-js/-/uri-js-4.4.1.tgz 1691ms (cache miss)
3202 http fetch GET 200 https://registry.npmjs.org/tslib/-/tslib-2.8.1.tgz 1692ms (cache miss)
3203 http fetch GET 200 https://registry.npmjs.org/type-fest/-/type-fest-2.19.0.tgz 1742ms (cache miss)
3204 http fetch GET 200 https://registry.npmjs.org/ts-interface-checker/-/ts-interface-checker-0.1.13.tgz 1743ms (cache miss)
3205 http fetch GET 200 https://registry.npmjs.org/ts-dedent/-/ts-dedent-2.2.0.tgz 1749ms (cache miss)
3206 http fetch GET 200 https://registry.npmjs.org/trough/-/trough-2.2.0.tgz 1842ms (cache miss)
3207 http fetch GET 200 https://registry.npmjs.org/tree-dump/-/tree-dump-1.1.0.tgz 1851ms (cache miss)
3208 http fetch GET 200 https://registry.npmjs.org/undici-types/-/undici-types-7.24.6.tgz 1853ms (cache miss)
3209 http fetch GET 200 https://registry.npmjs.org/trim-lines/-/trim-lines-3.0.1.tgz 1859ms (cache miss)
3210 http fetch GET 200 https://registry.npmjs.org/toidentifier/-/toidentifier-1.0.1.tgz 1858ms (cache miss)
3211 http fetch GET 200 https://registry.npmjs.org/to-regex-range/-/to-regex-range-5.0.1.tgz 1860ms (cache miss)
3212 http fetch GET 200 https://registry.npmjs.org/trim-trailing-lines/-/trim-trailing-lines-2.1.0.tgz 1868ms (cache miss)
3213 http fetch GET 200 https://registry.npmjs.org/tsyringe/-/tsyringe-4.10.0.tgz 1876ms (cache miss)
3214 http fetch GET 200 https://registry.npmjs.org/tinyglobby/-/tinyglobby-0.2.17.tgz 1879ms (cache miss)
3215 http fetch GET 200 https://registry.npmjs.org/tinyexec/-/tinyexec-1.2.4.tgz 1891ms (cache miss)
3216 http fetch GET 200 https://registry.npmjs.org/tinypool/-/tinypool-1.1.1.tgz 1920ms (cache miss)
3217 http fetch GET 200 https://registry.npmjs.org/tiny-invariant/-/tiny-invariant-1.3.3.tgz 1929ms (cache miss)
3218 http fetch GET 200 https://registry.npmjs.org/tiny-warning/-/tiny-warning-1.0.3.tgz 1931ms (cache miss)
3219 http fetch GET 200 https://registry.npmjs.org/undici/-/undici-7.27.0.tgz 2011ms (cache miss)
3220 http fetch GET 200 https://registry.npmjs.org/totalist/-/totalist-3.0.1.tgz 2028ms (cache miss)
3221 http fetch GET 200 https://registry.npmjs.org/thunky/-/thunky-1.1.0.tgz 2052ms (cache miss)
3222 http fetch GET 200 https://registry.npmjs.org/thenify/-/thenify-3.3.1.tgz 2064ms (cache miss)
3223 http fetch GET 200 https://registry.npmjs.org/swc-loader/-/swc-loader-0.2.7.tgz 2073ms (cache miss)
3224 http fetch GET 200 https://registry.npmjs.org/thingies/-/thingies-2.6.0.tgz 2090ms (cache miss)
3225 http fetch GET 200 https://registry.npmjs.org/thenify-all/-/thenify-all-1.6.0.tgz 2095ms (cache miss)
3226 http fetch GET 200 https://registry.npmjs.org/terser-webpack-plugin/-/terser-webpack-plugin-5.6.1.tgz 2110ms (cache miss)
3227 http fetch GET 200 https://registry.npmjs.org/supports-color/-/supports-color-7.2.0.tgz 2125ms (cache miss)
3228 http fetch GET 200 https://registry.npmjs.org/svg-parser/-/svg-parser-2.0.4.tgz 2140ms (cache miss)
3229 http fetch GET 200 https://registry.npmjs.org/tapable/-/tapable-2.3.3.tgz 2146ms (cache miss)
3230 http fetch GET 200 https://registry.npmjs.org/supports-preserve-symlinks-flag/-/supports-preserve-symlinks-flag-1.0.0.tgz 2171ms (cache miss)
3231 http fetch GET 200 https://registry.npmjs.org/stylis/-/stylis-4.4.0.tgz 2204ms (cache miss)
3232 http fetch GET 200 https://registry.npmjs.org/strip-json-comments/-/strip-json-comments-3.1.1.tgz 2360ms (cache miss)
3233 http fetch GET 200 https://registry.npmjs.org/style-to-object/-/style-to-object-1.0.14.tgz 2364ms (cache miss)
3234 http fetch GET 200 https://registry.npmjs.org/strip-bom-string/-/strip-bom-string-1.0.0.tgz 2364ms (cache miss)
3235 http fetch GET 200 https://registry.npmjs.org/strip-ansi/-/strip-ansi-6.0.1.tgz 2364ms (cache miss)
3236 http fetch GET 200 https://registry.npmjs.org/stringify-object/-/stringify-object-3.3.0.tgz 2371ms (cache miss)
3237 http fetch GET 200 https://registry.npmjs.org/stylehacks/-/stylehacks-6.1.1.tgz 2372ms (cache miss)
3238 http fetch GET 200 https://registry.npmjs.org/style-to-js/-/style-to-js-1.1.21.tgz 2373ms (cache miss)
3239 http fetch GET 200 https://registry.npmjs.org/strip-final-newline/-/strip-final-newline-2.0.0.tgz 2389ms (cache miss)
3240 http fetch GET 200 https://registry.npmjs.org/string_decoder/-/string_decoder-1.3.0.tgz 2406ms (cache miss)
3241 http fetch GET 200 https://registry.npmjs.org/string-width/-/string-width-5.1.2.tgz 2428ms (cache miss)
3242 http fetch GET 200 https://registry.npmjs.org/stringify-entities/-/stringify-entities-4.0.4.tgz 2477ms (cache miss)
3243 http fetch GET 200 https://registry.npmjs.org/sourcemap-codec/-/sourcemap-codec-1.4.8.tgz 2621ms (cache miss)
3244 warn deprecated sourcemap-codec@1.4.8: Please use @jridgewell/sourcemap-codec instead
3245 http fetch GET 200 https://registry.npmjs.org/srcset/-/srcset-4.0.0.tgz 2625ms (cache miss)
3246 http fetch GET 200 https://registry.npmjs.org/space-separated-tokens/-/space-separated-tokens-2.0.2.tgz 2638ms (cache miss)
3247 http fetch GET 200 https://registry.npmjs.org/sprintf-js/-/sprintf-js-1.0.3.tgz 2647ms (cache miss)
3248 http fetch GET 200 https://registry.npmjs.org/std-env/-/std-env-3.10.0.tgz 2664ms (cache miss)
3249 http fetch GET 200 https://registry.npmjs.org/statuses/-/statuses-2.0.2.tgz 2672ms (cache miss)
3250 http fetch GET 200 https://registry.npmjs.org/spdy/-/spdy-4.0.2.tgz 2674ms (cache miss)
3251 http fetch GET 200 https://registry.npmjs.org/spdy-transport/-/spdy-transport-3.0.0.tgz 2705ms (cache miss)
3252 http fetch GET 200 https://registry.npmjs.org/source-map-js/-/source-map-js-1.2.1.tgz 2772ms (cache miss)
3253 http fetch GET 200 https://registry.npmjs.org/sucrase/-/sucrase-3.35.1.tgz 2776ms (cache miss)
3254 http fetch GET 200 https://registry.npmjs.org/source-map-support/-/source-map-support-0.5.21.tgz 2801ms (cache miss)
3255 http fetch GET 200 https://registry.npmjs.org/snake-case/-/snake-case-3.0.4.tgz 2883ms (cache miss)
3256 http fetch GET 200 https://registry.npmjs.org/skin-tone/-/skin-tone-2.0.0.tgz 2886ms (cache miss)
3257 http fetch GET 200 https://registry.npmjs.org/source-map/-/source-map-0.7.6.tgz 2887ms (cache miss)
3258 http fetch GET 200 https://registry.npmjs.org/slash/-/slash-3.0.0.tgz 2897ms (cache miss)
3259 http fetch GET 200 https://registry.npmjs.org/sockjs/-/sockjs-0.3.24.tgz 2914ms (cache miss)
3260 http fetch GET 200 https://registry.npmjs.org/sisteransi/-/sisteransi-1.0.5.tgz 2936ms (cache miss)
3261 http fetch GET 200 https://registry.npmjs.org/signal-exit/-/signal-exit-3.0.7.tgz 2938ms (cache miss)
3262 http fetch GET 200 https://registry.npmjs.org/sort-css-media-queries/-/sort-css-media-queries-2.2.0.tgz 2951ms (cache miss)
3263 http fetch GET 200 https://registry.npmjs.org/sirv/-/sirv-2.0.4.tgz 2986ms (cache miss)
3264 http fetch GET 200 https://registry.npmjs.org/side-channel-weakmap/-/side-channel-weakmap-1.0.2.tgz 2994ms (cache miss)
3265 http fetch GET 200 https://registry.npmjs.org/sitemap/-/sitemap-7.1.3.tgz 3011ms (cache miss)
3266 http fetch GET 200 https://registry.npmjs.org/svgo/-/svgo-3.3.3.tgz 3016ms (cache miss)
3267 http fetch GET 200 https://registry.npmjs.org/side-channel-list/-/side-channel-list-1.0.1.tgz 3031ms (cache miss)
3268 http fetch GET 200 https://registry.npmjs.org/shebang-command/-/shebang-command-2.0.0.tgz 3062ms (cache miss)
3269 http fetch GET 200 https://registry.npmjs.org/terser/-/terser-5.48.0.tgz 3065ms (cache miss)
3270 http fetch GET 200 https://registry.npmjs.org/shebang-regex/-/shebang-regex-3.0.0.tgz 3067ms (cache miss)
3271 http fetch GET 200 https://registry.npmjs.org/side-channel/-/side-channel-1.1.0.tgz 3078ms (cache miss)
3272 http fetch GET 200 https://registry.npmjs.org/side-channel-map/-/side-channel-map-1.0.1.tgz 3093ms (cache miss)
3273 http fetch GET 200 https://registry.npmjs.org/shell-quote/-/shell-quote-1.8.4.tgz 3121ms (cache miss)
3274 http fetch GET 200 https://registry.npmjs.org/shallowequal/-/shallowequal-1.1.0.tgz 3125ms (cache miss)
3275 http fetch GET 200 https://registry.npmjs.org/shallow-clone/-/shallow-clone-3.0.1.tgz 3136ms (cache miss)
3276 http fetch GET 200 https://registry.npmjs.org/serve-static/-/serve-static-1.16.3.tgz 3155ms (cache miss)
3277 http fetch GET 200 https://registry.npmjs.org/set-function-length/-/set-function-length-1.2.2.tgz 3169ms (cache miss)
3278 http fetch GET 200 https://registry.npmjs.org/setprototypeof/-/setprototypeof-1.2.0.tgz 3169ms (cache miss)
3279 http fetch GET 200 https://registry.npmjs.org/semver-diff/-/semver-diff-4.0.0.tgz 3217ms (cache miss)
3280 http fetch GET 200 https://registry.npmjs.org/serve-handler/-/serve-handler-6.1.7.tgz 3226ms (cache miss)
3281 http fetch GET 200 https://registry.npmjs.org/send/-/send-0.19.2.tgz 3260ms (cache miss)
3282 http fetch GET 200 https://registry.npmjs.org/select-hose/-/select-hose-2.0.0.tgz 3282ms (cache miss)
3283 http fetch GET 200 https://registry.npmjs.org/serve-index/-/serve-index-1.9.2.tgz 3290ms (cache miss)
3284 http fetch GET 200 https://registry.npmjs.org/semver/-/semver-7.8.1.tgz 3301ms (cache miss)
3285 http fetch GET 200 https://registry.npmjs.org/selfsigned/-/selfsigned-5.5.0.tgz 3308ms (cache miss)
3286 http fetch GET 200 https://registry.npmjs.org/section-matter/-/section-matter-1.0.0.tgz 3315ms (cache miss)
3287 http fetch GET 200 https://registry.npmjs.org/serialize-javascript/-/serialize-javascript-6.0.2.tgz 3325ms (cache miss)
3288 http fetch GET 200 https://registry.npmjs.org/run-parallel/-/run-parallel-1.2.0.tgz 3408ms (cache miss)
3289 http fetch GET 200 https://registry.npmjs.org/safer-buffer/-/safer-buffer-2.1.2.tgz 3408ms (cache miss)
3290 http fetch GET 200 https://registry.npmjs.org/sax/-/sax-1.6.0.tgz 3409ms (cache miss)
3291 http fetch GET 200 https://registry.npmjs.org/schema-utils/-/schema-utils-4.3.3.tgz 3420ms (cache miss)
3292 http fetch GET 200 https://registry.npmjs.org/rw/-/rw-1.3.3.tgz 3421ms (cache miss)
3293 http fetch GET 200 https://registry.npmjs.org/search-insights/-/search-insights-2.17.3.tgz 3423ms (cache miss)
3294 http fetch GET 200 https://registry.npmjs.org/run-applescript/-/run-applescript-7.1.0.tgz 3440ms (cache miss)
3295 http fetch GET 200 https://registry.npmjs.org/safe-buffer/-/safe-buffer-5.2.1.tgz 3500ms (cache miss)
3296 http fetch GET 200 https://registry.npmjs.org/rtlcss/-/rtlcss-4.3.0.tgz 3532ms (cache miss)
3297 http fetch GET 200 https://registry.npmjs.org/scheduler/-/scheduler-0.27.0.tgz 3543ms (cache miss)
3298 http fetch GET 200 https://registry.npmjs.org/reusify/-/reusify-1.1.0.tgz 3546ms (cache miss)
3299 http fetch GET 200 https://registry.npmjs.org/roughjs/-/roughjs-4.6.6.tgz 3547ms (cache miss)
3300 http fetch GET 200 https://registry.npmjs.org/responselike/-/responselike-3.0.0.tgz 3608ms (cache miss)
3301 http fetch GET 200 https://registry.npmjs.org/robust-predicates/-/robust-predicates-3.0.3.tgz 3629ms (cache miss)
3302 http fetch GET 200 https://registry.npmjs.org/resolve-from/-/resolve-from-4.0.0.tgz 3641ms (cache miss)
3303 http fetch GET 200 https://registry.npmjs.org/resolve-alpn/-/resolve-alpn-1.2.1.tgz 3656ms (cache miss)
3304 http fetch GET 200 https://registry.npmjs.org/require-from-string/-/require-from-string-2.0.2.tgz 3658ms (cache miss)
3305 http fetch GET 200 https://registry.npmjs.org/retry/-/retry-0.13.1.tgz 3660ms (cache miss)
3306 http fetch GET 200 https://registry.npmjs.org/resolve-pathname/-/resolve-pathname-3.0.0.tgz 3673ms (cache miss)
3307 http fetch GET 200 https://registry.npmjs.org/resolve/-/resolve-1.22.12.tgz 3688ms (cache miss)
3308 http fetch GET 200 https://registry.npmjs.org/requires-port/-/requires-port-1.0.0.tgz 3705ms (cache miss)
3309 http fetch GET 200 https://registry.npmjs.org/require-like/-/require-like-0.1.2.tgz 3724ms (cache miss)
3310 http fetch GET 200 https://registry.npmjs.org/remark-stringify/-/remark-stringify-11.0.0.tgz 3735ms (cache miss)
3311 http fetch GET 200 https://registry.npmjs.org/remark-mdx/-/remark-mdx-3.1.1.tgz 3755ms (cache miss)
3312 http fetch GET 200 https://registry.npmjs.org/schema-dts/-/schema-dts-1.1.5.tgz 3764ms (cache miss)
3313 http fetch GET 200 https://registry.npmjs.org/renderkid/-/renderkid-3.0.0.tgz 3782ms (cache miss)
3314 http fetch GET 200 https://registry.npmjs.org/remark-parse/-/remark-parse-11.0.0.tgz 3795ms (cache miss)
3315 http fetch GET 200 https://registry.npmjs.org/remark-directive/-/remark-directive-3.0.1.tgz 3812ms (cache miss)
3316 http fetch GET 200 https://registry.npmjs.org/remark-frontmatter/-/remark-frontmatter-5.0.0.tgz 3841ms (cache miss)
3317 http fetch GET 200 https://registry.npmjs.org/remark-emoji/-/remark-emoji-4.0.1.tgz 3930ms (cache miss)
3318 http fetch GET 200 https://registry.npmjs.org/remark-gfm/-/remark-gfm-4.0.1.tgz 3931ms (cache miss)
3319 http fetch GET 200 https://registry.npmjs.org/remark-definition-list/-/remark-definition-list-2.0.0.tgz 3931ms (cache miss)
3320 http fetch GET 200 https://registry.npmjs.org/rehype-raw/-/rehype-raw-7.0.0.tgz 3931ms (cache miss)
3321 http fetch GET 200 https://registry.npmjs.org/remark-rehype/-/remark-rehype-11.1.2.tgz 3931ms (cache miss)
3322 http fetch GET 200 https://registry.npmjs.org/rehype-recma/-/rehype-recma-1.0.0.tgz 3932ms (cache miss)
3323 http fetch GET 200 https://registry.npmjs.org/relateurl/-/relateurl-0.2.7.tgz 3933ms (cache miss)
3324 http fetch GET 200 https://registry.npmjs.org/regjsparser/-/regjsparser-0.13.1.tgz 3934ms (cache miss)
3325 http fetch GET 200 https://registry.npmjs.org/registry-url/-/registry-url-6.0.1.tgz 3944ms (cache miss)
3326 http fetch GET 200 https://registry.npmjs.org/regjsgen/-/regjsgen-0.8.0.tgz 3950ms (cache miss)
3327 http fetch GET 200 https://registry.npmjs.org/rehype-minify-whitespace/-/rehype-minify-whitespace-6.0.2.tgz 3964ms (cache miss)
3328 http fetch GET 200 https://registry.npmjs.org/regexpu-core/-/regexpu-core-6.4.0.tgz 4007ms (cache miss)
3329 http fetch GET 200 https://registry.npmjs.org/registry-auth-token/-/registry-auth-token-5.1.1.tgz 4010ms (cache miss)
3330 http fetch GET 200 https://registry.npmjs.org/regenerate/-/regenerate-1.4.2.tgz 4037ms (cache miss)
3331 http fetch GET 200 https://registry.npmjs.org/recma-jsx/-/recma-jsx-1.0.1.tgz 4101ms (cache miss)
3332 http fetch GET 200 https://registry.npmjs.org/recma-build-jsx/-/recma-build-jsx-1.0.0.tgz 4121ms (cache miss)
3333 http fetch GET 200 https://registry.npmjs.org/recma-parse/-/recma-parse-1.0.0.tgz 4138ms (cache miss)
3334 http fetch GET 200 https://registry.npmjs.org/recma-stringify/-/recma-stringify-1.0.0.tgz 4141ms (cache miss)
3335 http fetch GET 200 https://registry.npmjs.org/react-router-config/-/react-router-config-5.1.1.tgz 4180ms (cache miss)
3336 http fetch GET 200 https://registry.npmjs.org/reflect-metadata/-/reflect-metadata-0.2.2.tgz 4182ms (cache miss)
3337 http fetch GET 200 https://registry.npmjs.org/readable-stream/-/readable-stream-3.6.2.tgz 4183ms (cache miss)
3338 http fetch GET 200 https://registry.npmjs.org/readdirp/-/readdirp-3.6.0.tgz 4237ms (cache miss)
3339 http fetch GET 200 https://registry.npmjs.org/@docusaurus/react-loadable/-/react-loadable-6.0.0.tgz 4305ms (cache miss)
3340 http fetch GET 200 https://registry.npmjs.org/react-live/-/react-live-4.1.8.tgz 4317ms (cache miss)
3341 http fetch GET 200 https://registry.npmjs.org/react-loadable-ssr-addon-v5-slorber/-/react-loadable-ssr-addon-v5-slorber-1.0.3.tgz 4331ms (cache miss)
3342 http fetch GET 200 https://registry.npmjs.org/react-is/-/react-is-16.13.1.tgz 4449ms (cache miss)
3343 http fetch GET 200 https://registry.npmjs.org/react-fast-compare/-/react-fast-compare-3.2.2.tgz 4454ms (cache miss)
3344 http fetch GET 200 https://registry.npmjs.org/react-json-view-lite/-/react-json-view-lite-2.5.0.tgz 4455ms (cache miss)
3345 http fetch GET 200 https://registry.npmjs.org/regenerate-unicode-properties/-/regenerate-unicode-properties-10.2.2.tgz 4462ms (cache miss)
3346 http fetch GET 200 https://registry.npmjs.org/rc/-/rc-1.2.8.tgz 4485ms (cache miss)
3347 http fetch GET 200 https://registry.npmjs.org/raw-body/-/raw-body-2.5.3.tgz 4497ms (cache miss)
3348 http fetch GET 200 https://registry.npmjs.org/react/-/react-19.2.6.tgz 4541ms (cache miss)
3349 http fetch GET 200 https://registry.npmjs.org/randombytes/-/randombytes-2.1.0.tgz 4556ms (cache miss)
3350 http fetch GET 200 https://registry.npmjs.org/quick-lru/-/quick-lru-5.1.1.tgz 4573ms (cache miss)
3351 http fetch GET 200 https://registry.npmjs.org/react-router-dom/-/react-router-dom-5.3.4.tgz 4619ms (cache miss)
3352 http fetch GET 200 https://registry.npmjs.org/queue-microtask/-/queue-microtask-1.2.3.tgz 4621ms (cache miss)
3353 http fetch GET 200 https://registry.npmjs.org/range-parser/-/range-parser-1.2.0.tgz 4668ms (cache miss)
3354 http fetch GET 200 https://registry.npmjs.org/react-router/-/react-router-5.3.4.tgz 4672ms (cache miss)
3355 http fetch GET 200 https://registry.npmjs.org/pvtsutils/-/pvtsutils-1.3.6.tgz 4678ms (cache miss)
3356 http fetch GET 200 https://registry.npmjs.org/pvutils/-/pvutils-1.1.5.tgz 4684ms (cache miss)
3357 http fetch GET 200 https://registry.npmjs.org/@slorber/react-helmet-async/-/react-helmet-async-1.3.0.tgz 4686ms (cache miss)
3358 http fetch GET 200 https://registry.npmjs.org/proto-list/-/proto-list-1.2.4.tgz 4711ms (cache miss)
3359 http fetch GET 200 https://registry.npmjs.org/pupa/-/pupa-3.3.0.tgz 4722ms (cache miss)
3360 http fetch GET 200 https://registry.npmjs.org/proxy-addr/-/proxy-addr-2.0.7.tgz 4787ms (cache miss)
3361 http fetch GET 200 https://registry.npmjs.org/punycode/-/punycode-2.3.1.tgz 4797ms (cache miss)
3362 http fetch GET 200 https://registry.npmjs.org/qs/-/qs-6.15.2.tgz 4829ms (cache miss)
3363 http fetch GET 200 https://registry.npmjs.org/property-information/-/property-information-7.1.0.tgz 4838ms (cache miss)
3364 http fetch GET 200 https://registry.npmjs.org/process-nextick-args/-/process-nextick-args-2.0.1.tgz 4897ms (cache miss)
3365 http fetch GET 200 https://registry.npmjs.org/prop-types/-/prop-types-15.8.1.tgz 4973ms (cache miss)
3366 http fetch GET 200 https://registry.npmjs.org/prompts/-/prompts-2.4.2.tgz 4973ms (cache miss)
3367 http fetch GET 200 https://registry.npmjs.org/postcss-zindex/-/postcss-zindex-6.0.2.tgz 4975ms (cache miss)
3368 http fetch GET 200 https://registry.npmjs.org/pretty-time/-/pretty-time-1.1.0.tgz 4975ms (cache miss)
3369 http fetch GET 200 https://registry.npmjs.org/postcss-value-parser/-/postcss-value-parser-4.2.0.tgz 4978ms (cache miss)
3370 http fetch GET 200 https://registry.npmjs.org/pretty-error/-/pretty-error-4.0.0.tgz 4979ms (cache miss)
3371 http fetch GET 200 https://registry.npmjs.org/postcss-svgo/-/postcss-svgo-6.0.3.tgz 5041ms (cache miss)
3372 http fetch GET 200 https://registry.npmjs.org/postcss-unique-selectors/-/postcss-unique-selectors-6.0.4.tgz 5044ms (cache miss)
3373 http fetch GET 200 https://registry.npmjs.org/postcss-selector-not/-/postcss-selector-not-8.0.1.tgz 5055ms (cache miss)
3374 http fetch GET 200 https://registry.npmjs.org/postcss-sort-media-queries/-/postcss-sort-media-queries-5.2.0.tgz 5065ms (cache miss)
3375 http fetch GET 200 https://registry.npmjs.org/postcss-replace-overflow-wrap/-/postcss-replace-overflow-wrap-4.0.0.tgz 5199ms (cache miss)
3376 http fetch GET 200 https://registry.npmjs.org/postcss-reduce-transforms/-/postcss-reduce-transforms-6.0.2.tgz 5198ms (cache miss)
3377 http fetch GET 200 https://registry.npmjs.org/postcss-pseudo-class-any-link/-/postcss-pseudo-class-any-link-10.0.1.tgz 5207ms (cache miss)
3378 http fetch GET 200 https://registry.npmjs.org/postcss-reduce-initial/-/postcss-reduce-initial-6.1.0.tgz 5228ms (cache miss)
3379 http fetch GET 200 https://registry.npmjs.org/postcss-reduce-idents/-/postcss-reduce-idents-6.0.3.tgz 5228ms (cache miss)
3380 http fetch GET 200 https://registry.npmjs.org/postcss-preset-env/-/postcss-preset-env-10.6.1.tgz 5266ms (cache miss)
3381 http fetch GET 200 https://registry.npmjs.org/postcss-page-break/-/postcss-page-break-3.0.4.tgz 5308ms (cache miss)
3382 http fetch GET 200 https://registry.npmjs.org/postcss-opacity-percentage/-/postcss-opacity-percentage-3.0.0.tgz 5319ms (cache miss)
3383 http fetch GET 200 https://registry.npmjs.org/prism-react-renderer/-/prism-react-renderer-2.4.1.tgz 5327ms (cache miss)
3384 http fetch GET 200 https://registry.npmjs.org/postcss-overflow-shorthand/-/postcss-overflow-shorthand-6.0.0.tgz 5327ms (cache miss)
3385 http fetch GET 200 https://registry.npmjs.org/postcss-place/-/postcss-place-10.0.0.tgz 5338ms (cache miss)
3386 http fetch GET 200 https://registry.npmjs.org/postcss-selector-parser/-/postcss-selector-parser-6.1.2.tgz 5349ms (cache miss)
3387 http fetch GET 200 https://registry.npmjs.org/postcss-normalize-whitespace/-/postcss-normalize-whitespace-6.0.2.tgz 5399ms (cache miss)
3388 http fetch GET 200 https://registry.npmjs.org/postcss-normalize-url/-/postcss-normalize-url-6.0.2.tgz 5421ms (cache miss)
3389 http fetch GET 200 https://registry.npmjs.org/postcss-normalize-unicode/-/postcss-normalize-unicode-6.1.0.tgz 5498ms (cache miss)
3390 http fetch GET 200 https://registry.npmjs.org/postcss-normalize-string/-/postcss-normalize-string-6.0.2.tgz 5499ms (cache miss)
3391 http fetch GET 200 https://registry.npmjs.org/postcss-ordered-values/-/postcss-ordered-values-6.0.2.tgz 5499ms (cache miss)
3392 http fetch GET 200 https://registry.npmjs.org/postcss-normalize-timing-functions/-/postcss-normalize-timing-functions-6.0.2.tgz 5500ms (cache miss)
3393 http fetch GET 200 https://registry.npmjs.org/postcss-normalize-positions/-/postcss-normalize-positions-6.0.2.tgz 5527ms (cache miss)
3394 http fetch GET 200 https://registry.npmjs.org/postcss-normalize-repeat-style/-/postcss-normalize-repeat-style-6.0.2.tgz 5527ms (cache miss)
3395 http fetch GET 200 https://registry.npmjs.org/postcss-modules-scope/-/postcss-modules-scope-3.2.1.tgz 5544ms (cache miss)
3396 http fetch GET 200 https://registry.npmjs.org/postcss-normalize-display-values/-/postcss-normalize-display-values-6.0.2.tgz 5548ms (cache miss)
3397 http fetch GET 200 https://registry.npmjs.org/postcss-nesting/-/postcss-nesting-13.0.2.tgz 5569ms (cache miss)
3398 http fetch GET 200 https://registry.npmjs.org/postcss-normalize-charset/-/postcss-normalize-charset-6.0.2.tgz 5588ms (cache miss)
3399 http fetch GET 200 https://registry.npmjs.org/postcss-modules-values/-/postcss-modules-values-4.0.0.tgz 5606ms (cache miss)
3400 http fetch GET 200 https://registry.npmjs.org/postcss-modules-extract-imports/-/postcss-modules-extract-imports-3.1.0.tgz 5683ms (cache miss)
3401 http fetch GET 200 https://registry.npmjs.org/postcss-modules-local-by-default/-/postcss-modules-local-by-default-4.2.0.tgz 5700ms (cache miss)
3402 http fetch GET 200 https://registry.npmjs.org/postcss-minify-selectors/-/postcss-minify-selectors-6.0.4.tgz 5707ms (cache miss)
3403 http fetch GET 200 https://registry.npmjs.org/postcss-minify-gradients/-/postcss-minify-gradients-6.0.3.tgz 5710ms (cache miss)
3404 http fetch GET 200 https://registry.npmjs.org/postcss-minify-font-values/-/postcss-minify-font-values-6.1.0.tgz 5744ms (cache miss)
3405 http fetch GET 200 https://registry.npmjs.org/postcss-minify-params/-/postcss-minify-params-6.1.0.tgz 5752ms (cache miss)
3406 http fetch GET 200 https://registry.npmjs.org/postcss-merge-idents/-/postcss-merge-idents-6.0.3.tgz 5763ms (cache miss)
3407 http fetch GET 200 https://registry.npmjs.org/postcss-merge-longhand/-/postcss-merge-longhand-6.0.5.tgz 5790ms (cache miss)
3408 http fetch GET 200 https://registry.npmjs.org/postcss-merge-rules/-/postcss-merge-rules-6.1.1.tgz 5795ms (cache miss)
3409 http fetch GET 200 https://registry.npmjs.org/postcss-logical/-/postcss-logical-8.1.0.tgz 5801ms (cache miss)
3410 http fetch GET 200 https://registry.npmjs.org/postcss-loader/-/postcss-loader-7.3.4.tgz 5817ms (cache miss)
3411 http fetch GET 200 https://registry.npmjs.org/postcss-lab-function/-/postcss-lab-function-7.0.12.tgz 5850ms (cache miss)
3412 http fetch GET 200 https://registry.npmjs.org/postcss-image-set-function/-/postcss-image-set-function-7.0.0.tgz 5899ms (cache miss)
3413 http fetch GET 200 https://registry.npmjs.org/postcss-gap-properties/-/postcss-gap-properties-6.0.0.tgz 5908ms (cache miss)
3414 http fetch GET 200 https://registry.npmjs.org/postcss-focus-within/-/postcss-focus-within-9.0.1.tgz 5925ms (cache miss)
3415 http fetch GET 200 https://registry.npmjs.org/postcss-font-variant/-/postcss-font-variant-5.0.0.tgz 5930ms (cache miss)
3416 http fetch GET 200 https://registry.npmjs.org/postcss-focus-visible/-/postcss-focus-visible-10.0.1.tgz 6016ms (cache miss)
3417 http fetch GET 200 https://registry.npmjs.org/postcss-double-position-gradients/-/postcss-double-position-gradients-6.0.4.tgz 6018ms (cache miss)
3418 http fetch GET 200 https://registry.npmjs.org/postcss-discard-empty/-/postcss-discard-empty-6.0.3.tgz 6018ms (cache miss)
3419 http fetch GET 200 https://registry.npmjs.org/prismjs/-/prismjs-1.30.0.tgz 6021ms (cache miss)
3420 http fetch GET 200 https://registry.npmjs.org/postcss-discard-duplicates/-/postcss-discard-duplicates-6.0.3.tgz 6026ms (cache miss)
3421 http fetch GET 200 https://registry.npmjs.org/postcss-discard-overridden/-/postcss-discard-overridden-6.0.2.tgz 6027ms (cache miss)
3422 http fetch GET 200 https://registry.npmjs.org/postcss-discard-unused/-/postcss-discard-unused-6.0.5.tgz 6027ms (cache miss)
3423 http fetch GET 200 https://registry.npmjs.org/postcss-discard-comments/-/postcss-discard-comments-6.0.2.tgz 6027ms (cache miss)
3424 http fetch GET 200 https://registry.npmjs.org/postcss-dir-pseudo-class/-/postcss-dir-pseudo-class-9.0.1.tgz 6045ms (cache miss)
3425 http fetch GET 200 https://registry.npmjs.org/postcss-custom-selectors/-/postcss-custom-selectors-8.0.5.tgz 6081ms (cache miss)
3426 http fetch GET 200 https://registry.npmjs.org/postcss-custom-media/-/postcss-custom-media-11.0.6.tgz 6087ms (cache miss)
3427 http fetch GET 200 https://registry.npmjs.org/postcss-colormin/-/postcss-colormin-6.1.0.tgz 6117ms (cache miss)
3428 http fetch GET 200 https://registry.npmjs.org/postcss-convert-values/-/postcss-convert-values-6.1.0.tgz 6117ms (cache miss)
3429 http fetch GET 200 https://registry.npmjs.org/postcss-color-rebeccapurple/-/postcss-color-rebeccapurple-10.0.0.tgz 6212ms (cache miss)
3430 http fetch GET 200 https://registry.npmjs.org/postcss-color-functional-notation/-/postcss-color-functional-notation-7.0.12.tgz 6215ms (cache miss)
3431 http fetch GET 200 https://registry.npmjs.org/postcss-custom-properties/-/postcss-custom-properties-14.0.6.tgz 6215ms (cache miss)
3432 http fetch GET 200 https://registry.npmjs.org/postcss-clamp/-/postcss-clamp-4.1.0.tgz 6241ms (cache miss)
3433 http fetch GET 200 https://registry.npmjs.org/postcss-color-hex-alpha/-/postcss-color-hex-alpha-10.0.0.tgz 6248ms (cache miss)
3434 http fetch GET 200 https://registry.npmjs.org/pkg-dir/-/pkg-dir-7.0.0.tgz 6296ms (cache miss)
3435 http fetch GET 200 https://registry.npmjs.org/postcss-calc/-/postcss-calc-9.0.1.tgz 6316ms (cache miss)
3436 http fetch GET 200 https://registry.npmjs.org/postcss-attribute-case-insensitive/-/postcss-attribute-case-insensitive-7.0.1.tgz 6334ms (cache miss)
3437 http fetch GET 200 https://registry.npmjs.org/pirates/-/pirates-4.0.7.tgz 6343ms (cache miss)
3438 http fetch GET 200 https://registry.npmjs.org/points-on-path/-/points-on-path-0.2.1.tgz 6343ms (cache miss)
3439 http fetch GET 200 https://registry.npmjs.org/postcss/-/postcss-8.5.15.tgz 6375ms (cache miss)
3440 http fetch GET 200 https://registry.npmjs.org/picomatch/-/picomatch-2.3.2.tgz 6384ms (cache miss)
3441 http fetch GET 200 https://registry.npmjs.org/path-type/-/path-type-4.0.0.tgz 6422ms (cache miss)
3442 http fetch GET 200 https://registry.npmjs.org/path-to-regexp/-/path-to-regexp-1.9.0.tgz 6429ms (cache miss)
3443 http fetch GET 200 https://registry.npmjs.org/picocolors/-/picocolors-1.1.1.tgz 6429ms (cache miss)
3444 http fetch GET 200 https://registry.npmjs.org/path-key/-/path-key-3.1.1.tgz 6453ms (cache miss)
3445 http fetch GET 200 https://registry.npmjs.org/points-on-curve/-/points-on-curve-0.2.0.tgz 6540ms (cache miss)
3446 http fetch GET 200 https://registry.npmjs.org/path-exists/-/path-exists-5.0.0.tgz 6543ms (cache miss)
3447 http fetch GET 200 https://registry.npmjs.org/path-parse/-/path-parse-1.0.7.tgz 6549ms (cache miss)
3448 http fetch GET 200 https://registry.npmjs.org/pascal-case/-/pascal-case-3.1.2.tgz 6554ms (cache miss)
3449 http fetch GET 200 https://registry.npmjs.org/path-data-parser/-/path-data-parser-0.1.0.tgz 6554ms (cache miss)
3450 http fetch GET 200 https://registry.npmjs.org/parseurl/-/parseurl-1.3.3.tgz 6579ms (cache miss)
3451 http fetch GET 200 https://registry.npmjs.org/parse5-htmlparser2-tree-adapter/-/parse5-htmlparser2-tree-adapter-7.1.0.tgz 6589ms (cache miss)
3452 http fetch GET 200 https://registry.npmjs.org/parse-numeric-range/-/parse-numeric-range-1.3.0.tgz 6643ms (cache miss)
3453 http fetch GET 200 https://registry.npmjs.org/path-is-inside/-/path-is-inside-1.0.2.tgz 6667ms (cache miss)
3454 http fetch GET 200 https://registry.npmjs.org/parse5-parser-stream/-/parse5-parser-stream-7.1.2.tgz 6671ms (cache miss)
3455 http fetch GET 200 https://registry.npmjs.org/parse-json/-/parse-json-5.2.0.tgz 6676ms (cache miss)
3456 http fetch GET 200 https://registry.npmjs.org/pkijs/-/pkijs-3.4.0.tgz 6740ms (cache miss)
3457 http fetch GET 200 https://registry.npmjs.org/param-case/-/param-case-3.0.4.tgz 6756ms (cache miss)
3458 http fetch GET 200 https://registry.npmjs.org/parent-module/-/parent-module-1.0.1.tgz 6772ms (cache miss)
3459 http fetch GET 200 https://registry.npmjs.org/parse5/-/parse5-7.3.0.tgz 6780ms (cache miss)
3460 http fetch GET 200 https://registry.npmjs.org/package-manager-detector/-/package-manager-detector-1.6.0.tgz 6780ms (cache miss)
3461 http fetch GET 200 https://registry.npmjs.org/package-json/-/package-json-8.1.1.tgz 6780ms (cache miss)
3462 http fetch GET 200 https://registry.npmjs.org/p-timeout/-/p-timeout-3.2.0.tgz 6781ms (cache miss)
3463 http fetch GET 200 https://registry.npmjs.org/p-retry/-/p-retry-6.2.1.tgz 6788ms (cache miss)
3464 http fetch GET 200 https://registry.npmjs.org/p-queue/-/p-queue-6.6.2.tgz 6815ms (cache miss)
3465 http fetch GET 200 https://registry.npmjs.org/parse-entities/-/parse-entities-4.0.2.tgz 6843ms (cache miss)
3466 http fetch GET 200 https://registry.npmjs.org/os-homedir/-/os-homedir-1.0.2.tgz 6859ms (cache miss)
3467 http fetch GET 200 https://registry.npmjs.org/p-limit/-/p-limit-4.0.0.tgz 6864ms (cache miss)
3468 http fetch GET 200 https://registry.npmjs.org/react-dom/-/react-dom-19.2.6.tgz 6880ms (cache miss)
3469 http fetch GET 200 https://registry.npmjs.org/p-locate/-/p-locate-6.0.0.tgz 6887ms (cache miss)
3470 http fetch GET 200 https://registry.npmjs.org/p-finally/-/p-finally-1.0.0.tgz 6915ms (cache miss)
3471 http fetch GET 200 https://registry.npmjs.org/opener/-/opener-1.5.2.tgz 6928ms (cache miss)
3472 http fetch GET 200 https://registry.npmjs.org/p-map/-/p-map-4.0.0.tgz 6953ms (cache miss)
3473 http fetch GET 200 https://registry.npmjs.org/open/-/open-8.4.2.tgz 6964ms (cache miss)
3474 http fetch GET 200 https://registry.npmjs.org/onetime/-/onetime-5.1.2.tgz 6964ms (cache miss)
3475 http fetch GET 200 https://registry.npmjs.org/on-headers/-/on-headers-1.1.0.tgz 6967ms (cache miss)
3476 http fetch GET 200 https://registry.npmjs.org/on-finished/-/on-finished-2.4.1.tgz 6973ms (cache miss)
3477 http fetch GET 200 https://registry.npmjs.org/p-cancelable/-/p-cancelable-3.0.0.tgz 6979ms (cache miss)
3478 http fetch GET 200 https://registry.npmjs.org/obuf/-/obuf-1.1.2.tgz 7060ms (cache miss)
3479 http fetch GET 200 https://registry.npmjs.org/object.assign/-/object.assign-4.1.7.tgz 7069ms (cache miss)
3480 http fetch GET 200 https://registry.npmjs.org/object-keys/-/object-keys-1.1.1.tgz 7071ms (cache miss)
3481 http fetch GET 200 https://registry.npmjs.org/null-loader/-/null-loader-4.0.1.tgz 7072ms (cache miss)
3482 http fetch GET 200 https://registry.npmjs.org/object-assign/-/object-assign-4.1.1.tgz 7086ms (cache miss)
3483 http fetch GET 200 https://registry.npmjs.org/object-inspect/-/object-inspect-1.13.4.tgz 7088ms (cache miss)
3484 http fetch GET 200 https://registry.npmjs.org/normalize-path/-/normalize-path-3.0.0.tgz 7104ms (cache miss)
3485 http fetch GET 200 https://registry.npmjs.org/normalize-url/-/normalize-url-8.1.1.tgz 7156ms (cache miss)
3486 http fetch GET 200 https://registry.npmjs.org/npm-run-path/-/npm-run-path-4.0.1.tgz 7156ms (cache miss)
3487 http fetch GET 200 https://registry.npmjs.org/nth-check/-/nth-check-2.1.1.tgz 7159ms (cache miss)
3488 http fetch GET 200 https://registry.npmjs.org/no-case/-/no-case-3.0.4.tgz 7173ms (cache miss)
3489 http fetch GET 200 https://registry.npmjs.org/node-releases/-/node-releases-2.0.46.tgz 7173ms (cache miss)
3490 http fetch GET 200 https://registry.npmjs.org/nprogress/-/nprogress-0.2.0.tgz 7174ms (cache miss)
3491 http fetch GET 200 https://registry.npmjs.org/node-emoji/-/node-emoji-2.2.0.tgz 7182ms (cache miss)
3492 http fetch GET 200 https://registry.npmjs.org/mz/-/mz-2.7.0.tgz 7239ms (cache miss)
3493 http fetch GET 200 https://registry.npmjs.org/multicast-dns/-/multicast-dns-7.2.5.tgz 7255ms (cache miss)
3494 http fetch GET 200 https://registry.npmjs.org/negotiator/-/negotiator-0.6.4.tgz 7258ms (cache miss)
3495 http fetch GET 200 https://registry.npmjs.org/mrmime/-/mrmime-2.0.1.tgz 7273ms (cache miss)
3496 http fetch GET 200 https://registry.npmjs.org/ms/-/ms-2.1.3.tgz 7285ms (cache miss)
3497 http fetch GET 200 https://registry.npmjs.org/minimist/-/minimist-1.2.8.tgz 7294ms (cache miss)
3498 http fetch GET 200 https://registry.npmjs.org/nanoid/-/nanoid-3.3.12.tgz 7294ms (cache miss)
3499 http fetch GET 200 https://registry.npmjs.org/minimatch/-/minimatch-3.1.5.tgz 7323ms (cache miss)
3500 http fetch GET 200 https://registry.npmjs.org/minimalistic-assert/-/minimalistic-assert-1.0.1.tgz 7383ms (cache miss)
3501 http fetch GET 200 https://registry.npmjs.org/neo-async/-/neo-async-2.6.2.tgz 7389ms (cache miss)
3502 http fetch GET 200 https://registry.npmjs.org/mimic-fn/-/mimic-fn-2.1.0.tgz 7401ms (cache miss)
3503 http fetch GET 200 https://registry.npmjs.org/mimic-response/-/mimic-response-4.0.0.tgz 7401ms (cache miss)
3504 http fetch GET 200 https://registry.npmjs.org/typescript/-/typescript-6.0.3.tgz 7419ms (cache miss)
3505 http fetch GET 200 https://registry.npmjs.org/mini-css-extract-plugin/-/mini-css-extract-plugin-2.10.2.tgz 7402ms (cache miss)
3506 http fetch GET 200 https://registry.npmjs.org/mime-db/-/mime-db-1.33.0.tgz 7414ms (cache miss)
3507 http fetch GET 200 https://registry.npmjs.org/mime-types/-/mime-types-2.1.18.tgz 7414ms (cache miss)
3508 http fetch GET 200 https://registry.npmjs.org/mime/-/mime-1.6.0.tgz 7426ms (cache miss)
3509 http fetch GET 200 https://registry.npmjs.org/micromatch/-/micromatch-4.0.8.tgz 7440ms (cache miss)
3510 http fetch GET 200 https://registry.npmjs.org/micromark-util-symbol/-/micromark-util-symbol-1.1.0.tgz 7445ms (cache miss)
3511 http fetch GET 200 https://registry.npmjs.org/micromark-util-types/-/micromark-util-types-2.0.2.tgz 7450ms (cache miss)
3512 http fetch GET 200 https://registry.npmjs.org/micromark-util-resolve-all/-/micromark-util-resolve-all-2.0.1.tgz 7470ms (cache miss)
3513 http fetch GET 200 https://registry.npmjs.org/micromark-util-sanitize-uri/-/micromark-util-sanitize-uri-2.0.1.tgz 7471ms (cache miss)
3514 http fetch GET 200 https://registry.npmjs.org/micromark-util-normalize-identifier/-/micromark-util-normalize-identifier-2.0.1.tgz 7479ms (cache miss)
3515 http fetch GET 200 https://registry.npmjs.org/micromark-util-combine-extensions/-/micromark-util-combine-extensions-2.0.1.tgz 7597ms (cache miss)
3516 http fetch GET 200 https://registry.npmjs.org/micromark-util-classify-character/-/micromark-util-classify-character-2.0.1.tgz 7597ms (cache miss)
3517 http fetch GET 200 https://registry.npmjs.org/micromark-util-chunked/-/micromark-util-chunked-2.0.1.tgz 7597ms (cache miss)
3518 http fetch GET 200 https://registry.npmjs.org/micromark-util-character/-/micromark-util-character-1.2.0.tgz 7597ms (cache miss)
3519 http fetch GET 200 https://registry.npmjs.org/micromark-util-encode/-/micromark-util-encode-2.0.1.tgz 7597ms (cache miss)
3520 http fetch GET 200 https://registry.npmjs.org/micromark-factory-whitespace/-/micromark-factory-whitespace-2.0.1.tgz 7597ms (cache miss)
3521 http fetch GET 200 https://registry.npmjs.org/micromark-util-html-tag-name/-/micromark-util-html-tag-name-2.0.1.tgz 7598ms (cache miss)
3522 http fetch GET 200 https://registry.npmjs.org/micromark-util-subtokenize/-/micromark-util-subtokenize-2.1.0.tgz 7600ms (cache miss)
3523 http fetch GET 200 https://registry.npmjs.org/micromark-util-events-to-acorn/-/micromark-util-events-to-acorn-2.0.3.tgz 7600ms (cache miss)
3524 http fetch GET 200 https://registry.npmjs.org/micromark-factory-mdx-expression/-/micromark-factory-mdx-expression-2.0.3.tgz 7607ms (cache miss)
3525 http fetch GET 200 https://registry.npmjs.org/micromark-util-decode-numeric-character-reference/-/micromark-util-decode-numeric-character-reference-2.0.2.tgz 7607ms (cache miss)
3526 http fetch GET 200 https://registry.npmjs.org/micromark-util-decode-string/-/micromark-util-decode-string-2.0.1.tgz 7618ms (cache miss)
3527 http fetch GET 200 https://registry.npmjs.org/micromark-factory-label/-/micromark-factory-label-2.0.1.tgz 7621ms (cache miss)
3528 http fetch GET 200 https://registry.npmjs.org/micromark-factory-title/-/micromark-factory-title-2.0.1.tgz 7627ms (cache miss)
3529 http fetch GET 200 https://registry.npmjs.org/micromark-extension-mdxjs/-/micromark-extension-mdxjs-3.0.0.tgz 7639ms (cache miss)
3530 http fetch GET 200 https://registry.npmjs.org/micromark-factory-destination/-/micromark-factory-destination-2.0.1.tgz 7744ms (cache miss)
3531 http fetch GET 200 https://registry.npmjs.org/micromark-factory-space/-/micromark-factory-space-1.1.0.tgz 7749ms (cache miss)
3532 http fetch GET 200 https://registry.npmjs.org/micromark-extension-mdxjs-esm/-/micromark-extension-mdxjs-esm-3.0.0.tgz 7751ms (cache miss)
3533 http fetch GET 200 https://registry.npmjs.org/micromark-extension-mdx-md/-/micromark-extension-mdx-md-2.0.0.tgz 7751ms (cache miss)
3534 http fetch GET 200 https://registry.npmjs.org/micromark-extension-gfm-tagfilter/-/micromark-extension-gfm-tagfilter-2.0.0.tgz 7763ms (cache miss)
3535 http fetch GET 200 https://registry.npmjs.org/micromark-extension-mdx-expression/-/micromark-extension-mdx-expression-3.0.1.tgz 7762ms (cache miss)
3536 http fetch GET 200 https://registry.npmjs.org/micromark-extension-gfm-strikethrough/-/micromark-extension-gfm-strikethrough-2.1.0.tgz 7762ms (cache miss)
3537 http fetch GET 200 https://registry.npmjs.org/micromark-extension-gfm-task-list-item/-/micromark-extension-gfm-task-list-item-2.1.0.tgz 7764ms (cache miss)
3538 http fetch GET 200 https://registry.npmjs.org/micromark-extension-gfm-autolink-literal/-/micromark-extension-gfm-autolink-literal-2.1.0.tgz 7764ms (cache miss)
3539 http fetch GET 200 https://registry.npmjs.org/micromark-extension-gfm-footnote/-/micromark-extension-gfm-footnote-2.1.0.tgz 7766ms (cache miss)
3540 http fetch GET 200 https://registry.npmjs.org/micromark-extension-directive/-/micromark-extension-directive-3.0.2.tgz 7786ms (cache miss)
3541 http fetch GET 200 https://registry.npmjs.org/micromark-extension-frontmatter/-/micromark-extension-frontmatter-2.0.0.tgz 7786ms (cache miss)
3542 http fetch GET 200 https://registry.npmjs.org/micromark-extension-gfm/-/micromark-extension-gfm-3.0.0.tgz 7795ms (cache miss)
3543 http fetch GET 200 https://registry.npmjs.org/micromark-extension-gfm-table/-/micromark-extension-gfm-table-2.1.1.tgz 7796ms (cache miss)
3544 http fetch GET 200 https://registry.npmjs.org/micromark/-/micromark-4.0.2.tgz 7806ms (cache miss)
3545 http fetch GET 200 https://registry.npmjs.org/methods/-/methods-1.1.2.tgz 7906ms (cache miss)
3546 http fetch GET 200 https://registry.npmjs.org/micromark-extension-definition-list/-/micromark-extension-definition-list-2.0.1.tgz 7910ms (cache miss)
3547 http fetch GET 200 https://registry.npmjs.org/merge-stream/-/merge-stream-2.0.0.tgz 7917ms (cache miss)
3548 http fetch GET 200 https://registry.npmjs.org/media-typer/-/media-typer-0.3.0.tgz 7918ms (cache miss)
3549 http fetch GET 200 https://registry.npmjs.org/merge2/-/merge2-1.4.1.tgz 7920ms (cache miss)
3550 http fetch GET 200 https://registry.npmjs.org/micromark-extension-mdx-jsx/-/micromark-extension-mdx-jsx-3.0.2.tgz 7922ms (cache miss)
3551 http fetch GET 200 https://registry.npmjs.org/merge-descriptors/-/merge-descriptors-1.0.3.tgz 7921ms (cache miss)
3552 http fetch GET 200 https://registry.npmjs.org/memfs/-/memfs-4.57.3.tgz 7928ms (cache miss)
3553 http fetch GET 200 https://registry.npmjs.org/micromark-core-commonmark/-/micromark-core-commonmark-2.0.3.tgz 7937ms (cache miss)
3554 http fetch GET 200 https://registry.npmjs.org/mdast-util-to-string/-/mdast-util-to-string-4.0.0.tgz 7986ms (cache miss)
3555 http fetch GET 200 https://registry.npmjs.org/mdast-util-mdxjs-esm/-/mdast-util-mdxjs-esm-2.0.1.tgz 7986ms (cache miss)
3556 http fetch GET 200 https://registry.npmjs.org/mdast-util-to-hast/-/mdast-util-to-hast-13.2.1.tgz 8107ms (cache miss)
3557 http fetch GET 200 https://registry.npmjs.org/mdast-util-mdx-expression/-/mdast-util-mdx-expression-2.0.1.tgz 8111ms (cache miss)
3558 http fetch GET 200 https://registry.npmjs.org/mdast-util-phrasing/-/mdast-util-phrasing-4.1.0.tgz 8119ms (cache miss)
3559 http fetch GET 200 https://registry.npmjs.org/mdast-util-to-markdown/-/mdast-util-to-markdown-2.1.2.tgz 8122ms (cache miss)
3560 http fetch GET 200 https://registry.npmjs.org/mdast-util-gfm-table/-/mdast-util-gfm-table-2.0.0.tgz 8127ms (cache miss)
3561 http fetch GET 200 https://registry.npmjs.org/mdast-util-gfm/-/mdast-util-gfm-3.1.0.tgz 8142ms (cache miss)
3562 http fetch GET 200 https://registry.npmjs.org/mdast-util-gfm-task-list-item/-/mdast-util-gfm-task-list-item-2.0.0.tgz 8150ms (cache miss)
3563 http fetch GET 200 https://registry.npmjs.org/mdast-util-find-and-replace/-/mdast-util-find-and-replace-3.0.2.tgz 8157ms (cache miss)
3564 http fetch GET 200 https://registry.npmjs.org/mdast-util-gfm-strikethrough/-/mdast-util-gfm-strikethrough-2.0.0.tgz 8158ms (cache miss)
3565 http fetch GET 200 https://registry.npmjs.org/mdast-util-gfm-footnote/-/mdast-util-gfm-footnote-2.1.0.tgz 8174ms (cache miss)
3566 http fetch GET 200 https://registry.npmjs.org/mdast-util-frontmatter/-/mdast-util-frontmatter-2.0.1.tgz 8186ms (cache miss)
3567 http fetch GET 200 https://registry.npmjs.org/mdast-util-mdx-jsx/-/mdast-util-mdx-jsx-3.2.0.tgz 8203ms (cache miss)
3568 http fetch GET 200 https://registry.npmjs.org/mdn-data/-/mdn-data-2.0.30.tgz 8210ms (cache miss)
3569 http fetch GET 200 https://registry.npmjs.org/mdast-util-mdx/-/mdast-util-mdx-3.0.0.tgz 8211ms (cache miss)
3570 http fetch GET 200 https://registry.npmjs.org/mdast-util-directive/-/mdast-util-directive-3.1.0.tgz 8292ms (cache miss)
3571 http fetch GET 200 https://registry.npmjs.org/mdast-util-gfm-autolink-literal/-/mdast-util-gfm-autolink-literal-2.0.1.tgz 8300ms (cache miss)
3572 http fetch GET 200 https://registry.npmjs.org/math-intrinsics/-/math-intrinsics-1.1.0.tgz 8323ms (cache miss)
3573 http fetch GET 200 https://registry.npmjs.org/mdast-util-definition-list/-/mdast-util-definition-list-2.0.0.tgz 8326ms (cache miss)
3574 http fetch GET 200 https://registry.npmjs.org/markdown-table/-/markdown-table-3.0.4.tgz 8350ms (cache miss)
3575 http fetch GET 200 https://registry.npmjs.org/markdown-extensions/-/markdown-extensions-2.0.0.tgz 8368ms (cache miss)
3576 http fetch GET 200 https://registry.npmjs.org/lru-cache/-/lru-cache-5.1.1.tgz 8428ms (cache miss)
3577 http fetch GET 200 https://registry.npmjs.org/mdast-util-from-markdown/-/mdast-util-from-markdown-2.0.3.tgz 8439ms (cache miss)
3578 http fetch GET 200 https://registry.npmjs.org/lower-case/-/lower-case-2.0.2.tgz 8465ms (cache miss)
3579 http fetch GET 200 https://registry.npmjs.org/marked/-/marked-16.4.2.tgz 8538ms (cache miss)
3580 http fetch GET 200 https://registry.npmjs.org/lowercase-keys/-/lowercase-keys-3.0.0.tgz 8630ms (cache miss)
3581 http fetch GET 200 https://registry.npmjs.org/longest-streak/-/longest-streak-3.1.0.tgz 8631ms (cache miss)
3582 http fetch GET 200 https://registry.npmjs.org/lodash.debounce/-/lodash.debounce-4.0.8.tgz 8631ms (cache miss)
3583 http fetch GET 200 https://registry.npmjs.org/magic-string/-/magic-string-0.25.9.tgz 8631ms (cache miss)
3584 http fetch GET 200 https://registry.npmjs.org/loose-envify/-/loose-envify-1.4.0.tgz 8632ms (cache miss)
3585 http fetch GET 200 https://registry.npmjs.org/lodash.uniq/-/lodash.uniq-4.5.0.tgz 8632ms (cache miss)
3586 http fetch GET 200 https://registry.npmjs.org/mark.js/-/mark.js-8.11.1.tgz 8669ms (cache miss)
3587 http fetch GET 200 https://registry.npmjs.org/locate-path/-/locate-path-7.2.0.tgz 8698ms (cache miss)
3588 http fetch GET 200 https://registry.npmjs.org/loader-runner/-/loader-runner-4.3.2.tgz 8724ms (cache miss)
3589 http fetch GET 200 https://registry.npmjs.org/loader-utils/-/loader-utils-2.0.4.tgz 8728ms (cache miss)
3590 http fetch GET 200 https://registry.npmjs.org/lines-and-columns/-/lines-and-columns-1.2.4.tgz 8767ms (cache miss)
3591 http fetch GET 200 https://registry.npmjs.org/leven/-/leven-3.1.0.tgz 8873ms (cache miss)
3592 http fetch GET 200 https://registry.npmjs.org/lodash.memoize/-/lodash.memoize-4.1.2.tgz 8884ms (cache miss)
3593 http fetch GET 200 https://registry.npmjs.org/lilconfig/-/lilconfig-3.1.3.tgz 8900ms (cache miss)
3594 http fetch GET 200 https://registry.npmjs.org/launch-editor/-/launch-editor-2.14.0.tgz 8910ms (cache miss)
3595 http fetch GET 200 https://registry.npmjs.org/klaw-sync/-/klaw-sync-6.0.0.tgz 9015ms (cache miss)
3596 http fetch GET 200 https://registry.npmjs.org/kleur/-/kleur-3.0.3.tgz 9027ms (cache miss)
3597 http fetch GET 200 https://registry.npmjs.org/kind-of/-/kind-of-6.0.3.tgz 9055ms (cache miss)
3598 http fetch GET 200 https://registry.npmjs.org/lunr/-/lunr-2.3.9.tgz 9079ms (cache miss)
3599 http fetch GET 200 https://registry.npmjs.org/latest-version/-/latest-version-7.0.0.tgz 9079ms (cache miss)
3600 http fetch GET 200 https://registry.npmjs.org/keyv/-/keyv-4.5.4.tgz 9166ms (cache miss)
3601 http fetch GET 200 https://registry.npmjs.org/lightningcss/-/lightningcss-1.32.0.tgz 9177ms (cache miss)
3602 http fetch GET 200 https://registry.npmjs.org/khroma/-/khroma-2.1.0.tgz 9305ms (cache miss)
3603 http fetch GET 200 https://registry.npmjs.org/jsonfile/-/jsonfile-6.2.1.tgz 9314ms (cache miss)
3604 http fetch GET 200 https://registry.npmjs.org/layout-base/-/layout-base-1.0.2.tgz 9321ms (cache miss)
3605 http fetch GET 200 https://registry.npmjs.org/json-parse-even-better-errors/-/json-parse-even-better-errors-2.3.1.tgz 9346ms (cache miss)
3606 http fetch GET 200 https://registry.npmjs.org/js-tokens/-/js-tokens-4.0.0.tgz 9366ms (cache miss)
3607 http fetch GET 200 https://registry.npmjs.org/json-schema-traverse/-/json-schema-traverse-1.0.0.tgz 9404ms (cache miss)
3608 http fetch GET 200 https://registry.npmjs.org/json-buffer/-/json-buffer-3.0.1.tgz 9451ms (cache miss)
3609 http fetch GET 200 https://registry.npmjs.org/json5/-/json5-2.2.3.tgz 9518ms (cache miss)
3610 http fetch GET 200 https://registry.npmjs.org/isobject/-/isobject-3.0.1.tgz 9684ms (cache miss)
3611 http fetch GET 200 https://registry.npmjs.org/jsesc/-/jsesc-3.1.0.tgz 9688ms (cache miss)
3612 http fetch GET 200 https://registry.npmjs.org/lodash/-/lodash-4.18.1.tgz 9701ms (cache miss)
3613 http fetch GET 200 https://registry.npmjs.org/jest-worker/-/jest-worker-29.7.0.tgz 9705ms (cache miss)
3614 http fetch GET 200 https://registry.npmjs.org/jest-util/-/jest-util-29.7.0.tgz 9730ms (cache miss)
3615 http fetch GET 200 https://registry.npmjs.org/is-yarn-global/-/is-yarn-global-0.4.1.tgz 9767ms (cache miss)
3616 http fetch GET 200 https://registry.npmjs.org/lunr-languages/-/lunr-languages-1.20.0.tgz 9774ms (cache miss)
3617 http fetch GET 200 https://registry.npmjs.org/lodash-es/-/lodash-es-4.18.1.tgz 9791ms (cache miss)
3618 http fetch GET 200 https://registry.npmjs.org/isexe/-/isexe-2.0.0.tgz 9856ms (cache miss)
3619 http fetch GET 200 https://registry.npmjs.org/joi/-/joi-17.13.3.tgz 9923ms (cache miss)
3620 http fetch GET 200 https://registry.npmjs.org/isarray/-/isarray-0.0.1.tgz 9940ms (cache miss)
3621 http fetch GET 200 https://registry.npmjs.org/is-typedarray/-/is-typedarray-1.0.0.tgz 9954ms (cache miss)
3622 http fetch GET 200 https://registry.npmjs.org/is-regexp/-/is-regexp-1.0.0.tgz 9980ms (cache miss)
3623 http fetch GET 200 https://registry.npmjs.org/is-stream/-/is-stream-2.0.1.tgz 9992ms (cache miss)
3624 http fetch GET 200 https://registry.npmjs.org/is-path-inside/-/is-path-inside-3.0.3.tgz 10005ms (cache miss)
3625 http fetch GET 200 https://registry.npmjs.org/is-plain-object/-/is-plain-object-2.0.4.tgz 10012ms (cache miss)
3626 http fetch GET 200 https://registry.npmjs.org/is-wsl/-/is-wsl-2.2.0.tgz 10021ms (cache miss)
3627 http fetch GET 200 https://registry.npmjs.org/is-plain-obj/-/is-plain-obj-4.1.0.tgz 10023ms (cache miss)
3628 http fetch GET 200 https://registry.npmjs.org/is-npm/-/is-npm-6.1.0.tgz 10093ms (cache miss)
3629 http fetch GET 200 https://registry.npmjs.org/is-network-error/-/is-network-error-1.3.2.tgz 10201ms (cache miss)
3630 http fetch GET 200 https://registry.npmjs.org/is-inside-container/-/is-inside-container-1.0.0.tgz 10201ms (cache miss)
3631 http fetch GET 200 https://registry.npmjs.org/is-installed-globally/-/is-installed-globally-0.4.0.tgz 10204ms (cache miss)
3632 http fetch GET 200 https://registry.npmjs.org/is-hexadecimal/-/is-hexadecimal-2.0.1.tgz 10239ms (cache miss)
3633 http fetch GET 200 https://registry.npmjs.org/is-obj/-/is-obj-1.0.1.tgz 10263ms (cache miss)
3634 http fetch GET 200 https://registry.npmjs.org/is-glob/-/is-glob-4.0.3.tgz 10267ms (cache miss)
3635 http fetch GET 200 https://registry.npmjs.org/is-extglob/-/is-extglob-2.1.1.tgz 10275ms (cache miss)
3636 http fetch GET 200 https://registry.npmjs.org/is-fullwidth-code-point/-/is-fullwidth-code-point-3.0.0.tgz 10302ms (cache miss)
3637 http fetch GET 200 https://registry.npmjs.org/is-number/-/is-number-7.0.0.tgz 10305ms (cache miss)
3638 http fetch GET 200 https://registry.npmjs.org/js-yaml/-/js-yaml-4.2.0.tgz 10325ms (cache miss)
3639 http fetch GET 200 https://registry.npmjs.org/is-extendable/-/is-extendable-0.1.1.tgz 10333ms (cache miss)
3640 http fetch GET 200 https://registry.npmjs.org/is-decimal/-/is-decimal-2.0.1.tgz 10431ms (cache miss)
3641 http fetch GET 200 https://registry.npmjs.org/is-alphanumerical/-/is-alphanumerical-2.0.1.tgz 10438ms (cache miss)
3642 http fetch GET 200 https://registry.npmjs.org/is-docker/-/is-docker-2.2.1.tgz 10458ms (cache miss)
3643 http fetch GET 200 https://registry.npmjs.org/is-arrayish/-/is-arrayish-0.2.1.tgz 10462ms (cache miss)
3644 http fetch GET 200 https://registry.npmjs.org/is-ci/-/is-ci-3.0.1.tgz 10485ms (cache miss)
3645 http fetch GET 200 https://registry.npmjs.org/is-alphabetical/-/is-alphabetical-2.0.1.tgz 10505ms (cache miss)
3646 http fetch GET 200 https://registry.npmjs.org/ipaddr.js/-/ipaddr.js-2.4.0.tgz 10517ms (cache miss)
3647 http fetch GET 200 https://registry.npmjs.org/internmap/-/internmap-2.0.3.tgz 10532ms (cache miss)
3648 http fetch GET 200 https://registry.npmjs.org/invariant/-/invariant-2.2.4.tgz 10548ms (cache miss)
3649 http fetch GET 200 https://registry.npmjs.org/ini/-/ini-2.0.0.tgz 10577ms (cache miss)
3650 http fetch GET 200 https://registry.npmjs.org/inline-style-parser/-/inline-style-parser-0.2.7.tgz 10602ms (cache miss)
3651 http fetch GET 200 https://registry.npmjs.org/inherits/-/inherits-2.0.4.tgz 10721ms (cache miss)
3652 http fetch GET 200 https://registry.npmjs.org/is-core-module/-/is-core-module-2.16.2.tgz 10722ms (cache miss)
3653 http fetch GET 200 https://registry.npmjs.org/is-binary-path/-/is-binary-path-2.1.0.tgz 10726ms (cache miss)
3654 http fetch GET 200 https://registry.npmjs.org/imurmurhash/-/imurmurhash-0.1.4.tgz 10729ms (cache miss)
3655 http fetch GET 200 https://registry.npmjs.org/indent-string/-/indent-string-4.0.0.tgz 10747ms (cache miss)
3656 http fetch GET 200 https://registry.npmjs.org/jiti/-/jiti-1.21.7.tgz 10755ms (cache miss)
3657 http fetch GET 200 https://registry.npmjs.org/import-fresh/-/import-fresh-3.3.1.tgz 10829ms (cache miss)
3658 http fetch GET 200 https://registry.npmjs.org/import-lazy/-/import-lazy-4.0.0.tgz 10831ms (cache miss)
3659 http fetch GET 200 https://registry.npmjs.org/immediate/-/immediate-3.3.0.tgz 10840ms (cache miss)
3660 http fetch GET 200 https://registry.npmjs.org/import-meta-resolve/-/import-meta-resolve-4.2.0.tgz 10889ms (cache miss)
3661 http fetch GET 200 https://registry.npmjs.org/infima/-/infima-0.2.0-alpha.45.tgz 10959ms (cache miss)
3662 http fetch GET 200 https://registry.npmjs.org/icss-utils/-/icss-utils-5.1.0.tgz 10973ms (cache miss)
3663 http fetch GET 200 https://registry.npmjs.org/image-size/-/image-size-2.0.2.tgz 10979ms (cache miss)
3664 http fetch GET 200 https://registry.npmjs.org/human-signals/-/human-signals-2.1.0.tgz 11031ms (cache miss)
3665 http fetch GET 200 https://registry.npmjs.org/http-errors/-/http-errors-2.0.1.tgz 11107ms (cache miss)
3666 http fetch GET 200 https://registry.npmjs.org/http-parser-js/-/http-parser-js-0.5.10.tgz 11107ms (cache miss)
3667 http fetch GET 200 https://registry.npmjs.org/ignore/-/ignore-5.3.2.tgz 11129ms (cache miss)
3668 http fetch GET 200 https://registry.npmjs.org/http-proxy-middleware/-/http-proxy-middleware-2.0.9.tgz 11143ms (cache miss)
3669 http fetch GET 200 https://registry.npmjs.org/http-deceiver/-/http-deceiver-1.2.7.tgz 11252ms (cache miss)
3670 http fetch GET 200 https://registry.npmjs.org/http-cache-semantics/-/http-cache-semantics-4.2.0.tgz 11295ms (cache miss)
3671 http fetch GET 200 https://registry.npmjs.org/html-void-elements/-/html-void-elements-3.0.0.tgz 11300ms (cache miss)
3672 http fetch GET 200 https://registry.npmjs.org/http-proxy/-/http-proxy-1.18.1.tgz 11346ms (cache miss)
3673 http fetch GET 200 https://registry.npmjs.org/html-webpack-plugin/-/html-webpack-plugin-5.6.7.tgz 11370ms (cache miss)
3674 http fetch GET 200 https://registry.npmjs.org/html-tags/-/html-tags-3.3.1.tgz 11374ms (cache miss)
3675 http fetch GET 200 https://registry.npmjs.org/html-escaper/-/html-escaper-2.0.2.tgz 11418ms (cache miss)
3676 http fetch GET 200 https://registry.npmjs.org/htmlparser2/-/htmlparser2-8.0.2.tgz 11434ms (cache miss)
3677 http fetch GET 200 https://registry.npmjs.org/hpack.js/-/hpack.js-2.1.6.tgz 11501ms (cache miss)
3678 http fetch GET 200 https://registry.npmjs.org/hoist-non-react-statics/-/hoist-non-react-statics-3.3.2.tgz 11595ms (cache miss)
3679 http fetch GET 200 https://registry.npmjs.org/iconv-lite/-/iconv-lite-0.4.24.tgz 11618ms (cache miss)
3680 http fetch GET 200 https://registry.npmjs.org/hastscript/-/hastscript-9.0.1.tgz 11641ms (cache miss)
3681 http fetch GET 200 https://registry.npmjs.org/history/-/history-4.10.1.tgz 11692ms (cache miss)
3682 http fetch GET 200 https://registry.npmjs.org/he/-/he-1.2.0.tgz 11768ms (cache miss)
3683 http fetch GET 200 https://registry.npmjs.org/hast-util-whitespace/-/hast-util-whitespace-3.0.0.tgz 11768ms (cache miss)
3684 http fetch GET 200 https://registry.npmjs.org/hast-util-to-text/-/hast-util-to-text-4.0.2.tgz 11776ms (cache miss)
3685 http fetch GET 200 https://registry.npmjs.org/http2-wrapper/-/http2-wrapper-2.2.1.tgz 11779ms (cache miss)
3686 http fetch GET 200 https://registry.npmjs.org/hast-util-parse-selector/-/hast-util-parse-selector-4.0.0.tgz 11782ms (cache miss)
3687 http fetch GET 200 https://registry.npmjs.org/hyperdyperid/-/hyperdyperid-1.2.0.tgz 11804ms (cache miss)
3688 http fetch GET 200 https://registry.npmjs.org/hast-util-to-parse5/-/hast-util-to-parse5-8.0.1.tgz 11843ms (cache miss)
3689 http fetch GET 200 https://registry.npmjs.org/hast-util-to-mdast/-/hast-util-to-mdast-10.1.2.tgz 11858ms (cache miss)
3690 http fetch GET 200 https://registry.npmjs.org/hast-util-raw/-/hast-util-raw-9.1.0.tgz 11867ms (cache miss)
3691 http fetch GET 200 https://registry.npmjs.org/hast-util-to-html/-/hast-util-to-html-9.0.5.tgz 11926ms (cache miss)
3692 http fetch GET 200 https://registry.npmjs.org/hast-util-phrasing/-/hast-util-phrasing-3.0.1.tgz 12015ms (cache miss)
3693 http fetch GET 200 https://registry.npmjs.org/hast-util-is-element/-/hast-util-is-element-3.0.0.tgz 12023ms (cache miss)
3694 http fetch GET 200 https://registry.npmjs.org/hast-util-minify-whitespace/-/hast-util-minify-whitespace-1.0.1.tgz 12031ms (cache miss)
3695 http fetch GET 200 https://registry.npmjs.org/hast-util-to-estree/-/hast-util-to-estree-3.1.3.tgz 12047ms (cache miss)
3696 http fetch GET 200 https://registry.npmjs.org/hast-util-from-parse5/-/hast-util-from-parse5-8.0.3.tgz 12062ms (cache miss)
3697 http fetch GET 200 https://registry.npmjs.org/hast-util-is-body-ok-link/-/hast-util-is-body-ok-link-3.0.1.tgz 12075ms (cache miss)
3698 http fetch GET 200 https://registry.npmjs.org/hast-util-has-property/-/hast-util-has-property-3.0.0.tgz 12098ms (cache miss)
3699 http fetch GET 200 https://registry.npmjs.org/hast-util-definition-list/-/hast-util-definition-list-2.1.0.tgz 12106ms (cache miss)
3700 http fetch GET 200 https://registry.npmjs.org/hast-util-embedded/-/hast-util-embedded-3.0.0.tgz 12109ms (cache miss)
3701 http fetch GET 200 https://registry.npmjs.org/hasown/-/hasown-2.0.4.tgz 12149ms (cache miss)
3702 http fetch GET 200 https://registry.npmjs.org/has-symbols/-/has-symbols-1.1.0.tgz 12233ms (cache miss)
3703 http fetch GET 200 https://registry.npmjs.org/has-flag/-/has-flag-4.0.0.tgz 12251ms (cache miss)
3704 http fetch GET 200 https://registry.npmjs.org/has-property-descriptors/-/has-property-descriptors-1.0.2.tgz 12259ms (cache miss)
3705 http fetch GET 200 https://registry.npmjs.org/gzip-size/-/gzip-size-6.0.0.tgz 12285ms (cache miss)
3706 http fetch GET 200 https://registry.npmjs.org/has-yarn/-/has-yarn-3.0.0.tgz 12306ms (cache miss)
3707 http fetch GET 200 https://registry.npmjs.org/hachure-fill/-/hachure-fill-0.5.2.tgz 12313ms (cache miss)
3708 http fetch GET 200 https://registry.npmjs.org/gray-matter/-/gray-matter-4.0.3.tgz 12343ms (cache miss)
3709 http fetch GET 200 https://registry.npmjs.org/handle-thing/-/handle-thing-2.0.1.tgz 12369ms (cache miss)
3710 http fetch GET 200 https://registry.npmjs.org/graceful-fs/-/graceful-fs-4.2.11.tgz 12434ms (cache miss)
3711 http fetch GET 200 https://registry.npmjs.org/hast-util-to-jsx-runtime/-/hast-util-to-jsx-runtime-2.3.6.tgz 12447ms (cache miss)
3712 http fetch GET 200 https://registry.npmjs.org/global-dirs/-/global-dirs-3.0.1.tgz 12529ms (cache miss)
3713 http fetch GET 200 https://registry.npmjs.org/glob-parent/-/glob-parent-5.1.2.tgz 12534ms (cache miss)
3714 http fetch GET 200 https://registry.npmjs.org/glob-to-regex.js/-/glob-to-regex.js-1.2.0.tgz 12535ms (cache miss)
3715 http fetch GET 200 https://registry.npmjs.org/got/-/got-12.6.1.tgz 12539ms (cache miss)
3716 http fetch GET 200 https://registry.npmjs.org/globby/-/globby-11.1.0.tgz 12548ms (cache miss)
3717 http fetch GET 200 https://registry.npmjs.org/glob-to-regexp/-/glob-to-regexp-0.4.1.tgz 12583ms (cache miss)
3718 http fetch GET 200 https://registry.npmjs.org/github-slugger/-/github-slugger-1.5.0.tgz 12593ms (cache miss)
3719 http fetch GET 200 https://registry.npmjs.org/get-stream/-/get-stream-6.0.1.tgz 12600ms (cache miss)
3720 http fetch GET 200 https://registry.npmjs.org/gopd/-/gopd-1.2.0.tgz 12645ms (cache miss)
3721 http fetch GET 200 https://registry.npmjs.org/get-own-enumerable-property-symbols/-/get-own-enumerable-property-symbols-3.0.2.tgz 12658ms (cache miss)
3722 http fetch GET 200 https://registry.npmjs.org/get-intrinsic/-/get-intrinsic-1.3.0.tgz 12730ms (cache miss)
3723 http fetch GET 200 https://registry.npmjs.org/function-bind/-/function-bind-1.1.2.tgz 12821ms (cache miss)
3724 http fetch GET 200 https://registry.npmjs.org/forwarded/-/forwarded-0.2.0.tgz 12832ms (cache miss)
3725 http fetch GET 200 https://registry.npmjs.org/fs-extra/-/fs-extra-11.3.5.tgz 12849ms (cache miss)
3726 http fetch GET 200 https://registry.npmjs.org/fresh/-/fresh-0.5.2.tgz 12857ms (cache miss)
3727 http fetch GET 200 https://registry.npmjs.org/fsevents/-/fsevents-2.3.3.tgz 12857ms (cache miss)
3728 http fetch GET 200 https://registry.npmjs.org/format/-/format-0.2.2.tgz 12861ms (cache miss)
3729 http fetch GET 200 https://registry.npmjs.org/fraction.js/-/fraction.js-5.3.4.tgz 12890ms (cache miss)
3730 http fetch GET 200 https://registry.npmjs.org/form-data-encoder/-/form-data-encoder-2.1.4.tgz 12923ms (cache miss)
3731 http fetch GET 200 https://registry.npmjs.org/flat/-/flat-5.0.2.tgz 12937ms (cache miss)
3732 http fetch GET 200 https://registry.npmjs.org/finalhandler/-/finalhandler-1.3.2.tgz 12946ms (cache miss)
3733 http fetch GET 200 https://registry.npmjs.org/find-cache-dir/-/find-cache-dir-4.0.0.tgz 12964ms (cache miss)
3734 http fetch GET 200 https://registry.npmjs.org/get-proto/-/get-proto-1.0.1.tgz 13057ms (cache miss)
3735 http fetch GET 200 https://registry.npmjs.org/follow-redirects/-/follow-redirects-1.16.0.tgz 13062ms (cache miss)
3736 http fetch GET 200 https://registry.npmjs.org/find-up/-/find-up-6.3.0.tgz 13087ms (cache miss)
3737 http fetch GET 200 https://registry.npmjs.org/gensync/-/gensync-1.0.0-beta.2.tgz 13089ms (cache miss)
3738 http fetch GET 200 https://registry.npmjs.org/fill-range/-/fill-range-7.1.1.tgz 13104ms (cache miss)
3739 http fetch GET 200 https://registry.npmjs.org/faye-websocket/-/faye-websocket-0.11.4.tgz 13105ms (cache miss)
3740 http fetch GET 200 https://registry.npmjs.org/fault/-/fault-2.0.1.tgz 13182ms (cache miss)
3741 http fetch GET 200 https://registry.npmjs.org/file-loader/-/file-loader-6.2.0.tgz 13182ms (cache miss)
3742 http fetch GET 200 https://registry.npmjs.org/feed/-/feed-4.2.2.tgz 13253ms (cache miss)
3743 http fetch GET 200 https://registry.npmjs.org/fastq/-/fastq-1.20.1.tgz 13254ms (cache miss)
3744 http fetch GET 200 https://registry.npmjs.org/fast-uri/-/fast-uri-3.1.2.tgz 13263ms (cache miss)
3745 http fetch GET 200 https://registry.npmjs.org/extend-shallow/-/extend-shallow-2.0.1.tgz 13290ms (cache miss)
3746 http fetch GET 200 https://registry.npmjs.org/fast-glob/-/fast-glob-3.3.3.tgz 13371ms (cache miss)
3747 http fetch GET 200 https://registry.npmjs.org/extend/-/extend-3.0.2.tgz 13391ms (cache miss)
3748 http fetch GET 200 https://registry.npmjs.org/fast-deep-equal/-/fast-deep-equal-3.1.3.tgz 13413ms (cache miss)
3749 http fetch GET 200 https://registry.npmjs.org/events/-/events-3.3.0.tgz 13417ms (cache miss)
3750 http fetch GET 200 https://registry.npmjs.org/execa/-/execa-5.1.1.tgz 13442ms (cache miss)
3751 http fetch GET 200 https://registry.npmjs.org/eventemitter3/-/eventemitter3-4.0.7.tgz 13487ms (cache miss)
3752 http fetch GET 200 https://registry.npmjs.org/etag/-/etag-1.8.1.tgz 13574ms (cache miss)
3753 http fetch GET 200 https://registry.npmjs.org/eval/-/eval-0.1.8.tgz 13580ms (cache miss)
3754 http fetch GET 200 https://registry.npmjs.org/express/-/express-4.22.2.tgz 13580ms (cache miss)
3755 http fetch GET 200 https://registry.npmjs.org/katex/-/katex-0.16.47.tgz 13598ms (cache miss)
3756 http fetch GET 200 https://registry.npmjs.org/esutils/-/esutils-2.0.3.tgz 13589ms (cache miss)
3757 http fetch GET 200 https://registry.npmjs.org/estree-walker/-/estree-walker-3.0.3.tgz 13600ms (cache miss)
3758 http fetch GET 200 https://registry.npmjs.org/estree-util-visit/-/estree-util-visit-2.0.0.tgz 13641ms (cache miss)
3759 http fetch GET 200 https://registry.npmjs.org/estree-util-to-js/-/estree-util-to-js-2.0.0.tgz 13655ms (cache miss)
3760 http fetch GET 200 https://registry.npmjs.org/estree-util-scope/-/estree-util-scope-1.0.0.tgz 13696ms (cache miss)
3761 http fetch GET 200 https://registry.npmjs.org/eta/-/eta-2.2.0.tgz 13700ms (cache miss)
3762 http fetch GET 200 https://registry.npmjs.org/estree-util-is-identifier-name/-/estree-util-is-identifier-name-3.0.0.tgz 13714ms (cache miss)
3763 http fetch GET 200 https://registry.npmjs.org/fast-json-stable-stringify/-/fast-json-stable-stringify-2.1.0.tgz 13724ms (cache miss)
3764 http fetch GET 200 https://registry.npmjs.org/esrecurse/-/esrecurse-4.3.0.tgz 13779ms (cache miss)
3765 http fetch GET 200 https://registry.npmjs.org/estraverse/-/estraverse-4.3.0.tgz 13800ms (cache miss)
3766 http fetch GET 200 https://registry.npmjs.org/estree-util-attach-comments/-/estree-util-attach-comments-3.0.0.tgz 13843ms (cache miss)
3767 http fetch GET 200 https://registry.npmjs.org/estree-util-build-jsx/-/estree-util-build-jsx-3.0.1.tgz 13862ms (cache miss)
3768 http fetch GET 200 https://registry.npmjs.org/escape-html/-/escape-html-1.0.3.tgz 13883ms (cache miss)
3769 http fetch GET 200 https://registry.npmjs.org/esprima/-/esprima-4.0.1.tgz 13921ms (cache miss)
3770 http fetch GET 200 https://registry.npmjs.org/escape-string-regexp/-/escape-string-regexp-4.0.0.tgz 13930ms (cache miss)
3771 http fetch GET 200 https://registry.npmjs.org/escalade/-/escalade-3.2.0.tgz 13930ms (cache miss)
3772 http fetch GET 200 https://registry.npmjs.org/estree-util-value-to-estree/-/estree-util-value-to-estree-3.5.0.tgz 13950ms (cache miss)
3773 http fetch GET 200 https://registry.npmjs.org/esast-util-from-js/-/esast-util-from-js-2.0.1.tgz 13955ms (cache miss)
3774 http fetch GET 200 https://registry.npmjs.org/esast-util-from-estree/-/esast-util-from-estree-2.0.0.tgz 14002ms (cache miss)
3775 http fetch GET 200 https://registry.npmjs.org/escape-goat/-/escape-goat-4.0.0.tgz 14106ms (cache miss)
3776 http fetch GET 200 https://registry.npmjs.org/es-object-atoms/-/es-object-atoms-1.1.2.tgz 14124ms (cache miss)
3777 http fetch GET 200 https://registry.npmjs.org/es-define-property/-/es-define-property-1.0.1.tgz 14160ms (cache miss)
3778 http fetch GET 200 https://registry.npmjs.org/error-ex/-/error-ex-1.3.4.tgz 14172ms (cache miss)
3779 http fetch GET 200 https://registry.npmjs.org/es-module-lexer/-/es-module-lexer-2.1.0.tgz 14189ms (cache miss)
3780 http fetch GET 200 https://registry.npmjs.org/html-minifier-terser/-/html-minifier-terser-7.2.0.tgz 14199ms (cache miss)
3781 http fetch GET 200 https://registry.npmjs.org/es-errors/-/es-errors-1.3.0.tgz 14192ms (cache miss)
3782 http fetch GET 200 https://registry.npmjs.org/eslint-scope/-/eslint-scope-5.1.1.tgz 14196ms (cache miss)
3783 http fetch GET 200 https://registry.npmjs.org/encodeurl/-/encodeurl-2.0.0.tgz 14195ms (cache miss)
3784 http fetch GET 200 https://registry.npmjs.org/emoticon/-/emoticon-4.1.0.tgz 14230ms (cache miss)
3785 http fetch GET 200 https://registry.npmjs.org/eastasianwidth/-/eastasianwidth-0.2.0.tgz 14440ms (cache miss)
3786 http fetch GET 200 https://registry.npmjs.org/ee-first/-/ee-first-1.1.1.tgz 14445ms (cache miss)
3787 http fetch GET 200 https://registry.npmjs.org/encoding-sniffer/-/encoding-sniffer-0.2.1.tgz 14449ms (cache miss)
3788 http fetch GET 200 https://registry.npmjs.org/entities/-/entities-4.5.0.tgz 14454ms (cache miss)
3789 http fetch GET 200 https://registry.npmjs.org/enhanced-resolve/-/enhanced-resolve-5.22.1.tgz 14460ms (cache miss)
3790 http fetch GET 200 https://registry.npmjs.org/emoji-regex/-/emoji-regex-9.2.2.tgz 14507ms (cache miss)
3791 http fetch GET 200 https://registry.npmjs.org/dunder-proto/-/dunder-proto-1.0.1.tgz 14522ms (cache miss)
3792 http fetch GET 200 https://registry.npmjs.org/electron-to-chromium/-/electron-to-chromium-1.5.364.tgz 14617ms (cache miss)
3793 http fetch GET 200 https://registry.npmjs.org/dot-case/-/dot-case-3.0.4.tgz 14618ms (cache miss)
3794 http fetch GET 200 https://registry.npmjs.org/emojilib/-/emojilib-2.4.0.tgz 14619ms (cache miss)
3795 http fetch GET 200 https://registry.npmjs.org/domutils/-/domutils-3.2.2.tgz 14624ms (cache miss)
3796 http fetch GET 200 https://registry.npmjs.org/dot-prop/-/dot-prop-6.0.1.tgz 14645ms (cache miss)
3797 http fetch GET 200 https://registry.npmjs.org/duplexer/-/duplexer-0.1.2.tgz 14668ms (cache miss)
3798 http fetch GET 200 https://registry.npmjs.org/domhandler/-/domhandler-5.0.3.tgz 14701ms (cache miss)
3799 http fetch GET 200 https://registry.npmjs.org/dom-serializer/-/dom-serializer-2.0.0.tgz 14722ms (cache miss)
3800 http fetch GET 200 https://registry.npmjs.org/emojis-list/-/emojis-list-3.0.0.tgz 14737ms (cache miss)
3801 http fetch GET 200 https://registry.npmjs.org/dom-converter/-/dom-converter-0.2.0.tgz 14759ms (cache miss)
3802 http fetch GET 200 https://registry.npmjs.org/dir-glob/-/dir-glob-3.0.1.tgz 14838ms (cache miss)
3803 http fetch GET 200 https://registry.npmjs.org/domelementtype/-/domelementtype-2.3.0.tgz 14849ms (cache miss)
3804 http fetch GET 200 https://registry.npmjs.org/devlop/-/devlop-1.1.0.tgz 14849ms (cache miss)
3805 http fetch GET 200 https://registry.npmjs.org/detect-port/-/detect-port-1.6.1.tgz 14879ms (cache miss)
3806 http fetch GET 200 https://registry.npmjs.org/detect-node/-/detect-node-2.1.0.tgz 14914ms (cache miss)
3807 http fetch GET 200 https://registry.npmjs.org/docusaurus-remark-plugin-tab-blocks/-/docusaurus-remark-plugin-tab-blocks-4.0.0.tgz 14923ms (cache miss)
3808 http fetch GET 200 https://registry.npmjs.org/destroy/-/destroy-1.2.0.tgz 14940ms (cache miss)
3809 http fetch GET 200 https://registry.npmjs.org/dequal/-/dequal-2.0.3.tgz 14974ms (cache miss)
3810 http fetch GET 200 https://registry.npmjs.org/es-toolkit/-/es-toolkit-1.47.0.tgz 15050ms (cache miss)
3811 http fetch GET 200 https://registry.npmjs.org/detect-libc/-/detect-libc-2.1.2.tgz 15054ms (cache miss)
3812 http fetch GET 200 https://registry.npmjs.org/define-properties/-/define-properties-1.2.1.tgz 15072ms (cache miss)
3813 http fetch GET 200 https://registry.npmjs.org/depd/-/depd-2.0.0.tgz 15141ms (cache miss)
3814 http fetch GET 200 https://registry.npmjs.org/define-lazy-prop/-/define-lazy-prop-2.0.0.tgz 15141ms (cache miss)
3815 http fetch GET 200 https://registry.npmjs.org/default-browser-id/-/default-browser-id-5.0.1.tgz 15149ms (cache miss)
3816 http fetch GET 200 https://registry.npmjs.org/define-data-property/-/define-data-property-1.1.4.tgz 15150ms (cache miss)
3817 http fetch GET 200 https://registry.npmjs.org/delaunator/-/delaunator-5.1.0.tgz 15150ms (cache miss)
3818 http fetch GET 200 https://registry.npmjs.org/defer-to-connect/-/defer-to-connect-2.0.1.tgz 15150ms (cache miss)
3819 http fetch GET 200 https://registry.npmjs.org/docusaurus-plugin-llms/-/docusaurus-plugin-llms-0.4.0.tgz 15153ms (cache miss)
3820 http fetch GET 200 https://registry.npmjs.org/dns-packet/-/dns-packet-5.6.1.tgz 15158ms (cache miss)
3821 http fetch GET 200 https://registry.npmjs.org/deepmerge/-/deepmerge-4.3.1.tgz 15189ms (cache miss)
3822 http fetch GET 200 https://registry.npmjs.org/decompress-response/-/decompress-response-6.0.0.tgz 15195ms (cache miss)
3823 http fetch GET 200 https://registry.npmjs.org/dompurify/-/dompurify-3.4.7.tgz 15226ms (cache miss)
3824 http fetch GET 200 https://registry.npmjs.org/deep-extend/-/deep-extend-0.6.0.tgz 15256ms (cache miss)
3825 http fetch GET 200 https://registry.npmjs.org/default-browser/-/default-browser-5.5.0.tgz 15317ms (cache miss)
3826 http fetch GET 200 https://registry.npmjs.org/debounce/-/debounce-1.2.1.tgz 15334ms (cache miss)
3827 http fetch GET 200 https://registry.npmjs.org/debug/-/debug-4.4.3.tgz 15366ms (cache miss)
3828 http fetch GET 200 https://registry.npmjs.org/decode-named-character-reference/-/decode-named-character-reference-1.3.0.tgz 15372ms (cache miss)
3829 http fetch GET 200 https://registry.npmjs.org/d3-time-format/-/d3-time-format-4.1.0.tgz 15405ms (cache miss)
3830 http fetch GET 200 https://registry.npmjs.org/d3-zoom/-/d3-zoom-3.0.0.tgz 15411ms (cache miss)
3831 http fetch GET 200 https://registry.npmjs.org/d3-transition/-/d3-transition-3.0.1.tgz 15433ms (cache miss)
3832 http fetch GET 200 https://registry.npmjs.org/d3-time/-/d3-time-3.1.0.tgz 15446ms (cache miss)
3833 http fetch GET 200 https://registry.npmjs.org/d3-timer/-/d3-timer-3.0.1.tgz 15446ms (cache miss)
3834 http fetch GET 200 https://registry.npmjs.org/dagre-d3-es/-/dagre-d3-es-7.0.14.tgz 15546ms (cache miss)
3835 http fetch GET 200 https://registry.npmjs.org/d3-scale-chromatic/-/d3-scale-chromatic-3.1.0.tgz 15574ms (cache miss)
3836 http fetch GET 200 https://registry.npmjs.org/d3-selection/-/d3-selection-3.0.0.tgz 15586ms (cache miss)
3837 http fetch GET 200 https://registry.npmjs.org/d3-polygon/-/d3-polygon-3.0.1.tgz 15670ms (cache miss)
3838 http fetch GET 200 https://registry.npmjs.org/d3-scale/-/d3-scale-4.0.2.tgz 15672ms (cache miss)
3839 http fetch GET 200 https://registry.npmjs.org/d3-path/-/d3-path-3.1.0.tgz 15679ms (cache miss)
3840 http fetch GET 200 https://registry.npmjs.org/d3-random/-/d3-random-3.0.1.tgz 15692ms (cache miss)
3841 http fetch GET 200 https://registry.npmjs.org/d3-quadtree/-/d3-quadtree-3.0.1.tgz 15699ms (cache miss)
3842 http fetch GET 200 https://registry.npmjs.org/d3-format/-/d3-format-3.1.2.tgz 15710ms (cache miss)
3843 http fetch GET 200 https://registry.npmjs.org/d3-shape/-/d3-shape-3.2.0.tgz 15747ms (cache miss)
3844 http fetch GET 200 https://registry.npmjs.org/d3-geo/-/d3-geo-3.1.1.tgz 15832ms (cache miss)
3845 http fetch GET 200 https://registry.npmjs.org/d3-hierarchy/-/d3-hierarchy-3.1.2.tgz 15837ms (cache miss)
3846 http fetch GET 200 https://registry.npmjs.org/d3-interpolate/-/d3-interpolate-3.0.1.tgz 15842ms (cache miss)
3847 http fetch GET 200 https://registry.npmjs.org/d3-force/-/d3-force-3.0.0.tgz 15856ms (cache miss)
3848 http fetch GET 200 https://registry.npmjs.org/d3-sankey/-/d3-sankey-0.12.3.tgz 15866ms (cache miss)
3849 http fetch GET 200 https://registry.npmjs.org/dayjs/-/dayjs-1.11.21.tgz 15879ms (cache miss)
3850 http fetch GET 200 https://registry.npmjs.org/d3-fetch/-/d3-fetch-3.0.1.tgz 15888ms (cache miss)
3851 http fetch GET 200 https://registry.npmjs.org/d3-dispatch/-/d3-dispatch-3.0.1.tgz 15892ms (cache miss)
3852 http fetch GET 200 https://registry.npmjs.org/d3-drag/-/d3-drag-3.0.0.tgz 15924ms (cache miss)
3853 http fetch GET 200 https://registry.npmjs.org/d3-dsv/-/d3-dsv-3.0.1.tgz 15926ms (cache miss)
3854 http fetch GET 200 https://registry.npmjs.org/d3-ease/-/d3-ease-3.0.1.tgz 15958ms (cache miss)
3855 http fetch GET 200 https://registry.npmjs.org/d3-delaunay/-/d3-delaunay-6.0.4.tgz 15970ms (cache miss)
3856 http fetch GET 200 https://registry.npmjs.org/d3-contour/-/d3-contour-4.0.2.tgz 15987ms (cache miss)
3857 http fetch GET 200 https://registry.npmjs.org/d3-axis/-/d3-axis-3.0.0.tgz 16038ms (cache miss)
3858 http fetch GET 200 https://registry.npmjs.org/d3-chord/-/d3-chord-3.0.1.tgz 16042ms (cache miss)
3859 http fetch GET 200 https://registry.npmjs.org/d3-color/-/d3-color-3.1.0.tgz 16068ms (cache miss)
3860 http fetch GET 200 https://registry.npmjs.org/cytoscape-cose-bilkent/-/cytoscape-cose-bilkent-4.1.0.tgz 16263ms (cache miss)
3861 http fetch GET 200 https://registry.npmjs.org/cssnano/-/cssnano-6.1.2.tgz 16266ms (cache miss)
3862 http fetch GET 200 https://registry.npmjs.org/d3-array/-/d3-array-3.2.4.tgz 16305ms (cache miss)
3863 http fetch GET 200 https://registry.npmjs.org/cssnano-utils/-/cssnano-utils-4.0.2.tgz 16319ms (cache miss)
3864 http fetch GET 200 https://registry.npmjs.org/cssesc/-/cssesc-3.0.0.tgz 16347ms (cache miss)
3865 http fetch GET 200 https://registry.npmjs.org/cssnano-preset-advanced/-/cssnano-preset-advanced-6.1.2.tgz 16348ms (cache miss)
3866 http fetch GET 200 https://registry.npmjs.org/css-what/-/css-what-6.2.2.tgz 16433ms (cache miss)
3867 http fetch GET 200 https://registry.npmjs.org/cssnano-preset-default/-/cssnano-preset-default-6.1.2.tgz 16581ms (cache miss)
3868 http fetch GET 200 https://registry.npmjs.org/css-prefers-color-scheme/-/css-prefers-color-scheme-10.0.0.tgz 16605ms (cache miss)
3869 http fetch GET 200 https://registry.npmjs.org/d3-brush/-/d3-brush-3.0.0.tgz 16625ms (cache miss)
3870 http fetch GET 200 https://registry.npmjs.org/csstype/-/csstype-3.2.3.tgz 16723ms (cache miss)
3871 http fetch GET 200 https://registry.npmjs.org/cssdb/-/cssdb-8.9.0.tgz 16727ms (cache miss)
3872 http fetch GET 200 https://registry.npmjs.org/css-loader/-/css-loader-6.11.0.tgz 16762ms (cache miss)
3873 http fetch GET 200 https://registry.npmjs.org/css-select/-/css-select-5.2.2.tgz 16781ms (cache miss)
3874 http fetch GET 200 https://registry.npmjs.org/css-minimizer-webpack-plugin/-/css-minimizer-webpack-plugin-5.0.1.tgz 16850ms (cache miss)
3875 http fetch GET 200 https://registry.npmjs.org/css-blank-pseudo/-/css-blank-pseudo-7.0.1.tgz 16875ms (cache miss)
3876 http fetch GET 200 https://registry.npmjs.org/csso/-/csso-5.0.5.tgz 16921ms (cache miss)
3877 http fetch GET 200 https://registry.npmjs.org/crypto-random-string/-/crypto-random-string-4.0.0.tgz 17006ms (cache miss)
3878 http fetch GET 200 https://registry.npmjs.org/d3/-/d3-7.9.0.tgz 17047ms (cache miss)
3879 http fetch GET 200 https://registry.npmjs.org/cose-base/-/cose-base-1.0.3.tgz 17055ms (cache miss)
3880 http fetch GET 200 https://registry.npmjs.org/cross-spawn/-/cross-spawn-7.0.6.tgz 17087ms (cache miss)
3881 http fetch GET 200 https://registry.npmjs.org/css-has-pseudo/-/css-has-pseudo-7.0.3.tgz 17109ms (cache miss)
3882 http fetch GET 200 https://registry.npmjs.org/copy-webpack-plugin/-/copy-webpack-plugin-11.0.0.tgz 17119ms (cache miss)
3883 http fetch GET 200 https://registry.npmjs.org/cookie-signature/-/cookie-signature-1.0.7.tgz 17122ms (cache miss)
3884 http fetch GET 200 https://registry.npmjs.org/core-util-is/-/core-util-is-1.0.3.tgz 17153ms (cache miss)
3885 http fetch GET 200 https://registry.npmjs.org/css-declaration-sorter/-/css-declaration-sorter-7.4.0.tgz 17256ms (cache miss)
3886 http fetch GET 200 https://registry.npmjs.org/core-js-compat/-/core-js-compat-3.49.0.tgz 17290ms (cache miss)
3887 http fetch GET 200 https://registry.npmjs.org/copy-text-to-clipboard/-/copy-text-to-clipboard-3.2.2.tgz 17321ms (cache miss)
3888 http fetch GET 200 https://registry.npmjs.org/convert-source-map/-/convert-source-map-2.0.0.tgz 17323ms (cache miss)
3889 http fetch GET 200 https://registry.npmjs.org/cosmiconfig/-/cosmiconfig-8.3.6.tgz 17351ms (cache miss)
3890 http fetch GET 200 https://registry.npmjs.org/content-type/-/content-type-1.0.5.tgz 17354ms (cache miss)
3891 http fetch GET 200 https://registry.npmjs.org/cookie/-/cookie-0.7.2.tgz 17410ms (cache miss)
3892 http fetch GET 200 https://registry.npmjs.org/connect-history-api-fallback/-/connect-history-api-fallback-2.0.0.tgz 17569ms (cache miss)
3893 http fetch GET 200 https://registry.npmjs.org/compression/-/compression-1.8.1.tgz 17613ms (cache miss)
3894 http fetch GET 200 https://registry.npmjs.org/compressible/-/compressible-2.0.18.tgz 17613ms (cache miss)
3895 http fetch GET 200 https://registry.npmjs.org/config-chain/-/config-chain-1.1.13.tgz 17617ms (cache miss)
3896 http fetch GET 200 https://registry.npmjs.org/concat-map/-/concat-map-0.0.1.tgz 17756ms (cache miss)
3897 http fetch GET 200 https://registry.npmjs.org/configstore/-/configstore-6.0.0.tgz 17759ms (cache miss)
3898 http fetch GET 200 https://registry.npmjs.org/consola/-/consola-3.4.2.tgz 17760ms (cache miss)
3899 http fetch GET 200 https://registry.npmjs.org/content-disposition/-/content-disposition-0.5.2.tgz 17763ms (cache miss)
3900 http fetch GET 200 https://registry.npmjs.org/css-tree/-/css-tree-2.3.1.tgz 17767ms (cache miss)
3901 http fetch GET 200 https://registry.npmjs.org/commander/-/commander-5.1.0.tgz 17777ms (cache miss)
3902 http fetch GET 200 https://registry.npmjs.org/common-path-prefix/-/common-path-prefix-3.0.0.tgz 17870ms (cache miss)
3903 http fetch GET 200 https://registry.npmjs.org/comma-separated-tokens/-/comma-separated-tokens-2.0.3.tgz 17877ms (cache miss)
3904 http fetch GET 200 https://registry.npmjs.org/colorette/-/colorette-2.0.20.tgz 17878ms (cache miss)
3905 http fetch GET 200 https://registry.npmjs.org/comlink/-/comlink-4.4.2.tgz 17984ms (cache miss)
3906 http fetch GET 200 https://registry.npmjs.org/clean-stack/-/clean-stack-2.2.0.tgz 18016ms (cache miss)
3907 http fetch GET 200 https://registry.npmjs.org/color-name/-/color-name-1.1.4.tgz 18019ms (cache miss)
3908 http fetch GET 200 https://registry.npmjs.org/collapse-white-space/-/collapse-white-space-2.1.0.tgz 18033ms (cache miss)
3909 http fetch GET 200 https://registry.npmjs.org/clsx/-/clsx-2.1.1.tgz 18038ms (cache miss)
3910 http fetch GET 200 https://registry.npmjs.org/combine-promises/-/combine-promises-1.2.0.tgz 18077ms (cache miss)
3911 http fetch GET 200 https://registry.npmjs.org/colord/-/colord-2.9.3.tgz 18104ms (cache miss)
3912 http fetch GET 200 https://registry.npmjs.org/clone-deep/-/clone-deep-4.0.1.tgz 18133ms (cache miss)
3913 http fetch GET 200 https://registry.npmjs.org/color-convert/-/color-convert-2.0.1.tgz 18195ms (cache miss)
3914 http fetch GET 200 https://registry.npmjs.org/cli-table3/-/cli-table3-0.6.5.tgz 18282ms (cache miss)
3915 http fetch GET 200 https://registry.npmjs.org/ci-info/-/ci-info-3.9.0.tgz 18284ms (cache miss)
3916 http fetch GET 200 https://registry.npmjs.org/chrome-trace-event/-/chrome-trace-event-1.0.4.tgz 18282ms (cache miss)
3917 http fetch GET 200 https://registry.npmjs.org/character-reference-invalid/-/character-reference-invalid-2.0.1.tgz 18291ms (cache miss)
3918 http fetch GET 200 https://registry.npmjs.org/cli-boxes/-/cli-boxes-3.0.0.tgz 18310ms (cache miss)
3919 http fetch GET 200 https://registry.npmjs.org/character-entities-legacy/-/character-entities-legacy-3.0.0.tgz 18402ms (cache miss)
3920 http fetch GET 200 https://registry.npmjs.org/character-entities-html4/-/character-entities-html4-2.1.0.tgz 18405ms (cache miss)
3921 http fetch GET 200 https://registry.npmjs.org/core-js/-/core-js-3.49.0.tgz 18459ms (cache miss)
3922 http fetch GET 200 https://registry.npmjs.org/chokidar/-/chokidar-3.6.0.tgz 18550ms (cache miss)
3923 http fetch GET 200 https://registry.npmjs.org/chalk/-/chalk-4.1.2.tgz 18559ms (cache miss)
3924 http fetch GET 200 https://registry.npmjs.org/char-regex/-/char-regex-1.0.2.tgz 18566ms (cache miss)
3925 http fetch GET 200 https://registry.npmjs.org/clean-css/-/clean-css-5.3.3.tgz 18656ms (cache miss)
3926 http fetch GET 200 https://registry.npmjs.org/cheerio-select/-/cheerio-select-2.1.0.tgz 18653ms (cache miss)
3927 http fetch GET 200 https://registry.npmjs.org/cheerio/-/cheerio-1.0.0-rc.12.tgz 18655ms (cache miss)
3928 http fetch GET 200 https://registry.npmjs.org/character-entities/-/character-entities-2.0.2.tgz 18656ms (cache miss)
3929 http fetch GET 200 https://registry.npmjs.org/ccount/-/ccount-2.0.1.tgz 18687ms (cache miss)
3930 http fetch GET 200 https://registry.npmjs.org/camel-case/-/camel-case-4.1.2.tgz 18699ms (cache miss)
3931 http fetch GET 200 https://registry.npmjs.org/callsites/-/callsites-3.1.0.tgz 18706ms (cache miss)
3932 http fetch GET 200 https://registry.npmjs.org/lightningcss-darwin-arm64/-/lightningcss-darwin-arm64-1.32.0.tgz 18831ms (cache miss)
3933 http fetch GET 200 https://registry.npmjs.org/caniuse-api/-/caniuse-api-3.0.0.tgz 18805ms (cache miss)
3934 http fetch GET 200 https://registry.npmjs.org/camelcase/-/camelcase-6.3.0.tgz 18807ms (cache miss)
3935 http fetch GET 200 https://registry.npmjs.org/call-bound/-/call-bound-1.0.4.tgz 18832ms (cache miss)
3936 http fetch GET 200 https://registry.npmjs.org/call-bind/-/call-bind-1.0.9.tgz 18863ms (cache miss)
3937 http fetch GET 200 https://registry.npmjs.org/cacheable-request/-/cacheable-request-10.2.14.tgz 18895ms (cache miss)
3938 http fetch GET 200 https://registry.npmjs.org/call-bind-apply-helpers/-/call-bind-apply-helpers-1.0.2.tgz 18924ms (cache miss)
3939 http fetch GET 200 https://registry.npmjs.org/cacheable-lookup/-/cacheable-lookup-7.0.0.tgz 18942ms (cache miss)
3940 http fetch GET 200 https://registry.npmjs.org/bytestreamjs/-/bytestreamjs-2.0.1.tgz 18950ms (cache miss)
3941 http fetch GET 200 https://registry.npmjs.org/bundle-name/-/bundle-name-4.1.0.tgz 18953ms (cache miss)
3942 http fetch GET 200 https://registry.npmjs.org/buffer-from/-/buffer-from-1.1.2.tgz 18954ms (cache miss)
3943 http fetch GET 200 https://registry.npmjs.org/bytes/-/bytes-3.0.0.tgz 19034ms (cache miss)
3944 http fetch GET 200 https://registry.npmjs.org/brace-expansion/-/brace-expansion-1.1.15.tgz 19045ms (cache miss)
3945 http fetch GET 200 https://registry.npmjs.org/boxen/-/boxen-6.2.1.tgz 19073ms (cache miss)
3946 http fetch GET 200 https://registry.npmjs.org/browserslist/-/browserslist-4.28.2.tgz 19082ms (cache miss)
3947 http fetch GET 200 https://registry.npmjs.org/body-parser/-/body-parser-1.20.5.tgz 19153ms (cache miss)
3948 http fetch GET 200 https://registry.npmjs.org/binary-extensions/-/binary-extensions-2.3.0.tgz 19179ms (cache miss)
3949 http fetch GET 200 https://registry.npmjs.org/batch/-/batch-0.6.1.tgz 19210ms (cache miss)
3950 http fetch GET 200 https://registry.npmjs.org/big.js/-/big.js-5.2.2.tgz 19247ms (cache miss)
3951 http fetch GET 200 https://registry.npmjs.org/bail/-/bail-2.0.2.tgz 19327ms (cache miss)
3952 http fetch GET 200 https://registry.npmjs.org/braces/-/braces-3.0.3.tgz 19329ms (cache miss)
3953 http fetch GET 200 https://registry.npmjs.org/boolbase/-/boolbase-1.0.0.tgz 19329ms (cache miss)
3954 http fetch GET 200 https://registry.npmjs.org/balanced-match/-/balanced-match-1.0.2.tgz 19339ms (cache miss)
3955 http fetch GET 200 https://registry.npmjs.org/babel-plugin-polyfill-regenerator/-/babel-plugin-polyfill-regenerator-0.6.8.tgz 19339ms (cache miss)
3956 http fetch GET 200 https://registry.npmjs.org/baseline-browser-mapping/-/baseline-browser-mapping-2.10.33.tgz 19423ms (cache miss)
3957 http fetch GET 200 https://registry.npmjs.org/babel-plugin-polyfill-corejs2/-/babel-plugin-polyfill-corejs2-0.4.17.tgz 19467ms (cache miss)
3958 http fetch GET 200 https://registry.npmjs.org/babel-loader/-/babel-loader-9.2.1.tgz 19488ms (cache miss)
3959 http fetch GET 200 https://registry.npmjs.org/caniuse-lite/-/caniuse-lite-1.0.30001793.tgz 19586ms (cache miss)
3960 http fetch GET 200 https://registry.npmjs.org/array-flatten/-/array-flatten-1.1.1.tgz 19600ms (cache miss)
3961 http fetch GET 200 https://registry.npmjs.org/array-union/-/array-union-2.1.0.tgz 19600ms (cache miss)
3962 http fetch GET 200 https://registry.npmjs.org/babel-plugin-dynamic-import-node/-/babel-plugin-dynamic-import-node-2.3.3.tgz 19640ms (cache miss)
3963 http fetch GET 200 https://registry.npmjs.org/babel-plugin-polyfill-corejs3/-/babel-plugin-polyfill-corejs3-0.13.0.tgz 19664ms (cache miss)
3964 http fetch GET 200 https://registry.npmjs.org/autoprefixer/-/autoprefixer-10.5.0.tgz 19754ms (cache miss)
3965 http fetch GET 200 https://registry.npmjs.org/any-promise/-/any-promise-1.3.0.tgz 19755ms (cache miss)
3966 http fetch GET 200 https://registry.npmjs.org/anymatch/-/anymatch-3.1.3.tgz 19850ms (cache miss)
3967 http fetch GET 200 https://registry.npmjs.org/astring/-/astring-1.9.0.tgz 19850ms (cache miss)
3968 http fetch GET 200 https://registry.npmjs.org/asn1js/-/asn1js-3.0.10.tgz 19850ms (cache miss)
3969 http fetch GET 200 https://registry.npmjs.org/ansis/-/ansis-3.17.0.tgz 19856ms (cache miss)
3970 http fetch GET 200 https://registry.npmjs.org/argparse/-/argparse-2.0.1.tgz 19856ms (cache miss)
3971 http fetch GET 200 https://registry.npmjs.org/arg/-/arg-5.0.2.tgz 19862ms (cache miss)
3972 http fetch GET 200 https://registry.npmjs.org/ansi-regex/-/ansi-regex-5.0.1.tgz 19889ms (cache miss)
3973 http fetch GET 200 https://registry.npmjs.org/ansi-align/-/ansi-align-3.0.1.tgz 19895ms (cache miss)
3974 http fetch GET 200 https://registry.npmjs.org/ansi-html-community/-/ansi-html-community-0.0.8.tgz 19906ms (cache miss)
3975 http fetch GET 200 https://registry.npmjs.org/ajv-keywords/-/ajv-keywords-5.1.0.tgz 20060ms (cache miss)
3976 http fetch GET 200 https://registry.npmjs.org/ajv-formats/-/ajv-formats-2.1.1.tgz 20102ms (cache miss)
3977 http fetch GET 200 https://registry.npmjs.org/address/-/address-1.2.2.tgz 20143ms (cache miss)
3978 http fetch GET 200 https://registry.npmjs.org/ansi-styles/-/ansi-styles-4.3.0.tgz 20172ms (cache miss)
3979 http fetch GET 200 https://registry.npmjs.org/acorn-import-phases/-/acorn-import-phases-1.0.4.tgz 20179ms (cache miss)
3980 http fetch GET 200 https://registry.npmjs.org/aggregate-error/-/aggregate-error-3.1.0.tgz 20189ms (cache miss)
3981 http fetch GET 200 https://registry.npmjs.org/bonjour-service/-/bonjour-service-1.4.0.tgz 20230ms (cache miss)
3982 http fetch GET 200 https://registry.npmjs.org/acorn-walk/-/acorn-walk-8.3.5.tgz 20236ms (cache miss)
3983 http fetch GET 200 https://registry.npmjs.org/acorn-jsx/-/acorn-jsx-5.3.2.tgz 20376ms (cache miss)
3984 http fetch GET 200 https://registry.npmjs.org/accepts/-/accepts-1.3.8.tgz 20379ms (cache miss)
3985 http fetch GET 200 https://registry.npmjs.org/@xtuc/ieee754/-/ieee754-1.2.0.tgz 20443ms (cache miss)
3986 http fetch GET 200 https://registry.npmjs.org/algoliasearch-helper/-/algoliasearch-helper-3.29.1.tgz 20467ms (cache miss)
3987 http fetch GET 200 https://registry.npmjs.org/@webassemblyjs/wasm-opt/-/wasm-opt-1.14.1.tgz 20480ms (cache miss)
3988 http fetch GET 200 https://registry.npmjs.org/@webassemblyjs/leb128/-/leb128-1.13.2.tgz 20539ms (cache miss)
3989 http fetch GET 200 https://registry.npmjs.org/@webassemblyjs/wast-printer/-/wast-printer-1.14.1.tgz 20564ms (cache miss)
3990 http fetch GET 200 https://registry.npmjs.org/@webassemblyjs/wasm-parser/-/wasm-parser-1.14.1.tgz 20605ms (cache miss)
3991 http fetch GET 200 https://registry.npmjs.org/@xtuc/long/-/long-4.2.2.tgz 20624ms (cache miss)
3992 http fetch GET 200 https://registry.npmjs.org/@webassemblyjs/utf8/-/utf8-1.13.2.tgz 20665ms (cache miss)
3993 http fetch GET 200 https://registry.npmjs.org/@webassemblyjs/wasm-gen/-/wasm-gen-1.14.1.tgz 20673ms (cache miss)
3994 http fetch GET 200 https://registry.npmjs.org/@webassemblyjs/ieee754/-/ieee754-1.13.2.tgz 20726ms (cache miss)
3995 http fetch GET 200 https://registry.npmjs.org/@webassemblyjs/wasm-edit/-/wasm-edit-1.14.1.tgz 20813ms (cache miss)
3996 http fetch GET 200 https://registry.npmjs.org/acorn/-/acorn-8.16.0.tgz 20814ms (cache miss)
3997 http fetch GET 200 https://registry.npmjs.org/@webassemblyjs/helper-numbers/-/helper-numbers-1.13.2.tgz 20815ms (cache miss)
3998 http fetch GET 200 https://registry.npmjs.org/@webassemblyjs/helper-wasm-bytecode/-/helper-wasm-bytecode-1.13.2.tgz 20815ms (cache miss)
3999 http fetch GET 200 https://registry.npmjs.org/@webassemblyjs/floating-point-hex-parser/-/floating-point-hex-parser-1.13.2.tgz 20821ms (cache miss)
4000 http fetch GET 200 https://registry.npmjs.org/cytoscape/-/cytoscape-3.33.4.tgz 20909ms (cache miss)
4001 http fetch GET 200 https://registry.npmjs.org/@webassemblyjs/helper-api-error/-/helper-api-error-1.13.2.tgz 20900ms (cache miss)
4002 http fetch GET 200 https://registry.npmjs.org/@webassemblyjs/ast/-/ast-1.14.1.tgz 20910ms (cache miss)
4003 http fetch GET 200 https://registry.npmjs.org/ajv/-/ajv-8.20.0.tgz 20922ms (cache miss)
4004 http fetch GET 200 https://registry.npmjs.org/@webassemblyjs/helper-buffer/-/helper-buffer-1.14.1.tgz 20927ms (cache miss)
4005 http fetch GET 200 https://registry.npmjs.org/@ungap/structured-clone/-/structured-clone-1.3.1.tgz 20950ms (cache miss)
4006 http fetch GET 200 https://registry.npmjs.org/algoliasearch/-/algoliasearch-5.53.0.tgz 20971ms (cache miss)
4007 http fetch GET 200 https://registry.npmjs.org/@types/yargs-parser/-/yargs-parser-21.0.3.tgz 21027ms (cache miss)
4008 http fetch GET 200 https://registry.npmjs.org/@types/trusted-types/-/trusted-types-2.0.7.tgz 21027ms (cache miss)
4009 http fetch GET 200 https://registry.npmjs.org/@types/unist/-/unist-3.0.3.tgz 21032ms (cache miss)
4010 http fetch GET 200 https://registry.npmjs.org/@webassemblyjs/helper-wasm-section/-/helper-wasm-section-1.14.1.tgz 21069ms (cache miss)
4011 http fetch GET 200 https://registry.npmjs.org/@types/ws/-/ws-8.18.1.tgz 21099ms (cache miss)
4012 http fetch GET 200 https://registry.npmjs.org/@types/serve-index/-/serve-index-1.9.4.tgz 21106ms (cache miss)
4013 http fetch GET 200 https://registry.npmjs.org/@types/serve-static/-/serve-static-1.15.10.tgz 21115ms (cache miss)
4014 http fetch GET 200 https://registry.npmjs.org/@types/send/-/send-1.2.1.tgz 21115ms (cache miss)
4015 http fetch GET 200 https://registry.npmjs.org/@upsetjs/venn.js/-/venn.js-2.0.0.tgz 21127ms (cache miss)
4016 http fetch GET 200 https://registry.npmjs.org/@types/retry/-/retry-0.12.2.tgz 21134ms (cache miss)
4017 http fetch GET 200 https://registry.npmjs.org/@types/react-router-dom/-/react-router-dom-5.3.3.tgz 21147ms (cache miss)
4018 http fetch GET 200 https://registry.npmjs.org/@types/react-router-config/-/react-router-config-5.0.11.tgz 21156ms (cache miss)
4019 http fetch GET 200 https://registry.npmjs.org/@types/react-router/-/react-router-5.1.20.tgz 21219ms (cache miss)
4020 http fetch GET 200 https://registry.npmjs.org/@types/sax/-/sax-1.2.7.tgz 21243ms (cache miss)
4021 http fetch GET 200 https://registry.npmjs.org/@types/yargs/-/yargs-17.0.35.tgz 21250ms (cache miss)
4022 http fetch GET 200 https://registry.npmjs.org/@types/range-parser/-/range-parser-1.2.7.tgz 21283ms (cache miss)
4023 http fetch GET 200 https://registry.npmjs.org/@types/sockjs/-/sockjs-0.3.36.tgz 21288ms (cache miss)
4024 http fetch GET 200 https://registry.npmjs.org/@types/ms/-/ms-2.1.0.tgz 21330ms (cache miss)
4025 http fetch GET 200 https://registry.npmjs.org/@types/prismjs/-/prismjs-1.26.6.tgz 21334ms (cache miss)
4026 http fetch GET 200 https://registry.npmjs.org/@types/qs/-/qs-6.15.1.tgz 21424ms (cache miss)
4027 http fetch GET 200 https://registry.npmjs.org/@types/mdx/-/mdx-2.0.13.tgz 21424ms (cache miss)
4028 http fetch GET 200 https://registry.npmjs.org/@types/istanbul-lib-report/-/istanbul-lib-report-3.0.3.tgz 21424ms (cache miss)
4029 http fetch GET 200 https://registry.npmjs.org/@types/mdast/-/mdast-4.0.4.tgz 21424ms (cache miss)
4030 http fetch GET 200 https://registry.npmjs.org/@types/mime/-/mime-1.3.5.tgz 21448ms (cache miss)
4031 http fetch GET 200 https://registry.npmjs.org/@types/react/-/react-19.2.15.tgz 21468ms (cache miss)
4032 http fetch GET 200 https://registry.npmjs.org/@types/istanbul-reports/-/istanbul-reports-3.0.4.tgz 21485ms (cache miss)
4033 http fetch GET 200 https://registry.npmjs.org/@types/http-proxy/-/http-proxy-1.17.17.tgz 21504ms (cache miss)
4034 http fetch GET 200 https://registry.npmjs.org/@types/json-schema/-/json-schema-7.0.15.tgz 21509ms (cache miss)
4035 http fetch GET 200 https://registry.npmjs.org/@types/istanbul-lib-coverage/-/istanbul-lib-coverage-2.0.6.tgz 21531ms (cache miss)
4036 http fetch GET 200 https://registry.npmjs.org/@types/http-errors/-/http-errors-2.0.5.tgz 21542ms (cache miss)
4037 http fetch GET 200 https://registry.npmjs.org/@types/html-minifier-terser/-/html-minifier-terser-6.1.0.tgz 21555ms (cache miss)
4038 http fetch GET 200 https://registry.npmjs.org/@types/gtag.js/-/gtag.js-0.0.20.tgz 21636ms (cache miss)
4039 http fetch GET 200 https://registry.npmjs.org/@types/express-serve-static-core/-/express-serve-static-core-4.19.8.tgz 21656ms (cache miss)
4040 http fetch GET 200 https://registry.npmjs.org/@types/history/-/history-4.7.11.tgz 21672ms (cache miss)
4041 http fetch GET 200 https://registry.npmjs.org/@types/hast/-/hast-3.0.4.tgz 21675ms (cache miss)
4042 http fetch GET 200 https://registry.npmjs.org/@types/geojson/-/geojson-7946.0.16.tgz 21695ms (cache miss)
4043 http fetch GET 200 https://registry.npmjs.org/@types/express/-/express-4.17.25.tgz 21716ms (cache miss)
4044 http fetch GET 200 https://registry.npmjs.org/@types/http-cache-semantics/-/http-cache-semantics-4.2.0.tgz 21718ms (cache miss)
4045 http fetch GET 200 https://registry.npmjs.org/@types/estree-jsx/-/estree-jsx-1.0.5.tgz 21726ms (cache miss)
4046 http fetch GET 200 https://registry.npmjs.org/@types/estree/-/estree-1.0.9.tgz 21734ms (cache miss)
4047 http fetch GET 200 https://registry.npmjs.org/@types/debug/-/debug-4.1.13.tgz 21755ms (cache miss)
4048 http fetch GET 200 https://registry.npmjs.org/@types/d3-transition/-/d3-transition-3.0.9.tgz 21787ms (cache miss)
4049 http fetch GET 200 https://registry.npmjs.org/@types/d3-zoom/-/d3-zoom-3.0.8.tgz 21794ms (cache miss)
4050 http fetch GET 200 https://registry.npmjs.org/@types/d3-timer/-/d3-timer-3.0.2.tgz 21851ms (cache miss)
4051 http fetch GET 200 https://registry.npmjs.org/@types/d3-time/-/d3-time-3.0.4.tgz 21947ms (cache miss)
4052 http fetch GET 200 https://registry.npmjs.org/@types/d3-scale-chromatic/-/d3-scale-chromatic-3.1.0.tgz 21947ms (cache miss)
4053 http fetch GET 200 https://registry.npmjs.org/@types/d3-selection/-/d3-selection-3.0.11.tgz 21947ms (cache miss)
4054 http fetch GET 200 https://registry.npmjs.org/@types/d3-time-format/-/d3-time-format-4.0.3.tgz 21948ms (cache miss)
4055 http fetch GET 200 https://registry.npmjs.org/@types/d3-quadtree/-/d3-quadtree-3.0.6.tgz 21947ms (cache miss)
4056 http fetch GET 200 https://registry.npmjs.org/@types/d3-path/-/d3-path-3.1.1.tgz 21954ms (cache miss)
4057 http fetch GET 200 https://registry.npmjs.org/@types/d3-random/-/d3-random-3.0.3.tgz 21994ms (cache miss)
4058 http fetch GET 200 https://registry.npmjs.org/@types/d3-shape/-/d3-shape-3.1.8.tgz 22018ms (cache miss)
4059 http fetch GET 200 https://registry.npmjs.org/@types/d3-polygon/-/d3-polygon-3.0.2.tgz 22025ms (cache miss)
4060 http fetch GET 200 https://registry.npmjs.org/@types/d3-scale/-/d3-scale-4.0.9.tgz 22043ms (cache miss)
4061 http fetch GET 200 https://registry.npmjs.org/@types/d3-interpolate/-/d3-interpolate-3.0.4.tgz 22051ms (cache miss)
4062 http fetch GET 200 https://registry.npmjs.org/@types/d3-hierarchy/-/d3-hierarchy-3.1.7.tgz 22099ms (cache miss)
4063 http fetch GET 200 https://registry.npmjs.org/@types/node/-/node-25.9.1.tgz 22130ms (cache miss)
4064 http fetch GET 200 https://registry.npmjs.org/@types/d3-dispatch/-/d3-dispatch-3.0.7.tgz 22145ms (cache miss)
4065 http fetch GET 200 https://registry.npmjs.org/@types/d3-format/-/d3-format-3.0.4.tgz 22147ms (cache miss)
4066 http fetch GET 200 https://registry.npmjs.org/@types/d3-delaunay/-/d3-delaunay-6.0.4.tgz 22164ms (cache miss)
4067 http fetch GET 200 https://registry.npmjs.org/@types/d3-ease/-/d3-ease-3.0.2.tgz 22164ms (cache miss)
4068 http fetch GET 200 https://registry.npmjs.org/@types/d3-force/-/d3-force-3.0.10.tgz 22173ms (cache miss)
4069 http fetch GET 200 https://registry.npmjs.org/@types/d3-fetch/-/d3-fetch-3.0.7.tgz 22173ms (cache miss)
4070 http fetch GET 200 https://registry.npmjs.org/@types/d3-dsv/-/d3-dsv-3.0.7.tgz 22201ms (cache miss)
4071 http fetch GET 200 https://registry.npmjs.org/@types/d3-contour/-/d3-contour-3.0.6.tgz 22227ms (cache miss)
4072 http fetch GET 200 https://registry.npmjs.org/@types/d3-chord/-/d3-chord-3.0.6.tgz 22239ms (cache miss)
4073 http fetch GET 200 https://registry.npmjs.org/@types/d3-color/-/d3-color-3.1.3.tgz 22251ms (cache miss)
4074 http fetch GET 200 https://registry.npmjs.org/@types/d3-geo/-/d3-geo-3.1.0.tgz 22263ms (cache miss)
4075 http fetch GET 200 https://registry.npmjs.org/@types/d3-brush/-/d3-brush-3.0.6.tgz 22307ms (cache miss)
4076 http fetch GET 200 https://registry.npmjs.org/@types/d3-axis/-/d3-axis-3.0.6.tgz 22327ms (cache miss)
4077 http fetch GET 200 https://registry.npmjs.org/@types/d3/-/d3-7.4.3.tgz 22342ms (cache miss)
4078 http fetch GET 200 https://registry.npmjs.org/@types/d3-drag/-/d3-drag-3.0.7.tgz 22344ms (cache miss)
4079 http fetch GET 200 https://registry.npmjs.org/@types/connect-history-api-fallback/-/connect-history-api-fallback-1.5.4.tgz 22362ms (cache miss)
4080 http fetch GET 200 https://registry.npmjs.org/@types/bonjour/-/bonjour-3.5.13.tgz 22378ms (cache miss)
4081 http fetch GET 200 https://registry.npmjs.org/@types/body-parser/-/body-parser-1.19.6.tgz 22386ms (cache miss)
4082 http fetch GET 200 https://registry.npmjs.org/@types/d3-array/-/d3-array-3.2.2.tgz 22470ms (cache miss)
4083 http fetch GET 200 https://registry.npmjs.org/@types/connect/-/connect-3.4.38.tgz 22472ms (cache miss)
4084 http fetch GET 200 https://registry.npmjs.org/@szmarczak/http-timer/-/http-timer-5.0.1.tgz 22478ms (cache miss)
4085 http fetch GET 200 https://registry.npmjs.org/@swc/types/-/types-0.1.26.tgz 22514ms (cache miss)
4086 http fetch GET 200 https://registry.npmjs.org/@swc/counter/-/counter-0.1.3.tgz 22523ms (cache miss)
4087 http fetch GET 200 https://registry.npmjs.org/@svgr/webpack/-/webpack-8.1.0.tgz 22574ms (cache miss)
4088 http fetch GET 200 https://registry.npmjs.org/@tybys/wasm-util/-/wasm-util-0.10.2.tgz 22630ms (cache miss)
4089 http fetch GET 200 https://registry.npmjs.org/@svgr/plugin-svgo/-/plugin-svgo-8.1.0.tgz 22636ms (cache miss)
4090 http fetch GET 200 https://registry.npmjs.org/@swc/core/-/core-1.15.40.tgz 22640ms (cache miss)
4091 http fetch GET 200 https://registry.npmjs.org/@svgr/babel-preset/-/babel-preset-8.1.0.tgz 22683ms (cache miss)
4092 http fetch GET 200 https://registry.npmjs.org/@svgr/babel-plugin-svg-dynamic-title/-/babel-plugin-svg-dynamic-title-8.0.0.tgz 22699ms (cache miss)
4093 http fetch GET 200 https://registry.npmjs.org/@svgr/core/-/core-8.1.0.tgz 22703ms (cache miss)
4094 http fetch GET 200 https://registry.npmjs.org/@svgr/babel-plugin-transform-react-native-svg/-/babel-plugin-transform-react-native-svg-8.1.0.tgz 22729ms (cache miss)
4095 http fetch GET 200 https://registry.npmjs.org/@swc/html/-/html-1.15.40.tgz 22753ms (cache miss)
4096 http fetch GET 200 https://registry.npmjs.org/@svgr/plugin-jsx/-/plugin-jsx-8.1.0.tgz 22754ms (cache miss)
4097 http fetch GET 200 https://registry.npmjs.org/@svgr/babel-plugin-transform-svg-component/-/babel-plugin-transform-svg-component-8.0.0.tgz 22753ms (cache miss)
4098 http fetch GET 200 https://registry.npmjs.org/@svgr/babel-plugin-replace-jsx-attribute-value/-/babel-plugin-replace-jsx-attribute-value-8.0.0.tgz 22792ms (cache miss)
4099 http fetch GET 200 https://registry.npmjs.org/@svgr/babel-plugin-remove-jsx-empty-expression/-/babel-plugin-remove-jsx-empty-expression-8.0.0.tgz 22845ms (cache miss)
4100 http fetch GET 200 https://registry.npmjs.org/@svgr/babel-plugin-remove-jsx-attribute/-/babel-plugin-remove-jsx-attribute-8.0.0.tgz 22856ms (cache miss)
4101 http fetch GET 200 https://registry.npmjs.org/@svgr/hast-util-to-babel-ast/-/hast-util-to-babel-ast-8.0.0.tgz 22886ms (cache miss)
4102 http fetch GET 200 https://registry.npmjs.org/@svgr/babel-plugin-svg-em-dimensions/-/babel-plugin-svg-em-dimensions-8.0.0.tgz 22993ms (cache miss)
4103 http fetch GET 200 https://registry.npmjs.org/@slorber/remark-comment/-/remark-comment-1.0.0.tgz 22993ms (cache miss)
4104 http fetch GET 200 https://registry.npmjs.org/@sideway/formula/-/formula-3.0.1.tgz 22996ms (cache miss)
4105 http fetch GET 200 https://registry.npmjs.org/@sideway/pinpoint/-/pinpoint-2.0.0.tgz 22996ms (cache miss)
4106 http fetch GET 200 https://registry.npmjs.org/@sindresorhus/is/-/is-4.6.0.tgz 23002ms (cache miss)
4107 http fetch GET 200 https://registry.npmjs.org/@svgr/babel-plugin-add-jsx-attribute/-/babel-plugin-add-jsx-attribute-8.0.0.tgz 23006ms (cache miss)
4108 http fetch GET 200 https://registry.npmjs.org/@sideway/address/-/address-4.1.5.tgz 23093ms (cache miss)
4109 http fetch GET 200 https://registry.npmjs.org/@rspack/lite-tapable/-/lite-tapable-1.1.0.tgz 23117ms (cache miss)
4110 http fetch GET 200 https://registry.npmjs.org/@polka/url/-/url-1.0.0-next.29.tgz 23137ms (cache miss)
4111 http fetch GET 200 https://registry.npmjs.org/@sinclair/typebox/-/typebox-0.27.10.tgz 23160ms (cache miss)
4112 http fetch GET 200 https://registry.npmjs.org/@pnpm/config.env-replace/-/config.env-replace-1.1.0.tgz 23252ms (cache miss)
4113 http fetch GET 200 https://registry.npmjs.org/@rspack/binding/-/binding-1.7.11.tgz 23305ms (cache miss)
4114 http fetch GET 200 https://registry.npmjs.org/@pnpm/npm-conf/-/npm-conf-3.0.2.tgz 23311ms (cache miss)
4115 http fetch GET 200 https://registry.npmjs.org/@pnpm/network.ca-file/-/network.ca-file-1.0.2.tgz 23326ms (cache miss)
4116 http fetch GET 200 https://registry.npmjs.org/@peculiar/asn1-x509-attr/-/asn1-x509-attr-2.7.0.tgz 23372ms (cache miss)
4117 http fetch GET 200 https://registry.npmjs.org/@peculiar/utils/-/utils-2.0.3.tgz 23531ms (cache miss)
4118 http fetch GET 200 https://registry.npmjs.org/@peculiar/asn1-x509/-/asn1-x509-2.7.0.tgz 23547ms (cache miss)
4119 http fetch GET 200 https://registry.npmjs.org/@peculiar/asn1-ecc/-/asn1-ecc-2.7.0.tgz 23635ms (cache miss)
4120 http fetch GET 200 https://registry.npmjs.org/@peculiar/asn1-schema/-/asn1-schema-2.7.0.tgz 23635ms (cache miss)
4121 http fetch GET 200 https://registry.npmjs.org/@peculiar/asn1-rsa/-/asn1-rsa-2.7.0.tgz 23659ms (cache miss)
4122 http fetch GET 200 https://registry.npmjs.org/@peculiar/asn1-pkcs8/-/asn1-pkcs8-2.7.0.tgz 23686ms (cache miss)
4123 http fetch GET 200 https://registry.npmjs.org/@peculiar/asn1-pkcs9/-/asn1-pkcs9-2.7.0.tgz 23732ms (cache miss)
4124 http fetch GET 200 https://registry.npmjs.org/@peculiar/asn1-pfx/-/asn1-pfx-2.7.0.tgz 23910ms (cache miss)
4125 http fetch GET 200 https://registry.npmjs.org/@nodelib/fs.walk/-/fs.walk-1.2.8.tgz 23935ms (cache miss)
4126 http fetch GET 200 https://registry.npmjs.org/@nodelib/fs.stat/-/fs.stat-2.0.5.tgz 23943ms (cache miss)
4127 http fetch GET 200 https://registry.npmjs.org/@peculiar/x509/-/x509-1.14.3.tgz 23944ms (cache miss)
4128 http fetch GET 200 https://registry.npmjs.org/@peculiar/asn1-csr/-/asn1-csr-2.7.0.tgz 24039ms (cache miss)
4129 http fetch GET 200 https://registry.npmjs.org/@nodelib/fs.scandir/-/fs.scandir-2.1.5.tgz 24041ms (cache miss)
4130 http fetch GET 200 https://registry.npmjs.org/@peculiar/asn1-cms/-/asn1-cms-2.7.0.tgz 24050ms (cache miss)
4131 http fetch GET 200 https://registry.npmjs.org/@module-federation/runtime-tools/-/runtime-tools-0.22.0.tgz 24239ms (cache miss)
4132 http fetch GET 200 https://registry.npmjs.org/@module-federation/error-codes/-/error-codes-0.22.0.tgz 24352ms (cache miss)
4133 http fetch GET 200 https://registry.npmjs.org/@module-federation/sdk/-/sdk-0.22.0.tgz 24567ms (cache miss)
4134 http fetch GET 200 https://registry.npmjs.org/@module-federation/runtime/-/runtime-0.22.0.tgz 24602ms (cache miss)
4135 http fetch GET 200 https://registry.npmjs.org/@rspack/core/-/core-1.7.11.tgz 24687ms (cache miss)
4136 http fetch GET 200 https://registry.npmjs.org/@node-rs/jieba/-/jieba-1.10.4.tgz 24718ms (cache miss)
4137 http fetch GET 200 https://registry.npmjs.org/@module-federation/webpack-bundler-runtime/-/webpack-bundler-runtime-0.22.0.tgz 24723ms (cache miss)
4138 http fetch GET 200 https://registry.npmjs.org/@noble/hashes/-/hashes-1.4.0.tgz 24821ms (cache miss)
4139 http fetch GET 200 https://registry.npmjs.org/@module-federation/runtime-core/-/runtime-core-0.22.0.tgz 24914ms (cache miss)
4140 http fetch GET 200 https://registry.npmjs.org/@mdx-js/react/-/react-3.1.1.tgz 24983ms (cache miss)
4141 http fetch GET 200 https://registry.npmjs.org/@leichtgewicht/ip-codec/-/ip-codec-2.0.5.tgz 25103ms (cache miss)
4142 http fetch GET 200 https://registry.npmjs.org/@jsonjoy.com/json-pointer/-/json-pointer-1.0.2.tgz 25132ms (cache miss)
4143 http fetch GET 200 https://registry.npmjs.org/@mdx-js/mdx/-/mdx-3.1.1.tgz 25243ms (cache miss)
4144 http fetch GET 200 https://registry.npmjs.org/@jsonjoy.com/util/-/util-1.9.0.tgz 25262ms (cache miss)
4145 http fetch GET 200 https://registry.npmjs.org/@jsonjoy.com/fs-snapshot/-/fs-snapshot-4.57.3.tgz 25430ms (cache miss)
4146 http fetch GET 200 https://registry.npmjs.org/@jsonjoy.com/fs-node-utils/-/fs-node-utils-4.57.3.tgz 25615ms (cache miss)
4147 http fetch GET 200 https://registry.npmjs.org/@jsonjoy.com/fs-print/-/fs-print-4.57.3.tgz 25634ms (cache miss)
4148 http fetch GET 200 https://registry.npmjs.org/@jsonjoy.com/fs-node-to-fsa/-/fs-node-to-fsa-4.57.3.tgz 25741ms (cache miss)
4149 http fetch GET 200 https://registry.npmjs.org/@jsonjoy.com/fs-node/-/fs-node-4.57.3.tgz 26051ms (cache miss)
4150 http fetch GET 200 https://registry.npmjs.org/@jsonjoy.com/fs-fsa/-/fs-fsa-4.57.3.tgz 26128ms (cache miss)
4151 http fetch GET 200 https://registry.npmjs.org/@jsonjoy.com/base64/-/base64-1.1.2.tgz 26199ms (cache miss)
4152 http fetch GET 200 https://registry.npmjs.org/@jsonjoy.com/fs-node-builtins/-/fs-node-builtins-4.57.3.tgz 26241ms (cache miss)
4153 http fetch GET 200 https://registry.npmjs.org/@jsonjoy.com/buffers/-/buffers-17.67.0.tgz 26320ms (cache miss)
4154 http fetch GET 200 https://registry.npmjs.org/@jridgewell/sourcemap-codec/-/sourcemap-codec-1.5.5.tgz 26491ms (cache miss)
4155 http fetch GET 200 https://registry.npmjs.org/@jridgewell/source-map/-/source-map-0.3.11.tgz 26540ms (cache miss)
4156 http fetch GET 200 https://registry.npmjs.org/@jridgewell/trace-mapping/-/trace-mapping-0.3.31.tgz 26652ms (cache miss)
4157 http fetch GET 200 https://registry.npmjs.org/@jridgewell/resolve-uri/-/resolve-uri-3.1.2.tgz 26680ms (cache miss)
4158 http fetch GET 200 https://registry.npmjs.org/@jsonjoy.com/codegen/-/codegen-1.0.0.tgz 26833ms (cache miss)
4159 http fetch GET 200 https://registry.npmjs.org/@philpl/buble/-/buble-0.19.7.tgz 26914ms (cache miss)
4160 http fetch GET 200 https://registry.npmjs.org/@jridgewell/remapping/-/remapping-2.3.5.tgz 26983ms (cache miss)
4161 http fetch GET 200 https://registry.npmjs.org/@jsonjoy.com/json-pack/-/json-pack-1.21.0.tgz 26996ms (cache miss)
4162 http fetch GET 200 https://registry.npmjs.org/@jsonjoy.com/fs-core/-/fs-core-4.57.3.tgz 27056ms (cache miss)
4163 http fetch GET 200 https://registry.npmjs.org/@jridgewell/gen-mapping/-/gen-mapping-0.3.13.tgz 27093ms (cache miss)
4164 http fetch GET 200 https://registry.npmjs.org/@iconify/types/-/types-2.0.0.tgz 27185ms (cache miss)
4165 http fetch GET 200 https://registry.npmjs.org/@iconify/utils/-/utils-3.1.3.tgz 27282ms (cache miss)
4166 http fetch GET 200 https://registry.npmjs.org/@jest/schemas/-/schemas-29.6.3.tgz 27306ms (cache miss)
4167 http fetch GET 200 https://registry.npmjs.org/@jest/types/-/types-29.6.3.tgz 27314ms (cache miss)
4168 http fetch GET 200 https://registry.npmjs.org/@hapi/hoek/-/hoek-9.3.0.tgz 27398ms (cache miss)
4169 http fetch GET 200 https://registry.npmjs.org/@emnapi/wasi-threads/-/wasi-threads-1.2.1.tgz 27468ms (cache miss)
4170 http fetch GET 200 https://registry.npmjs.org/@hapi/topo/-/topo-5.1.0.tgz 27528ms (cache miss)
4171 http fetch GET 200 https://registry.npmjs.org/@napi-rs/wasm-runtime/-/wasm-runtime-1.0.7.tgz 27545ms (cache miss)
4172 http fetch GET 200 https://registry.npmjs.org/@docusaurus/utils-common/-/utils-common-3.10.1.tgz 27801ms (cache miss)
4173 http fetch GET 200 https://registry.npmjs.org/@docusaurus/utils-validation/-/utils-validation-3.10.1.tgz 27954ms (cache miss)
4174 http fetch GET 200 https://registry.npmjs.org/@docusaurus/types/-/types-3.10.1.tgz 27995ms (cache miss)
4175 http fetch GET 200 https://registry.npmjs.org/@emnapi/runtime/-/runtime-1.10.0.tgz 28017ms (cache miss)
4176 http fetch GET 200 https://registry.npmjs.org/@docusaurus/tsconfig/-/tsconfig-3.10.1.tgz 28067ms (cache miss)
4177 http fetch GET 200 https://registry.npmjs.org/@docusaurus/theme-translations/-/theme-translations-3.10.1.tgz 28515ms (cache miss)
4178 http fetch GET 200 https://registry.npmjs.org/@docusaurus/theme-mermaid/-/theme-mermaid-3.10.1.tgz 28533ms (cache miss)
4179 http fetch GET 200 https://registry.npmjs.org/@easyops-cn/docusaurus-search-local/-/docusaurus-search-local-0.55.2.tgz 28658ms (cache miss)
4180 http fetch GET 200 https://registry.npmjs.org/@docusaurus/theme-search-algolia/-/theme-search-algolia-3.10.1.tgz 28756ms (cache miss)
4181 http fetch GET 200 https://registry.npmjs.org/@emnapi/core/-/core-1.10.0.tgz 28852ms (cache miss)
4182 http fetch GET 200 https://registry.npmjs.org/@docusaurus/utils/-/utils-3.10.1.tgz 28878ms (cache miss)
4183 http fetch GET 200 https://registry.npmjs.org/@docusaurus/plugin-svgr/-/plugin-svgr-3.10.1.tgz 29048ms (cache miss)
4184 http fetch GET 200 https://registry.npmjs.org/@docusaurus/preset-classic/-/preset-classic-3.10.1.tgz 29168ms (cache miss)
4185 http fetch GET 200 https://registry.npmjs.org/@docusaurus/theme-common/-/theme-common-3.10.1.tgz 29171ms (cache miss)
4186 http fetch GET 200 https://registry.npmjs.org/@docusaurus/plugin-google-gtag/-/plugin-google-gtag-3.10.1.tgz 29270ms (cache miss)
4187 http fetch GET 200 https://registry.npmjs.org/@docusaurus/plugin-sitemap/-/plugin-sitemap-3.10.1.tgz 29279ms (cache miss)
4188 http fetch GET 200 https://registry.npmjs.org/@easyops-cn/autocomplete.js/-/autocomplete.js-0.38.1.tgz 29280ms (cache miss)
4189 http fetch GET 200 https://registry.npmjs.org/@docusaurus/theme-live-codeblock/-/theme-live-codeblock-3.10.1.tgz 29339ms (cache miss)
4190 http fetch GET 200 https://registry.npmjs.org/@docusaurus/plugin-google-analytics/-/plugin-google-analytics-3.10.1.tgz 29381ms (cache miss)
4191 http fetch GET 200 https://registry.npmjs.org/@docusaurus/plugin-css-cascade-layers/-/plugin-css-cascade-layers-3.10.1.tgz 29481ms (cache miss)
4192 http fetch GET 200 https://registry.npmjs.org/@docusaurus/plugin-google-tag-manager/-/plugin-google-tag-manager-3.10.1.tgz 29601ms (cache miss)
4193 http fetch GET 200 https://registry.npmjs.org/@docusaurus/plugin-debug/-/plugin-debug-3.10.1.tgz 29707ms (cache miss)
4194 http fetch GET 200 https://registry.npmjs.org/@docusaurus/plugin-content-blog/-/plugin-content-blog-3.10.1.tgz 29798ms (cache miss)
4195 http fetch GET 200 https://registry.npmjs.org/@docusaurus/theme-classic/-/theme-classic-3.10.1.tgz 29807ms (cache miss)
4196 http fetch GET 200 https://registry.npmjs.org/@docusaurus/mdx-loader/-/mdx-loader-3.10.1.tgz 29976ms (cache miss)
4197 http fetch GET 200 https://registry.npmjs.org/@docusaurus/faster/-/faster-3.10.1.tgz 30064ms (cache miss)
4198 http fetch GET 200 https://registry.npmjs.org/@docusaurus/plugin-content-docs/-/plugin-content-docs-3.10.1.tgz 30094ms (cache miss)
4199 http fetch GET 200 https://registry.npmjs.org/@docusaurus/plugin-client-redirects/-/plugin-client-redirects-3.10.1.tgz 30101ms (cache miss)
4200 http fetch GET 200 https://registry.npmjs.org/@docusaurus/cssnano-preset/-/cssnano-preset-3.10.1.tgz 30123ms (cache miss)
4201 http fetch GET 200 https://registry.npmjs.org/@docusaurus/bundler/-/bundler-3.10.1.tgz 30225ms (cache miss)
4202 http fetch GET 200 https://registry.npmjs.org/@docusaurus/babel/-/babel-3.10.1.tgz 30444ms (cache miss)
4203 http fetch GET 200 https://registry.npmjs.org/@docsearch/core/-/core-4.6.3.tgz 30463ms (cache miss)
4204 http fetch GET 200 https://registry.npmjs.org/@docusaurus/logger/-/logger-3.10.1.tgz 30510ms (cache miss)
4205 http fetch GET 200 https://registry.npmjs.org/@csstools/postcss-trigonometric-functions/-/postcss-trigonometric-functions-4.0.9.tgz 30559ms (cache miss)
4206 http fetch GET 200 https://registry.npmjs.org/@docusaurus/plugin-content-pages/-/plugin-content-pages-3.10.1.tgz 30593ms (cache miss)
4207 http fetch GET 200 https://registry.npmjs.org/@docusaurus/core/-/core-3.10.1.tgz 30643ms (cache miss)
4208 http fetch GET 200 https://registry.npmjs.org/@docsearch/css/-/css-4.6.3.tgz 30796ms (cache miss)
4209 http fetch GET 200 https://registry.npmjs.org/@docusaurus/module-type-aliases/-/module-type-aliases-3.10.1.tgz 30846ms (cache miss)
4210 http fetch GET 200 https://registry.npmjs.org/@csstools/postcss-system-ui-font-family/-/postcss-system-ui-font-family-1.0.0.tgz 30869ms (cache miss)
4211 http fetch GET 200 https://registry.npmjs.org/@discoveryjs/json-ext/-/json-ext-0.5.7.tgz 30976ms (cache miss)
4212 http fetch GET 200 https://registry.npmjs.org/@csstools/postcss-unset-value/-/postcss-unset-value-4.0.0.tgz 30984ms (cache miss)
4213 http fetch GET 200 https://registry.npmjs.org/@csstools/postcss-text-decoration-shorthand/-/postcss-text-decoration-shorthand-4.0.3.tgz 30997ms (cache miss)
4214 http fetch GET 200 https://registry.npmjs.org/@csstools/postcss-syntax-descriptor-syntax-production/-/postcss-syntax-descriptor-syntax-production-1.0.1.tgz 31047ms (cache miss)
4215 http fetch GET 200 https://registry.npmjs.org/@csstools/postcss-stepped-value-functions/-/postcss-stepped-value-functions-4.0.9.tgz 31103ms (cache miss)
4216 http fetch GET 200 https://registry.npmjs.org/@csstools/postcss-sign-functions/-/postcss-sign-functions-1.1.4.tgz 31162ms (cache miss)
4217 http fetch GET 200 https://registry.npmjs.org/@csstools/postcss-scope-pseudo-class/-/postcss-scope-pseudo-class-4.0.1.tgz 31245ms (cache miss)
4218 http fetch GET 200 https://registry.npmjs.org/@csstools/postcss-progressive-custom-properties/-/postcss-progressive-custom-properties-4.2.1.tgz 31278ms (cache miss)
4219 http fetch GET 200 https://registry.npmjs.org/@csstools/postcss-property-rule-prelude-list/-/postcss-property-rule-prelude-list-1.0.0.tgz 31283ms (cache miss)
4220 http fetch GET 200 https://registry.npmjs.org/@csstools/postcss-random-function/-/postcss-random-function-2.0.1.tgz 31371ms (cache miss)
4221 http fetch GET 200 https://registry.npmjs.org/@csstools/postcss-position-area-property/-/postcss-position-area-property-1.0.0.tgz 31373ms (cache miss)
4222 http fetch GET 200 https://registry.npmjs.org/@csstools/postcss-oklab-function/-/postcss-oklab-function-4.0.12.tgz 31411ms (cache miss)
4223 http fetch GET 200 https://registry.npmjs.org/@csstools/postcss-normalize-display-values/-/postcss-normalize-display-values-4.0.1.tgz 31480ms (cache miss)
4224 http fetch GET 200 https://registry.npmjs.org/@csstools/postcss-nested-calc/-/postcss-nested-calc-4.0.0.tgz 31557ms (cache miss)
4225 http fetch GET 200 https://registry.npmjs.org/@csstools/postcss-media-minmax/-/postcss-media-minmax-2.0.9.tgz 31594ms (cache miss)
4226 http fetch GET 200 https://registry.npmjs.org/@csstools/postcss-media-queries-aspect-ratio-number-values/-/postcss-media-queries-aspect-ratio-number-values-3.0.5.tgz 31643ms (cache miss)
4227 http fetch GET 200 https://registry.npmjs.org/@csstools/postcss-logical-overflow/-/postcss-logical-overflow-2.0.0.tgz 31675ms (cache miss)
4228 http fetch GET 200 https://registry.npmjs.org/@csstools/postcss-logical-viewport-units/-/postcss-logical-viewport-units-3.0.4.tgz 31697ms (cache miss)
4229 http fetch GET 200 https://registry.npmjs.org/@csstools/postcss-logical-overscroll-behavior/-/postcss-logical-overscroll-behavior-2.0.0.tgz 31715ms (cache miss)
4230 http fetch GET 200 https://registry.npmjs.org/@csstools/postcss-logical-resize/-/postcss-logical-resize-3.0.0.tgz 31810ms (cache miss)
4231 http fetch GET 200 https://registry.npmjs.org/@csstools/utilities/-/utilities-2.0.0.tgz 31892ms (cache miss)
4232 http fetch GET 200 https://registry.npmjs.org/@csstools/postcss-light-dark-function/-/postcss-light-dark-function-2.0.11.tgz 31901ms (cache miss)
4233 http fetch GET 200 https://registry.npmjs.org/@csstools/postcss-is-pseudo-class/-/postcss-is-pseudo-class-5.0.3.tgz 31957ms (cache miss)
4234 http fetch GET 200 https://registry.npmjs.org/@csstools/postcss-logical-float-and-clear/-/postcss-logical-float-and-clear-3.0.0.tgz 31978ms (cache miss)
4235 http fetch GET 200 https://registry.npmjs.org/@csstools/postcss-relative-color-syntax/-/postcss-relative-color-syntax-3.0.12.tgz 32013ms (cache miss)
4236 http fetch GET 200 https://registry.npmjs.org/@csstools/postcss-hwb-function/-/postcss-hwb-function-4.0.12.tgz 32015ms (cache miss)
4237 http fetch GET 200 https://registry.npmjs.org/@csstools/postcss-ic-unit/-/postcss-ic-unit-4.0.4.tgz 32129ms (cache miss)
4238 http fetch GET 200 https://registry.npmjs.org/@csstools/postcss-initial/-/postcss-initial-2.0.1.tgz 32199ms (cache miss)
4239 http fetch GET 200 https://registry.npmjs.org/@csstools/postcss-font-format-keywords/-/postcss-font-format-keywords-4.0.0.tgz 32270ms (cache miss)
4240 http fetch GET 200 https://registry.npmjs.org/@csstools/postcss-gamut-mapping/-/postcss-gamut-mapping-2.0.11.tgz 32272ms (cache miss)
4241 http fetch GET 200 https://registry.npmjs.org/@csstools/postcss-exponential-functions/-/postcss-exponential-functions-2.0.9.tgz 32275ms (cache miss)
4242 http fetch GET 200 https://registry.npmjs.org/@csstools/postcss-gradients-interpolation-method/-/postcss-gradients-interpolation-method-5.0.12.tgz 32335ms (cache miss)
4243 http fetch GET 200 https://registry.npmjs.org/@csstools/postcss-content-alt-text/-/postcss-content-alt-text-2.0.8.tgz 32335ms (cache miss)
4244 http fetch GET 200 https://registry.npmjs.org/@csstools/postcss-contrast-color-function/-/postcss-contrast-color-function-2.0.12.tgz 32455ms (cache miss)
4245 http fetch GET 200 https://registry.npmjs.org/@csstools/postcss-color-function-display-p3-linear/-/postcss-color-function-display-p3-linear-1.0.1.tgz 32507ms (cache miss)
4246 http fetch GET 200 https://registry.npmjs.org/@csstools/postcss-color-mix-function/-/postcss-color-mix-function-3.0.12.tgz 32583ms (cache miss)
4247 http fetch GET 200 https://registry.npmjs.org/@csstools/postcss-color-mix-variadic-function-arguments/-/postcss-color-mix-variadic-function-arguments-1.0.2.tgz 32588ms (cache miss)
4248 http fetch GET 200 https://registry.npmjs.org/@csstools/postcss-cascade-layers/-/postcss-cascade-layers-5.0.2.tgz 32588ms (cache miss)
4249 http fetch GET 200 https://registry.npmjs.org/@csstools/postcss-alpha-function/-/postcss-alpha-function-1.0.1.tgz 32653ms (cache miss)
4250 http fetch GET 200 https://registry.npmjs.org/@csstools/postcss-color-function/-/postcss-color-function-4.0.12.tgz 32653ms (cache miss)
4251 http fetch GET 200 https://registry.npmjs.org/@csstools/media-query-list-parser/-/media-query-list-parser-4.0.3.tgz 32869ms (cache miss)
4252 http fetch GET 200 https://registry.npmjs.org/@csstools/css-parser-algorithms/-/css-parser-algorithms-3.0.5.tgz 32945ms (cache miss)
4253 http fetch GET 200 https://registry.npmjs.org/@csstools/cascade-layer-name-parser/-/cascade-layer-name-parser-2.0.5.tgz 32945ms (cache miss)
4254 http fetch GET 200 https://registry.npmjs.org/@csstools/css-tokenizer/-/css-tokenizer-3.0.4.tgz 32946ms (cache miss)
4255 http fetch GET 200 https://registry.npmjs.org/@chevrotain/types/-/types-11.1.2.tgz 33002ms (cache miss)
4256 http fetch GET 200 https://registry.npmjs.org/@csstools/css-color-parser/-/css-color-parser-3.1.0.tgz 33064ms (cache miss)
4257 http fetch GET 200 https://registry.npmjs.org/@csstools/color-helpers/-/color-helpers-5.1.0.tgz 33065ms (cache miss)
4258 http fetch GET 200 https://registry.npmjs.org/@colors/colors/-/colors-1.5.0.tgz 33372ms (cache miss)
4259 http fetch GET 200 https://registry.npmjs.org/@csstools/css-calc/-/css-calc-2.1.4.tgz 33466ms (cache miss)
4260 http fetch GET 200 https://registry.npmjs.org/@babel/preset-typescript/-/preset-typescript-7.29.7.tgz 33500ms (cache miss)
4261 http fetch GET 200 https://registry.npmjs.org/@braintree/sanitize-url/-/sanitize-url-7.1.2.tgz 33505ms (cache miss)
4262 http fetch GET 200 https://registry.npmjs.org/@babel/runtime/-/runtime-7.29.7.tgz 33545ms (cache miss)
4263 http fetch GET 200 https://registry.npmjs.org/@babel/preset-modules/-/preset-modules-0.1.6-no-external-plugins.tgz 33719ms (cache miss)
4264 http fetch GET 200 https://registry.npmjs.org/@babel/plugin-transform-unicode-regex/-/plugin-transform-unicode-regex-7.29.7.tgz 33875ms (cache miss)
4265 http fetch GET 200 https://registry.npmjs.org/@babel/preset-react/-/preset-react-7.29.7.tgz 33900ms (cache miss)
4266 http fetch GET 200 https://registry.npmjs.org/@babel/template/-/template-7.29.7.tgz 33992ms (cache miss)
4267 http fetch GET 200 https://registry.npmjs.org/@babel/preset-env/-/preset-env-7.29.7.tgz 34037ms (cache miss)
4268 http fetch GET 200 https://registry.npmjs.org/@babel/plugin-transform-unicode-sets-regex/-/plugin-transform-unicode-sets-regex-7.29.7.tgz 34068ms (cache miss)
4269 http fetch GET 200 https://registry.npmjs.org/@babel/plugin-transform-unicode-property-regex/-/plugin-transform-unicode-property-regex-7.29.7.tgz 34237ms (cache miss)
4270 http fetch GET 200 https://registry.npmjs.org/@babel/traverse/-/traverse-7.29.7.tgz 34331ms (cache miss)
4271 http fetch GET 200 https://registry.npmjs.org/@babel/plugin-transform-typeof-symbol/-/plugin-transform-typeof-symbol-7.29.7.tgz 34338ms (cache miss)
4272 http fetch GET 200 https://registry.npmjs.org/@babel/plugin-transform-unicode-escapes/-/plugin-transform-unicode-escapes-7.29.7.tgz 34382ms (cache miss)
4273 http fetch GET 200 https://registry.npmjs.org/@babel/plugin-transform-typescript/-/plugin-transform-typescript-7.29.7.tgz 34392ms (cache miss)
4274 http fetch GET 200 https://registry.npmjs.org/@babel/plugin-transform-template-literals/-/plugin-transform-template-literals-7.29.7.tgz 34418ms (cache miss)
4275 http fetch GET 200 https://registry.npmjs.org/@babel/plugin-transform-spread/-/plugin-transform-spread-7.29.7.tgz 34556ms (cache miss)
4276 http fetch GET 200 https://registry.npmjs.org/@babel/plugin-transform-sticky-regex/-/plugin-transform-sticky-regex-7.29.7.tgz 34643ms (cache miss)
4277 http fetch GET 200 https://registry.npmjs.org/@babel/plugin-transform-shorthand-properties/-/plugin-transform-shorthand-properties-7.29.7.tgz 34665ms (cache miss)
4278 http fetch GET 200 https://registry.npmjs.org/@babel/plugin-transform-reserved-words/-/plugin-transform-reserved-words-7.29.7.tgz 34695ms (cache miss)
4279 http fetch GET 200 https://registry.npmjs.org/@babel/plugin-transform-regexp-modifiers/-/plugin-transform-regexp-modifiers-7.29.7.tgz 34748ms (cache miss)
4280 http fetch GET 200 https://registry.npmjs.org/@babel/types/-/types-7.29.7.tgz 34837ms (cache miss)
4281 http fetch GET 200 https://registry.npmjs.org/@babel/plugin-transform-runtime/-/plugin-transform-runtime-7.29.7.tgz 34864ms (cache miss)
4282 http fetch GET 200 https://registry.npmjs.org/@babel/plugin-transform-react-pure-annotations/-/plugin-transform-react-pure-annotations-7.29.7.tgz 34879ms (cache miss)
4283 http fetch GET 200 https://registry.npmjs.org/@babel/plugin-transform-react-jsx-development/-/plugin-transform-react-jsx-development-7.29.7.tgz 35033ms (cache miss)
4284 http fetch GET 200 https://registry.npmjs.org/@babel/plugin-transform-property-literals/-/plugin-transform-property-literals-7.29.7.tgz 35064ms (cache miss)
4285 http fetch GET 200 https://registry.npmjs.org/@babel/plugin-transform-react-constant-elements/-/plugin-transform-react-constant-elements-7.29.7.tgz 35162ms (cache miss)
4286 http fetch GET 200 https://registry.npmjs.org/@babel/plugin-transform-react-display-name/-/plugin-transform-react-display-name-7.29.7.tgz 35218ms (cache miss)
4287 http fetch GET 200 https://registry.npmjs.org/@babel/plugin-transform-react-jsx/-/plugin-transform-react-jsx-7.29.7.tgz 35262ms (cache miss)
4288 http fetch GET 200 https://registry.npmjs.org/@babel/plugin-transform-regenerator/-/plugin-transform-regenerator-7.29.7.tgz 35277ms (cache miss)
4289 http fetch GET 200 https://registry.npmjs.org/@babel/plugin-transform-private-methods/-/plugin-transform-private-methods-7.29.7.tgz 35344ms (cache miss)
4290 http fetch GET 200 https://registry.npmjs.org/@babel/plugin-transform-parameters/-/plugin-transform-parameters-7.29.7.tgz 35457ms (cache miss)
4291 http fetch GET 200 https://registry.npmjs.org/@babel/plugin-transform-optional-chaining/-/plugin-transform-optional-chaining-7.29.7.tgz 35467ms (cache miss)
4292 http fetch GET 200 https://registry.npmjs.org/@babel/plugin-transform-private-property-in-object/-/plugin-transform-private-property-in-object-7.29.7.tgz 35562ms (cache miss)
4293 http fetch GET 200 https://registry.npmjs.org/@babel/plugin-transform-optional-catch-binding/-/plugin-transform-optional-catch-binding-7.29.7.tgz 35573ms (cache miss)
4294 http fetch GET 200 https://registry.npmjs.org/@babel/plugin-transform-numeric-separator/-/plugin-transform-numeric-separator-7.29.7.tgz 35584ms (cache miss)
4295 http fetch GET 200 https://registry.npmjs.org/@babel/plugin-transform-object-rest-spread/-/plugin-transform-object-rest-spread-7.29.7.tgz 35609ms (cache miss)
4296 http fetch GET 200 https://registry.npmjs.org/@babel/plugin-transform-new-target/-/plugin-transform-new-target-7.29.7.tgz 35659ms (cache miss)
4297 http fetch GET 200 https://registry.npmjs.org/@mermaid-js/parser/-/parser-1.1.1.tgz 35699ms (cache miss)
4298 http fetch GET 200 https://registry.npmjs.org/@babel/plugin-transform-named-capturing-groups-regex/-/plugin-transform-named-capturing-groups-regex-7.29.7.tgz 35753ms (cache miss)
4299 http fetch GET 200 https://registry.npmjs.org/@babel/plugin-transform-nullish-coalescing-operator/-/plugin-transform-nullish-coalescing-operator-7.29.7.tgz 35763ms (cache miss)
4300 http fetch GET 200 https://registry.npmjs.org/@babel/plugin-transform-modules-umd/-/plugin-transform-modules-umd-7.29.7.tgz 35875ms (cache miss)
4301 http fetch GET 200 https://registry.npmjs.org/@babel/plugin-transform-member-expression-literals/-/plugin-transform-member-expression-literals-7.29.7.tgz 35902ms (cache miss)
4302 http fetch GET 200 https://registry.npmjs.org/@babel/plugin-transform-modules-systemjs/-/plugin-transform-modules-systemjs-7.29.7.tgz 35926ms (cache miss)
4303 http fetch GET 200 https://registry.npmjs.org/@babel/plugin-transform-logical-assignment-operators/-/plugin-transform-logical-assignment-operators-7.29.7.tgz 35954ms (cache miss)
4304 http fetch GET 200 https://registry.npmjs.org/@babel/plugin-transform-literals/-/plugin-transform-literals-7.29.7.tgz 36083ms (cache miss)
4305 http fetch GET 200 https://registry.npmjs.org/@babel/plugin-transform-json-strings/-/plugin-transform-json-strings-7.29.7.tgz 36102ms (cache miss)
4306 http fetch GET 200 https://registry.npmjs.org/@babel/plugin-transform-for-of/-/plugin-transform-for-of-7.29.7.tgz 36124ms (cache miss)
4307 http fetch GET 200 https://registry.npmjs.org/@babel/plugin-transform-export-namespace-from/-/plugin-transform-export-namespace-from-7.29.7.tgz 36191ms (cache miss)
4308 http fetch GET 200 https://registry.npmjs.org/@babel/plugin-transform-exponentiation-operator/-/plugin-transform-exponentiation-operator-7.29.7.tgz 36207ms (cache miss)
4309 http fetch GET 200 https://registry.npmjs.org/@babel/plugin-transform-modules-amd/-/plugin-transform-modules-amd-7.29.7.tgz 36252ms (cache miss)
4310 http fetch GET 200 https://registry.npmjs.org/@babel/plugin-transform-object-super/-/plugin-transform-object-super-7.29.7.tgz 36334ms (cache miss)
4311 http fetch GET 200 https://registry.npmjs.org/@babel/plugin-transform-explicit-resource-management/-/plugin-transform-explicit-resource-management-7.29.7.tgz 36389ms (cache miss)
4312 http fetch GET 200 https://registry.npmjs.org/@babel/plugin-transform-dotall-regex/-/plugin-transform-dotall-regex-7.29.7.tgz 36418ms (cache miss)
4313 http fetch GET 200 https://registry.npmjs.org/@babel/plugin-transform-function-name/-/plugin-transform-function-name-7.29.7.tgz 36431ms (cache miss)
4314 http fetch GET 200 https://registry.npmjs.org/@babel/plugin-transform-dynamic-import/-/plugin-transform-dynamic-import-7.29.7.tgz 36444ms (cache miss)
4315 http fetch GET 200 https://registry.npmjs.org/@babel/plugin-transform-duplicate-keys/-/plugin-transform-duplicate-keys-7.29.7.tgz 36478ms (cache miss)
4316 http fetch GET 200 https://registry.npmjs.org/@babel/plugin-transform-modules-commonjs/-/plugin-transform-modules-commonjs-7.29.7.tgz 36608ms (cache miss)
4317 http fetch GET 200 https://registry.npmjs.org/@babel/plugin-transform-destructuring/-/plugin-transform-destructuring-7.29.7.tgz 36609ms (cache miss)
4318 http fetch GET 200 https://registry.npmjs.org/@babel/plugin-transform-class-properties/-/plugin-transform-class-properties-7.29.7.tgz 36725ms (cache miss)
4319 http fetch GET 200 https://registry.npmjs.org/@babel/plugin-transform-class-static-block/-/plugin-transform-class-static-block-7.29.7.tgz 36732ms (cache miss)
4320 http fetch GET 200 https://registry.npmjs.org/@babel/plugin-transform-duplicate-named-capturing-groups-regex/-/plugin-transform-duplicate-named-capturing-groups-regex-7.29.7.tgz 36739ms (cache miss)
4321 http fetch GET 200 https://registry.npmjs.org/@babel/plugin-transform-classes/-/plugin-transform-classes-7.29.7.tgz 36753ms (cache miss)
4322 http fetch GET 200 https://registry.npmjs.org/@babel/plugin-transform-block-scoped-functions/-/plugin-transform-block-scoped-functions-7.29.7.tgz 36779ms (cache miss)
4323 http fetch GET 200 https://registry.npmjs.org/@babel/plugin-transform-block-scoping/-/plugin-transform-block-scoping-7.29.7.tgz 36811ms (cache miss)
4324 http fetch GET 200 https://registry.npmjs.org/@babel/plugin-transform-async-to-generator/-/plugin-transform-async-to-generator-7.29.7.tgz 36901ms (cache miss)
4325 http fetch GET 200 https://registry.npmjs.org/@babel/plugin-transform-computed-properties/-/plugin-transform-computed-properties-7.29.7.tgz 36915ms (cache miss)
4326 http fetch GET 200 https://registry.npmjs.org/@babel/plugin-transform-async-generator-functions/-/plugin-transform-async-generator-functions-7.29.7.tgz 37015ms (cache miss)
4327 http fetch GET 200 https://registry.npmjs.org/@babel/plugin-transform-arrow-functions/-/plugin-transform-arrow-functions-7.29.7.tgz 37031ms (cache miss)
4328 http fetch GET 200 https://registry.npmjs.org/@babel/plugin-syntax-jsx/-/plugin-syntax-jsx-7.29.7.tgz 37048ms (cache miss)
4329 http fetch GET 200 https://registry.npmjs.org/@babel/plugin-syntax-import-assertions/-/plugin-syntax-import-assertions-7.29.7.tgz 37129ms (cache miss)
4330 http fetch GET 200 https://registry.npmjs.org/@babel/plugin-syntax-typescript/-/plugin-syntax-typescript-7.29.7.tgz 37133ms (cache miss)
4331 http fetch GET 200 https://registry.npmjs.org/@babel/plugin-syntax-unicode-sets-regex/-/plugin-syntax-unicode-sets-regex-7.18.6.tgz 37134ms (cache miss)
4332 http fetch GET 200 https://registry.npmjs.org/@babel/plugin-syntax-dynamic-import/-/plugin-syntax-dynamic-import-7.8.3.tgz 37193ms (cache miss)
4333 http fetch GET 200 https://registry.npmjs.org/@babel/plugin-syntax-import-attributes/-/plugin-syntax-import-attributes-7.29.7.tgz 37211ms (cache miss)
4334 http fetch GET 200 https://registry.npmjs.org/@babel/plugin-proposal-private-property-in-object/-/plugin-proposal-private-property-in-object-7.21.0-placeholder-for-preset-env.2.tgz 37293ms (cache miss)
4335 http fetch GET 200 https://registry.npmjs.org/@babel/plugin-bugfix-safari-rest-destructuring-rhs-array/-/plugin-bugfix-safari-rest-destructuring-rhs-array-7.29.7.tgz 37327ms (cache miss)
4336 http fetch GET 200 https://registry.npmjs.org/@babel/plugin-bugfix-v8-static-class-fields-redefine-readonly/-/plugin-bugfix-v8-static-class-fields-redefine-readonly-7.29.7.tgz 37390ms (cache miss)
4337 http fetch GET 200 https://registry.npmjs.org/@babel/plugin-bugfix-safari-id-destructuring-collision-in-function-expression/-/plugin-bugfix-safari-id-destructuring-collision-in-function-expression-7.29.7.tgz 37420ms (cache miss)
4338 http fetch GET 200 https://registry.npmjs.org/@babel/plugin-bugfix-v8-spread-parameters-in-optional-chaining/-/plugin-bugfix-v8-spread-parameters-in-optional-chaining-7.29.7.tgz 37423ms (cache miss)
4339 http fetch GET 200 https://registry.npmjs.org/@babel/plugin-bugfix-safari-class-field-initializer-scope/-/plugin-bugfix-safari-class-field-initializer-scope-7.29.7.tgz 37536ms (cache miss)
4340 http fetch GET 200 https://registry.npmjs.org/@babel/plugin-bugfix-firefox-class-in-computed-class-key/-/plugin-bugfix-firefox-class-in-computed-class-key-7.29.7.tgz 37536ms (cache miss)
4341 http fetch GET 200 https://registry.npmjs.org/@babel/helper-wrap-function/-/helper-wrap-function-7.29.7.tgz 37650ms (cache miss)
4342 http fetch GET 200 https://registry.npmjs.org/@babel/helper-validator-option/-/helper-validator-option-7.29.7.tgz 37653ms (cache miss)
4343 http fetch GET 200 https://registry.npmjs.org/@babel/helper-string-parser/-/helper-string-parser-7.29.7.tgz 37695ms (cache miss)
4344 http fetch GET 200 https://registry.npmjs.org/@babel/helper-replace-supers/-/helper-replace-supers-7.29.7.tgz 37789ms (cache miss)
4345 http fetch GET 200 https://registry.npmjs.org/@babel/helper-optimise-call-expression/-/helper-optimise-call-expression-7.29.7.tgz 37854ms (cache miss)
4346 http fetch GET 200 https://registry.npmjs.org/@babel/helper-skip-transparent-expression-wrappers/-/helper-skip-transparent-expression-wrappers-7.29.7.tgz 37968ms (cache miss)
4347 http fetch GET 200 https://registry.npmjs.org/@babel/helper-plugin-utils/-/helper-plugin-utils-7.29.7.tgz 37993ms (cache miss)
4348 http fetch GET 200 https://registry.npmjs.org/@babel/helper-validator-identifier/-/helper-validator-identifier-7.29.7.tgz 38086ms (cache miss)
4349 http fetch GET 200 https://registry.npmjs.org/@docsearch/react/-/react-4.6.3.tgz 38113ms (cache miss)
4350 http fetch GET 200 https://registry.npmjs.org/@babel/helper-remap-async-to-generator/-/helper-remap-async-to-generator-7.29.7.tgz 38174ms (cache miss)
4351 http fetch GET 200 https://registry.npmjs.org/@babel/helper-module-transforms/-/helper-module-transforms-7.29.7.tgz 38233ms (cache miss)
4352 http fetch GET 200 https://registry.npmjs.org/@babel/helper-member-expression-to-functions/-/helper-member-expression-to-functions-7.29.7.tgz 38299ms (cache miss)
4353 http fetch GET 200 https://registry.npmjs.org/@babel/helper-create-regexp-features-plugin/-/helper-create-regexp-features-plugin-7.29.7.tgz 38410ms (cache miss)
4354 http fetch GET 200 https://registry.npmjs.org/@babel/helper-annotate-as-pure/-/helper-annotate-as-pure-7.29.7.tgz 38505ms (cache miss)
4355 http fetch GET 200 https://registry.npmjs.org/@babel/helper-define-polyfill-provider/-/helper-define-polyfill-provider-0.6.8.tgz 38506ms (cache miss)
4356 http fetch GET 200 https://registry.npmjs.org/@babel/helper-globals/-/helper-globals-7.29.7.tgz 38539ms (cache miss)
4357 http fetch GET 200 https://registry.npmjs.org/@babel/helper-module-imports/-/helper-module-imports-7.29.7.tgz 38562ms (cache miss)
4358 http fetch GET 200 https://registry.npmjs.org/@babel/helper-compilation-targets/-/helper-compilation-targets-7.29.7.tgz 38704ms (cache miss)
4359 http fetch GET 200 https://registry.npmjs.org/@babel/helpers/-/helpers-7.29.7.tgz 38711ms (cache miss)
4360 http fetch GET 200 https://registry.npmjs.org/@antfu/install-pkg/-/install-pkg-1.1.0.tgz 38910ms (cache miss)
4361 http fetch GET 200 https://registry.npmjs.org/@babel/helper-create-class-features-plugin/-/helper-create-class-features-plugin-7.29.7.tgz 39028ms (cache miss)
4362 http fetch GET 200 https://registry.npmjs.org/@algolia/requester-browser-xhr/-/requester-browser-xhr-5.53.0.tgz 39137ms (cache miss)
4363 http fetch GET 200 https://registry.npmjs.org/@babel/code-frame/-/code-frame-7.29.7.tgz 39149ms (cache miss)
4364 http fetch GET 200 https://registry.npmjs.org/@babel/generator/-/generator-7.29.7.tgz 39232ms (cache miss)
4365 http fetch GET 200 https://registry.npmjs.org/@algolia/requester-fetch/-/requester-fetch-5.53.0.tgz 39256ms (cache miss)
4366 http fetch GET 200 https://registry.npmjs.org/@algolia/monitoring/-/monitoring-1.53.0.tgz 39389ms (cache miss)
4367 http fetch GET 200 https://registry.npmjs.org/@algolia/events/-/events-4.0.1.tgz 39453ms (cache miss)
4368 http fetch GET 200 https://registry.npmjs.org/@babel/parser/-/parser-7.29.7.tgz 39647ms (cache miss)
4369 http fetch GET 200 https://registry.npmjs.org/@babel/core/-/core-7.29.7.tgz 39787ms (cache miss)
4370 http fetch GET 200 https://registry.npmjs.org/@algolia/client-personalization/-/client-personalization-5.53.0.tgz 40047ms (cache miss)
4371 http fetch GET 200 https://registry.npmjs.org/@algolia/client-query-suggestions/-/client-query-suggestions-5.53.0.tgz 40064ms (cache miss)
4372 http fetch GET 200 https://registry.npmjs.org/@algolia/recommend/-/recommend-5.53.0.tgz 40127ms (cache miss)
4373 http fetch GET 200 https://registry.npmjs.org/@algolia/client-insights/-/client-insights-5.53.0.tgz 40173ms (cache miss)
4374 http fetch GET 200 https://registry.npmjs.org/@algolia/client-common/-/client-common-5.53.0.tgz 40274ms (cache miss)
4375 http fetch GET 200 https://registry.npmjs.org/@algolia/client-abtesting/-/client-abtesting-5.53.0.tgz 40564ms (cache miss)
4376 http fetch GET 200 https://registry.npmjs.org/@algolia/autocomplete-shared/-/autocomplete-shared-1.19.8.tgz 40597ms (cache miss)
4377 http fetch GET 200 https://registry.npmjs.org/@algolia/requester-node-http/-/requester-node-http-5.53.0.tgz 40808ms (cache miss)
4378 http fetch GET 200 https://registry.npmjs.org/@algolia/autocomplete-plugin-algolia-insights/-/autocomplete-plugin-algolia-insights-1.19.8.tgz 40814ms (cache miss)
4379 http fetch GET 200 https://registry.npmjs.org/ansi-regex/-/ansi-regex-6.2.2.tgz 40904ms (cache miss)
4380 http fetch GET 200 https://registry.npmjs.org/ansi-styles/-/ansi-styles-6.2.3.tgz 40928ms (cache miss)
4381 http fetch GET 200 https://registry.npmjs.org/@algolia/abtesting/-/abtesting-1.19.0.tgz 40973ms (cache miss)
4382 http fetch GET 200 https://registry.npmjs.org/@algolia/client-analytics/-/client-analytics-5.53.0.tgz 41060ms (cache miss)
4383 http fetch GET 200 https://registry.npmjs.org/strip-ansi/-/strip-ansi-7.2.0.tgz 41120ms (cache miss)
4384 http fetch GET 200 https://registry.npmjs.org/open/-/open-10.2.0.tgz 41159ms (cache miss)
4385 http fetch GET 200 https://registry.npmjs.org/is-wsl/-/is-wsl-3.1.1.tgz 41247ms (cache miss)
4386 http fetch GET 200 https://registry.npmjs.org/define-lazy-prop/-/define-lazy-prop-3.0.0.tgz 41322ms (cache miss)
4387 http fetch GET 200 https://registry.npmjs.org/@algolia/ingestion/-/ingestion-1.53.0.tgz 41325ms (cache miss)
4388 http fetch GET 200 https://registry.npmjs.org/@algolia/autocomplete-core/-/autocomplete-core-1.19.8.tgz 41327ms (cache miss)
4389 http fetch GET 200 https://registry.npmjs.org/@babel/compat-data/-/compat-data-7.29.7.tgz 41353ms (cache miss)
4390 http fetch GET 200 https://registry.npmjs.org/mime-types/-/mime-types-3.0.2.tgz 41402ms (cache miss)
4391 http fetch GET 200 https://registry.npmjs.org/ws/-/ws-8.21.0.tgz 41611ms (cache miss)
4392 http fetch GET 200 https://registry.npmjs.org/mime-types/-/mime-types-2.1.35.tgz 41644ms (cache miss)
4393 http fetch GET 200 https://registry.npmjs.org/mime-db/-/mime-db-1.52.0.tgz 41749ms (cache miss)
4394 http fetch GET 200 https://registry.npmjs.org/range-parser/-/range-parser-1.2.1.tgz 41846ms (cache miss)
4395 http fetch GET 200 https://registry.npmjs.org/schema-utils/-/schema-utils-3.3.0.tgz 41846ms (cache miss)
4396 http fetch GET 200 https://registry.npmjs.org/commander/-/commander-7.2.0.tgz 41847ms (cache miss)
4397 http fetch GET 200 https://registry.npmjs.org/mime-db/-/mime-db-1.54.0.tgz 41848ms (cache miss)
4398 http fetch GET 200 https://registry.npmjs.org/mime-db/-/mime-db-1.54.0.tgz 42014ms (cache miss)
4399 http fetch GET 200 https://registry.npmjs.org/@swc/html-darwin-arm64/-/html-darwin-arm64-1.15.40.tgz 42150ms (cache miss)
4400 http fetch GET 200 https://registry.npmjs.org/camelcase/-/camelcase-7.0.1.tgz 42136ms (cache miss)
4401 http fetch GET 200 https://registry.npmjs.org/json-schema-traverse/-/json-schema-traverse-0.4.1.tgz 42152ms (cache miss)
4402 http fetch GET 200 https://registry.npmjs.org/boxen/-/boxen-7.1.1.tgz 42165ms (cache miss)
4403 http fetch GET 200 https://registry.npmjs.org/mime-types/-/mime-types-2.1.35.tgz 42172ms (cache miss)
4404 http fetch GET 200 https://registry.npmjs.org/ajv-keywords/-/ajv-keywords-3.5.2.tgz 42244ms (cache miss)
4405 http fetch GET 200 https://registry.npmjs.org/iconv-lite/-/iconv-lite-0.6.3.tgz 42370ms (cache miss)
4406 http fetch GET 200 https://registry.npmjs.org/tslib/-/tslib-1.14.1.tgz 42370ms (cache miss)
4407 http fetch GET 200 https://registry.npmjs.org/supports-color/-/supports-color-8.1.1.tgz 42402ms (cache miss)
4408 http fetch GET 200 https://registry.npmjs.org/chalk/-/chalk-5.6.2.tgz 42414ms (cache miss)
4409 http fetch GET 200 https://registry.npmjs.org/jest-worker/-/jest-worker-27.5.1.tgz 42511ms (cache miss)
4410 http fetch GET 200 https://registry.npmjs.org/mime-db/-/mime-db-1.52.0.tgz 42541ms (cache miss)
4411 http fetch GET 200 https://registry.npmjs.org/commander/-/commander-2.20.3.tgz 42580ms (cache miss)
4412 http fetch GET 200 https://registry.npmjs.org/picomatch/-/picomatch-4.0.4.tgz 42594ms (cache miss)
4413 http fetch GET 200 https://registry.npmjs.org/strip-ansi/-/strip-ansi-7.2.0.tgz 42656ms (cache miss)
4414 http fetch GET 200 https://registry.npmjs.org/fdir/-/fdir-6.5.0.tgz 42705ms (cache miss)
4415 http fetch GET 200 https://registry.npmjs.org/commander/-/commander-7.2.0.tgz 42785ms (cache miss)
4416 http fetch GET 200 https://registry.npmjs.org/commander/-/commander-4.1.1.tgz 42803ms (cache miss)
4417 http fetch GET 200 https://registry.npmjs.org/ajv/-/ajv-6.15.0.tgz 42809ms (cache miss)
4418 http fetch GET 200 https://registry.npmjs.org/ansi-regex/-/ansi-regex-6.2.2.tgz 42891ms (cache miss)
4419 http fetch GET 200 https://registry.npmjs.org/depd/-/depd-1.1.2.tgz 42895ms (cache miss)
4420 http fetch GET 200 https://registry.npmjs.org/@algolia/client-search/-/client-search-5.53.0.tgz 42928ms (cache miss)
4421 http fetch GET 200 https://registry.npmjs.org/ms/-/ms-2.0.0.tgz 42932ms (cache miss)
4422 http fetch GET 200 https://registry.npmjs.org/debug/-/debug-2.6.9.tgz 43068ms (cache miss)
4423 http fetch GET 200 https://registry.npmjs.org/statuses/-/statuses-1.5.0.tgz 43072ms (cache miss)
4424 http fetch GET 200 https://registry.npmjs.org/mime-types/-/mime-types-2.1.35.tgz 43086ms (cache miss)
4425 http fetch GET 200 https://registry.npmjs.org/path-to-regexp/-/path-to-regexp-3.3.0.tgz 43102ms (cache miss)
4426 http fetch GET 200 https://registry.npmjs.org/ms/-/ms-2.0.0.tgz 43220ms (cache miss)
4427 http fetch GET 200 https://registry.npmjs.org/http-errors/-/http-errors-1.8.1.tgz 43251ms (cache miss)
4428 http fetch GET 200 https://registry.npmjs.org/htmlparser2/-/htmlparser2-6.1.0.tgz 43254ms (cache miss)
4429 http fetch GET 200 https://registry.npmjs.org/domutils/-/domutils-2.8.0.tgz 43291ms (cache miss)
4430 http fetch GET 200 https://registry.npmjs.org/range-parser/-/range-parser-1.2.1.tgz 43421ms (cache miss)
4431 http fetch GET 200 https://registry.npmjs.org/css-select/-/css-select-4.3.0.tgz 43450ms (cache miss)
4432 http fetch GET 200 https://registry.npmjs.org/debug/-/debug-2.6.9.tgz 43454ms (cache miss)
4433 http fetch GET 200 https://registry.npmjs.org/domhandler/-/domhandler-4.3.1.tgz 43462ms (cache miss)
4434 http fetch GET 200 https://registry.npmjs.org/strip-json-comments/-/strip-json-comments-2.0.1.tgz 43530ms (cache miss)
4435 http fetch GET 200 https://registry.npmjs.org/dom-serializer/-/dom-serializer-1.4.1.tgz 43530ms (cache miss)
4436 http fetch GET 200 https://registry.npmjs.org/source-map/-/source-map-0.6.1.tgz 43614ms (cache miss)
4437 http fetch GET 200 https://registry.npmjs.org/mime-db/-/mime-db-1.52.0.tgz 43660ms (cache miss)
4438 http fetch GET 200 https://registry.npmjs.org/entities/-/entities-2.2.0.tgz 43681ms (cache miss)
4439 http fetch GET 200 https://registry.npmjs.org/bytes/-/bytes-3.1.2.tgz 43706ms (cache miss)
4440 http fetch GET 200 https://registry.npmjs.org/ini/-/ini-1.3.8.tgz 43720ms (cache miss)
4441 http fetch GET 200 https://registry.npmjs.org/@csstools/selector-resolve-nested/-/selector-resolve-nested-3.1.0.tgz 43814ms (cache miss)
4442 http fetch GET 200 https://registry.npmjs.org/ipaddr.js/-/ipaddr.js-1.9.1.tgz 43941ms (cache miss)
4443 http fetch GET 200 https://registry.npmjs.org/postcss-selector-parser/-/postcss-selector-parser-7.1.1.tgz 43941ms (cache miss)
4444 http fetch GET 200 https://registry.npmjs.org/postcss-selector-parser/-/postcss-selector-parser-7.1.1.tgz 43951ms (cache miss)
4445 http fetch GET 200 https://registry.npmjs.org/@csstools/selector-specificity/-/selector-specificity-5.0.0.tgz 44051ms (cache miss)
4446 http fetch GET 200 https://registry.npmjs.org/postcss-selector-parser/-/postcss-selector-parser-7.1.1.tgz 44064ms (cache miss)
4447 http fetch GET 200 https://registry.npmjs.org/@types/node/-/node-17.0.45.tgz 44094ms (cache miss)
4448 http fetch GET 200 https://registry.npmjs.org/postcss-selector-parser/-/postcss-selector-parser-7.1.1.tgz 44165ms (cache miss)
4449 http fetch GET 200 https://registry.npmjs.org/postcss-selector-parser/-/postcss-selector-parser-7.1.1.tgz 44187ms (cache miss)
4450 http fetch GET 200 https://registry.npmjs.org/postcss-selector-parser/-/postcss-selector-parser-7.1.1.tgz 44193ms (cache miss)
4451 http fetch GET 200 https://registry.npmjs.org/postcss-selector-parser/-/postcss-selector-parser-7.1.1.tgz 44355ms (cache miss)
4452 http fetch GET 200 https://registry.npmjs.org/postcss-selector-parser/-/postcss-selector-parser-7.1.1.tgz 44385ms (cache miss)
4453 http fetch GET 200 https://registry.npmjs.org/postcss-selector-parser/-/postcss-selector-parser-7.1.1.tgz 44466ms (cache miss)
4454 http fetch GET 200 https://registry.npmjs.org/postcss-selector-parser/-/postcss-selector-parser-7.1.1.tgz 44465ms (cache miss)
4455 http fetch GET 200 https://registry.npmjs.org/@types/unist/-/unist-2.0.11.tgz 44465ms (cache miss)
4456 http fetch GET 200 https://registry.npmjs.org/schema-utils/-/schema-utils-3.3.0.tgz 44466ms (cache miss)
4457 http fetch GET 200 https://registry.npmjs.org/ajv-keywords/-/ajv-keywords-3.5.2.tgz 44532ms (cache miss)
4458 http fetch GET 200 https://registry.npmjs.org/json-schema-traverse/-/json-schema-traverse-0.4.1.tgz 44551ms (cache miss)
4459 http fetch GET 200 https://registry.npmjs.org/micromark-util-symbol/-/micromark-util-symbol-2.0.1.tgz 44694ms (cache miss)
4460 http fetch GET 200 https://registry.npmjs.org/micromark-util-character/-/micromark-util-character-2.1.1.tgz 44732ms (cache miss)
4461 http fetch GET 200 https://registry.npmjs.org/micromark-util-character/-/micromark-util-character-2.1.1.tgz 44754ms (cache miss)
4462 http fetch GET 200 https://registry.npmjs.org/micromark-util-symbol/-/micromark-util-symbol-2.0.1.tgz 44754ms (cache miss)
4463 http fetch GET 200 https://registry.npmjs.org/micromark-util-symbol/-/micromark-util-symbol-2.0.1.tgz 44764ms (cache miss)
4464 http fetch GET 200 https://registry.npmjs.org/micromark-util-symbol/-/micromark-util-symbol-2.0.1.tgz 44829ms (cache miss)
4465 http fetch GET 200 https://registry.npmjs.org/entities/-/entities-6.0.1.tgz 44842ms (cache miss)
4466 http fetch GET 200 https://registry.npmjs.org/micromark-util-symbol/-/micromark-util-symbol-2.0.1.tgz 44894ms (cache miss)
4467 http fetch GET 200 https://registry.npmjs.org/micromark-util-character/-/micromark-util-character-2.1.1.tgz 44982ms (cache miss)
4468 http fetch GET 200 https://registry.npmjs.org/micromark-util-types/-/micromark-util-types-1.1.0.tgz 45019ms (cache miss)
4469 http fetch GET 200 https://registry.npmjs.org/micromark-util-character/-/micromark-util-character-2.1.1.tgz 45025ms (cache miss)
4470 http fetch GET 200 https://registry.npmjs.org/micromark-util-symbol/-/micromark-util-symbol-2.0.1.tgz 45034ms (cache miss)
4471 http fetch GET 200 https://registry.npmjs.org/micromark-util-symbol/-/micromark-util-symbol-2.0.1.tgz 45073ms (cache miss)
4472 http fetch GET 200 https://registry.npmjs.org/micromark-util-symbol/-/micromark-util-symbol-2.0.1.tgz 45099ms (cache miss)
4473 http fetch GET 200 https://registry.npmjs.org/micromark-util-character/-/micromark-util-character-2.1.1.tgz 45123ms (cache miss)
4474 http fetch GET 200 https://registry.npmjs.org/micromark-util-symbol/-/micromark-util-symbol-2.0.1.tgz 45173ms (cache miss)
4475 http fetch GET 200 https://registry.npmjs.org/micromark-util-types/-/micromark-util-types-1.1.0.tgz 45184ms (cache miss)
4476 http fetch GET 200 https://registry.npmjs.org/ajv/-/ajv-6.15.0.tgz 45238ms (cache miss)
4477 http fetch GET 200 https://registry.npmjs.org/micromark-util-symbol/-/micromark-util-symbol-2.0.1.tgz 45260ms (cache miss)
4478 http fetch GET 200 https://registry.npmjs.org/micromark-factory-space/-/micromark-factory-space-2.0.1.tgz 45282ms (cache miss)
4479 http fetch GET 200 https://registry.npmjs.org/micromark-factory-space/-/micromark-factory-space-2.0.1.tgz 45285ms (cache miss)
4480 http fetch GET 200 https://registry.npmjs.org/micromark-util-symbol/-/micromark-util-symbol-2.0.1.tgz 45349ms (cache miss)
4481 http fetch GET 200 https://registry.npmjs.org/micromark-util-character/-/micromark-util-character-2.1.1.tgz 45373ms (cache miss)
4482 http fetch GET 200 https://registry.npmjs.org/micromark-util-symbol/-/micromark-util-symbol-2.0.1.tgz 45395ms (cache miss)
4483 http fetch GET 200 https://registry.npmjs.org/micromark-util-symbol/-/micromark-util-symbol-2.0.1.tgz 45412ms (cache miss)
4484 http fetch GET 200 https://registry.npmjs.org/micromark-factory-space/-/micromark-factory-space-2.0.1.tgz 45511ms (cache miss)
4485 http fetch GET 200 https://registry.npmjs.org/micromark-util-symbol/-/micromark-util-symbol-2.0.1.tgz 45511ms (cache miss)
4486 http fetch GET 200 https://registry.npmjs.org/micromark-util-character/-/micromark-util-character-2.1.1.tgz 45513ms (cache miss)
4487 http fetch GET 200 https://registry.npmjs.org/micromark-util-character/-/micromark-util-character-2.1.1.tgz 45516ms (cache miss)
4488 http fetch GET 200 https://registry.npmjs.org/micromark-util-character/-/micromark-util-character-2.1.1.tgz 45543ms (cache miss)
4489 http fetch GET 200 https://registry.npmjs.org/micromark-util-symbol/-/micromark-util-symbol-2.0.1.tgz 45592ms (cache miss)
4490 http fetch GET 200 https://registry.npmjs.org/micromark-util-character/-/micromark-util-character-2.1.1.tgz 45594ms (cache miss)
4491 http fetch GET 200 https://registry.npmjs.org/micromark-util-symbol/-/micromark-util-symbol-2.0.1.tgz 45656ms (cache miss)
4492 http fetch GET 200 https://registry.npmjs.org/micromark-util-symbol/-/micromark-util-symbol-2.0.1.tgz 45673ms (cache miss)
4493 http fetch GET 200 https://registry.npmjs.org/micromark-factory-space/-/micromark-factory-space-2.0.1.tgz 45759ms (cache miss)
4494 http fetch GET 200 https://registry.npmjs.org/micromark-factory-space/-/micromark-factory-space-2.0.1.tgz 45773ms (cache miss)
4495 http fetch GET 200 https://registry.npmjs.org/micromark-factory-space/-/micromark-factory-space-2.0.1.tgz 45800ms (cache miss)
4496 http fetch GET 200 https://registry.npmjs.org/micromark-factory-space/-/micromark-factory-space-2.0.1.tgz 45805ms (cache miss)
4497 http fetch GET 200 https://registry.npmjs.org/cytoscape-fcose/-/cytoscape-fcose-2.2.0.tgz 45845ms (cache miss)
4498 http fetch GET 200 https://registry.npmjs.org/micromark-util-character/-/micromark-util-character-2.1.1.tgz 45830ms (cache miss)
4499 http fetch GET 200 https://registry.npmjs.org/micromark-util-character/-/micromark-util-character-2.1.1.tgz 45846ms (cache miss)
4500 http fetch GET 200 https://registry.npmjs.org/micromark-util-symbol/-/micromark-util-symbol-2.0.1.tgz 45855ms (cache miss)
4501 http fetch GET 200 https://registry.npmjs.org/micromark-util-character/-/micromark-util-character-2.1.1.tgz 45900ms (cache miss)
4502 http fetch GET 200 https://registry.npmjs.org/micromark-util-symbol/-/micromark-util-symbol-2.0.1.tgz 45926ms (cache miss)
4503 http fetch GET 200 https://registry.npmjs.org/micromark-util-symbol/-/micromark-util-symbol-2.0.1.tgz 45950ms (cache miss)
4504 http fetch GET 200 https://registry.npmjs.org/micromark-util-character/-/micromark-util-character-2.1.1.tgz 46032ms (cache miss)
4505 http fetch GET 200 https://registry.npmjs.org/micromark-util-character/-/micromark-util-character-2.1.1.tgz 46034ms (cache miss)
4506 http fetch GET 200 https://registry.npmjs.org/micromark-util-symbol/-/micromark-util-symbol-2.0.1.tgz 46042ms (cache miss)
4507 http fetch GET 200 https://registry.npmjs.org/micromark-util-symbol/-/micromark-util-symbol-2.0.1.tgz 46055ms (cache miss)
4508 http fetch GET 200 https://registry.npmjs.org/micromark-factory-space/-/micromark-factory-space-2.0.1.tgz 46071ms (cache miss)
4509 http fetch GET 200 https://registry.npmjs.org/micromark-util-character/-/micromark-util-character-2.1.1.tgz 46100ms (cache miss)
4510 http fetch GET 200 https://registry.npmjs.org/micromark-util-character/-/micromark-util-character-2.1.1.tgz 46126ms (cache miss)
4511 http fetch GET 200 https://registry.npmjs.org/micromark-util-symbol/-/micromark-util-symbol-2.0.1.tgz 46128ms (cache miss)
4512 http fetch GET 200 https://registry.npmjs.org/micromark-util-character/-/micromark-util-character-2.1.1.tgz 46164ms (cache miss)
4513 http fetch GET 200 https://registry.npmjs.org/micromark-util-character/-/micromark-util-character-2.1.1.tgz 46164ms (cache miss)
4514 http fetch GET 200 https://registry.npmjs.org/micromark-factory-space/-/micromark-factory-space-2.0.1.tgz 46175ms (cache miss)
4515 http fetch GET 200 https://registry.npmjs.org/micromark-util-character/-/micromark-util-character-2.1.1.tgz 46270ms (cache miss)
4516 http fetch GET 200 https://registry.npmjs.org/micromark-factory-space/-/micromark-factory-space-2.0.1.tgz 46272ms (cache miss)
4517 http fetch GET 200 https://registry.npmjs.org/micromark-factory-space/-/micromark-factory-space-2.0.1.tgz 46289ms (cache miss)
4518 http fetch GET 200 https://registry.npmjs.org/micromark-util-symbol/-/micromark-util-symbol-2.0.1.tgz 46301ms (cache miss)
4519 http fetch GET 200 https://registry.npmjs.org/uuid/-/uuid-14.0.0.tgz 46364ms (cache miss)
4520 http fetch GET 200 https://registry.npmjs.org/micromark-util-symbol/-/micromark-util-symbol-2.0.1.tgz 46377ms (cache miss)
4521 http fetch GET 200 https://registry.npmjs.org/micromark-util-character/-/micromark-util-character-2.1.1.tgz 46387ms (cache miss)
4522 http fetch GET 200 https://registry.npmjs.org/micromark-factory-space/-/micromark-factory-space-2.0.1.tgz 46404ms (cache miss)
4523 http fetch GET 200 https://registry.npmjs.org/escape-string-regexp/-/escape-string-regexp-5.0.0.tgz 46411ms (cache miss)
4524 http fetch GET 200 https://registry.npmjs.org/micromark-util-symbol/-/micromark-util-symbol-2.0.1.tgz 46426ms (cache miss)
4525 http fetch GET 200 https://registry.npmjs.org/escape-string-regexp/-/escape-string-regexp-5.0.0.tgz 46556ms (cache miss)
4526 http fetch GET 200 https://registry.npmjs.org/micromark-util-symbol/-/micromark-util-symbol-2.0.1.tgz 46556ms (cache miss)
4527 http fetch GET 200 https://registry.npmjs.org/supports-color/-/supports-color-8.1.1.tgz 46557ms (cache miss)
4528 http fetch GET 200 https://registry.npmjs.org/is-docker/-/is-docker-3.0.0.tgz 46557ms (cache miss)
4529 http fetch GET 200 https://registry.npmjs.org/is-plain-obj/-/is-plain-obj-3.0.0.tgz 46601ms (cache miss)
4530 http fetch GET 200 https://registry.npmjs.org/safe-buffer/-/safe-buffer-5.1.2.tgz 46694ms (cache miss)
4531 http fetch GET 200 https://registry.npmjs.org/html-minifier-terser/-/html-minifier-terser-6.1.0.tgz 46706ms (cache miss)
4532 http fetch GET 200 https://registry.npmjs.org/commander/-/commander-8.3.0.tgz 46759ms (cache miss)
4533 http fetch GET 200 https://registry.npmjs.org/micromark-util-symbol/-/micromark-util-symbol-2.0.1.tgz 46765ms (cache miss)
4534 http fetch GET 200 https://registry.npmjs.org/commander/-/commander-10.0.1.tgz 46791ms (cache miss)
4535 http fetch GET 200 https://registry.npmjs.org/commander/-/commander-8.3.0.tgz 46796ms (cache miss)
4536 http fetch GET 200 https://registry.npmjs.org/isarray/-/isarray-1.0.0.tgz 46810ms (cache miss)
4537 http fetch GET 200 https://registry.npmjs.org/string_decoder/-/string_decoder-1.1.1.tgz 46877ms (cache miss)
4538 http fetch GET 200 https://registry.npmjs.org/readable-stream/-/readable-stream-2.3.8.tgz 46902ms (cache miss)
4539 http fetch GET 200 https://registry.npmjs.org/argparse/-/argparse-1.0.10.tgz 46914ms (cache miss)
4540 http fetch GET 200 https://registry.npmjs.org/@sindresorhus/is/-/is-5.6.0.tgz 46925ms (cache miss)
4541 http fetch GET 200 https://registry.npmjs.org/ms/-/ms-2.0.0.tgz 46951ms (cache miss)
4542 http fetch GET 200 https://registry.npmjs.org/ms/-/ms-2.0.0.tgz 47080ms (cache miss)
4543 http fetch GET 200 https://registry.npmjs.org/path-to-regexp/-/path-to-regexp-0.1.13.tgz 47085ms (cache miss)
4544 http fetch GET 200 https://registry.npmjs.org/debug/-/debug-2.6.9.tgz 47085ms (cache miss)
4545 http fetch GET 200 https://registry.npmjs.org/ajv-keywords/-/ajv-keywords-3.5.2.tgz 47086ms (cache miss)
4546 http fetch GET 200 https://registry.npmjs.org/schema-utils/-/schema-utils-3.3.0.tgz 47106ms (cache miss)
4547 http fetch GET 200 https://registry.npmjs.org/content-disposition/-/content-disposition-0.5.4.tgz 47134ms (cache miss)
4548 http fetch GET 200 https://registry.npmjs.org/js-yaml/-/js-yaml-3.14.2.tgz 47148ms (cache miss)
4549 http fetch GET 200 https://registry.npmjs.org/range-parser/-/range-parser-1.2.1.tgz 47192ms (cache miss)
4550 http fetch GET 200 https://registry.npmjs.org/json-schema-traverse/-/json-schema-traverse-0.4.1.tgz 47222ms (cache miss)
4551 http fetch GET 200 https://registry.npmjs.org/debug/-/debug-2.6.9.tgz 47225ms (cache miss)
4552 http fetch GET 200 https://registry.npmjs.org/estraverse/-/estraverse-5.3.0.tgz 47317ms (cache miss)
4553 http fetch GET 200 https://registry.npmjs.org/is-obj/-/is-obj-2.0.0.tgz 47345ms (cache miss)
4554 http fetch GET 200 https://registry.npmjs.org/mimic-response/-/mimic-response-3.1.0.tgz 47348ms (cache miss)
4555 http fetch GET 200 https://registry.npmjs.org/brace-expansion/-/brace-expansion-2.1.1.tgz 47478ms (cache miss)
4556 http fetch GET 200 https://registry.npmjs.org/internmap/-/internmap-1.0.1.tgz 47527ms (cache miss)
4557 http fetch GET 200 https://registry.npmjs.org/commander/-/commander-7.2.0.tgz 47601ms (cache miss)
4558 http fetch GET 200 https://registry.npmjs.org/d3-array/-/d3-array-2.12.1.tgz 47625ms (cache miss)
4559 http fetch GET 200 https://registry.npmjs.org/@csstools/selector-specificity/-/selector-specificity-5.0.0.tgz 47813ms (cache miss)
4560 http fetch GET 200 https://registry.npmjs.org/minimatch/-/minimatch-9.0.9.tgz 47888ms (cache miss)
4561 http fetch GET 200 https://registry.npmjs.org/cose-base/-/cose-base-2.2.0.tgz 47903ms (cache miss)
4562 http fetch GET 200 https://registry.npmjs.org/d3-shape/-/d3-shape-1.3.7.tgz 47975ms (cache miss)
4563 http fetch GET 200 https://registry.npmjs.org/iconv-lite/-/iconv-lite-0.6.3.tgz 48016ms (cache miss)
4564 http fetch GET 200 https://registry.npmjs.org/mdn-data/-/mdn-data-2.0.28.tgz 48130ms (cache miss)
4565 http fetch GET 200 https://registry.npmjs.org/type-fest/-/type-fest-1.4.0.tgz 48140ms (cache miss)
4566 http fetch GET 200 https://registry.npmjs.org/postcss-selector-parser/-/postcss-selector-parser-7.1.1.tgz 48166ms (cache miss)
4567 http fetch GET 200 https://registry.npmjs.org/slash/-/slash-4.0.0.tgz 48203ms (cache miss)
4568 http fetch GET 200 https://registry.npmjs.org/d3-path/-/d3-path-1.0.9.tgz 48205ms (cache miss)
4569 http fetch GET 200 https://registry.npmjs.org/@node-rs/jieba-darwin-arm64/-/jieba-darwin-arm64-1.10.4.tgz 48274ms (cache miss)
4570 http fetch GET 200 https://registry.npmjs.org/globby/-/globby-13.2.2.tgz 48286ms (cache miss)
4571 http fetch GET 200 https://registry.npmjs.org/glob-parent/-/glob-parent-6.0.2.tgz 48300ms (cache miss)
4572 http fetch GET 200 https://registry.npmjs.org/ajv/-/ajv-6.15.0.tgz 48308ms (cache miss)
4573 http fetch GET 200 https://registry.npmjs.org/iconv-lite/-/iconv-lite-0.6.3.tgz 48381ms (cache miss)
4574 http fetch GET 200 https://registry.npmjs.org/ms/-/ms-2.0.0.tgz 48403ms (cache miss)
4575 http fetch GET 200 https://registry.npmjs.org/debug/-/debug-2.6.9.tgz 48462ms (cache miss)
4576 http fetch GET 200 https://registry.npmjs.org/string-width/-/string-width-4.2.3.tgz 48462ms (cache miss)
4577 http fetch GET 200 https://registry.npmjs.org/mime-db/-/mime-db-1.54.0.tgz 48506ms (cache miss)
4578 http fetch GET 200 https://registry.npmjs.org/ini/-/ini-1.3.8.tgz 48533ms (cache miss)
4579 http fetch GET 200 https://registry.npmjs.org/ms/-/ms-2.0.0.tgz 48555ms (cache miss)
4580 http fetch GET 200 https://registry.npmjs.org/emoji-regex/-/emoji-regex-8.0.0.tgz 48651ms (cache miss)
4581 http fetch GET 200 https://registry.npmjs.org/layout-base/-/layout-base-2.0.1.tgz 48653ms (cache miss)
4582 http fetch GET 200 https://registry.npmjs.org/bytes/-/bytes-3.1.2.tgz 48654ms (cache miss)
4583 http fetch GET 200 https://registry.npmjs.org/debug/-/debug-2.6.9.tgz 48655ms (cache miss)
4584 http fetch GET 200 https://registry.npmjs.org/bytes/-/bytes-3.1.2.tgz 48714ms (cache miss)
4585 http fetch GET 200 https://registry.npmjs.org/semver/-/semver-6.3.1.tgz 48733ms (cache miss)
4586 http fetch GET 200 https://registry.npmjs.org/emoji-regex/-/emoji-regex-8.0.0.tgz 48775ms (cache miss)
4587 http fetch GET 200 https://registry.npmjs.org/negotiator/-/negotiator-0.6.3.tgz 48795ms (cache miss)
4588 http fetch GET 200 https://registry.npmjs.org/mime-db/-/mime-db-1.52.0.tgz 48830ms (cache miss)
4589 http fetch GET 200 https://registry.npmjs.org/mime-types/-/mime-types-2.1.35.tgz 48867ms (cache miss)
4590 http fetch GET 200 https://registry.npmjs.org/string-width/-/string-width-4.2.3.tgz 48901ms (cache miss)
4591 http fetch GET 200 https://registry.npmjs.org/graceful-fs/-/graceful-fs-4.2.10.tgz 48954ms (cache miss)
4592 http fetch GET 200 https://registry.npmjs.org/regjsparser/-/regjsparser-0.7.0.tgz 48962ms (cache miss)
4593 http fetch GET 200 https://registry.npmjs.org/@types/send/-/send-0.17.6.tgz 48974ms (cache miss)
4594 http fetch GET 200 https://registry.npmjs.org/supports-color/-/supports-color-5.5.0.tgz 48996ms (cache miss)
4595 http fetch GET 200 https://registry.npmjs.org/css-tree/-/css-tree-2.2.1.tgz 49059ms (cache miss)
4596 http fetch GET 200 https://registry.npmjs.org/escape-string-regexp/-/escape-string-regexp-1.0.5.tgz 49066ms (cache miss)
4597 http fetch GET 200 https://registry.npmjs.org/postcss-selector-parser/-/postcss-selector-parser-7.1.1.tgz 49074ms (cache miss)
4598 http fetch GET 200 https://registry.npmjs.org/regjsgen/-/regjsgen-0.5.2.tgz 49088ms (cache miss)
4599 http fetch GET 200 https://registry.npmjs.org/source-map/-/source-map-0.6.1.tgz 49171ms (cache miss)
4600 http fetch GET 200 https://registry.npmjs.org/has-flag/-/has-flag-3.0.0.tgz 49170ms (cache miss)
4601 http fetch GET 200 https://registry.npmjs.org/color-name/-/color-name-1.1.3.tgz 49183ms (cache miss)
4602 http fetch GET 200 https://registry.npmjs.org/jsesc/-/jsesc-0.5.0.tgz 49197ms (cache miss)
4603 http fetch GET 200 https://registry.npmjs.org/regexpu-core/-/regexpu-core-4.8.0.tgz 49200ms (cache miss)
4604 http fetch GET 200 https://registry.npmjs.org/color-convert/-/color-convert-1.9.3.tgz 49237ms (cache miss)
4605 http fetch GET 200 https://registry.npmjs.org/ansi-styles/-/ansi-styles-3.2.1.tgz 49241ms (cache miss)
4606 http fetch GET 200 https://registry.npmjs.org/chalk/-/chalk-2.4.2.tgz 49286ms (cache miss)
4607 http fetch GET 200 https://registry.npmjs.org/acorn-dynamic-import/-/acorn-dynamic-import-4.0.0.tgz 49299ms (cache miss)
4608 warn deprecated acorn-dynamic-import@4.0.0: This is probably built in to whatever tool you're using. If you still need it... idk
4609 http fetch GET 200 https://registry.npmjs.org/regenerate-unicode-properties/-/regenerate-unicode-properties-9.0.0.tgz 49308ms (cache miss)
4610 http fetch GET 200 https://registry.npmjs.org/@jsonjoy.com/util/-/util-17.67.0.tgz 49374ms (cache miss)
4611 http fetch GET 200 https://registry.npmjs.org/@jsonjoy.com/json-pointer/-/json-pointer-17.67.0.tgz 49477ms (cache miss)
4612 http fetch GET 200 https://registry.npmjs.org/@jsonjoy.com/buffers/-/buffers-1.2.1.tgz 49536ms (cache miss)
4613 http fetch GET 200 https://registry.npmjs.org/@jsonjoy.com/codegen/-/codegen-17.67.0.tgz 49551ms (cache miss)
4614 http fetch GET 200 https://registry.npmjs.org/fs-extra/-/fs-extra-10.1.0.tgz 49568ms (cache miss)
4615 http fetch GET 200 https://registry.npmjs.org/@jsonjoy.com/buffers/-/buffers-1.2.1.tgz 49571ms (cache miss)
4616 http fetch GET 200 https://registry.npmjs.org/webpack-merge/-/webpack-merge-5.10.0.tgz 49597ms (cache miss)
4617 http fetch GET 200 https://registry.npmjs.org/@jsonjoy.com/base64/-/base64-17.67.0.tgz 49600ms (cache miss)
4618 http fetch GET 200 https://registry.npmjs.org/htmlparser2/-/htmlparser2-10.1.0.tgz 49706ms (cache miss)
4619 http fetch GET 200 https://registry.npmjs.org/acorn-class-fields/-/acorn-class-fields-0.2.1.tgz 49762ms (cache miss)
4620 http fetch GET 200 https://registry.npmjs.org/@algolia/autocomplete-plugin-algolia-insights/-/autocomplete-plugin-algolia-insights-1.19.2.tgz 49798ms (cache miss)
4621 http fetch GET 200 https://registry.npmjs.org/@algolia/autocomplete-shared/-/autocomplete-shared-1.19.2.tgz 49913ms (cache miss)
4622 http fetch GET 200 https://registry.npmjs.org/@csstools/selector-specificity/-/selector-specificity-5.0.0.tgz 50036ms (cache miss)
4623 http fetch GET 200 https://registry.npmjs.org/postcss-selector-parser/-/postcss-selector-parser-7.1.1.tgz 50080ms (cache miss)
4624 http fetch GET 200 https://registry.npmjs.org/@csstools/selector-specificity/-/selector-specificity-5.0.0.tgz 50125ms (cache miss)
4625 http fetch GET 200 https://registry.npmjs.org/postcss-selector-parser/-/postcss-selector-parser-7.1.1.tgz 50135ms (cache miss)
4626 http fetch GET 200 https://registry.npmjs.org/cheerio/-/cheerio-1.2.0.tgz 50321ms (cache miss)
4627 http fetch GET 200 https://registry.npmjs.org/semver/-/semver-6.3.1.tgz 50326ms (cache miss)
4628 http fetch GET 200 https://registry.npmjs.org/entities/-/entities-7.0.1.tgz 50392ms (cache miss)
4629 http fetch GET 200 https://registry.npmjs.org/postcss-selector-parser/-/postcss-selector-parser-7.1.1.tgz 50393ms (cache miss)
4630 http fetch GET 200 https://registry.npmjs.org/acorn/-/acorn-6.4.2.tgz 50399ms (cache miss)
4631 http fetch GET 200 https://registry.npmjs.org/semver/-/semver-6.3.1.tgz 50479ms (cache miss)
4632 http fetch GET 200 https://registry.npmjs.org/babel-plugin-polyfill-corejs3/-/babel-plugin-polyfill-corejs3-0.14.2.tgz 50584ms (cache miss)
4633 http fetch GET 200 https://registry.npmjs.org/semver/-/semver-6.3.1.tgz 50593ms (cache miss)
4634 http fetch GET 200 https://registry.npmjs.org/semver/-/semver-6.3.1.tgz 50606ms (cache miss)
4635 http fetch GET 200 https://registry.npmjs.org/semver/-/semver-6.3.1.tgz 50737ms (cache miss)
4636 http fetch GET 200 https://registry.npmjs.org/semver/-/semver-6.3.1.tgz 50805ms (cache miss)
4637 http fetch GET 200 https://registry.npmjs.org/@algolia/autocomplete-core/-/autocomplete-core-1.19.2.tgz 50811ms (cache miss)
4638 http fetch GET 200 https://registry.npmjs.org/js-yaml 49696ms (cache miss)
4639 silly packumentCache corgi:https://registry.npmjs.org/js-yaml set size:undefined disposed:false
4640 http fetch GET 200 https://registry.npmjs.org/http-proxy-middleware 49734ms (cache miss)
4641 silly packumentCache corgi:https://registry.npmjs.org/http-proxy-middleware set size:undefined disposed:false
4642 http fetch GET 200 https://registry.npmjs.org/launch-editor 49754ms (cache miss)
4643 silly packumentCache corgi:https://registry.npmjs.org/launch-editor set size:undefined disposed:false
4644 http fetch GET 200 https://registry.npmjs.org/dompurify 49835ms (cache miss)
4645 silly packumentCache corgi:https://registry.npmjs.org/dompurify set size:undefined disposed:false
4646 http fetch GET 200 https://registry.npmjs.org/serialize-javascript 49846ms (cache miss)
4647 silly packumentCache corgi:https://registry.npmjs.org/serialize-javascript set size:undefined disposed:false
4648 http fetch GET 200 https://registry.npmjs.org/uuid 49901ms (cache miss)
4649 silly packumentCache corgi:https://registry.npmjs.org/uuid set size:undefined disposed:false
4650 http fetch GET 200 https://registry.npmjs.org/@jsonjoy.com/json-pack/-/json-pack-17.67.0.tgz 51056ms (cache miss)
4651 http fetch GET 200 https://registry.npmjs.org/joi 49971ms (cache miss)
4652 silly packumentCache corgi:https://registry.npmjs.org/joi set size:undefined disposed:false
4653 http fetch GET 200 https://registry.npmjs.org/webpack-dev-server 50228ms (cache miss)
4654 silly packumentCache corgi:https://registry.npmjs.org/webpack-dev-server set size:undefined disposed:false
4655 http fetch GET 200 https://registry.npmjs.org/undici 50342ms (cache miss)
4656 silly packumentCache corgi:https://registry.npmjs.org/undici set size:undefined disposed:false
4657 silly packumentCache corgi:https://registry.npmjs.org/mermaid cache-miss
4658 http fetch GET 200 https://registry.npmjs.org/mermaid 526ms (cache miss)
4659 silly packumentCache corgi:https://registry.npmjs.org/mermaid set size:undefined disposed:false
4660 silly packumentCache corgi:https://registry.npmjs.org/gray-matter cache-miss
4661 http fetch GET 200 https://registry.npmjs.org/gray-matter 308ms (cache miss)
4662 silly packumentCache corgi:https://registry.npmjs.org/gray-matter set size:undefined disposed:false
4663 silly packumentCache corgi:https://registry.npmjs.org/@docusaurus%2ftypes cache-miss
4664 silly packumentCache corgi:https://registry.npmjs.org/@docusaurus%2futils-validation cache-miss
4665 http fetch GET 200 https://registry.npmjs.org/@napi-rs/wasm-runtime/-/wasm-runtime-0.2.12.tgz 52462ms (cache miss)
4666 http fetch GET 200 https://registry.npmjs.org/@docusaurus%2futils-validation 3190ms (cache miss)
4667 silly packumentCache corgi:https://registry.npmjs.org/@docusaurus%2futils-validation set size:undefined disposed:false
4668 http fetch GET 200 https://registry.npmjs.org/@docusaurus%2ftypes 3511ms (cache miss)
4669 silly packumentCache corgi:https://registry.npmjs.org/@docusaurus%2ftypes set size:undefined disposed:false
4670 silly packumentCache corgi:https://registry.npmjs.org/sockjs cache-miss
4671 http fetch GET 200 https://registry.npmjs.org/sockjs 218ms (cache miss)
4672 silly packumentCache corgi:https://registry.npmjs.org/sockjs set size:undefined disposed:false
4673 silly packumentCache corgi:https://registry.npmjs.org/copy-webpack-plugin cache-miss
4674 silly packumentCache corgi:https://registry.npmjs.org/css-minimizer-webpack-plugin cache-miss
4675 http fetch GET 200 https://registry.npmjs.org/css-minimizer-webpack-plugin 329ms (cache miss)
4676 silly packumentCache corgi:https://registry.npmjs.org/css-minimizer-webpack-plugin set size:undefined disposed:false
4677 http fetch GET 200 https://registry.npmjs.org/copy-webpack-plugin 342ms (cache miss)
4678 silly packumentCache corgi:https://registry.npmjs.org/copy-webpack-plugin set size:undefined disposed:false
4679 silly packumentCache corgi:https://registry.npmjs.org/cheerio cache-miss
4680 http fetch GET 200 https://registry.npmjs.org/cheerio 304ms (cache miss)
4681 silly packumentCache corgi:https://registry.npmjs.org/cheerio set size:undefined disposed:false
4682 silly packumentCache corgi:https://registry.npmjs.org/@docusaurus%2fcore cache-miss
4683 http fetch GET 200 https://registry.npmjs.org/@swc/core-darwin-arm64/-/core-darwin-arm64-1.15.40.tgz 57069ms (cache miss)
4684 http fetch GET 200 https://registry.npmjs.org/mermaid/-/mermaid-11.15.0.tgz 57438ms (cache miss)
4685 http fetch GET 200 https://registry.npmjs.org/@docusaurus%2fcore 2025ms (cache miss)
4686 silly packumentCache corgi:https://registry.npmjs.org/@docusaurus%2fcore set size:undefined disposed:false
4687 silly packumentCache corgi:https://registry.npmjs.org/@docusaurus%2fbundler cache-miss
4688 http fetch GET 200 https://registry.npmjs.org/@docusaurus%2fbundler 352ms (cache miss)
4689 silly packumentCache corgi:https://registry.npmjs.org/@docusaurus%2fbundler set size:undefined disposed:false
4690 silly packumentCache corgi:https://registry.npmjs.org/@docusaurus%2fplugin-client-redirects cache-miss
4691 silly packumentCache corgi:https://registry.npmjs.org/@docusaurus%2fplugin-content-blog cache-miss
4692 silly packumentCache corgi:https://registry.npmjs.org/@docusaurus%2fplugin-content-docs cache-miss
4693 silly packumentCache corgi:https://registry.npmjs.org/@docusaurus%2fplugin-content-pages cache-miss
4694 silly packumentCache corgi:https://registry.npmjs.org/@docusaurus%2fplugin-css-cascade-layers cache-miss
4695 silly packumentCache corgi:https://registry.npmjs.org/@docusaurus%2fplugin-debug cache-miss
4696 silly packumentCache corgi:https://registry.npmjs.org/@docusaurus%2fplugin-google-analytics cache-miss
4697 silly packumentCache corgi:https://registry.npmjs.org/@docusaurus%2fplugin-google-gtag cache-miss
4698 silly packumentCache corgi:https://registry.npmjs.org/@docusaurus%2fplugin-google-tag-manager cache-miss
4699 silly packumentCache corgi:https://registry.npmjs.org/@docusaurus%2fplugin-sitemap cache-miss
4700 silly packumentCache corgi:https://registry.npmjs.org/@docusaurus%2fplugin-svgr cache-miss
4701 silly packumentCache corgi:https://registry.npmjs.org/@docusaurus%2fpreset-classic cache-miss
4702 silly packumentCache corgi:https://registry.npmjs.org/@docusaurus%2ftheme-classic cache-miss
4703 silly packumentCache corgi:https://registry.npmjs.org/@docusaurus%2ftheme-live-codeblock cache-miss
4704 silly packumentCache corgi:https://registry.npmjs.org/@docusaurus%2ftheme-mermaid cache-miss
4705 silly packumentCache corgi:https://registry.npmjs.org/@docusaurus%2ftheme-search-algolia cache-miss
4706 silly packumentCache corgi:https://registry.npmjs.org/docusaurus-plugin-llms cache-miss
4707 http fetch GET 200 https://registry.npmjs.org/@docusaurus%2fplugin-svgr 378ms (cache miss)
4708 silly packumentCache corgi:https://registry.npmjs.org/@docusaurus%2fplugin-svgr set size:undefined disposed:false
4709 http fetch GET 200 https://registry.npmjs.org/@docusaurus%2fplugin-css-cascade-layers 861ms (cache miss)
4710 silly packumentCache corgi:https://registry.npmjs.org/@docusaurus%2fplugin-css-cascade-layers set size:undefined disposed:false
4711 http fetch GET 200 https://registry.npmjs.org/@docusaurus%2fplugin-google-tag-manager 1112ms (cache miss)
4712 silly packumentCache corgi:https://registry.npmjs.org/@docusaurus%2fplugin-google-tag-manager set size:undefined disposed:false
4713 http fetch GET 200 https://registry.npmjs.org/docusaurus-plugin-llms 1771ms (cache miss)
4714 silly packumentCache corgi:https://registry.npmjs.org/docusaurus-plugin-llms set size:undefined disposed:false
4715 http fetch GET 200 https://registry.npmjs.org/@docusaurus%2ftheme-mermaid 2663ms (cache miss)
4716 silly packumentCache corgi:https://registry.npmjs.org/@docusaurus%2ftheme-mermaid set size:undefined disposed:false
4717 http fetch GET 200 https://registry.npmjs.org/@docusaurus%2fplugin-debug 7814ms (cache miss)
4718 silly packumentCache corgi:https://registry.npmjs.org/@docusaurus%2fplugin-debug set size:undefined disposed:false
4719 http fetch GET 200 https://registry.npmjs.org/@docusaurus%2fplugin-google-gtag 8259ms (cache miss)
4720 silly packumentCache corgi:https://registry.npmjs.org/@docusaurus%2fplugin-google-gtag set size:undefined disposed:false
4721 http fetch GET 200 https://registry.npmjs.org/@docusaurus%2fplugin-google-analytics 8313ms (cache miss)
4722 silly packumentCache corgi:https://registry.npmjs.org/@docusaurus%2fplugin-google-analytics set size:undefined disposed:false
4723 http fetch GET 200 https://registry.npmjs.org/@docusaurus%2fplugin-sitemap 8344ms (cache miss)
4724 silly packumentCache corgi:https://registry.npmjs.org/@docusaurus%2fplugin-sitemap set size:undefined disposed:false
4725 http fetch GET 200 https://registry.npmjs.org/@docusaurus%2fplugin-content-docs 8374ms (cache miss)
4726 silly packumentCache corgi:https://registry.npmjs.org/@docusaurus%2fplugin-content-docs set size:undefined disposed:false
4727 http fetch GET 200 https://registry.npmjs.org/@docusaurus%2fplugin-content-pages 8443ms (cache miss)
4728 silly packumentCache corgi:https://registry.npmjs.org/@docusaurus%2fplugin-content-pages set size:undefined disposed:false
4729 http fetch GET 200 https://registry.npmjs.org/@docusaurus%2fpreset-classic 8475ms (cache miss)
4730 silly packumentCache corgi:https://registry.npmjs.org/@docusaurus%2fpreset-classic set size:undefined disposed:false
4731 http fetch GET 200 https://registry.npmjs.org/@docusaurus%2ftheme-classic 8523ms (cache miss)
4732 silly packumentCache corgi:https://registry.npmjs.org/@docusaurus%2ftheme-classic set size:undefined disposed:false
4733 http fetch GET 200 https://registry.npmjs.org/@docusaurus%2ftheme-live-codeblock 8553ms (cache miss)
4734 silly packumentCache corgi:https://registry.npmjs.org/@docusaurus%2ftheme-live-codeblock set size:undefined disposed:false
4735 http fetch GET 200 https://registry.npmjs.org/@docusaurus%2fplugin-content-blog 8582ms (cache miss)
4736 silly packumentCache corgi:https://registry.npmjs.org/@docusaurus%2fplugin-content-blog set size:undefined disposed:false
4737 http fetch GET 200 https://registry.npmjs.org/@docusaurus%2fplugin-client-redirects 8614ms (cache miss)
4738 silly packumentCache corgi:https://registry.npmjs.org/@docusaurus%2fplugin-client-redirects set size:undefined disposed:false
4739 http fetch GET 200 https://registry.npmjs.org/@docusaurus%2ftheme-search-algolia 8653ms (cache miss)
4740 silly packumentCache corgi:https://registry.npmjs.org/@docusaurus%2ftheme-search-algolia set size:undefined disposed:false
4741 silly packumentCache corgi:https://registry.npmjs.org/@docusaurus%2ftheme-common cache-miss
4742 silly packumentCache corgi:https://registry.npmjs.org/@easyops-cn%2fdocusaurus-search-local cache-miss
4743 http fetch GET 200 https://registry.npmjs.org/@rspack/binding-darwin-arm64/-/binding-darwin-arm64-1.7.11.tgz 73170ms (cache miss)
4744 http fetch GET 200 https://registry.npmjs.org/@easyops-cn%2fdocusaurus-search-local 1365ms (cache miss)
4745 silly packumentCache corgi:https://registry.npmjs.org/@easyops-cn%2fdocusaurus-search-local set size:undefined disposed:false
4746 http fetch GET 200 https://registry.npmjs.org/@docusaurus%2ftheme-common 1816ms (cache miss)
4747 silly packumentCache corgi:https://registry.npmjs.org/@docusaurus%2ftheme-common set size:undefined disposed:false
4748 silly ADD node_modules/zwitch
4749 silly ADD node_modules/yocto-queue
4750 silly ADD node_modules/yaml
4751 silly ADD node_modules/yallist
4752 silly ADD node_modules/xml-js
4753 silly ADD node_modules/xdg-basedir
4754 silly ADD node_modules/wsl-utils
4755 silly ADD node_modules/wsl-utils/node_modules/is-wsl
4756 silly ADD node_modules/ws
4757 silly ADD node_modules/write-file-atomic
4758 silly ADD node_modules/wrap-ansi
4759 silly ADD node_modules/wrap-ansi/node_modules/strip-ansi
4760 silly ADD node_modules/wrap-ansi/node_modules/ansi-styles
4761 silly ADD node_modules/wrap-ansi/node_modules/ansi-regex
4762 silly ADD node_modules/wildcard
4763 silly ADD node_modules/widest-line
4764 silly ADD node_modules/which
4765 silly ADD node_modules/whatwg-mimetype
4766 silly ADD node_modules/whatwg-encoding
4767 silly ADD node_modules/whatwg-encoding/node_modules/iconv-lite
4768 silly ADD node_modules/websocket-extensions
4769 silly ADD node_modules/websocket-driver
4770 silly ADD node_modules/webpackbar
4771 silly ADD node_modules/webpack-sources
4772 silly ADD node_modules/webpack-merge
4773 silly ADD node_modules/webpack-dev-server
4774 silly ADD node_modules/webpack-dev-server/node_modules/ws
4775 silly ADD node_modules/webpack-dev-server/node_modules/open
4776 silly ADD node_modules/webpack-dev-server/node_modules/define-lazy-prop
4777 silly ADD node_modules/webpack-dev-middleware
4778 silly ADD node_modules/webpack-dev-middleware/node_modules/range-parser
4779 silly ADD node_modules/webpack-dev-middleware/node_modules/mime-types
4780 silly ADD node_modules/webpack-dev-middleware/node_modules/mime-db
4781 silly ADD node_modules/webpack-bundle-analyzer
4782 silly ADD node_modules/webpack-bundle-analyzer/node_modules/commander
4783 silly ADD node_modules/webpack
4784 silly ADD node_modules/webpack/node_modules/mime-db
4785 silly ADD node_modules/web-namespaces
4786 silly ADD node_modules/wbuf
4787 silly ADD node_modules/watchpack
4788 silly ADD node_modules/vfile-message
4789 silly ADD node_modules/vfile-location
4790 silly ADD node_modules/vfile
4791 silly ADD node_modules/vary
4792 silly ADD node_modules/value-equal
4793 silly ADD node_modules/uuid
4794 silly ADD node_modules/utils-merge
4795 silly ADD node_modules/utility-types
4796 silly ADD node_modules/utila
4797 silly ADD node_modules/util-deprecate
4798 silly ADD node_modules/use-editable
4799 silly ADD node_modules/url-loader
4800 silly ADD node_modules/url-loader/node_modules/schema-utils
4801 silly ADD node_modules/url-loader/node_modules/mime-types
4802 silly ADD node_modules/url-loader/node_modules/mime-db
4803 silly ADD node_modules/url-loader/node_modules/json-schema-traverse
4804 silly ADD node_modules/url-loader/node_modules/ajv-keywords
4805 silly ADD node_modules/url-loader/node_modules/ajv
4806 silly ADD node_modules/uri-js
4807 silly ADD node_modules/update-notifier
4808 silly ADD node_modules/update-notifier/node_modules/chalk
4809 silly ADD node_modules/update-notifier/node_modules/camelcase
4810 silly ADD node_modules/update-notifier/node_modules/boxen
4811 silly ADD node_modules/update-browserslist-db
4812 silly ADD node_modules/unpipe
4813 silly ADD node_modules/universalify
4814 silly ADD node_modules/unist-util-visit-parents
4815 silly ADD node_modules/unist-util-visit
4816 silly ADD node_modules/unist-util-stringify-position
4817 silly ADD node_modules/unist-util-position-from-estree
4818 silly ADD node_modules/unist-util-position
4819 silly ADD node_modules/unist-util-is
4820 silly ADD node_modules/unist-util-find-after
4821 silly ADD node_modules/unist-builder
4822 silly ADD node_modules/unique-string
4823 silly ADD node_modules/unified
4824 silly ADD node_modules/unicode-property-aliases-ecmascript
4825 silly ADD node_modules/unicode-match-property-value-ecmascript
4826 silly ADD node_modules/unicode-match-property-ecmascript
4827 silly ADD node_modules/unicode-emoji-modifier-base
4828 silly ADD node_modules/unicode-canonical-property-names-ecmascript
4829 silly ADD node_modules/undici-types
4830 silly ADD node_modules/undici
4831 silly ADD node_modules/typescript
4832 silly ADD node_modules/typedarray-to-buffer
4833 silly ADD node_modules/type-is
4834 silly ADD node_modules/type-is/node_modules/mime-types
4835 silly ADD node_modules/type-is/node_modules/mime-db
4836 silly ADD node_modules/type-fest
4837 silly ADD node_modules/tsyringe
4838 silly ADD node_modules/tsyringe/node_modules/tslib
4839 silly ADD node_modules/tslib
4840 silly ADD node_modules/ts-interface-checker
4841 silly ADD node_modules/ts-dedent
4842 silly ADD node_modules/trough
4843 silly ADD node_modules/trim-trailing-lines
4844 silly ADD node_modules/trim-lines
4845 silly ADD node_modules/tree-dump
4846 silly ADD node_modules/totalist
4847 silly ADD node_modules/toidentifier
4848 silly ADD node_modules/to-regex-range
4849 silly ADD node_modules/tinypool
4850 silly ADD node_modules/tinyglobby
4851 silly ADD node_modules/tinyglobby/node_modules/picomatch
4852 silly ADD node_modules/tinyglobby/node_modules/fdir
4853 silly ADD node_modules/tinyexec
4854 silly ADD node_modules/tiny-warning
4855 silly ADD node_modules/tiny-invariant
4856 silly ADD node_modules/thunky
4857 silly ADD node_modules/thingies
4858 silly ADD node_modules/thenify-all
4859 silly ADD node_modules/thenify
4860 silly ADD node_modules/terser-webpack-plugin
4861 silly ADD node_modules/terser-webpack-plugin/node_modules/supports-color
4862 silly ADD node_modules/terser-webpack-plugin/node_modules/jest-worker
4863 silly ADD node_modules/terser
4864 silly ADD node_modules/terser/node_modules/commander
4865 silly ADD node_modules/tapable
4866 silly ADD node_modules/swc-loader
4867 silly ADD node_modules/svgo
4868 silly ADD node_modules/svgo/node_modules/commander
4869 silly ADD node_modules/svg-parser
4870 silly ADD node_modules/supports-preserve-symlinks-flag
4871 silly ADD node_modules/supports-color
4872 silly ADD node_modules/sucrase
4873 silly ADD node_modules/sucrase/node_modules/commander
4874 silly ADD node_modules/stylis
4875 silly ADD node_modules/stylehacks
4876 silly ADD node_modules/style-to-object
4877 silly ADD node_modules/style-to-js
4878 silly ADD node_modules/strip-json-comments
4879 silly ADD node_modules/strip-final-newline
4880 silly ADD node_modules/strip-bom-string
4881 silly ADD node_modules/strip-ansi
4882 silly ADD node_modules/stringify-object
4883 silly ADD node_modules/stringify-entities
4884 silly ADD node_modules/string-width
4885 silly ADD node_modules/string-width/node_modules/strip-ansi
4886 silly ADD node_modules/string-width/node_modules/ansi-regex
4887 silly ADD node_modules/string_decoder
4888 silly ADD node_modules/std-env
4889 silly ADD node_modules/statuses
4890 silly ADD node_modules/srcset
4891 silly ADD node_modules/sprintf-js
4892 silly ADD node_modules/spdy-transport
4893 silly ADD node_modules/spdy
4894 silly ADD node_modules/space-separated-tokens
4895 silly ADD node_modules/sourcemap-codec
4896 silly ADD node_modules/source-map-support
4897 silly ADD node_modules/source-map-support/node_modules/source-map
4898 silly ADD node_modules/source-map-js
4899 silly ADD node_modules/source-map
4900 silly ADD node_modules/sort-css-media-queries
4901 silly ADD node_modules/sockjs
4902 silly ADD node_modules/snake-case
4903 silly ADD node_modules/slash
4904 silly ADD node_modules/skin-tone
4905 silly ADD node_modules/sitemap
4906 silly ADD node_modules/sitemap/node_modules/@types/node
4907 silly ADD node_modules/sisteransi
4908 silly ADD node_modules/sirv
4909 silly ADD node_modules/signal-exit
4910 silly ADD node_modules/side-channel-weakmap
4911 silly ADD node_modules/side-channel-map
4912 silly ADD node_modules/side-channel-list
4913 silly ADD node_modules/side-channel
4914 silly ADD node_modules/shell-quote
4915 silly ADD node_modules/shebang-regex
4916 silly ADD node_modules/shebang-command
4917 silly ADD node_modules/shallowequal
4918 silly ADD node_modules/shallow-clone
4919 silly ADD node_modules/setprototypeof
4920 silly ADD node_modules/set-function-length
4921 silly ADD node_modules/serve-static
4922 silly ADD node_modules/serve-index
4923 silly ADD node_modules/serve-index/node_modules/statuses
4924 silly ADD node_modules/serve-index/node_modules/ms
4925 silly ADD node_modules/serve-index/node_modules/mime-types
4926 silly ADD node_modules/serve-index/node_modules/mime-db
4927 silly ADD node_modules/serve-index/node_modules/http-errors
4928 silly ADD node_modules/serve-index/node_modules/depd
4929 silly ADD node_modules/serve-index/node_modules/debug
4930 silly ADD node_modules/serve-handler
4931 silly ADD node_modules/serve-handler/node_modules/path-to-regexp
4932 silly ADD node_modules/serialize-javascript
4933 silly ADD node_modules/send
4934 silly ADD node_modules/send/node_modules/range-parser
4935 silly ADD node_modules/send/node_modules/debug
4936 silly ADD node_modules/send/node_modules/debug/node_modules/ms
4937 silly ADD node_modules/semver-diff
4938 silly ADD node_modules/semver
4939 silly ADD node_modules/selfsigned
4940 silly ADD node_modules/select-hose
4941 silly ADD node_modules/section-matter
4942 silly ADD node_modules/search-insights
4943 silly ADD node_modules/schema-utils
4944 silly ADD node_modules/schema-dts
4945 silly ADD node_modules/scheduler
4946 silly ADD node_modules/sax
4947 silly ADD node_modules/safer-buffer
4948 silly ADD node_modules/safe-buffer
4949 silly ADD node_modules/rw
4950 silly ADD node_modules/run-parallel
4951 silly ADD node_modules/run-applescript
4952 silly ADD node_modules/rtlcss
4953 silly ADD node_modules/roughjs
4954 silly ADD node_modules/robust-predicates
4955 silly ADD node_modules/reusify
4956 silly ADD node_modules/retry
4957 silly ADD node_modules/responselike
4958 silly ADD node_modules/resolve-pathname
4959 silly ADD node_modules/resolve-from
4960 silly ADD node_modules/resolve-alpn
4961 silly ADD node_modules/resolve
4962 silly ADD node_modules/requires-port
4963 silly ADD node_modules/require-like
4964 silly ADD node_modules/require-from-string
4965 silly ADD node_modules/renderkid
4966 silly ADD node_modules/renderkid/node_modules/htmlparser2
4967 silly ADD node_modules/renderkid/node_modules/entities
4968 silly ADD node_modules/renderkid/node_modules/domutils
4969 silly ADD node_modules/renderkid/node_modules/domhandler
4970 silly ADD node_modules/renderkid/node_modules/dom-serializer
4971 silly ADD node_modules/renderkid/node_modules/css-select
4972 silly ADD node_modules/remark-stringify
4973 silly ADD node_modules/remark-rehype
4974 silly ADD node_modules/remark-parse
4975 silly ADD node_modules/remark-mdx
4976 silly ADD node_modules/remark-gfm
4977 silly ADD node_modules/remark-frontmatter
4978 silly ADD node_modules/remark-emoji
4979 silly ADD node_modules/remark-directive
4980 silly ADD node_modules/remark-definition-list
4981 silly ADD node_modules/relateurl
4982 silly ADD node_modules/rehype-recma
4983 silly ADD node_modules/rehype-raw
4984 silly ADD node_modules/rehype-minify-whitespace
4985 silly ADD node_modules/regjsparser
4986 silly ADD node_modules/regjsgen
4987 silly ADD node_modules/registry-url
4988 silly ADD node_modules/registry-auth-token
4989 silly ADD node_modules/regexpu-core
4990 silly ADD node_modules/regenerate-unicode-properties
4991 silly ADD node_modules/regenerate
4992 silly ADD node_modules/reflect-metadata
4993 silly ADD node_modules/recma-stringify
4994 silly ADD node_modules/recma-parse
4995 silly ADD node_modules/recma-jsx
4996 silly ADD node_modules/recma-build-jsx
4997 silly ADD node_modules/readdirp
4998 silly ADD node_modules/readable-stream
4999 silly ADD node_modules/react-router-dom
5000 silly ADD node_modules/react-router-config
5001 silly ADD node_modules/react-router
5002 silly ADD node_modules/react-loadable-ssr-addon-v5-slorber
5003 silly ADD node_modules/react-loadable
5004 silly ADD node_modules/react-live
5005 silly ADD node_modules/react-json-view-lite
5006 silly ADD node_modules/react-is
5007 silly ADD node_modules/react-helmet-async
5008 silly ADD node_modules/react-fast-compare
5009 silly ADD node_modules/react-dom
5010 silly ADD node_modules/react
5011 silly ADD node_modules/rc
5012 silly ADD node_modules/rc/node_modules/strip-json-comments
5013 silly ADD node_modules/rc/node_modules/ini
5014 silly ADD node_modules/raw-body
5015 silly ADD node_modules/raw-body/node_modules/bytes
5016 silly ADD node_modules/range-parser
5017 silly ADD node_modules/randombytes
5018 silly ADD node_modules/quick-lru
5019 silly ADD node_modules/queue-microtask
5020 silly ADD node_modules/qs
5021 silly ADD node_modules/pvutils
5022 silly ADD node_modules/pvtsutils
5023 silly ADD node_modules/pupa
5024 silly ADD node_modules/punycode
5025 silly ADD node_modules/proxy-addr
5026 silly ADD node_modules/proxy-addr/node_modules/ipaddr.js
5027 silly ADD node_modules/proto-list
5028 silly ADD node_modules/property-information
5029 silly ADD node_modules/prop-types
5030 silly ADD node_modules/prompts
5031 silly ADD node_modules/process-nextick-args
5032 silly ADD node_modules/prismjs
5033 silly ADD node_modules/prism-react-renderer
5034 silly ADD node_modules/pretty-time
5035 silly ADD node_modules/pretty-error
5036 silly ADD node_modules/postcss-zindex
5037 silly ADD node_modules/postcss-value-parser
5038 silly ADD node_modules/postcss-unique-selectors
5039 silly ADD node_modules/postcss-svgo
5040 silly ADD node_modules/postcss-sort-media-queries
5041 silly ADD node_modules/postcss-selector-parser
5042 silly ADD node_modules/postcss-selector-not
5043 silly ADD node_modules/postcss-selector-not/node_modules/postcss-selector-parser
5044 silly ADD node_modules/postcss-replace-overflow-wrap
5045 silly ADD node_modules/postcss-reduce-transforms
5046 silly ADD node_modules/postcss-reduce-initial
5047 silly ADD node_modules/postcss-reduce-idents
5048 silly ADD node_modules/postcss-pseudo-class-any-link
5049 silly ADD node_modules/postcss-pseudo-class-any-link/node_modules/postcss-selector-parser
5050 silly ADD node_modules/postcss-preset-env
5051 silly ADD node_modules/postcss-place
5052 silly ADD node_modules/postcss-page-break
5053 silly ADD node_modules/postcss-overflow-shorthand
5054 silly ADD node_modules/postcss-ordered-values
5055 silly ADD node_modules/postcss-opacity-percentage
5056 silly ADD node_modules/postcss-normalize-whitespace
5057 silly ADD node_modules/postcss-normalize-url
5058 silly ADD node_modules/postcss-normalize-unicode
5059 silly ADD node_modules/postcss-normalize-timing-functions
5060 silly ADD node_modules/postcss-normalize-string
5061 silly ADD node_modules/postcss-normalize-repeat-style
5062 silly ADD node_modules/postcss-normalize-positions
5063 silly ADD node_modules/postcss-normalize-display-values
5064 silly ADD node_modules/postcss-normalize-charset
5065 silly ADD node_modules/postcss-nesting
5066 silly ADD node_modules/postcss-nesting/node_modules/postcss-selector-parser
5067 silly ADD node_modules/postcss-nesting/node_modules/@csstools/selector-specificity
5068 silly ADD node_modules/postcss-nesting/node_modules/@csstools/selector-resolve-nested
5069 silly ADD node_modules/postcss-modules-values
5070 silly ADD node_modules/postcss-modules-scope
5071 silly ADD node_modules/postcss-modules-scope/node_modules/postcss-selector-parser
5072 silly ADD node_modules/postcss-modules-local-by-default
5073 silly ADD node_modules/postcss-modules-local-by-default/node_modules/postcss-selector-parser
5074 silly ADD node_modules/postcss-modules-extract-imports
5075 silly ADD node_modules/postcss-minify-selectors
5076 silly ADD node_modules/postcss-minify-params
5077 silly ADD node_modules/postcss-minify-gradients
5078 silly ADD node_modules/postcss-minify-font-values
5079 silly ADD node_modules/postcss-merge-rules
5080 silly ADD node_modules/postcss-merge-longhand
5081 silly ADD node_modules/postcss-merge-idents
5082 silly ADD node_modules/postcss-logical
5083 silly ADD node_modules/postcss-loader
5084 silly ADD node_modules/postcss-lab-function
5085 silly ADD node_modules/postcss-image-set-function
5086 silly ADD node_modules/postcss-gap-properties
5087 silly ADD node_modules/postcss-font-variant
5088 silly ADD node_modules/postcss-focus-within
5089 silly ADD node_modules/postcss-focus-within/node_modules/postcss-selector-parser
5090 silly ADD node_modules/postcss-focus-visible
5091 silly ADD node_modules/postcss-focus-visible/node_modules/postcss-selector-parser
5092 silly ADD node_modules/postcss-double-position-gradients
5093 silly ADD node_modules/postcss-discard-unused
5094 silly ADD node_modules/postcss-discard-overridden
5095 silly ADD node_modules/postcss-discard-empty
5096 silly ADD node_modules/postcss-discard-duplicates
5097 silly ADD node_modules/postcss-discard-comments
5098 silly ADD node_modules/postcss-dir-pseudo-class
5099 silly ADD node_modules/postcss-dir-pseudo-class/node_modules/postcss-selector-parser
5100 silly ADD node_modules/postcss-custom-selectors
5101 silly ADD node_modules/postcss-custom-selectors/node_modules/postcss-selector-parser
5102 silly ADD node_modules/postcss-custom-properties
5103 silly ADD node_modules/postcss-custom-media
5104 silly ADD node_modules/postcss-convert-values
5105 silly ADD node_modules/postcss-colormin
5106 silly ADD node_modules/postcss-color-rebeccapurple
5107 silly ADD node_modules/postcss-color-hex-alpha
5108 silly ADD node_modules/postcss-color-functional-notation
5109 silly ADD node_modules/postcss-clamp
5110 silly ADD node_modules/postcss-calc
5111 silly ADD node_modules/postcss-attribute-case-insensitive
5112 silly ADD node_modules/postcss-attribute-case-insensitive/node_modules/postcss-selector-parser
5113 silly ADD node_modules/postcss
5114 silly ADD node_modules/points-on-path
5115 silly ADD node_modules/points-on-curve
5116 silly ADD node_modules/pkijs
5117 silly ADD node_modules/pkg-dir
5118 silly ADD node_modules/pirates
5119 silly ADD node_modules/picomatch
5120 silly ADD node_modules/picocolors
5121 silly ADD node_modules/path-type
5122 silly ADD node_modules/path-to-regexp
5123 silly ADD node_modules/path-parse
5124 silly ADD node_modules/path-key
5125 silly ADD node_modules/path-is-inside
5126 silly ADD node_modules/path-exists
5127 silly ADD node_modules/path-data-parser
5128 silly ADD node_modules/pascal-case
5129 silly ADD node_modules/parseurl
5130 silly ADD node_modules/parse5-parser-stream
5131 silly ADD node_modules/parse5-htmlparser2-tree-adapter
5132 silly ADD node_modules/parse5
5133 silly ADD node_modules/parse5/node_modules/entities
5134 silly ADD node_modules/parse-numeric-range
5135 silly ADD node_modules/parse-json
5136 silly ADD node_modules/parse-entities
5137 silly ADD node_modules/parse-entities/node_modules/@types/unist
5138 silly ADD node_modules/parent-module
5139 silly ADD node_modules/param-case
5140 silly ADD node_modules/package-manager-detector
5141 silly ADD node_modules/package-json
5142 silly ADD node_modules/p-timeout
5143 silly ADD node_modules/p-retry
5144 silly ADD node_modules/p-queue
5145 silly ADD node_modules/p-map
5146 silly ADD node_modules/p-locate
5147 silly ADD node_modules/p-limit
5148 silly ADD node_modules/p-finally
5149 silly ADD node_modules/p-cancelable
5150 silly ADD node_modules/os-homedir
5151 silly ADD node_modules/opener
5152 silly ADD node_modules/open
5153 silly ADD node_modules/onetime
5154 silly ADD node_modules/on-headers
5155 silly ADD node_modules/on-finished
5156 silly ADD node_modules/obuf
5157 silly ADD node_modules/object.assign
5158 silly ADD node_modules/object-keys
5159 silly ADD node_modules/object-inspect
5160 silly ADD node_modules/object-assign
5161 silly ADD node_modules/null-loader
5162 silly ADD node_modules/null-loader/node_modules/schema-utils
5163 silly ADD node_modules/null-loader/node_modules/json-schema-traverse
5164 silly ADD node_modules/null-loader/node_modules/ajv-keywords
5165 silly ADD node_modules/null-loader/node_modules/ajv
5166 silly ADD node_modules/nth-check
5167 silly ADD node_modules/nprogress
5168 silly ADD node_modules/npm-run-path
5169 silly ADD node_modules/normalize-url
5170 silly ADD node_modules/normalize-path
5171 silly ADD node_modules/node-releases
5172 silly ADD node_modules/node-emoji
5173 silly ADD node_modules/no-case
5174 silly ADD node_modules/neo-async
5175 silly ADD node_modules/negotiator
5176 silly ADD node_modules/nanoid
5177 silly ADD node_modules/mz
5178 silly ADD node_modules/multicast-dns
5179 silly ADD node_modules/ms
5180 silly ADD node_modules/mrmime
5181 silly ADD node_modules/minimist
5182 silly ADD node_modules/minimatch
5183 silly ADD node_modules/minimalistic-assert
5184 silly ADD node_modules/mini-css-extract-plugin
5185 silly ADD node_modules/mimic-response
5186 silly ADD node_modules/mimic-fn
5187 silly ADD node_modules/mime-types
5188 silly ADD node_modules/mime-db
5189 silly ADD node_modules/mime
5190 silly ADD node_modules/micromatch
5191 silly ADD node_modules/micromark-util-types
5192 silly ADD node_modules/micromark-util-symbol
5193 silly ADD node_modules/micromark-util-subtokenize
5194 silly ADD node_modules/micromark-util-subtokenize/node_modules/micromark-util-symbol
5195 silly ADD node_modules/micromark-util-sanitize-uri
5196 silly ADD node_modules/micromark-util-sanitize-uri/node_modules/micromark-util-symbol
5197 silly ADD node_modules/micromark-util-sanitize-uri/node_modules/micromark-util-character
5198 silly ADD node_modules/micromark-util-resolve-all
5199 silly ADD node_modules/micromark-util-normalize-identifier
5200 silly ADD node_modules/micromark-util-normalize-identifier/node_modules/micromark-util-symbol
5201 silly ADD node_modules/micromark-util-html-tag-name
5202 silly ADD node_modules/micromark-util-events-to-acorn
5203 silly ADD node_modules/micromark-util-events-to-acorn/node_modules/micromark-util-symbol
5204 silly ADD node_modules/micromark-util-encode
5205 silly ADD node_modules/micromark-util-decode-string
5206 silly ADD node_modules/micromark-util-decode-string/node_modules/micromark-util-symbol
5207 silly ADD node_modules/micromark-util-decode-string/node_modules/micromark-util-character
5208 silly ADD node_modules/micromark-util-decode-numeric-character-reference
5209 silly ADD node_modules/micromark-util-decode-numeric-character-reference/node_modules/micromark-util-symbol
5210 silly ADD node_modules/micromark-util-combine-extensions
5211 silly ADD node_modules/micromark-util-classify-character
5212 silly ADD node_modules/micromark-util-classify-character/node_modules/micromark-util-symbol
5213 silly ADD node_modules/micromark-util-classify-character/node_modules/micromark-util-character
5214 silly ADD node_modules/micromark-util-chunked
5215 silly ADD node_modules/micromark-util-chunked/node_modules/micromark-util-symbol
5216 silly ADD node_modules/micromark-util-character
5217 silly ADD node_modules/micromark-util-character/node_modules/micromark-util-types
5218 silly ADD node_modules/micromark-factory-whitespace
5219 silly ADD node_modules/micromark-factory-whitespace/node_modules/micromark-util-symbol
5220 silly ADD node_modules/micromark-factory-whitespace/node_modules/micromark-util-character
5221 silly ADD node_modules/micromark-factory-whitespace/node_modules/micromark-factory-space
5222 silly ADD node_modules/micromark-factory-title
5223 silly ADD node_modules/micromark-factory-title/node_modules/micromark-util-symbol
5224 silly ADD node_modules/micromark-factory-title/node_modules/micromark-util-character
5225 silly ADD node_modules/micromark-factory-title/node_modules/micromark-factory-space
5226 silly ADD node_modules/micromark-factory-space
5227 silly ADD node_modules/micromark-factory-space/node_modules/micromark-util-types
5228 silly ADD node_modules/micromark-factory-mdx-expression
5229 silly ADD node_modules/micromark-factory-mdx-expression/node_modules/micromark-util-symbol
5230 silly ADD node_modules/micromark-factory-mdx-expression/node_modules/micromark-util-character
5231 silly ADD node_modules/micromark-factory-mdx-expression/node_modules/micromark-factory-space
5232 silly ADD node_modules/micromark-factory-label
5233 silly ADD node_modules/micromark-factory-label/node_modules/micromark-util-symbol
5234 silly ADD node_modules/micromark-factory-label/node_modules/micromark-util-character
5235 silly ADD node_modules/micromark-factory-destination
5236 silly ADD node_modules/micromark-factory-destination/node_modules/micromark-util-symbol
5237 silly ADD node_modules/micromark-factory-destination/node_modules/micromark-util-character
5238 silly ADD node_modules/micromark-extension-mdxjs-esm
5239 silly ADD node_modules/micromark-extension-mdxjs-esm/node_modules/micromark-util-symbol
5240 silly ADD node_modules/micromark-extension-mdxjs-esm/node_modules/micromark-util-character
5241 silly ADD node_modules/micromark-extension-mdxjs
5242 silly ADD node_modules/micromark-extension-mdx-md
5243 silly ADD node_modules/micromark-extension-mdx-jsx
5244 silly ADD node_modules/micromark-extension-mdx-jsx/node_modules/micromark-util-symbol
5245 silly ADD node_modules/micromark-extension-mdx-jsx/node_modules/micromark-util-character
5246 silly ADD node_modules/micromark-extension-mdx-jsx/node_modules/micromark-factory-space
5247 silly ADD node_modules/micromark-extension-mdx-expression
5248 silly ADD node_modules/micromark-extension-mdx-expression/node_modules/micromark-util-symbol
5249 silly ADD node_modules/micromark-extension-mdx-expression/node_modules/micromark-util-character
5250 silly ADD node_modules/micromark-extension-mdx-expression/node_modules/micromark-factory-space
5251 silly ADD node_modules/micromark-extension-gfm-task-list-item
5252 silly ADD node_modules/micromark-extension-gfm-task-list-item/node_modules/micromark-util-symbol
5253 silly ADD node_modules/micromark-extension-gfm-task-list-item/node_modules/micromark-util-character
5254 silly ADD node_modules/micromark-extension-gfm-task-list-item/node_modules/micromark-factory-space
5255 silly ADD node_modules/micromark-extension-gfm-tagfilter
5256 silly ADD node_modules/micromark-extension-gfm-table
5257 silly ADD node_modules/micromark-extension-gfm-table/node_modules/micromark-util-symbol
5258 silly ADD node_modules/micromark-extension-gfm-table/node_modules/micromark-util-character
5259 silly ADD node_modules/micromark-extension-gfm-table/node_modules/micromark-factory-space
5260 silly ADD node_modules/micromark-extension-gfm-strikethrough
5261 silly ADD node_modules/micromark-extension-gfm-strikethrough/node_modules/micromark-util-symbol
5262 silly ADD node_modules/micromark-extension-gfm-footnote
5263 silly ADD node_modules/micromark-extension-gfm-footnote/node_modules/micromark-util-symbol
5264 silly ADD node_modules/micromark-extension-gfm-footnote/node_modules/micromark-util-character
5265 silly ADD node_modules/micromark-extension-gfm-footnote/node_modules/micromark-factory-space
5266 silly ADD node_modules/micromark-extension-gfm-autolink-literal
5267 silly ADD node_modules/micromark-extension-gfm-autolink-literal/node_modules/micromark-util-symbol
5268 silly ADD node_modules/micromark-extension-gfm-autolink-literal/node_modules/micromark-util-character
5269 silly ADD node_modules/micromark-extension-gfm
5270 silly ADD node_modules/micromark-extension-frontmatter
5271 silly ADD node_modules/micromark-extension-frontmatter/node_modules/micromark-util-symbol
5272 silly ADD node_modules/micromark-extension-frontmatter/node_modules/micromark-util-character
5273 silly ADD node_modules/micromark-extension-directive
5274 silly ADD node_modules/micromark-extension-directive/node_modules/micromark-util-symbol
5275 silly ADD node_modules/micromark-extension-directive/node_modules/micromark-util-character
5276 silly ADD node_modules/micromark-extension-directive/node_modules/micromark-factory-space
5277 silly ADD node_modules/micromark-extension-definition-list
5278 silly ADD node_modules/micromark-extension-definition-list/node_modules/micromark-util-symbol
5279 silly ADD node_modules/micromark-extension-definition-list/node_modules/micromark-util-character
5280 silly ADD node_modules/micromark-extension-definition-list/node_modules/micromark-factory-space
5281 silly ADD node_modules/micromark-core-commonmark
5282 silly ADD node_modules/micromark-core-commonmark/node_modules/micromark-util-symbol
5283 silly ADD node_modules/micromark-core-commonmark/node_modules/micromark-util-character
5284 silly ADD node_modules/micromark-core-commonmark/node_modules/micromark-factory-space
5285 silly ADD node_modules/micromark
5286 silly ADD node_modules/micromark/node_modules/micromark-util-symbol
5287 silly ADD node_modules/micromark/node_modules/micromark-util-character
5288 silly ADD node_modules/micromark/node_modules/micromark-factory-space
5289 silly ADD node_modules/methods
5290 silly ADD node_modules/mermaid
5291 silly ADD node_modules/mermaid/node_modules/uuid
5292 silly ADD node_modules/merge2
5293 silly ADD node_modules/merge-stream
5294 silly ADD node_modules/merge-descriptors
5295 silly ADD node_modules/memfs
5296 silly ADD node_modules/media-typer
5297 silly ADD node_modules/mdn-data
5298 silly ADD node_modules/mdast-util-to-string
5299 silly ADD node_modules/mdast-util-to-markdown
5300 silly ADD node_modules/mdast-util-to-hast
5301 silly ADD node_modules/mdast-util-phrasing
5302 silly ADD node_modules/mdast-util-mdxjs-esm
5303 silly ADD node_modules/mdast-util-mdx-jsx
5304 silly ADD node_modules/mdast-util-mdx-expression
5305 silly ADD node_modules/mdast-util-mdx
5306 silly ADD node_modules/mdast-util-gfm-task-list-item
5307 silly ADD node_modules/mdast-util-gfm-table
5308 silly ADD node_modules/mdast-util-gfm-strikethrough
5309 silly ADD node_modules/mdast-util-gfm-footnote
5310 silly ADD node_modules/mdast-util-gfm-autolink-literal
5311 silly ADD node_modules/mdast-util-gfm-autolink-literal/node_modules/micromark-util-symbol
5312 silly ADD node_modules/mdast-util-gfm-autolink-literal/node_modules/micromark-util-character
5313 silly ADD node_modules/mdast-util-gfm
5314 silly ADD node_modules/mdast-util-frontmatter
5315 silly ADD node_modules/mdast-util-frontmatter/node_modules/escape-string-regexp
5316 silly ADD node_modules/mdast-util-from-markdown
5317 silly ADD node_modules/mdast-util-from-markdown/node_modules/micromark-util-symbol
5318 silly ADD node_modules/mdast-util-find-and-replace
5319 silly ADD node_modules/mdast-util-find-and-replace/node_modules/escape-string-regexp
5320 silly ADD node_modules/mdast-util-directive
5321 silly ADD node_modules/mdast-util-definition-list
5322 silly ADD node_modules/math-intrinsics
5323 silly ADD node_modules/marked
5324 silly ADD node_modules/markdown-table
5325 silly ADD node_modules/markdown-extensions
5326 silly ADD node_modules/mark.js
5327 silly ADD node_modules/magic-string
5328 silly ADD node_modules/lunr-languages
5329 silly ADD node_modules/lunr
5330 silly ADD node_modules/lru-cache
5331 silly ADD node_modules/lowercase-keys
5332 silly ADD node_modules/lower-case
5333 silly ADD node_modules/loose-envify
5334 silly ADD node_modules/longest-streak
5335 silly ADD node_modules/lodash.uniq
5336 silly ADD node_modules/lodash.memoize
5337 silly ADD node_modules/lodash.debounce
5338 silly ADD node_modules/lodash-es
5339 silly ADD node_modules/lodash
5340 silly ADD node_modules/locate-path
5341 silly ADD node_modules/loader-utils
5342 silly ADD node_modules/loader-runner
5343 silly ADD node_modules/lines-and-columns
5344 silly ADD node_modules/lilconfig
5345 silly ADD
5346 silly ADD
5347 silly ADD
5348 silly ADD
5349 silly ADD
5350 silly ADD
5351 silly ADD
5352 silly ADD
5353 silly ADD
5354 silly ADD node_modules/lightningcss-darwin-arm64
5355 silly ADD
5356 silly ADD node_modules/lightningcss
5357 silly ADD node_modules/leven
5358 silly ADD node_modules/layout-base
5359 silly ADD node_modules/launch-editor
5360 silly ADD node_modules/latest-version
5361 silly ADD node_modules/kleur
5362 silly ADD node_modules/klaw-sync
5363 silly ADD node_modules/kind-of
5364 silly ADD node_modules/khroma
5365 silly ADD node_modules/keyv
5366 silly ADD node_modules/katex
5367 silly ADD node_modules/katex/node_modules/commander
5368 silly ADD node_modules/jsonfile
5369 silly ADD node_modules/json5
5370 silly ADD node_modules/json-schema-traverse
5371 silly ADD node_modules/json-parse-even-better-errors
5372 silly ADD node_modules/json-buffer
5373 silly ADD node_modules/jsesc
5374 silly ADD node_modules/js-yaml
5375 silly ADD node_modules/js-tokens
5376 silly ADD node_modules/joi
5377 silly ADD node_modules/jiti
5378 silly ADD node_modules/jest-worker
5379 silly ADD node_modules/jest-worker/node_modules/supports-color
5380 silly ADD node_modules/jest-util
5381 silly ADD node_modules/isobject
5382 silly ADD node_modules/isexe
5383 silly ADD node_modules/isarray
5384 silly ADD node_modules/is-yarn-global
5385 silly ADD node_modules/is-wsl
5386 silly ADD node_modules/is-typedarray
5387 silly ADD node_modules/is-stream
5388 silly ADD node_modules/is-regexp
5389 silly ADD node_modules/is-plain-object
5390 silly ADD node_modules/is-plain-obj
5391 silly ADD node_modules/is-path-inside
5392 silly ADD node_modules/is-obj
5393 silly ADD node_modules/is-number
5394 silly ADD node_modules/is-npm
5395 silly ADD node_modules/is-network-error
5396 silly ADD node_modules/is-installed-globally
5397 silly ADD node_modules/is-inside-container
5398 silly ADD node_modules/is-inside-container/node_modules/is-docker
5399 silly ADD node_modules/is-hexadecimal
5400 silly ADD node_modules/is-glob
5401 silly ADD node_modules/is-fullwidth-code-point
5402 silly ADD node_modules/is-extglob
5403 silly ADD node_modules/is-extendable
5404 silly ADD node_modules/is-docker
5405 silly ADD node_modules/is-decimal
5406 silly ADD node_modules/is-core-module
5407 silly ADD node_modules/is-ci
5408 silly ADD node_modules/is-binary-path
5409 silly ADD node_modules/is-arrayish
5410 silly ADD node_modules/is-alphanumerical
5411 silly ADD node_modules/is-alphabetical
5412 silly ADD node_modules/ipaddr.js
5413 silly ADD node_modules/invariant
5414 silly ADD node_modules/internmap
5415 silly ADD node_modules/inline-style-parser
5416 silly ADD node_modules/ini
5417 silly ADD node_modules/inherits
5418 silly ADD node_modules/infima
5419 silly ADD node_modules/indent-string
5420 silly ADD node_modules/imurmurhash
5421 silly ADD node_modules/import-meta-resolve
5422 silly ADD node_modules/import-lazy
5423 silly ADD node_modules/import-fresh
5424 silly ADD node_modules/immediate
5425 silly ADD node_modules/image-size
5426 silly ADD node_modules/ignore
5427 silly ADD node_modules/icss-utils
5428 silly ADD node_modules/iconv-lite
5429 silly ADD node_modules/hyperdyperid
5430 silly ADD node_modules/human-signals
5431 silly ADD node_modules/http2-wrapper
5432 silly ADD node_modules/http-proxy-middleware
5433 silly ADD node_modules/http-proxy-middleware/node_modules/is-plain-obj
5434 silly ADD node_modules/http-proxy
5435 silly ADD node_modules/http-parser-js
5436 silly ADD node_modules/http-errors
5437 silly ADD node_modules/http-deceiver
5438 silly ADD node_modules/http-cache-semantics
5439 silly ADD node_modules/htmlparser2
5440 silly ADD node_modules/html-webpack-plugin
5441 silly ADD node_modules/html-webpack-plugin/node_modules/html-minifier-terser
5442 silly ADD node_modules/html-webpack-plugin/node_modules/commander
5443 silly ADD node_modules/html-void-elements
5444 silly ADD node_modules/html-tags
5445 silly ADD node_modules/html-minifier-terser
5446 silly ADD node_modules/html-minifier-terser/node_modules/commander
5447 silly ADD node_modules/html-escaper
5448 silly ADD node_modules/hpack.js
5449 silly ADD node_modules/hpack.js/node_modules/string_decoder
5450 silly ADD node_modules/hpack.js/node_modules/safe-buffer
5451 silly ADD node_modules/hpack.js/node_modules/readable-stream
5452 silly ADD node_modules/hpack.js/node_modules/isarray
5453 silly ADD node_modules/hoist-non-react-statics
5454 silly ADD node_modules/history
5455 silly ADD node_modules/he
5456 silly ADD node_modules/hastscript
5457 silly ADD node_modules/hast-util-whitespace
5458 silly ADD node_modules/hast-util-to-text
5459 silly ADD node_modules/hast-util-to-parse5
5460 silly ADD node_modules/hast-util-to-mdast
5461 silly ADD node_modules/hast-util-to-jsx-runtime
5462 silly ADD node_modules/hast-util-to-html
5463 silly ADD node_modules/hast-util-to-estree
5464 silly ADD node_modules/hast-util-raw
5465 silly ADD node_modules/hast-util-phrasing
5466 silly ADD node_modules/hast-util-parse-selector
5467 silly ADD node_modules/hast-util-minify-whitespace
5468 silly ADD node_modules/hast-util-is-element
5469 silly ADD node_modules/hast-util-is-body-ok-link
5470 silly ADD node_modules/hast-util-has-property
5471 silly ADD node_modules/hast-util-from-parse5
5472 silly ADD node_modules/hast-util-embedded
5473 silly ADD node_modules/hast-util-definition-list
5474 silly ADD node_modules/hasown
5475 silly ADD node_modules/has-yarn
5476 silly ADD node_modules/has-symbols
5477 silly ADD node_modules/has-property-descriptors
5478 silly ADD node_modules/has-flag
5479 silly ADD node_modules/handle-thing
5480 silly ADD node_modules/hachure-fill
5481 silly ADD node_modules/gzip-size
5482 silly ADD node_modules/gray-matter
5483 silly ADD node_modules/gray-matter/node_modules/js-yaml
5484 silly ADD node_modules/gray-matter/node_modules/argparse
5485 silly ADD node_modules/graceful-fs
5486 silly ADD node_modules/got
5487 silly ADD node_modules/got/node_modules/@sindresorhus/is
5488 silly ADD node_modules/gopd
5489 silly ADD node_modules/globby
5490 silly ADD node_modules/global-dirs
5491 silly ADD node_modules/glob-to-regexp
5492 silly ADD node_modules/glob-to-regex.js
5493 silly ADD node_modules/glob-parent
5494 silly ADD node_modules/github-slugger
5495 silly ADD node_modules/get-stream
5496 silly ADD node_modules/get-proto
5497 silly ADD node_modules/get-own-enumerable-property-symbols
5498 silly ADD node_modules/get-intrinsic
5499 silly ADD node_modules/gensync
5500 silly ADD node_modules/function-bind
5501 silly ADD node_modules/fsevents
5502 silly ADD node_modules/fs-extra
5503 silly ADD node_modules/fresh
5504 silly ADD node_modules/fraction.js
5505 silly ADD node_modules/forwarded
5506 silly ADD node_modules/format
5507 silly ADD node_modules/form-data-encoder
5508 silly ADD node_modules/follow-redirects
5509 silly ADD node_modules/flat
5510 silly ADD node_modules/find-up
5511 silly ADD node_modules/find-cache-dir
5512 silly ADD node_modules/finalhandler
5513 silly ADD node_modules/finalhandler/node_modules/ms
5514 silly ADD node_modules/finalhandler/node_modules/debug
5515 silly ADD node_modules/fill-range
5516 silly ADD node_modules/file-loader
5517 silly ADD node_modules/file-loader/node_modules/schema-utils
5518 silly ADD node_modules/file-loader/node_modules/json-schema-traverse
5519 silly ADD node_modules/file-loader/node_modules/ajv-keywords
5520 silly ADD node_modules/file-loader/node_modules/ajv
5521 silly ADD node_modules/feed
5522 silly ADD node_modules/faye-websocket
5523 silly ADD node_modules/fault
5524 silly ADD node_modules/fastq
5525 silly ADD node_modules/fast-uri
5526 silly ADD node_modules/fast-json-stable-stringify
5527 silly ADD node_modules/fast-glob
5528 silly ADD node_modules/fast-deep-equal
5529 silly ADD node_modules/extend-shallow
5530 silly ADD node_modules/extend
5531 silly ADD node_modules/express
5532 silly ADD node_modules/express/node_modules/range-parser
5533 silly ADD node_modules/express/node_modules/path-to-regexp
5534 silly ADD node_modules/express/node_modules/ms
5535 silly ADD node_modules/express/node_modules/debug
5536 silly ADD node_modules/express/node_modules/content-disposition
5537 silly ADD node_modules/execa
5538 silly ADD node_modules/events
5539 silly ADD node_modules/eventemitter3
5540 silly ADD node_modules/eval
5541 silly ADD node_modules/etag
5542 silly ADD node_modules/eta
5543 silly ADD node_modules/esutils
5544 silly ADD node_modules/estree-walker
5545 silly ADD node_modules/estree-util-visit
5546 silly ADD node_modules/estree-util-value-to-estree
5547 silly ADD node_modules/estree-util-to-js
5548 silly ADD node_modules/estree-util-scope
5549 silly ADD node_modules/estree-util-is-identifier-name
5550 silly ADD node_modules/estree-util-build-jsx
5551 silly ADD node_modules/estree-util-attach-comments
5552 silly ADD node_modules/estraverse
5553 silly ADD node_modules/esrecurse
5554 silly ADD node_modules/esrecurse/node_modules/estraverse
5555 silly ADD node_modules/esprima
5556 silly ADD node_modules/eslint-scope
5557 silly ADD node_modules/escape-string-regexp
5558 silly ADD node_modules/escape-html
5559 silly ADD node_modules/escape-goat
5560 silly ADD node_modules/escalade
5561 silly ADD node_modules/esast-util-from-js
5562 silly ADD node_modules/esast-util-from-estree
5563 silly ADD node_modules/es-toolkit
5564 silly ADD node_modules/es-object-atoms
5565 silly ADD node_modules/es-module-lexer
5566 silly ADD node_modules/es-errors
5567 silly ADD node_modules/es-define-property
5568 silly ADD node_modules/error-ex
5569 silly ADD node_modules/entities
5570 silly ADD node_modules/enhanced-resolve
5571 silly ADD node_modules/encoding-sniffer
5572 silly ADD node_modules/encoding-sniffer/node_modules/iconv-lite
5573 silly ADD node_modules/encodeurl
5574 silly ADD node_modules/emoticon
5575 silly ADD node_modules/emojis-list
5576 silly ADD node_modules/emojilib
5577 silly ADD node_modules/emoji-regex
5578 silly ADD node_modules/electron-to-chromium
5579 silly ADD node_modules/ee-first
5580 silly ADD node_modules/eastasianwidth
5581 silly ADD node_modules/duplexer
5582 silly ADD node_modules/dunder-proto
5583 silly ADD node_modules/dot-prop
5584 silly ADD node_modules/dot-prop/node_modules/is-obj
5585 silly ADD node_modules/dot-case
5586 silly ADD node_modules/domutils
5587 silly ADD node_modules/dompurify
5588 silly ADD node_modules/domhandler
5589 silly ADD node_modules/domelementtype
5590 silly ADD node_modules/dom-serializer
5591 silly ADD node_modules/dom-converter
5592 silly ADD node_modules/docusaurus-remark-plugin-tab-blocks
5593 silly ADD node_modules/docusaurus-plugin-llms
5594 silly ADD node_modules/docusaurus-plugin-llms/node_modules/minimatch
5595 silly ADD node_modules/docusaurus-plugin-llms/node_modules/brace-expansion
5596 silly ADD node_modules/dns-packet
5597 silly ADD node_modules/dir-glob
5598 silly ADD node_modules/devlop
5599 silly ADD node_modules/detect-port
5600 silly ADD node_modules/detect-node
5601 silly ADD node_modules/detect-libc
5602 silly ADD node_modules/destroy
5603 silly ADD node_modules/dequal
5604 silly ADD node_modules/depd
5605 silly ADD node_modules/delaunator
5606 silly ADD node_modules/define-properties
5607 silly ADD node_modules/define-lazy-prop
5608 silly ADD node_modules/define-data-property
5609 silly ADD node_modules/defer-to-connect
5610 silly ADD node_modules/default-browser-id
5611 silly ADD node_modules/default-browser
5612 silly ADD node_modules/deepmerge
5613 silly ADD node_modules/deep-extend
5614 silly ADD node_modules/decompress-response
5615 silly ADD node_modules/decompress-response/node_modules/mimic-response
5616 silly ADD node_modules/decode-named-character-reference
5617 silly ADD node_modules/debug
5618 silly ADD node_modules/debounce
5619 silly ADD node_modules/dayjs
5620 silly ADD node_modules/dagre-d3-es
5621 silly ADD node_modules/d3-zoom
5622 silly ADD node_modules/d3-transition
5623 silly ADD node_modules/d3-timer
5624 silly ADD node_modules/d3-time-format
5625 silly ADD node_modules/d3-time
5626 silly ADD node_modules/d3-shape
5627 silly ADD node_modules/d3-selection
5628 silly ADD node_modules/d3-scale-chromatic
5629 silly ADD node_modules/d3-scale
5630 silly ADD node_modules/d3-sankey
5631 silly ADD node_modules/d3-sankey/node_modules/internmap
5632 silly ADD node_modules/d3-sankey/node_modules/d3-shape
5633 silly ADD node_modules/d3-sankey/node_modules/d3-path
5634 silly ADD node_modules/d3-sankey/node_modules/d3-array
5635 silly ADD node_modules/d3-random
5636 silly ADD node_modules/d3-quadtree
5637 silly ADD node_modules/d3-polygon
5638 silly ADD node_modules/d3-path
5639 silly ADD node_modules/d3-interpolate
5640 silly ADD node_modules/d3-hierarchy
5641 silly ADD node_modules/d3-geo
5642 silly ADD node_modules/d3-format
5643 silly ADD node_modules/d3-force
5644 silly ADD node_modules/d3-fetch
5645 silly ADD node_modules/d3-ease
5646 silly ADD node_modules/d3-dsv
5647 silly ADD node_modules/d3-dsv/node_modules/iconv-lite
5648 silly ADD node_modules/d3-dsv/node_modules/commander
5649 silly ADD node_modules/d3-drag
5650 silly ADD node_modules/d3-dispatch
5651 silly ADD node_modules/d3-delaunay
5652 silly ADD node_modules/d3-contour
5653 silly ADD node_modules/d3-color
5654 silly ADD node_modules/d3-chord
5655 silly ADD node_modules/d3-brush
5656 silly ADD node_modules/d3-axis
5657 silly ADD node_modules/d3-array
5658 silly ADD node_modules/d3
5659 silly ADD node_modules/cytoscape-fcose
5660 silly ADD node_modules/cytoscape-fcose/node_modules/layout-base
5661 silly ADD node_modules/cytoscape-fcose/node_modules/cose-base
5662 silly ADD node_modules/cytoscape-cose-bilkent
5663 silly ADD node_modules/cytoscape
5664 silly ADD node_modules/csstype
5665 silly ADD node_modules/csso
5666 silly ADD node_modules/csso/node_modules/mdn-data
5667 silly ADD node_modules/csso/node_modules/css-tree
5668 silly ADD node_modules/cssnano-utils
5669 silly ADD node_modules/cssnano-preset-default
5670 silly ADD node_modules/cssnano-preset-advanced
5671 silly ADD node_modules/cssnano
5672 silly ADD node_modules/cssesc
5673 silly ADD node_modules/cssdb
5674 silly ADD node_modules/css-what
5675 silly ADD node_modules/css-tree
5676 silly ADD node_modules/css-select
5677 silly ADD node_modules/css-prefers-color-scheme
5678 silly ADD node_modules/css-minimizer-webpack-plugin
5679 silly ADD node_modules/css-loader
5680 silly ADD node_modules/css-has-pseudo
5681 silly ADD node_modules/css-has-pseudo/node_modules/postcss-selector-parser
5682 silly ADD node_modules/css-has-pseudo/node_modules/@csstools/selector-specificity
5683 silly ADD node_modules/css-declaration-sorter
5684 silly ADD node_modules/css-blank-pseudo
5685 silly ADD node_modules/css-blank-pseudo/node_modules/postcss-selector-parser
5686 silly ADD node_modules/crypto-random-string
5687 silly ADD node_modules/crypto-random-string/node_modules/type-fest
5688 silly ADD node_modules/cross-spawn
5689 silly ADD node_modules/cosmiconfig
5690 silly ADD node_modules/cose-base
5691 silly ADD node_modules/core-util-is
5692 silly ADD node_modules/core-js-compat
5693 silly ADD node_modules/core-js
5694 silly ADD node_modules/copy-webpack-plugin
5695 silly ADD node_modules/copy-webpack-plugin/node_modules/slash
5696 silly ADD node_modules/copy-webpack-plugin/node_modules/globby
5697 silly ADD node_modules/copy-webpack-plugin/node_modules/glob-parent
5698 silly ADD node_modules/copy-text-to-clipboard
5699 silly ADD node_modules/cookie-signature
5700 silly ADD node_modules/cookie
5701 silly ADD node_modules/convert-source-map
5702 silly ADD node_modules/content-type
5703 silly ADD node_modules/content-disposition
5704 silly ADD node_modules/consola
5705 silly ADD node_modules/connect-history-api-fallback
5706 silly ADD node_modules/configstore
5707 silly ADD node_modules/config-chain
5708 silly ADD node_modules/config-chain/node_modules/ini
5709 silly ADD node_modules/concat-map
5710 silly ADD node_modules/compression
5711 silly ADD node_modules/compression/node_modules/ms
5712 silly ADD node_modules/compression/node_modules/debug
5713 silly ADD node_modules/compression/node_modules/bytes
5714 silly ADD node_modules/compressible
5715 silly ADD node_modules/compressible/node_modules/mime-db
5716 silly ADD node_modules/common-path-prefix
5717 silly ADD node_modules/commander
5718 silly ADD node_modules/comma-separated-tokens
5719 silly ADD node_modules/comlink
5720 silly ADD node_modules/combine-promises
5721 silly ADD node_modules/colorette
5722 silly ADD node_modules/colord
5723 silly ADD node_modules/color-name
5724 silly ADD node_modules/color-convert
5725 silly ADD node_modules/collapse-white-space
5726 silly ADD node_modules/clsx
5727 silly ADD node_modules/clone-deep
5728 silly ADD node_modules/cli-table3
5729 silly ADD node_modules/cli-table3/node_modules/string-width
5730 silly ADD node_modules/cli-table3/node_modules/emoji-regex
5731 silly ADD node_modules/cli-boxes
5732 silly ADD node_modules/clean-stack
5733 silly ADD node_modules/clean-css
5734 silly ADD node_modules/clean-css/node_modules/source-map
5735 silly ADD node_modules/ci-info
5736 silly ADD node_modules/chrome-trace-event
5737 silly ADD node_modules/chokidar
5738 silly ADD node_modules/cheerio-select
5739 silly ADD node_modules/cheerio
5740 silly ADD node_modules/character-reference-invalid
5741 silly ADD node_modules/character-entities-legacy
5742 silly ADD node_modules/character-entities-html4
5743 silly ADD node_modules/character-entities
5744 silly ADD node_modules/char-regex
5745 silly ADD node_modules/chalk
5746 silly ADD node_modules/ccount
5747 silly ADD node_modules/caniuse-lite
5748 silly ADD node_modules/caniuse-api
5749 silly ADD node_modules/camelcase
5750 silly ADD node_modules/camel-case
5751 silly ADD node_modules/callsites
5752 silly ADD node_modules/call-bound
5753 silly ADD node_modules/call-bind-apply-helpers
5754 silly ADD node_modules/call-bind
5755 silly ADD node_modules/cacheable-request
5756 silly ADD node_modules/cacheable-lookup
5757 silly ADD node_modules/bytestreamjs
5758 silly ADD node_modules/bytes
5759 silly ADD node_modules/bundle-name
5760 silly ADD node_modules/buffer-from
5761 silly ADD node_modules/browserslist
5762 silly ADD node_modules/braces
5763 silly ADD node_modules/brace-expansion
5764 silly ADD node_modules/boxen
5765 silly ADD node_modules/boolbase
5766 silly ADD node_modules/bonjour-service
5767 silly ADD node_modules/body-parser
5768 silly ADD node_modules/body-parser/node_modules/ms
5769 silly ADD node_modules/body-parser/node_modules/debug
5770 silly ADD node_modules/body-parser/node_modules/bytes
5771 silly ADD node_modules/binary-extensions
5772 silly ADD node_modules/big.js
5773 silly ADD node_modules/batch
5774 silly ADD node_modules/baseline-browser-mapping
5775 silly ADD node_modules/balanced-match
5776 silly ADD node_modules/bail
5777 silly ADD node_modules/babel-plugin-polyfill-regenerator
5778 silly ADD node_modules/babel-plugin-polyfill-corejs3
5779 silly ADD node_modules/babel-plugin-polyfill-corejs2
5780 silly ADD node_modules/babel-plugin-polyfill-corejs2/node_modules/semver
5781 silly ADD node_modules/babel-plugin-dynamic-import-node
5782 silly ADD node_modules/babel-loader
5783 silly ADD node_modules/autoprefixer
5784 silly ADD node_modules/astring
5785 silly ADD node_modules/asn1js
5786 silly ADD node_modules/array-union
5787 silly ADD node_modules/array-flatten
5788 silly ADD node_modules/argparse
5789 silly ADD node_modules/arg
5790 silly ADD node_modules/anymatch
5791 silly ADD node_modules/any-promise
5792 silly ADD node_modules/ansis
5793 silly ADD node_modules/ansi-styles
5794 silly ADD node_modules/ansi-regex
5795 silly ADD node_modules/ansi-html-community
5796 silly ADD node_modules/ansi-align
5797 silly ADD node_modules/ansi-align/node_modules/string-width
5798 silly ADD node_modules/ansi-align/node_modules/emoji-regex
5799 silly ADD node_modules/algoliasearch-helper
5800 silly ADD node_modules/algoliasearch
5801 silly ADD node_modules/ajv-keywords
5802 silly ADD node_modules/ajv-formats
5803 silly ADD node_modules/ajv
5804 silly ADD node_modules/aggregate-error
5805 silly ADD node_modules/address
5806 silly ADD node_modules/acorn-walk
5807 silly ADD node_modules/acorn-jsx
5808 silly ADD node_modules/acorn-import-phases
5809 silly ADD node_modules/acorn
5810 silly ADD node_modules/accepts
5811 silly ADD node_modules/accepts/node_modules/negotiator
5812 silly ADD node_modules/accepts/node_modules/mime-types
5813 silly ADD node_modules/accepts/node_modules/mime-db
5814 silly ADD node_modules/@xtuc/long
5815 silly ADD node_modules/@xtuc/ieee754
5816 silly ADD node_modules/@webassemblyjs/wast-printer
5817 silly ADD node_modules/@webassemblyjs/wasm-parser
5818 silly ADD node_modules/@webassemblyjs/wasm-opt
5819 silly ADD node_modules/@webassemblyjs/wasm-gen
5820 silly ADD node_modules/@webassemblyjs/wasm-edit
5821 silly ADD node_modules/@webassemblyjs/utf8
5822 silly ADD node_modules/@webassemblyjs/leb128
5823 silly ADD node_modules/@webassemblyjs/ieee754
5824 silly ADD node_modules/@webassemblyjs/helper-wasm-section
5825 silly ADD node_modules/@webassemblyjs/helper-wasm-bytecode
5826 silly ADD node_modules/@webassemblyjs/helper-numbers
5827 silly ADD node_modules/@webassemblyjs/helper-buffer
5828 silly ADD node_modules/@webassemblyjs/helper-api-error
5829 silly ADD node_modules/@webassemblyjs/floating-point-hex-parser
5830 silly ADD node_modules/@webassemblyjs/ast
5831 silly ADD node_modules/@upsetjs/venn.js
5832 silly ADD node_modules/@ungap/structured-clone
5833 silly ADD node_modules/@types/yargs-parser
5834 silly ADD node_modules/@types/yargs
5835 silly ADD node_modules/@types/ws
5836 silly ADD node_modules/@types/unist
5837 silly ADD node_modules/@types/trusted-types
5838 silly ADD node_modules/@types/sockjs
5839 silly ADD node_modules/@types/serve-static
5840 silly ADD node_modules/@types/serve-static/node_modules/@types/send
5841 silly ADD node_modules/@types/serve-index
5842 silly ADD node_modules/@types/send
5843 silly ADD node_modules/@types/sax
5844 silly ADD node_modules/@types/retry
5845 silly ADD node_modules/@types/react-router-dom
5846 silly ADD node_modules/@types/react-router-config
5847 silly ADD node_modules/@types/react-router
5848 silly ADD node_modules/@types/react
5849 silly ADD node_modules/@types/range-parser
5850 silly ADD node_modules/@types/qs
5851 silly ADD node_modules/@types/prismjs
5852 silly ADD node_modules/@types/node
5853 silly ADD node_modules/@types/ms
5854 silly ADD node_modules/@types/mime
5855 silly ADD node_modules/@types/mdx
5856 silly ADD node_modules/@types/mdast
5857 silly ADD node_modules/@types/json-schema
5858 silly ADD node_modules/@types/istanbul-reports
5859 silly ADD node_modules/@types/istanbul-lib-report
5860 silly ADD node_modules/@types/istanbul-lib-coverage
5861 silly ADD node_modules/@types/http-proxy
5862 silly ADD node_modules/@types/http-errors
5863 silly ADD node_modules/@types/http-cache-semantics
5864 silly ADD node_modules/@types/html-minifier-terser
5865 silly ADD node_modules/@types/history
5866 silly ADD node_modules/@types/hast
5867 silly ADD node_modules/@types/gtag.js
5868 silly ADD node_modules/@types/geojson
5869 silly ADD node_modules/@types/express-serve-static-core
5870 silly ADD node_modules/@types/express
5871 silly ADD node_modules/@types/estree-jsx
5872 silly ADD node_modules/@types/estree
5873 silly ADD node_modules/@types/debug
5874 silly ADD node_modules/@types/d3-zoom
5875 silly ADD node_modules/@types/d3-transition
5876 silly ADD node_modules/@types/d3-timer
5877 silly ADD node_modules/@types/d3-time-format
5878 silly ADD node_modules/@types/d3-time
5879 silly ADD node_modules/@types/d3-shape
5880 silly ADD node_modules/@types/d3-selection
5881 silly ADD node_modules/@types/d3-scale-chromatic
5882 silly ADD node_modules/@types/d3-scale
5883 silly ADD node_modules/@types/d3-random
5884 silly ADD node_modules/@types/d3-quadtree
5885 silly ADD node_modules/@types/d3-polygon
5886 silly ADD node_modules/@types/d3-path
5887 silly ADD node_modules/@types/d3-interpolate
5888 silly ADD node_modules/@types/d3-hierarchy
5889 silly ADD node_modules/@types/d3-geo
5890 silly ADD node_modules/@types/d3-format
5891 silly ADD node_modules/@types/d3-force
5892 silly ADD node_modules/@types/d3-fetch
5893 silly ADD node_modules/@types/d3-ease
5894 silly ADD node_modules/@types/d3-dsv
5895 silly ADD node_modules/@types/d3-drag
5896 silly ADD node_modules/@types/d3-dispatch
5897 silly ADD node_modules/@types/d3-delaunay
5898 silly ADD node_modules/@types/d3-contour
5899 silly ADD node_modules/@types/d3-color
5900 silly ADD node_modules/@types/d3-chord
5901 silly ADD node_modules/@types/d3-brush
5902 silly ADD node_modules/@types/d3-axis
5903 silly ADD node_modules/@types/d3-array
5904 silly ADD node_modules/@types/d3
5905 silly ADD node_modules/@types/connect-history-api-fallback
5906 silly ADD node_modules/@types/connect
5907 silly ADD node_modules/@types/bonjour
5908 silly ADD node_modules/@types/body-parser
5909 silly ADD node_modules/@tybys/wasm-util
5910 silly ADD node_modules/@szmarczak/http-timer
5911 silly ADD node_modules/@swc/types
5912 silly ADD
5913 silly ADD
5914 silly ADD
5915 silly ADD
5916 silly ADD
5917 silly ADD
5918 silly ADD
5919 silly ADD
5920 silly ADD
5921 silly ADD
5922 silly ADD
5923 silly ADD node_modules/@swc/html-darwin-arm64
5924 silly ADD node_modules/@swc/html
5925 silly ADD node_modules/@swc/counter
5926 silly ADD
5927 silly ADD
5928 silly ADD
5929 silly ADD
5930 silly ADD
5931 silly ADD
5932 silly ADD
5933 silly ADD
5934 silly ADD
5935 silly ADD
5936 silly ADD
5937 silly ADD node_modules/@swc/core-darwin-arm64
5938 silly ADD node_modules/@swc/core
5939 silly ADD node_modules/@svgr/webpack
5940 silly ADD node_modules/@svgr/plugin-svgo
5941 silly ADD node_modules/@svgr/plugin-jsx
5942 silly ADD node_modules/@svgr/hast-util-to-babel-ast
5943 silly ADD node_modules/@svgr/core
5944 silly ADD node_modules/@svgr/babel-preset
5945 silly ADD node_modules/@svgr/babel-plugin-transform-svg-component
5946 silly ADD node_modules/@svgr/babel-plugin-transform-react-native-svg
5947 silly ADD node_modules/@svgr/babel-plugin-svg-em-dimensions
5948 silly ADD node_modules/@svgr/babel-plugin-svg-dynamic-title
5949 silly ADD node_modules/@svgr/babel-plugin-replace-jsx-attribute-value
5950 silly ADD node_modules/@svgr/babel-plugin-remove-jsx-empty-expression
5951 silly ADD node_modules/@svgr/babel-plugin-remove-jsx-attribute
5952 silly ADD node_modules/@svgr/babel-plugin-add-jsx-attribute
5953 silly ADD node_modules/@slorber/remark-comment
5954 silly ADD node_modules/@sindresorhus/is
5955 silly ADD node_modules/@sinclair/typebox
5956 silly ADD node_modules/@sideway/pinpoint
5957 silly ADD node_modules/@sideway/formula
5958 silly ADD node_modules/@sideway/address
5959 silly ADD node_modules/@rspack/lite-tapable
5960 silly ADD node_modules/@rspack/core
5961 silly ADD
5962 silly ADD
5963 silly ADD
5964 silly ADD
5965 silly ADD
5966 silly ADD
5967 silly ADD
5968 silly ADD
5969 silly ADD
5970 silly ADD node_modules/@rspack/binding-darwin-arm64
5971 silly ADD node_modules/@rspack/binding
5972 silly ADD node_modules/@polka/url
5973 silly ADD node_modules/@pnpm/npm-conf
5974 silly ADD node_modules/@pnpm/network.ca-file
5975 silly ADD node_modules/@pnpm/network.ca-file/node_modules/graceful-fs
5976 silly ADD node_modules/@pnpm/config.env-replace
5977 silly ADD node_modules/@philpl/buble
5978 silly ADD node_modules/@philpl/buble/node_modules/supports-color
5979 silly ADD node_modules/@philpl/buble/node_modules/regjsparser
5980 silly ADD node_modules/@philpl/buble/node_modules/regjsgen
5981 silly ADD node_modules/@philpl/buble/node_modules/regexpu-core
5982 silly ADD node_modules/@philpl/buble/node_modules/regenerate-unicode-properties
5983 silly ADD node_modules/@philpl/buble/node_modules/jsesc
5984 silly ADD node_modules/@philpl/buble/node_modules/has-flag
5985 silly ADD node_modules/@philpl/buble/node_modules/escape-string-regexp
5986 silly ADD node_modules/@philpl/buble/node_modules/color-name
5987 silly ADD node_modules/@philpl/buble/node_modules/color-convert
5988 silly ADD node_modules/@philpl/buble/node_modules/chalk
5989 silly ADD node_modules/@philpl/buble/node_modules/ansi-styles
5990 silly ADD node_modules/@philpl/buble/node_modules/acorn-dynamic-import
5991 silly ADD node_modules/@philpl/buble/node_modules/acorn-class-fields
5992 silly ADD node_modules/@philpl/buble/node_modules/acorn
5993 silly ADD node_modules/@peculiar/x509
5994 silly ADD node_modules/@peculiar/utils
5995 silly ADD node_modules/@peculiar/asn1-x509-attr
5996 silly ADD node_modules/@peculiar/asn1-x509
5997 silly ADD node_modules/@peculiar/asn1-schema
5998 silly ADD node_modules/@peculiar/asn1-rsa
5999 silly ADD node_modules/@peculiar/asn1-pkcs9
6000 silly ADD node_modules/@peculiar/asn1-pkcs8
6001 silly ADD node_modules/@peculiar/asn1-pfx
6002 silly ADD node_modules/@peculiar/asn1-ecc
6003 silly ADD node_modules/@peculiar/asn1-csr
6004 silly ADD node_modules/@peculiar/asn1-cms
6005 silly ADD node_modules/@nodelib/fs.walk
6006 silly ADD node_modules/@nodelib/fs.stat
6007 silly ADD node_modules/@nodelib/fs.scandir
6008 silly ADD
6009 silly ADD
6010 silly ADD
6011 silly ADD
6012 silly ADD node_modules/@napi-rs/wasm-runtime
6013 silly ADD
6014 silly ADD
6015 silly ADD
6016 silly ADD
6017 silly ADD
6018 silly ADD
6019 silly ADD
6020 silly ADD node_modules/@node-rs/jieba-darwin-arm64
6021 silly ADD
6022 silly ADD
6023 silly ADD node_modules/@node-rs/jieba
6024 silly ADD node_modules/@noble/hashes
6025 silly ADD
6026 silly ADD node_modules/@module-federation/webpack-bundler-runtime
6027 silly ADD node_modules/@module-federation/sdk
6028 silly ADD node_modules/@module-federation/runtime-tools
6029 silly ADD node_modules/@module-federation/runtime-core
6030 silly ADD node_modules/@module-federation/runtime
6031 silly ADD node_modules/@module-federation/error-codes
6032 silly ADD node_modules/@mermaid-js/parser
6033 silly ADD node_modules/@mdx-js/react
6034 silly ADD node_modules/@mdx-js/mdx
6035 silly ADD node_modules/@leichtgewicht/ip-codec
6036 silly ADD node_modules/@jsonjoy.com/util
6037 silly ADD node_modules/@jsonjoy.com/util/node_modules/@jsonjoy.com/buffers
6038 silly ADD node_modules/@jsonjoy.com/json-pointer
6039 silly ADD node_modules/@jsonjoy.com/json-pack
6040 silly ADD node_modules/@jsonjoy.com/json-pack/node_modules/@jsonjoy.com/buffers
6041 silly ADD node_modules/@jsonjoy.com/fs-snapshot
6042 silly ADD node_modules/@jsonjoy.com/fs-snapshot/node_modules/@jsonjoy.com/util
6043 silly ADD node_modules/@jsonjoy.com/fs-snapshot/node_modules/@jsonjoy.com/json-pointer
6044 silly ADD node_modules/@jsonjoy.com/fs-snapshot/node_modules/@jsonjoy.com/json-pack
6045 silly ADD node_modules/@jsonjoy.com/fs-snapshot/node_modules/@jsonjoy.com/codegen
6046 silly ADD node_modules/@jsonjoy.com/fs-snapshot/node_modules/@jsonjoy.com/base64
6047 silly ADD node_modules/@jsonjoy.com/fs-print
6048 silly ADD node_modules/@jsonjoy.com/fs-node-utils
6049 silly ADD node_modules/@jsonjoy.com/fs-node-to-fsa
6050 silly ADD node_modules/@jsonjoy.com/fs-node-builtins
6051 silly ADD node_modules/@jsonjoy.com/fs-node
6052 silly ADD node_modules/@jsonjoy.com/fs-fsa
6053 silly ADD node_modules/@jsonjoy.com/fs-core
6054 silly ADD node_modules/@jsonjoy.com/codegen
6055 silly ADD node_modules/@jsonjoy.com/buffers
6056 silly ADD node_modules/@jsonjoy.com/base64
6057 silly ADD node_modules/@jridgewell/trace-mapping
6058 silly ADD node_modules/@jridgewell/sourcemap-codec
6059 silly ADD node_modules/@jridgewell/source-map
6060 silly ADD node_modules/@jridgewell/resolve-uri
6061 silly ADD node_modules/@jridgewell/remapping
6062 silly ADD node_modules/@jridgewell/gen-mapping
6063 silly ADD node_modules/@jest/types
6064 silly ADD node_modules/@jest/schemas
6065 silly ADD node_modules/@iconify/utils
6066 silly ADD node_modules/@iconify/types
6067 silly ADD node_modules/@hapi/topo
6068 silly ADD node_modules/@hapi/hoek
6069 silly ADD node_modules/@emnapi/wasi-threads
6070 silly ADD node_modules/@emnapi/runtime
6071 silly ADD node_modules/@emnapi/core
6072 silly ADD node_modules/@easyops-cn/docusaurus-search-local
6073 silly ADD node_modules/@easyops-cn/docusaurus-search-local/node_modules/htmlparser2
6074 silly ADD node_modules/@easyops-cn/docusaurus-search-local/node_modules/fs-extra
6075 silly ADD node_modules/@easyops-cn/docusaurus-search-local/node_modules/entities
6076 silly ADD node_modules/@easyops-cn/docusaurus-search-local/node_modules/cheerio
6077 silly ADD node_modules/@easyops-cn/autocomplete.js
6078 silly ADD node_modules/@docusaurus/utils-validation
6079 silly ADD node_modules/@docusaurus/utils-common
6080 silly ADD node_modules/@docusaurus/utils
6081 silly ADD node_modules/@docusaurus/types
6082 silly ADD node_modules/@docusaurus/types/node_modules/webpack-merge
6083 silly ADD node_modules/@docusaurus/tsconfig
6084 silly ADD node_modules/@docusaurus/theme-translations
6085 silly ADD node_modules/@docusaurus/theme-search-algolia
6086 silly ADD node_modules/@docusaurus/theme-mermaid
6087 silly ADD node_modules/@docusaurus/theme-live-codeblock
6088 silly ADD node_modules/@docusaurus/theme-common
6089 silly ADD node_modules/@docusaurus/theme-classic
6090 silly ADD node_modules/@docusaurus/preset-classic
6091 silly ADD node_modules/@docusaurus/plugin-svgr
6092 silly ADD node_modules/@docusaurus/plugin-sitemap
6093 silly ADD node_modules/@docusaurus/plugin-google-tag-manager
6094 silly ADD node_modules/@docusaurus/plugin-google-gtag
6095 silly ADD node_modules/@docusaurus/plugin-google-analytics
6096 silly ADD node_modules/@docusaurus/plugin-debug
6097 silly ADD node_modules/@docusaurus/plugin-css-cascade-layers
6098 silly ADD node_modules/@docusaurus/plugin-content-pages
6099 silly ADD node_modules/@docusaurus/plugin-content-docs
6100 silly ADD node_modules/@docusaurus/plugin-content-blog
6101 silly ADD node_modules/@docusaurus/plugin-client-redirects
6102 silly ADD node_modules/@docusaurus/module-type-aliases
6103 silly ADD node_modules/@docusaurus/mdx-loader
6104 silly ADD node_modules/@docusaurus/logger
6105 silly ADD node_modules/@docusaurus/faster
6106 silly ADD node_modules/@docusaurus/cssnano-preset
6107 silly ADD node_modules/@docusaurus/core
6108 silly ADD node_modules/@docusaurus/bundler
6109 silly ADD node_modules/@docusaurus/babel
6110 silly ADD node_modules/@docsearch/react
6111 silly ADD node_modules/@docsearch/react/node_modules/@algolia/autocomplete-shared
6112 silly ADD node_modules/@docsearch/react/node_modules/@algolia/autocomplete-plugin-algolia-insights
6113 silly ADD node_modules/@docsearch/react/node_modules/@algolia/autocomplete-core
6114 silly ADD node_modules/@docsearch/css
6115 silly ADD node_modules/@docsearch/core
6116 silly ADD node_modules/@discoveryjs/json-ext
6117 silly ADD node_modules/@csstools/utilities
6118 silly ADD node_modules/@csstools/postcss-unset-value
6119 silly ADD node_modules/@csstools/postcss-trigonometric-functions
6120 silly ADD node_modules/@csstools/postcss-text-decoration-shorthand
6121 silly ADD node_modules/@csstools/postcss-system-ui-font-family
6122 silly ADD node_modules/@csstools/postcss-syntax-descriptor-syntax-production
6123 silly ADD node_modules/@csstools/postcss-stepped-value-functions
6124 silly ADD node_modules/@csstools/postcss-sign-functions
6125 silly ADD node_modules/@csstools/postcss-scope-pseudo-class
6126 silly ADD node_modules/@csstools/postcss-scope-pseudo-class/node_modules/postcss-selector-parser
6127 silly ADD node_modules/@csstools/postcss-relative-color-syntax
6128 silly ADD node_modules/@csstools/postcss-random-function
6129 silly ADD node_modules/@csstools/postcss-property-rule-prelude-list
6130 silly ADD node_modules/@csstools/postcss-progressive-custom-properties
6131 silly ADD node_modules/@csstools/postcss-position-area-property
6132 silly ADD node_modules/@csstools/postcss-oklab-function
6133 silly ADD node_modules/@csstools/postcss-normalize-display-values
6134 silly ADD node_modules/@csstools/postcss-nested-calc
6135 silly ADD node_modules/@csstools/postcss-media-queries-aspect-ratio-number-values
6136 silly ADD node_modules/@csstools/postcss-media-minmax
6137 silly ADD node_modules/@csstools/postcss-logical-viewport-units
6138 silly ADD node_modules/@csstools/postcss-logical-resize
6139 silly ADD node_modules/@csstools/postcss-logical-overscroll-behavior
6140 silly ADD node_modules/@csstools/postcss-logical-overflow
6141 silly ADD node_modules/@csstools/postcss-logical-float-and-clear
6142 silly ADD node_modules/@csstools/postcss-light-dark-function
6143 silly ADD node_modules/@csstools/postcss-is-pseudo-class
6144 silly ADD node_modules/@csstools/postcss-is-pseudo-class/node_modules/postcss-selector-parser
6145 silly ADD node_modules/@csstools/postcss-is-pseudo-class/node_modules/@csstools/selector-specificity
6146 silly ADD node_modules/@csstools/postcss-initial
6147 silly ADD node_modules/@csstools/postcss-ic-unit
6148 silly ADD node_modules/@csstools/postcss-hwb-function
6149 silly ADD node_modules/@csstools/postcss-gradients-interpolation-method
6150 silly ADD node_modules/@csstools/postcss-gamut-mapping
6151 silly ADD node_modules/@csstools/postcss-font-format-keywords
6152 silly ADD node_modules/@csstools/postcss-exponential-functions
6153 silly ADD node_modules/@csstools/postcss-contrast-color-function
6154 silly ADD node_modules/@csstools/postcss-content-alt-text
6155 silly ADD node_modules/@csstools/postcss-color-mix-variadic-function-arguments
6156 silly ADD node_modules/@csstools/postcss-color-mix-function
6157 silly ADD node_modules/@csstools/postcss-color-function-display-p3-linear
6158 silly ADD node_modules/@csstools/postcss-color-function
6159 silly ADD node_modules/@csstools/postcss-cascade-layers
6160 silly ADD node_modules/@csstools/postcss-cascade-layers/node_modules/postcss-selector-parser
6161 silly ADD node_modules/@csstools/postcss-cascade-layers/node_modules/@csstools/selector-specificity
6162 silly ADD node_modules/@csstools/postcss-alpha-function
6163 silly ADD node_modules/@csstools/media-query-list-parser
6164 silly ADD node_modules/@csstools/css-tokenizer
6165 silly ADD node_modules/@csstools/css-parser-algorithms
6166 silly ADD node_modules/@csstools/css-color-parser
6167 silly ADD node_modules/@csstools/css-calc
6168 silly ADD node_modules/@csstools/color-helpers
6169 silly ADD node_modules/@csstools/cascade-layer-name-parser
6170 silly ADD node_modules/@colors/colors
6171 silly ADD node_modules/@chevrotain/types
6172 silly ADD node_modules/@braintree/sanitize-url
6173 silly ADD node_modules/@babel/types
6174 silly ADD node_modules/@babel/traverse
6175 silly ADD node_modules/@babel/template
6176 silly ADD node_modules/@babel/runtime
6177 silly ADD node_modules/@babel/preset-typescript
6178 silly ADD node_modules/@babel/preset-react
6179 silly ADD node_modules/@babel/preset-modules
6180 silly ADD node_modules/@babel/preset-env
6181 silly ADD node_modules/@babel/preset-env/node_modules/semver
6182 silly ADD node_modules/@babel/preset-env/node_modules/babel-plugin-polyfill-corejs3
6183 silly ADD node_modules/@babel/plugin-transform-unicode-sets-regex
6184 silly ADD node_modules/@babel/plugin-transform-unicode-regex
6185 silly ADD node_modules/@babel/plugin-transform-unicode-property-regex
6186 silly ADD node_modules/@babel/plugin-transform-unicode-escapes
6187 silly ADD node_modules/@babel/plugin-transform-typescript
6188 silly ADD node_modules/@babel/plugin-transform-typeof-symbol
6189 silly ADD node_modules/@babel/plugin-transform-template-literals
6190 silly ADD node_modules/@babel/plugin-transform-sticky-regex
6191 silly ADD node_modules/@babel/plugin-transform-spread
6192 silly ADD node_modules/@babel/plugin-transform-shorthand-properties
6193 silly ADD node_modules/@babel/plugin-transform-runtime
6194 silly ADD node_modules/@babel/plugin-transform-runtime/node_modules/semver
6195 silly ADD node_modules/@babel/plugin-transform-reserved-words
6196 silly ADD node_modules/@babel/plugin-transform-regexp-modifiers
6197 silly ADD node_modules/@babel/plugin-transform-regenerator
6198 silly ADD node_modules/@babel/plugin-transform-react-pure-annotations
6199 silly ADD node_modules/@babel/plugin-transform-react-jsx-development
6200 silly ADD node_modules/@babel/plugin-transform-react-jsx
6201 silly ADD node_modules/@babel/plugin-transform-react-display-name
6202 silly ADD node_modules/@babel/plugin-transform-react-constant-elements
6203 silly ADD node_modules/@babel/plugin-transform-property-literals
6204 silly ADD node_modules/@babel/plugin-transform-private-property-in-object
6205 silly ADD node_modules/@babel/plugin-transform-private-methods
6206 silly ADD node_modules/@babel/plugin-transform-parameters
6207 silly ADD node_modules/@babel/plugin-transform-optional-chaining
6208 silly ADD node_modules/@babel/plugin-transform-optional-catch-binding
6209 silly ADD node_modules/@babel/plugin-transform-object-super
6210 silly ADD node_modules/@babel/plugin-transform-object-rest-spread
6211 silly ADD node_modules/@babel/plugin-transform-numeric-separator
6212 silly ADD node_modules/@babel/plugin-transform-nullish-coalescing-operator
6213 silly ADD node_modules/@babel/plugin-transform-new-target
6214 silly ADD node_modules/@babel/plugin-transform-named-capturing-groups-regex
6215 silly ADD node_modules/@babel/plugin-transform-modules-umd
6216 silly ADD node_modules/@babel/plugin-transform-modules-systemjs
6217 silly ADD node_modules/@babel/plugin-transform-modules-commonjs
6218 silly ADD node_modules/@babel/plugin-transform-modules-amd
6219 silly ADD node_modules/@babel/plugin-transform-member-expression-literals
6220 silly ADD node_modules/@babel/plugin-transform-logical-assignment-operators
6221 silly ADD node_modules/@babel/plugin-transform-literals
6222 silly ADD node_modules/@babel/plugin-transform-json-strings
6223 silly ADD node_modules/@babel/plugin-transform-function-name
6224 silly ADD node_modules/@babel/plugin-transform-for-of
6225 silly ADD node_modules/@babel/plugin-transform-export-namespace-from
6226 silly ADD node_modules/@babel/plugin-transform-exponentiation-operator
6227 silly ADD node_modules/@babel/plugin-transform-explicit-resource-management
6228 silly ADD node_modules/@babel/plugin-transform-dynamic-import
6229 silly ADD node_modules/@babel/plugin-transform-duplicate-named-capturing-groups-regex
6230 silly ADD node_modules/@babel/plugin-transform-duplicate-keys
6231 silly ADD node_modules/@babel/plugin-transform-dotall-regex
6232 silly ADD node_modules/@babel/plugin-transform-destructuring
6233 silly ADD node_modules/@babel/plugin-transform-computed-properties
6234 silly ADD node_modules/@babel/plugin-transform-classes
6235 silly ADD node_modules/@babel/plugin-transform-class-static-block
6236 silly ADD node_modules/@babel/plugin-transform-class-properties
6237 silly ADD node_modules/@babel/plugin-transform-block-scoping
6238 silly ADD node_modules/@babel/plugin-transform-block-scoped-functions
6239 silly ADD node_modules/@babel/plugin-transform-async-to-generator
6240 silly ADD node_modules/@babel/plugin-transform-async-generator-functions
6241 silly ADD node_modules/@babel/plugin-transform-arrow-functions
6242 silly ADD node_modules/@babel/plugin-syntax-unicode-sets-regex
6243 silly ADD node_modules/@babel/plugin-syntax-typescript
6244 silly ADD node_modules/@babel/plugin-syntax-jsx
6245 silly ADD node_modules/@babel/plugin-syntax-import-attributes
6246 silly ADD node_modules/@babel/plugin-syntax-import-assertions
6247 silly ADD node_modules/@babel/plugin-syntax-dynamic-import
6248 silly ADD node_modules/@babel/plugin-proposal-private-property-in-object
6249 silly ADD node_modules/@babel/plugin-bugfix-v8-static-class-fields-redefine-readonly
6250 silly ADD node_modules/@babel/plugin-bugfix-v8-spread-parameters-in-optional-chaining
6251 silly ADD node_modules/@babel/plugin-bugfix-safari-rest-destructuring-rhs-array
6252 silly ADD node_modules/@babel/plugin-bugfix-safari-id-destructuring-collision-in-function-expression
6253 silly ADD node_modules/@babel/plugin-bugfix-safari-class-field-initializer-scope
6254 silly ADD node_modules/@babel/plugin-bugfix-firefox-class-in-computed-class-key
6255 silly ADD node_modules/@babel/parser
6256 silly ADD node_modules/@babel/helpers
6257 silly ADD node_modules/@babel/helper-wrap-function
6258 silly ADD node_modules/@babel/helper-validator-option
6259 silly ADD node_modules/@babel/helper-validator-identifier
6260 silly ADD node_modules/@babel/helper-string-parser
6261 silly ADD node_modules/@babel/helper-skip-transparent-expression-wrappers
6262 silly ADD node_modules/@babel/helper-replace-supers
6263 silly ADD node_modules/@babel/helper-remap-async-to-generator
6264 silly ADD node_modules/@babel/helper-plugin-utils
6265 silly ADD node_modules/@babel/helper-optimise-call-expression
6266 silly ADD node_modules/@babel/helper-module-transforms
6267 silly ADD node_modules/@babel/helper-module-imports
6268 silly ADD node_modules/@babel/helper-member-expression-to-functions
6269 silly ADD node_modules/@babel/helper-globals
6270 silly ADD node_modules/@babel/helper-define-polyfill-provider
6271 silly ADD node_modules/@babel/helper-create-regexp-features-plugin
6272 silly ADD node_modules/@babel/helper-create-regexp-features-plugin/node_modules/semver
6273 silly ADD node_modules/@babel/helper-create-class-features-plugin
6274 silly ADD node_modules/@babel/helper-create-class-features-plugin/node_modules/semver
6275 silly ADD node_modules/@babel/helper-compilation-targets
6276 silly ADD node_modules/@babel/helper-compilation-targets/node_modules/semver
6277 silly ADD node_modules/@babel/helper-annotate-as-pure
6278 silly ADD node_modules/@babel/generator
6279 silly ADD node_modules/@babel/core
6280 silly ADD node_modules/@babel/core/node_modules/semver
6281 silly ADD node_modules/@babel/compat-data
6282 silly ADD node_modules/@babel/code-frame
6283 silly ADD node_modules/@antfu/install-pkg
6284 silly ADD node_modules/@algolia/requester-node-http
6285 silly ADD node_modules/@algolia/requester-fetch
6286 silly ADD node_modules/@algolia/requester-browser-xhr
6287 silly ADD node_modules/@algolia/recommend
6288 silly ADD node_modules/@algolia/monitoring
6289 silly ADD node_modules/@algolia/ingestion
6290 silly ADD node_modules/@algolia/events
6291 silly ADD node_modules/@algolia/client-search
6292 silly ADD node_modules/@algolia/client-query-suggestions
6293 silly ADD node_modules/@algolia/client-personalization
6294 silly ADD node_modules/@algolia/client-insights
6295 silly ADD node_modules/@algolia/client-common
6296 silly ADD node_modules/@algolia/client-analytics
6297 silly ADD node_modules/@algolia/client-abtesting
6298 silly ADD node_modules/@algolia/autocomplete-shared
6299 silly ADD node_modules/@algolia/autocomplete-plugin-algolia-insights
6300 silly ADD node_modules/@algolia/autocomplete-core
6301 silly ADD node_modules/@algolia/abtesting
6302 verbose cwd /Users/chenhan/Desktop/Git/WSDoc
6303 verbose os Darwin 25.5.0
6304 verbose node v22.23.1
6305 verbose npm  v10.9.8
6306 verbose exit 0
6307 info ok
